_id,parcel_id,address,zip_code,property_type,create_date,latest_inspection_result,latest_inspection_score,record_number,inspection_status,latitude,longitude,neighborhood,council_district,ward
623734,0015L00194000000,"113 CHALFONT ST, Pittsburgh, 15210",15210,Condemned/Dead End Property,2024-01-04,Pass,0,0015L00194000000,Active,40.4167898832,-80.0053012272,Beltzhoover,3,18
623735,0232B00068000000,"1825 MAPLEWOOD AVE, Pittsburgh, 15221",15221,Condemned/Dead End Property,2024-02-07,,,0232B00068000000,Active,40.4520782036,-79.8780199575,East Hills,9,13
623736,0232B00068000000,"1825 MAPLEWOOD AVE, Pittsburgh, 15221",15221,Condemned/Dead End Property,2024-02-07,Fail,2,0232B00068000000,Active,40.4520782036,-79.8780199575,East Hills,9,13
623737,0011A00235000000,No primary address specified,15219,Condemned/Dead End Property,2020-12-03,Pass,0,0011A00235000000,Active,40.4412621566,-79.979691369,Crawford-Roberts,6,3
623738,0185S00058000000,"5622 DELLAGLEN AVE, Pittsburgh, PA 15207",15207,Condemned/Dead End Property,2020-08-27,Fail,1,0185S00058000000,Active,40.3672019816,-79.9199499228,Lincoln Place,5,31
623739,0027B00097000000,"3216 CAMP ST, Pittsburgh, 15219",15219,Condemned/Dead End Property,2024-05-14,Pass,0,0027B00097000000,Active,40.4518320374,-79.958763234,Upper Hill,6,5
623740,0015L00050000000,"56 LAFFERTY AVE, Pittsburgh, 15210",15210,Condemned/Dead End Property,2020-09-03,Pass,0,0015L00050000000,Active,40.4174140647,-80.0076376141,Beltzhoover,3,18
623741,0046G00142000000,No primary address specified,15214,Condemned/Dead End Property,2023-08-22,,,0046G00142000000,Active,40.4675426049,-80.0050202229,Perry South,6,26
623742,0055S00051000000,No primary address specified,15207,Condemned/Dead End Property,2025-11-05,,,0055S00051000000,Active,40.4142730529,-79.9329139658,Hazelwood,5,15
623743,0022R00240000000,"1204 HAMLIN ST, Pittsburgh, 15233",15233,Condemned/Dead End Property,2025-12-04,Fail,2,0022R00240000000,Active,40.4533646212,-80.0227500746,Manchester,6,21
623744,0022R00240000000,"1204 HAMLIN ST, Pittsburgh, 15233",15233,Condemned/Dead End Property,2026-07-20,,,0022R00240000000,Active,40.4533646212,-80.0227500746,Manchester,6,21
623745,0042J00191000000,"1015 STANHOPE ST, Pittsburgh, 15204",15204,Condemned/Dead End Property,2020-12-03,Pass,0,0042J00191000000,Active,40.4567020444,-80.0631505688,Sheraden,2,20
623746,0035G00305000000,"730 HAMPSHIRE AVE, Pittsburgh, 15216",15216,Condemned/Dead End Property,2023-12-13,Pass,0,0035G00305000000,Active,40.4109539936,-80.0216498173,Beechview,4,19
623747,0014P00093000000,"232 ZARA ST, Pittsburgh, 15210",15210,Condemned/Dead End Property,2023-04-28,Pass,0,0014P00093000000,Active,40.4156043812,-79.992144286,Knoxville,3,30
623748,0014P00093000000,"232 ZARA ST, Pittsburgh, 15210",15210,Condemned/Dead End Property,2023-05-17,Fail,2,0014P00093000000,Active,40.4156043812,-79.992144286,Knoxville,3,30
623749,0010F00126000000,"2284 BEDFORD AVE, Pittsburgh, 15219",15219,Condemned/Dead End Property,2025-02-14,Fail,2,0010F00126000000,Active,40.4490839895,-79.9756946272,Middle Hill,6,5
623750,0010F00126000000,"2284 BEDFORD AVE, Pittsburgh, 15219",15219,Condemned/Dead End Property,2026-06-12,Fail,1,0010F00126000000,Active,40.4490839895,-79.9756946272,Middle Hill,6,5
623751,0174B00130000000,No primary address specified,15208,Condemned/Dead End Property,2023-03-06,Pass,0,0174B00130000000,Active,40.461470636,-79.8927890243,Homewood North,9,13
623752,0026K00257000000,"3452 WEBSTER AVE, Pittsburgh, 15219",15219,Condemned/Dead End Property,2026-07-23,Fail,2,0026K00257000000,Active,40.4557251976,-79.9603460756,Upper Hill,6,5
623753,0026K00257000000,"3452 WEBSTER AVE, Pittsburgh, 15219",15219,Condemned/Dead End Property,2026-07-23,Fail,1,0026K00257000000,Active,40.4557251976,-79.9603460756,Upper Hill,6,5
623754,0027B00318000000,"912 CHEROKEE ST, Pittsburgh, 15219",15219,Condemned/Dead End Property,2020-08-10,Fail,1,0027B00318000000,Active,40.450649312,-79.9589500923,Upper Hill,6,5
623755,0015D00222000000,"427 EDGEMONT ST, Pittsburgh, 15211",15211,Condemned/Dead End Property,2022-03-17,Fail,2,0015D00222000000,Active,40.422614947,-79.9995264499,Mount Washington,3,18
623756,0015D00222000000,"427 EDGEMONT ST, Pittsburgh, 15211",15211,Condemned/Dead End Property,2024-01-12,,,0015D00222000000,Active,40.422614947,-79.9995264499,Mount Washington,3,18
623757,0175H00193000000,No primary address specified,15221,Condemned/Dead End Property,2026-05-22,,,0175H00193000000,Active,40.4501153041,-79.884073672,East Hills,9,13
623758,0173N00305000000,"7035 UPLAND ST, Pittsburgh, 15208",15208,Condemned/Dead End Property,2024-03-20,Fail,2,0173N00305000000,Active,40.4630660232,-79.8979366378,Homewood North,9,13
623759,0173N00305000000,"7035 UPLAND ST, Pittsburgh, 15208",15208,Condemned/Dead End Property,2024-03-20,,,0173N00305000000,Active,40.4630660232,-79.8979366378,Homewood North,9,13
623760,0124P00079000A00,"6411 MEADOW ST, Pittsburgh, PA 15206",15206,Condemned/Dead End Property,2020-09-04,Fail,2,0124P00079000A00,Active,40.463178699,-79.9118458872,Larimer,9,12
623761,0010M00091000000,"522 FRANCIS ST, Pittsburgh, 15219",15219,Condemned/Dead End Property,2023-03-09,Fail,1,0010M00091000000,Active,40.4478820182,-79.9676451445,Middle Hill,6,5
623762,0025M00112000000,"3041 PULAWSKI Way, Pittsburgh, 15219",15219,Condemned/Dead End Property,2020-06-01,Fail,1,0025M00112000000,Active,40.4569512929,-79.9683557925,Polish Hill,7,6
623763,0011K00056000A00,"2134 5TH AVE, Pittsburgh, PA 15219",15219,Condemned/Dead End Property,2020-09-21,Fail,1,0011K00056000A00,Active,40.4378874725,-79.9746262243,Bluff,6,4
623764,0083F00178000000,"621 MELLON ST, Pittsburgh, 15206",15206,Condemned/Dead End Property,2022-04-12,Fail,2,0083F00178000000,Active,40.4693755582,-79.9262930624,East Liberty,9,11
623765,0060P00187000000,No primary address specified,15210,Condemned/Dead End Property,2024-06-13,Pass,0,0060P00187000000,Active,40.3946339703,-79.9927038222,Carrick,4,29
623766,0010H00325000000,No primary address specified,15219,Condemned/Dead End Property,2020-11-04,Pass,0,0010H00325000000,Active,40.4502979769,-79.9674542949,Middle Hill,6,5
623767,0172R00003000000,No primary address specified,15206,Condemned/Dead End Property,2025-03-07,Pass,0,0172R00003000000,Active,40.4723095782,-79.8898866956,Lincoln-Lemington-Belmar,9,12
623768,0076J00113000000,"3245 CENTRAL AVE, Pittsburgh, 15212",15212,Condemned/Dead End Property,2020-08-17,Fail,2,0076J00113000000,Active,40.4758345074,-80.029260955,Marshall-Shadeland,6,27
623769,0075M00131000000,"1436 WOODS RUN AVE, Pittsburgh, 15212",15212,Condemned/Dead End Property,2026-04-17,Fail,1,0075M00131000000,Active,40.4753748843,-80.0351183993,Brighton Heights,1,27
623770,0174H00253000000,No primary address specified,15221,Condemned/Dead End Property,2020-10-16,Pass,0,0174H00253000000,Active,40.4576419652,-79.8847444977,Homewood North,9,13
623771,0010K00145000000,"618 PERRY ST, Pittsburgh, 15219",15219,Condemned/Dead End Property,2025-12-10,Fail,1,0010K00145000000,Active,40.4463237289,-79.97745318,Middle Hill,6,5
623772,0010K00145000000,"618 PERRY ST, Pittsburgh, 15219",15219,Condemned/Dead End Property,2025-12-10,Fail,1,0010K00145000000,Active,40.4463237289,-79.97745318,Middle Hill,6,5
623773,0010K00145000000,"618 PERRY ST, Pittsburgh, 15219",15219,Condemned/Dead End Property,2025-12-10,Fail,1,0010K00145000000,Active,40.4463237289,-79.97745318,Middle Hill,6,5
623774,0010K00145000000,"618 PERRY ST, Pittsburgh, 15219",15219,Condemned/Dead End Property,2025-12-10,Fail,1,0010K00145000000,Active,40.4463237289,-79.97745318,Middle Hill,6,5
623775,0024F00176000000,"1141 SPRING GARDEN AVE, Pittsburgh, 15212",15212,Condemned/Dead End Property,2023-08-28,,,0024F00176000000,Active,40.4599758015,-79.9918059562,Spring Garden,1,24
623776,0024F00176000000,"1141 SPRING GARDEN AVE, Pittsburgh, 15212",15212,Condemned/Dead End Property,2026-01-29,Fail,3,0024F00176000000,Active,40.4599758015,-79.9918059562,Spring Garden,1,24
623777,0014E00285000000,No primary address specified,15210,Condemned/Dead End Property,2023-09-20,Pass,0,0014E00285000000,Active,40.4189380246,-79.9960113572,Allentown,3,18
623778,0049M00130000000,"4546 PENN AVE, Pittsburgh, 15224",15224,Condemned/Dead End Property,2026-04-13,Fail,3,0049M00130000000,Active,40.4658560444,-79.9506455982,Bloomfield,7,9
623779,0042P00308000000,"2965 CHARTIERS AVE, Pittsburgh, 15204",15204,Condemned/Dead End Property,2025-07-25,Pass,0,0042P00308000000,Active,40.454009728,-80.0582898991,Sheraden,2,20
623780,0094F00155000000,"245 SPENCER AVE, Pittsburgh, 15227",15227,Condemned/Dead End Property,2020-10-13,Fail,2,0094F00155000000,Active,40.389704193,-79.9765475859,Carrick,4,29
623781,0033B00005000000,"339 MATHEWS AVE, Pittsburgh, 15210",15210,Condemned/Dead End Property,2020-12-23,Fail,1,0033B00005000000,Active,40.4137107503,-79.9947277931,Knoxville,3,30
623782,0033B00005000000,"339 MATHEWS AVE, Pittsburgh, 15210",15210,Condemned/Dead End Property,2024-01-17,,,0033B00005000000,Active,40.4137107503,-79.9947277931,Knoxville,3,30
623783,0011E00173000000,"223 LOMBARD ST, Pittsburgh, 15219",15219,Condemned/Dead End Property,2020-09-01,Fail,2,0011E00173000000,Active,40.4397551877,-79.9791096051,Crawford-Roberts,6,3
623784,0095D00352000100,"107 DUFFLAND ST, Pittsburgh, PA 15210",15210,Condemned/Dead End Property,2020-06-16,Fail,2,0095D00352000100,Active,40.392471662,-79.9845617194,Carrick,4,29
623785,0014K00308000000,"214 CHARLES ST, Pittsburgh, 15210",15210,Condemned/Dead End Property,2021-05-14,Fail,1,0014K00308000000,Active,40.4163677377,-79.9913978927,Knoxville,3,30
623786,0057G00226000000,No primary address specified,15207,Condemned/Dead End Property,2024-06-10,Pass,0,0057G00226000000,Active,40.401400921,-79.9395327129,Hazelwood,5,15
623787,0046K00111000000,"129 LAFAYETTE AVE, Pittsburgh, 15214",15214,Condemned/Dead End Property,2025-07-23,Fail,2,0046K00111000000,Active,40.4652526934,-80.0105650374,Perry South,6,26
623788,0046K00111000000,"129 LAFAYETTE AVE, Pittsburgh, 15214",15214,Condemned/Dead End Property,2026-01-20,Pass,0,0046K00111000000,Active,40.4652526934,-80.0105650374,Perry South,6,26
623789,0057D00050000000,No primary address specified,15207,Condemned/Dead End Property,2024-12-02,Pass,0,0057D00050000000,Active,40.4030416396,-79.9361090169,Hazelwood,5,15
623790,0014D00267000000,"2507 S 18TH ST, Pittsburgh, 15210",15203,Condemned/Dead End Property,2020-08-20,Fail,1,0014D00267000000,Active,40.4215883105,-79.9838795506,South Side Slopes,3,17
623791,0014D00267000000,"2507 S 18TH ST, Pittsburgh, 15210",15203,Condemned/Dead End Property,2026-04-09,Pass,0,0014D00267000000,Active,40.4215883105,-79.9838795506,South Side Slopes,3,17
623792,0009S00212000000,No primary address specified,15219,Condemned/Dead End Property,2020-10-19,Pass,0,0009S00212000000,Active,40.4449118434,-79.9830932302,Crawford-Roberts,6,3
623793,0174F00040000000,No primary address specified,15208,Condemned/Dead End Property,2020-10-14,Pass,0,0174F00040000000,Active,40.4598199722,-79.8926828166,Homewood North,9,13
623794,0025H00107000000,"314 HARMAR ST, Pittsburgh, PA 15219",15219,Condemned/Dead End Property,2020-06-17,Pass,0,0025H00107000000,Active,40.4579374299,-79.9682626986,Polish Hill,7,6
623795,0004N00146000000,"287 WADE ST, Pittsburgh, 15211",15211,Condemned/Dead End Property,2021-04-21,Fail,1,0004N00146000000,Active,40.4241669207,-80.0125925562,Mount Washington,2,19
623796,0004P00056000000,"80 NORTON ST, Pittsburgh, 15211",15211,Condemned/Dead End Property,2020-09-03,Fail,2,0004P00056000000,Active,40.4258818624,-80.010529567,Mount Washington,2,19
623797,0004P00056000000,"80 NORTON ST, Pittsburgh, 15211",15211,Condemned/Dead End Property,2024-10-04,Pass,0,0004P00056000000,Active,40.4258818624,-80.010529567,Mount Washington,2,19
623798,0083E00215000000,"438 N FAIRMOUNT ST, Pittsburgh, PA 15206",15206,Condemned/Dead End Property,2020-06-18,Pass,0,0083E00215000000,Active,40.4684522897,-79.9311215476,Garfield,9,11
623799,0056F00282000000,"172 MARSDEN ST, Pittsburgh, 15207",15207,Condemned/Dead End Property,2020-09-03,Fail,1,0056F00282000000,Active,40.4106268857,-79.942101263,Hazelwood,5,15
623800,0057C00374000000,No primary address specified,15207,Condemned/Dead End Property,2024-06-26,Pass,0,0057C00374000000,Active,40.403190137,-79.9371048959,Hazelwood,5,15
623801,0015G00136000000,"210 INDUSTRY ST, Pittsburgh, 15210",15210,Condemned/Dead End Property,2026-07-29,Fail,1,0015G00136000000,Active,40.420030384,-80.0041705212,Beltzhoover,3,18
623802,0011F00169000A00,"118 OLD KIRKPATRICK ST, Pittsburgh, 15219",15219,Condemned/Dead End Property,2026-07-29,Fail,1,0011F00169000A00,Active,40.4386048053,-79.9745842845,West Oakland,6,4
623803,0057B00193000000,"5280 2ND AVE, Pittsburgh, 15207",15207,Condemned/Dead End Property,2024-08-07,Fail,2,0057B00193000000,Active,40.4040125233,-79.9426909583,Hazelwood,5,15
623804,0042M00170000000,"2941 MERWYN AVE, Pittsburgh, 15204",15204,Condemned/Dead End Property,2022-11-10,Pass,0,0042M00170000000,Active,40.4564225292,-80.0516170319,Sheraden,2,20
623805,0042M00170000000,"2941 MERWYN AVE, Pittsburgh, 15204",15204,Condemned/Dead End Property,2026-04-17,Fail,1,0042M00170000000,Active,40.4564225292,-80.0516170319,Sheraden,2,20
623806,0174F00078000000,No primary address specified,15208,Condemned/Dead End Property,2024-02-02,Pass,0,0174F00078000000,Active,40.4594447088,-79.8928259557,Homewood North,9,13
623807,0027F00039000000,"3116 AVALON ST, Pittsburgh, 15219",15219,Condemned/Dead End Property,2021-08-24,Fail,1,0027F00039000000,Active,40.4482955896,-79.9615109232,Terrace Village,6,5
623808,0027F00039000000,"3116 AVALON ST, Pittsburgh, 15219",15219,Condemned/Dead End Property,2022-08-22,Pass,0,0027F00039000000,Active,40.4482955896,-79.9615109232,Terrace Village,6,5
623809,0124M00188000000,No primary address specified,15206,Condemned/Dead End Property,2026-04-17,,,0124M00188000000,Active,40.4662294273,-79.9019854692,Lincoln-Lemington-Belmar,9,12
623810,0083J00025000000,"305 N FAIRMOUNT ST, Pittsburgh, PA 15206",15206,Condemned/Dead End Property,2020-07-16,Fail,1,0083J00025000000,Active,40.466646566,-79.9316198623,Garfield,9,11
623811,0046P00114000000,"1932 LITHGOW AVE, Pittsburgh, PA 15214",15214,Condemned/Dead End Property,2026-05-27,Fail,1,0046P00114000000,Active,40.4628376523,-80.0100590612,Perry South,6,25
623812,0062F00006000000,"2336 VODELI ST, Pittsburgh, 15216",15216,Condemned/Dead End Property,2020-09-03,Fail,2,0062F00006000000,Active,40.4016128262,-80.0282977686,Beechview,4,19
623813,0062F00006000000,"2336 VODELI ST, Pittsburgh, 15216",15216,Condemned/Dead End Property,2022-08-08,,,0062F00006000000,Active,40.4016128262,-80.0282977686,Beechview,4,19
623814,0050H00290000000,No primary address specified,15224,Condemned/Dead End Property,2022-12-02,Pass,0,0050H00290000000,Active,40.4681329657,-79.9363222224,Garfield,9,10
623815,0095F00007000000,"2122 FAIRLAND ST, Pittsburgh, 15210",15210,Condemned/Dead End Property,2024-02-05,Fail,2,0095F00007000000,Active,40.391095233,-79.995185133,Overbrook,4,32
623816,0056N00115000000,"5117 BLAIR ST, Pittsburgh, 15207",15207,Condemned/Dead End Property,2024-10-22,Fail,1,0056N00115000000,Active,40.4060258892,-79.9460924071,Hazelwood,5,15
623817,0174G00281000000,"7420 MOUNT VERNON ST, Pittsburgh, PA 15208",15208,Condemned/Dead End Property,2026-05-21,,,0174G00281000000,Active,40.4598615811,-79.8898176085,Homewood North,9,13
623818,0174K00385000000,"702 STERRETT ST, Pittsburgh, 15208",15208,Condemned/Dead End Property,2022-04-08,Fail,2,0174K00385000000,Active,40.4552626231,-79.8945861944,Homewood South,9,13
623819,0174K00385000000,"702 STERRETT ST, Pittsburgh, 15208",15208,Condemned/Dead End Property,2024-05-28,Pass,0,0174K00385000000,Active,40.4552626231,-79.8945861944,Homewood South,9,13
623820,0055S00053000000,"1 TESLA ST, Pittsburgh, 15207",15207,Condemned/Dead End Property,2024-09-13,Fail,1,0055S00053000000,Active,40.4143479805,-79.9329521731,Hazelwood,5,15
623821,0055S00053000000,"1 TESLA ST, Pittsburgh, 15207",15207,Condemned/Dead End Property,2025-05-12,Fail,1,0055S00053000000,Active,40.4143479805,-79.9329521731,Hazelwood,5,15
623822,0124R00027000000,"6542 LADSON ST, Pittsburgh, 15206",15206,Condemned/Dead End Property,2024-03-01,Pass,0,0124R00027000000,Active,40.4627018879,-79.907576605,Larimer,9,12
623823,0046F00041000000,"28 KENWOOD AVE, Pittsburgh, 15214",15214,Condemned/Dead End Property,2022-11-02,Pass,0,0046F00041000000,Active,40.4694988535,-80.0097914723,Perry South,6,26
623824,0036R00136000000,"2703 BANKSVILLE AVE, Pittsburgh, PA 15216",15216,Condemned/Dead End Property,2020-08-21,Fail,2,0036R00136000000,Active,40.4057998362,-80.0382383775,Banksville,2,20
623825,0174A00193000000,"7050 KEDRON ST, Pittsburgh, 15208",15208,Condemned/Dead End Property,2025-08-05,Pass,0,0174A00193000000,Active,40.4613279874,-79.8980960314,Homewood North,9,13
623826,0174N00146000000,"538 CLAWSON ST, Pittsburgh, 15208",15208,Condemned/Dead End Property,2021-05-03,Fail,2,0174N00146000000,Active,40.4541619991,-79.8986369537,Homewood South,9,13
623827,0033A00240000000,"437 PARKLOW ST, Pittsburgh, 15210",15210,Condemned/Dead End Property,2021-10-14,Fail,2,0033A00240000000,Active,40.4132217612,-79.9967541837,Knoxville,3,30
623828,0011K00271000300,"2013 BLVD OF THE ALLIES, Pittsburgh, PA 15219",15219,Condemned/Dead End Property,2020-09-03,Fail,2,0011K00271000300,Active,40.4364452857,-79.9773988286,Bluff,6,1
623829,0060S00216000000,"239 E AGNEW AVE, Pittsburgh, PA 15210",15210,Condemned/Dead End Property,2020-11-20,Fail,1,0060S00216000000,Active,40.396578283,-79.9829743526,Carrick,4,29
623830,0060S00216000000,"239 E AGNEW AVE, Pittsburgh, PA 15210",15210,Condemned/Dead End Property,2025-11-20,Fail,3,0060S00216000000,Active,40.396578283,-79.9829743526,Carrick,4,29
623831,0046N00364000000,"609 RIDGEWOOD ST, Pittsburgh, 15214",15214,Condemned/Dead End Property,2020-09-09,Fail,3,0046N00364000000,Active,40.4625261534,-80.0158026778,Perry South,6,25
623832,0014J00276000000,"437 CHALFONT ST, Pittsburgh, 15210",15210,Condemned/Dead End Property,2020-11-30,Fail,2,0014J00276000000,Active,40.416898535,-79.9989096956,Beltzhoover,3,18
623833,0077P00210000000,No primary address specified,15214,Condemned/Dead End Property,2022-09-09,Pass,0,0077P00210000000,Active,40.474205585,-80.0098967722,Perry South,6,26
623834,0174F00270000000,"7324 RACE ST, Pittsburgh, 15208",15208,Condemned/Dead End Property,2020-09-08,Fail,2,0174F00270000000,Active,40.4578499318,-79.8922569781,Homewood North,9,13
623835,0115P00128000000,"722 WOODS RUN AVE, Pittsburgh, 15212",15212,Condemned/Dead End Property,2022-09-16,Fail,1,0115P00128000000,Active,40.4821125994,-80.0260705644,Brighton Heights,1,27
623836,0049J00191000B00,"246 ATER Way, Pittsburgh, PA 15201",15201,Condemned/Dead End Property,2021-10-18,Fail,2,0049J00191000B00,Active,40.4653104247,-79.9631190321,Lower Lawrenceville,7,6
623837,0014R00065000000,"130 ZARA ST, Pittsburgh, PA 15210",15210,Condemned/Dead End Property,2024-03-11,Fail,2,0014R00065000000,Active,40.4156735202,-79.9896212012,Knoxville,3,30
623838,0010S00005000000,"2514 CENTRE AVE, Pittsburgh, PA 15219",15219,Condemned/Dead End Property,2020-08-24,Fail,1,0010S00005000000,Active,40.445272832,-79.970227173,Terrace Village,6,5
623839,0124H00193000000,"1233 MONTEZUMA ST, Pittsburgh, PA 15206",15206,Condemned/Dead End Property,2026-04-09,Pass,0,0124H00193000000,Active,40.4682164368,-79.9018430309,Lincoln-Lemington-Belmar,9,12
623840,0032F00331000000,No primary address specified,15210,Condemned/Dead End Property,2022-12-07,,,0032F00331000000,Active,40.4103832626,-79.9754983909,St. Clair,3,16
623841,0056C00085000000,"415 FLOWERS AVE, Pittsburgh, 15207",15207,Condemned/Dead End Property,2020-09-11,Fail,2,0056C00085000000,Active,40.4122318284,-79.9372836469,Hazelwood,5,15
623842,0046N00065000000,No primary address specified,15214,Condemned/Dead End Property,2023-10-11,Fail,1,0046N00065000000,Active,40.4644944442,-80.0146835119,Perry South,6,25
623843,0174M00018000000,"8106 FRANKSTOWN AVE, Pittsburgh, 15221",15221,Condemned/Dead End Property,2026-04-17,Pass,0,0174M00018000000,Active,40.4552384071,-79.8831041361,East Hills,9,13
623844,0174M00018000000,"8106 FRANKSTOWN AVE, Pittsburgh, 15221",15221,Condemned/Dead End Property,2026-04-17,Fail,2,0174M00018000000,Active,40.4552384071,-79.8831041361,East Hills,9,13
623845,0015R00265000000,No primary address specified,15210,Condemned/Dead End Property,2023-09-01,,,0015R00265000000,Active,40.4161462415,-80.0046056493,Beltzhoover,3,18
623846,0184E00067000000,"1210 MIFFLIN RD, Pittsburgh, 15207",15207,Condemned/Dead End Property,2024-08-23,Fail,1,0184E00067000000,Active,40.3712913552,-79.9159098025,Lincoln Place,5,31
623847,0013P00052000000,"309 STERLING ST, Pittsburgh, 15210",15210,Condemned/Dead End Property,2020-09-09,Fail,2,0013P00052000000,Active,40.414501328,-79.9747184931,Arlington,3,16
623848,0013P00052000000,"309 STERLING ST, Pittsburgh, 15210",15210,Condemned/Dead End Property,2026-07-07,Fail,1,0013P00052000000,Active,40.414501328,-79.9747184931,Arlington,3,16
623849,0124G00188000000,No primary address specified,15206,Condemned/Dead End Property,2022-08-30,Pass,0,0124G00188000000,Active,40.4691218526,-79.9071779231,Lincoln-Lemington-Belmar,9,12
623850,0033J00164000000,"117 SCHUCHERT ST, Pittsburgh, 15210",15210,Condemned/Dead End Property,2021-07-08,Fail,2,0033J00164000000,Active,40.4081846725,-79.9974214601,Bon Air,4,18
623851,0095M00080000000,"47 BECKS RUN RD, Pittsburgh, 15210",15210,Condemned/Dead End Property,2026-04-22,Fail,1,0095M00080000000,Active,40.3891879313,-79.9835127306,Carrick,4,29
623852,0095M00080000000,"47 BECKS RUN RD, Pittsburgh, 15210",15210,Condemned/Dead End Property,2026-09-16,Fail,1,0095M00080000000,Active,40.3891879313,-79.9835127306,Carrick,4,29
623853,0060H00300000000,"206 ALRIES ST, Pittsburgh, PA 15210",15210,Condemned/Dead End Property,2020-08-20,Fail,2,0060H00300000000,Active,40.3994332651,-79.985306945,Carrick,4,29
623854,0024J00426000000,"834 PERALTA ST, Pittsburgh, PA 15212",15212,Condemned/Dead End Property,2023-04-17,Pass,0,0024J00426000000,Active,40.4557433093,-79.9958849967,East Allegheny,1,23
623855,0042C00137000000,No primary address specified,15204,Condemned/Dead End Property,2022-10-10,Pass,0,0042C00137000000,Active,40.4620457278,-80.054506604,Esplen,2,20
623856,0014G00271000000,"952 MANTON Way, Pittsburgh, 15210",15210,Condemned/Dead End Property,2024-02-21,,,0014G00271000000,Active,40.4211259415,-79.990036205,Allentown,3,18
623857,0014K00040000000,"846 LILLIAN ST, Pittsburgh, 15210",15210,Condemned/Dead End Property,2020-09-03,Fail,2,0014K00040000000,Active,40.4185931708,-79.9918494359,Allentown,3,18
623858,0014K00040000000,"846 LILLIAN ST, Pittsburgh, 15210",15210,Condemned/Dead End Property,2025-02-28,Pass,0,0014K00040000000,Active,40.4185931708,-79.9918494359,Allentown,3,18
623859,0091E00023000000,"297 BALDWIN RD, Pittsburgh, 15207",15207,Condemned/Dead End Property,2021-10-11,Fail,1,0091E00023000000,Active,40.3898364596,-79.9325783677,Hays,5,31
623860,0091E00023000000,"297 BALDWIN RD, Pittsburgh, 15207",15207,Condemned/Dead End Property,2025-01-24,Fail,1,0091E00023000000,Active,40.3898364596,-79.9325783677,Hays,5,31
623861,0024D00135000000,"1516 VALENTINE ST, Pittsburgh, 15212",15212,Condemned/Dead End Property,2023-03-03,,,0024D00135000000,Active,40.4620251995,-79.9850222877,Troy Hill,1,24
623862,0024D00135000000,"1516 VALENTINE ST, Pittsburgh, 15212",15212,Condemned/Dead End Property,2023-03-03,Fail,1,0024D00135000000,Active,40.4620251995,-79.9850222877,Troy Hill,1,24
623863,0014K00113000000,"308 ORCHARD PL, Pittsburgh, 15210",15210,Condemned/Dead End Property,2023-11-06,Fail,3,0014K00113000000,Active,40.4177864607,-79.9936814997,Knoxville,3,30
623864,0010L00156000000,"2405 WYLIE AVE, Pittsburgh, 15219",15219,Condemned/Dead End Property,2024-03-22,Fail,2,0010L00156000000,Active,40.4476550531,-79.9732033041,Middle Hill,6,5
623865,0010D00250000000,"647 HOLLACE ST, Pittsburgh, 15219",15219,Condemned/Dead End Property,2020-07-23,Fail,2,0010D00250000000,Active,40.4509654233,-79.9682785245,Middle Hill,6,5
623866,0010D00250000000,"647 HOLLACE ST, Pittsburgh, 15219",15219,Condemned/Dead End Property,2021-02-18,Pass,0,0010D00250000000,Active,40.4509654233,-79.9682785245,Middle Hill,6,5
623867,0121K00313000000,"6925 GREENWOOD ST, Pittsburgh, PA 15206",15206,Condemned/Dead End Property,2024-01-09,Fail,1,0121K00313000000,Active,40.4850371842,-79.9249222635,Morningside,7,10
623868,0014E00157000000,"527 INDUSTRY ST, Pittsburgh, 15210",15210,Condemned/Dead End Property,2020-09-01,Fail,1,0014E00157000000,Active,40.4209548941,-79.9978806182,Beltzhoover,3,18
623869,0014E00157000000,"527 INDUSTRY ST, Pittsburgh, 15210",15210,Condemned/Dead End Property,2023-10-06,,,0014E00157000000,Active,40.4209548941,-79.9978806182,Beltzhoover,3,18
623870,0027B00002000000,No primary address specified,15219,Condemned/Dead End Property,2021-02-17,Pass,0,0027B00002000000,Active,40.4527568734,-79.9579146534,Upper Hill,6,5
623871,0026D00010000000,No primary address specified,15224,Condemned/Dead End Property,2023-02-15,Fail,2,0026D00010000000,Active,40.4616931243,-79.9534291316,Bloomfield,7,8
623872,0042M00056000000,"3014 ZEPHYR AVE, Pittsburgh, 15204",15204,Condemned/Dead End Property,2021-04-09,Fail,2,0042M00056000000,Active,40.4568235688,-80.0536350255,Sheraden,2,20
623873,0124H00019000000,"1257 ALBUM ST, Pittsburgh, 15206",15206,Condemned/Dead End Property,2020-06-26,Fail,2,0124H00019000000,Active,40.4696727866,-79.9019386175,Lincoln-Lemington-Belmar,9,12
623874,0124H00019000000,"1257 ALBUM ST, Pittsburgh, 15206",15206,Condemned/Dead End Property,2024-04-10,Pass,0,0124H00019000000,Active,40.4696727866,-79.9019386175,Lincoln-Lemington-Belmar,9,12
623875,0094F00120000000,"414 KIRK AVE, Pittsburgh, 15227",15227,Condemned/Dead End Property,2023-06-30,Pass,0,0094F00120000000,Active,40.3917473433,-79.9769697427,Carrick,4,29
623876,0094F00120000000,"414 KIRK AVE, Pittsburgh, 15227",15227,Condemned/Dead End Property,2026-08-05,Fail,2,0094F00120000000,Active,40.3917473433,-79.9769697427,Carrick,4,29
623877,0077N00321000000,"115 HAWKINS AVE, Pittsburgh, PA 15214",15214,Condemned/Dead End Property,2021-03-02,Fail,1,0077N00321000000,Active,40.4722063101,-80.0148513132,Perry South,6,26
623878,0060E00209000000,"1317 NOBLES LN, Pittsburgh, 15210",15210,Condemned/Dead End Property,2022-02-07,Fail,2,0060E00209000000,Active,40.400584639,-79.9976062142,Carrick,4,29
623879,0032E00178000000,"614 RECTENWALD ST, Pittsburgh, 15210",15210,Condemned/Dead End Property,2023-07-25,Fail,1,0032E00178000000,Active,40.4094175095,-79.9799545276,Mt. Oliver,3,16
623880,0022B00210000000,No primary address specified,15212,Condemned/Dead End Property,2025-06-05,Pass,0,0022B00210000000,Active,40.4607997248,-80.0262185517,California-Kirkbride,6,21
623881,0174A00301000000,"7048 HERMITAGE ST, Pittsburgh, 15208",15208,Condemned/Dead End Property,2021-10-18,Fail,3,0174A00301000000,Active,40.4607246425,-79.898377065,Homewood North,9,13
623882,0054J00079000000,"405 SALINE ST, Pittsburgh, 15207",15207,Condemned/Dead End Property,2025-06-16,Fail,1,0054J00079000000,Active,40.4278155226,-79.946558653,Greenfield,5,14
623883,0010H00174000000,No primary address specified,15219,Condemned/Dead End Property,2026-09-18,,,0010H00174000000,Active,40.4489379463,-79.9678076973,Middle Hill,6,5
623884,0174L00028000000,"7417 IDLEWILD ST, Pittsburgh, 15208",15208,Condemned/Dead End Property,2020-09-01,Fail,3,0174L00028000000,Active,40.4571774995,-79.890721629,Homewood North,9,13
623885,0096J00210000000,"1502 BERKSHIRE AVE, Pittsburgh, 15226",15226,Condemned/Dead End Property,2020-07-21,Fail,2,0096J00210000000,Active,40.3874634229,-80.0134307814,Brookline,4,19
623886,0007B00142000000,"916 MANHATTAN ST, Pittsburgh, PA 15233",15233,Condemned/Dead End Property,2020-06-05,Fail,1,0007B00142000000,Active,40.4509595335,-80.02516873,Manchester,6,21
623887,0046J00280000000,"229 CHESTER AVE, Pittsburgh, PA 15214",15214,Condemned/Dead End Property,2022-09-08,Pass,0,0046J00280000000,Active,40.46703465,-80.0127995104,Perry South,6,26
623888,0046J00280000000,"229 CHESTER AVE, Pittsburgh, PA 15214",15214,Condemned/Dead End Property,2024-03-21,Fail,2,0046J00280000000,Active,40.46703465,-80.0127995104,Perry South,6,26
623889,0125M00312000000,"6927 1/2 HAMILTON AVE, Pittsburgh, 15208",15208,Condemned/Dead End Property,2026-07-29,Fail,1,0125M00312000000,Active,40.4562984862,-79.9035509738,Homewood West,9,12
623890,0010D00257000000,No primary address specified,15219,Condemned/Dead End Property,2022-02-14,,,0010D00257000000,Active,40.4506959497,-79.9681099548,Middle Hill,6,5
623891,0083K00060000000,"322 N NEGLEY AVE, Pittsburgh, PA 15206",15206,Condemned/Dead End Property,2026-04-13,Fail,1,0083K00060000000,Active,40.4662289124,-79.9285704411,East Liberty,9,11
623892,0057C00088000000,"47 ALMEDA ST, Pittsburgh, 15207",15207,Condemned/Dead End Property,2023-11-30,Fail,2,0057C00088000000,Active,40.4035741823,-79.9399726647,Hazelwood,5,15
623893,0057C00088000000,"47 ALMEDA ST, Pittsburgh, 15207",15207,Condemned/Dead End Property,2024-03-27,Pass,0,0057C00088000000,Active,40.4035741823,-79.9399726647,Hazelwood,5,15
623894,0014J00123000000,No primary address specified,15210,Condemned/Dead End Property,2020-09-22,Pass,0,0014J00123000000,Active,40.4185060162,-79.996101935,Allentown,3,18
623895,0023C00002000000,"11 BELLEAU ST, Pittsburgh, 15214",15214,Condemned/Dead End Property,2026-07-29,Fail,1,0023C00002000000,Active,40.4623744067,-80.0077287558,Fineview,1,25
623896,0004N00169000000,"28 MARNE Way, Pittsburgh, PA 15211",15211,Condemned/Dead End Property,2020-09-03,Fail,2,0004N00169000000,Active,40.4238513444,-80.0129313347,Mount Washington,2,19
623897,0084G00127000000,"243 EMERSON ST, Pittsburgh, 15206",15206,Condemned/Dead End Property,2023-07-25,Fail,1,0084G00127000000,Active,40.4580687628,-79.9231388198,Shadyside,8,7
623898,0094N00037000000,"2535 BROWNSVILLE RD #327, Pittsburgh, PA 15210",15210,Condemned/Dead End Property,2020-12-03,Fail,2,0094N00037000000,Active,40.3864917556,-79.979058736,Carrick,4,29
623899,0231K00148000000,No primary address specified,15221,Condemned/Dead End Property,2026-04-17,,,0231K00148000000,Active,40.4566051277,-79.8768889443,East Hills,9,13
623900,0010R00108000000,No primary address specified,15219,Condemned/Dead End Property,2021-02-18,Pass,0,0010R00108000000,Active,40.4454382352,-79.9719116224,Middle Hill,6,5
623901,0033B00249000000,"316 ARABELLA ST, Pittsburgh, 15210",15210,Condemned/Dead End Property,2022-08-24,Fail,2,0033B00249000000,Active,40.4123703249,-79.9937345104,Knoxville,3,30
623902,0023H00275000000,"67 FOUNTAIN ST, Pittsburgh, 15212",15212,Condemned/Dead End Property,2020-07-07,Fail,3,0023H00275000000,Active,40.4587917396,-80.0031886321,Fineview,1,25
623903,0023H00275000000,"67 FOUNTAIN ST, Pittsburgh, 15212",15212,Condemned/Dead End Property,2023-09-20,Fail,1,0023H00275000000,Active,40.4587917396,-80.0031886321,Fineview,1,25
623904,0056N00199000000,"5110 LADORA Way, Pittsburgh, PA 15207",15207,Condemned/Dead End Property,2026-03-03,Fail,1,0056N00199000000,Active,40.4060829653,-79.947172005,Hazelwood,5,15
623905,0095H00096000000,"2219 BROWNSVILLE RD, Pittsburgh, 15210",15210,Condemned/Dead End Property,2023-11-07,Fail,2,0095H00096000000,Active,40.3908351029,-79.9859213732,Carrick,4,29
623906,0083G00130000000,"727 N BEATTY ST, Pittsburgh, 15206",15206,Condemned/Dead End Property,2025-05-01,Fail,1,0083G00130000000,Active,40.4691932837,-79.9228757944,East Liberty,9,11
623907,0046N00197000000,"2117 WILSON AVE, Pittsburgh, 15214",15214,Condemned/Dead End Property,2022-06-08,Fail,2,0046N00197000000,Active,40.4641835578,-80.0127776386,Perry South,6,25
623908,0014P00122000000,"410 GRIMES AVE, Pittsburgh, 15210",15210,Condemned/Dead End Property,2020-12-08,Fail,2,0014P00122000000,Active,40.4153387067,-79.9928939748,Knoxville,3,30
623909,0014P00122000000,"410 GRIMES AVE, Pittsburgh, 15210",15210,Condemned/Dead End Property,2024-03-27,,,0014P00122000000,Active,40.4153387067,-79.9928939748,Knoxville,3,30
623910,0004S00176000000,"416 IBERIA ST, Pittsburgh, 15211",15211,Condemned/Dead End Property,2021-02-17,Pass,0,0004S00176000000,Active,40.4242313496,-80.0002093571,Mount Washington,3,18
623911,0004S00176000000,"416 IBERIA ST, Pittsburgh, 15211",15211,Condemned/Dead End Property,2023-03-06,Fail,2,0004S00176000000,Active,40.4242313496,-80.0002093571,Mount Washington,3,18
623912,0022L00226000000,"1122 LIVERPOOL ST, Pittsburgh, 15233",15233,Condemned/Dead End Property,2023-03-29,Fail,2,0022L00226000000,Active,40.4559200536,-80.0226227818,Manchester,6,21
623913,0014E00071000000,No primary address specified,15210,Condemned/Dead End Property,2024-01-08,,,0014E00071000000,Active,40.4192680188,-79.9981496278,Beltzhoover,3,18
623914,0185S00270000000,"1105 STOCK ST, Pittsburgh, PA 15207",15207,Condemned/Dead End Property,2024-10-15,Fail,1,0185S00270000000,Active,40.3665491035,-79.9172032976,Lincoln Place,5,31
623915,0045M00024000000,"2443 N CHARLES ST, Pittsburgh, PA 15214",15214,Condemned/Dead End Property,2024-11-25,Fail,1,0045M00024000000,Active,40.4663517471,-80.0201543583,Perry South,6,26
623916,0125A00207000000,"228 MAYFLOWER ST, Pittsburgh, 15206",15206,Condemned/Dead End Property,2024-02-15,,,0125A00207000000,Active,40.461562321,-79.9132399026,Larimer,9,12
623917,0125H00334000000,"7005 1/2 BENNETT ST, Pittsburgh, 15208",15208,Condemned/Dead End Property,2022-03-30,Fail,2,0125H00334000000,Active,40.4576777956,-79.9011016631,Homewood South,9,13
623918,0174L00005000000,No primary address specified,15208,Condemned/Dead End Property,2026-01-20,,,0174L00005000000,Active,40.4574697035,-79.8906060517,Homewood North,9,13
623919,0014G00302000000,No primary address specified,15210,Condemned/Dead End Property,2023-06-26,Pass,0,0014G00302000000,Active,40.4208178517,-79.988098594,South Side Slopes,3,17
623920,0174L00310000000,No primary address specified,15208,Condemned/Dead End Property,2022-04-01,Pass,0,0174L00310000000,Active,40.4569938998,-79.8891118663,Homewood North,9,13
623921,0174K00030000000,"7310 IDLEWILD ST, Pittsburgh, 15208",15208,Condemned/Dead End Property,2025-12-02,,,0174K00030000000,Active,40.457357995,-79.8933678675,Homewood North,9,13
623922,0174K00030000000,"7310 IDLEWILD ST, Pittsburgh, 15208",15208,Condemned/Dead End Property,2026-02-12,Fail,2,0174K00030000000,Active,40.457357995,-79.8933678675,Homewood North,9,13
623923,0174K00030000000,"7310 IDLEWILD ST, Pittsburgh, 15208",15208,Condemned/Dead End Property,2026-04-21,Fail,1,0174K00030000000,Active,40.457357995,-79.8933678675,Homewood North,9,13
623924,0174B00228000000,"7333 MOUNT VERNON ST, Pittsburgh, PA 15208",15208,Condemned/Dead End Property,2022-05-13,Fail,2,0174B00228000000,Active,40.4606190575,-79.8915079991,Homewood North,9,13
623925,0026D00008000000,"416 ELLA ST, Pittsburgh, 15224",15224,Condemned/Dead End Property,2021-02-18,Fail,2,0026D00008000000,Active,40.4615965238,-79.9532936957,Bloomfield,7,8
623926,0026D00008000000,"416 ELLA ST, Pittsburgh, 15224",15224,Condemned/Dead End Property,2023-02-15,Fail,1,0026D00008000000,Active,40.4615965238,-79.9532936957,Bloomfield,7,8
623927,0015M00297000000,"306 CHALFONT ST, Pittsburgh, 15210",15210,Condemned/Dead End Property,2023-09-05,,,0015M00297000000,Active,40.4164273832,-80.0019401377,Beltzhoover,3,18
623928,0015M00297000000,"306 CHALFONT ST, Pittsburgh, 15210",15210,Condemned/Dead End Property,2023-09-05,Fail,2,0015M00297000000,Active,40.4164273832,-80.0019401377,Beltzhoover,3,18
623929,0026N00092000000,"3368 WEBSTER AVE, Pittsburgh, 15219",15219,Condemned/Dead End Property,2024-02-29,Fail,3,0026N00092000000,Active,40.4541452529,-79.962665475,Upper Hill,6,5
623930,0026N00092000000,"3368 WEBSTER AVE, Pittsburgh, 15219",15219,Condemned/Dead End Property,2024-02-29,Fail,1,0026N00092000000,Active,40.4541452529,-79.962665475,Upper Hill,6,5
623931,0014G00062000000,No primary address specified,15210,Condemned/Dead End Property,2020-12-09,Pass,0,0014G00062000000,Active,40.419002977,-79.9902471938,Allentown,3,18
623932,0080G00201000000,"5116 DRESDEN Way, Pittsburgh, PA 15201",15201,Condemned/Dead End Property,2020-06-19,Fail,2,0080G00201000000,Active,40.4784901984,-79.954875665,Upper Lawrenceville,7,10
623933,0173B00121000000,"1614 LINCOLN AVE, Pittsburgh, 15206",15206,Condemned/Dead End Property,2020-09-03,Fail,2,0173B00121000000,Active,40.470684342,-79.8919768582,Lincoln-Lemington-Belmar,9,12
623934,0173B00121000000,"1614 LINCOLN AVE, Pittsburgh, 15206",15206,Condemned/Dead End Property,2022-08-29,Pass,0,0173B00121000000,Active,40.470684342,-79.8919768582,Lincoln-Lemington-Belmar,9,12
623935,0011K00075000000,"4 SENECA ST, Pittsburgh, PA 15219",15219,Condemned/Dead End Property,2021-01-13,Fail,2,0011K00075000000,Active,40.4374240176,-79.9757100997,Bluff,6,4
623936,0015L00238000000,No primary address specified,15210,Condemned/Dead End Property,2024-08-19,Pass,0,0015L00238000000,Active,40.4174447959,-80.0052279978,Beltzhoover,3,18
623937,0046A00123000000,No primary address specified,15214,Condemned/Dead End Property,2025-09-03,Pass,0,0046A00123000000,Active,40.4712196188,-80.0134045709,Perry South,6,26
623938,0124G00280000000,No primary address specified,15206,Condemned/Dead End Property,2026-05-21,,,0124G00280000000,Active,40.4681499649,-79.9065526391,Lincoln-Lemington-Belmar,9,12
623939,0020R00009000000,"726 BUCYRUS ST, Pittsburgh, 15220",15220,Condemned/Dead End Property,2023-01-24,Fail,1,0020R00009000000,Active,40.4452804257,-80.0405838436,Elliott,2,20
623940,0020R00009000000,"726 BUCYRUS ST, Pittsburgh, 15220",15220,Condemned/Dead End Property,2024-09-24,Fail,2,0020R00009000000,Active,40.4452804257,-80.0405838436,Elliott,2,20
623941,0020R00002000000,"728 RUDOLPH ST, Pittsburgh, 15220",15220,Condemned/Dead End Property,2020-09-09,Fail,3,0020R00002000000,Active,40.4454104442,-80.0409543295,Elliott,2,20
623942,0050M00050000000,"5335 KINCAID ST, Pittsburgh, 15224",15224,Condemned/Dead End Property,2020-05-28,Fail,3,0050M00050000000,Active,40.4665479289,-79.9365011594,Garfield,9,10
623943,0076N00200000000,"3054 FREDERICK ST, Pittsburgh, 15212",15212,Condemned/Dead End Property,2020-11-12,Fail,1,0076N00200000000,Active,40.473276456,-80.0305494955,Marshall-Shadeland,6,27
623944,0174K00324000000,"7346 BENNETT ST, Pittsburgh, 15208",15208,Condemned/Dead End Property,2022-05-16,Fail,2,0174K00324000000,Active,40.4553578292,-79.8927327449,Homewood South,9,13
623945,0174K00117000001,"7313 FRANKSTOWN AVE, Pittsburgh, 15208",15208,Condemned/Dead End Property,2020-08-28,Fail,2,0174K00117000001,Active,40.4569449038,-79.8935062641,Homewood North,9,13
623946,0174K00117000001,"7313 FRANKSTOWN AVE, Pittsburgh, 15208",15208,Condemned/Dead End Property,2024-03-01,Pass,0,0174K00117000001,Active,40.4569449038,-79.8935062641,Homewood North,9,13
623947,0046F00176000000,"109 MAYWOOD ST, Pittsburgh, 15214",15214,Condemned/Dead End Property,2020-07-16,Fail,2,0046F00176000000,Active,40.4676109952,-80.0108794908,Perry South,6,26
623948,0046F00176000000,"109 MAYWOOD ST, Pittsburgh, 15214",15214,Condemned/Dead End Property,2022-12-19,Pass,0,0046F00176000000,Active,40.4676109952,-80.0108794908,Perry South,6,26
623949,0044D00230000000,"2845 CALIFORNIA AVE, Pittsburgh, 15212",15212,Condemned/Dead End Property,2022-09-09,Pass,0,0044D00230000000,Active,40.4700185168,-80.0362413188,Marshall-Shadeland,6,27
623950,0044D00230000000,"2845 CALIFORNIA AVE, Pittsburgh, 15212",15212,Condemned/Dead End Property,2026-08-05,Pass,0,0044D00230000000,Active,40.4700185168,-80.0362413188,Marshall-Shadeland,6,27
623951,0044D00230000000,"2845 CALIFORNIA AVE, Pittsburgh, 15212",15212,Condemned/Dead End Property,2026-08-10,Fail,1,0044D00230000000,Active,40.4700185168,-80.0362413188,Marshall-Shadeland,6,27
623952,0175C00235000000,No primary address specified,15221,Condemned/Dead End Property,2020-10-20,Pass,0,0175C00235000000,Active,40.4509290688,-79.8889167755,Homewood South,9,13
623953,0010D00252000000,"643 HOLLACE ST, Pittsburgh, 15219",15219,Condemned/Dead End Property,2020-07-17,Fail,2,0010D00252000000,Active,40.4508895911,-79.9682306852,Middle Hill,6,5
623954,0010C00026000000,"2526 BEDFORD AVE, Pittsburgh, PA 15219",15219,Condemned/Dead End Property,2020-07-10,Fail,2,0010C00026000000,Active,40.4505154555,-79.971835177,Bedford Dwellings,6,5
623955,0046R00059000000,"1920 MOUNTFORD AVE, Pittsburgh, PA 15214",15214,Condemned/Dead End Property,2020-09-04,Fail,1,0046R00059000000,Active,40.4629651226,-80.007045234,Fineview,1,25
623956,0024F00084000000,"1007 SALTER Way, Pittsburgh, PA 15212",15212,Condemned/Dead End Property,2022-06-02,Fail,1,0024F00084000000,Active,40.4586848092,-79.9947938043,Spring Garden,1,23
623957,0024F00084000000,"1007 SALTER Way, Pittsburgh, PA 15212",15212,Condemned/Dead End Property,2026-08-05,Pass,0,0024F00084000000,Active,40.4586848092,-79.9947938043,Spring Garden,1,23
623958,0057G00341000000,"1 ALLEGHENY TER, Pittsburgh, PA 15207",15207,Condemned/Dead End Property,2025-06-16,Fail,1,0057G00341000000,Active,40.4008162588,-79.9370605034,Glen Hazel,5,15
623959,0124N00392000000,"504 PAULSON AVE, Pittsburgh, 15206",15206,Condemned/Dead End Property,2024-10-03,Pass,0,0124N00392000000,Active,40.4633101908,-79.9120128784,Larimer,9,12
623960,0004P00304000000,"222 KRAMER Way, Pittsburgh, PA 15211",15211,Condemned/Dead End Property,2022-03-22,Fail,1,0004P00304000000,Active,40.4243492006,-80.0079364605,Mount Washington,2,19
623961,0056L00071000000,"234 E ELIZABETH ST, Pittsburgh, 15207",15207,Condemned/Dead End Property,2020-07-29,Fail,1,0056L00071000000,Active,40.40744135,-79.9401615921,Hazelwood,5,15
623962,0013R00273000000,"2501 SPRING ST, Pittsburgh, 15210",15210,Condemned/Dead End Property,2025-11-17,Fail,2,0013R00273000000,Active,40.4161573758,-79.9714726935,Arlington,3,16
623963,0173C00259000000,"7280 VERONA BLVD, Pittsburgh, 15235",15206,Condemned/Dead End Property,2020-09-09,Fail,3,0173C00259000000,Active,40.4707902915,-79.8884763159,Lincoln-Lemington-Belmar,9,12
623964,0173C00259000000,"7280 VERONA BLVD, Pittsburgh, 15235",15206,Condemned/Dead End Property,2024-03-27,,,0173C00259000000,Active,40.4707902915,-79.8884763159,Lincoln-Lemington-Belmar,9,12
623965,0173P00161000000,No primary address specified,15206,Condemned/Dead End Property,2020-12-30,Fail,2,0173P00161000000,Active,40.4627120797,-79.8922645632,Lincoln-Lemington-Belmar,9,12
623966,0174M00389000000,"7801 FRANKSTOWN AVE, Pittsburgh, 15208",15221,Condemned/Dead End Property,2020-08-28,Fail,2,0174M00389000000,Active,40.455400477,-79.8863264322,Homewood North,9,13
623967,0027B00070000000,"770 BRYN MAWR RD, Pittsburgh, PA 15219",15219,Condemned/Dead End Property,2020-08-06,Fail,2,0027B00070000000,Active,40.452328111,-79.9606850125,Upper Hill,6,5
623968,0076N00197000000,"3048 FREDERICK ST, Pittsburgh, 15212",15212,Condemned/Dead End Property,2026-08-05,Fail,1,0076N00197000000,Active,40.4731227595,-80.0304990411,Marshall-Shadeland,6,27
623969,0040K00034000000,"169 CLEARVIEW AVE, Pittsburgh, 15205",15205,Condemned/Dead End Property,2026-01-27,,,0040K00034000000,Active,40.4369143601,-80.0581575434,Westwood,2,28
623970,0075S00180000000,"3146 LECKY AVE, Pittsburgh, 15212",15212,Condemned/Dead End Property,2020-09-03,Fail,2,0075S00180000000,Active,40.4726331222,-80.0353465304,Marshall-Shadeland,6,27
623971,0075S00180000000,"3146 LECKY AVE, Pittsburgh, 15212",15212,Condemned/Dead End Property,2023-12-11,Pass,0,0075S00180000000,Active,40.4726331222,-80.0353465304,Marshall-Shadeland,6,27
623972,0023B00054000000,"1909 LITHGOW AVE, Pittsburgh, PA 15214",15214,Condemned/Dead End Property,2020-09-03,Fail,2,0023B00054000000,Active,40.4620878551,-80.0102993002,Perry South,6,25
623973,0050M00025000000,"5362 ROSETTA ST, Pittsburgh, 15224",15224,Condemned/Dead End Property,2024-09-20,Fail,2,0050M00025000000,Active,40.4669143471,-79.9359774853,Garfield,9,10
623974,0050M00025000000,"5362 ROSETTA ST, Pittsburgh, 15224",15224,Condemned/Dead End Property,2025-03-31,Fail,1,0050M00025000000,Active,40.4669143471,-79.9359774853,Garfield,9,10
623975,0024F00010000000,"952 ITIN ST, Pittsburgh, 15212",15212,Condemned/Dead End Property,2026-03-05,Fail,2,0024F00010000000,Active,40.459656833,-79.9949392377,East Allegheny,1,24
623976,0011D00120000000,"28 SEINE Way, Pittsburgh, PA 15213",15213,Condemned/Dead End Property,2025-07-28,Fail,2,0011D00120000000,Active,40.4419818833,-79.9679315008,West Oakland,6,5
623977,0011D00120000000,"28 SEINE Way, Pittsburgh, PA 15213",15213,Condemned/Dead End Property,2025-07-28,Fail,1,0011D00120000000,Active,40.4419818833,-79.9679315008,West Oakland,6,5
623978,0045N00224000000,"2341 ATMORE ST, Pittsburgh, 15212",15212,Condemned/Dead End Property,2023-03-13,,,0045N00224000000,Active,40.463315776,-80.0308636808,Marshall-Shadeland,6,27
623979,0045N00224000000,"2341 ATMORE ST, Pittsburgh, 15212",15212,Condemned/Dead End Property,2023-03-13,Fail,1,0045N00224000000,Active,40.463315776,-80.0308636808,Marshall-Shadeland,6,27
623980,0046K00329000000,"2330 MAPLE AVE, Pittsburgh, 15214",15214,Condemned/Dead End Property,2020-09-03,Fail,2,0046K00329000000,Active,40.4672756151,-80.008265692,Perry South,6,26
623981,0174M00015000000,"8036 FRANKSTOWN AVE, Pittsburgh, 15221",15221,Condemned/Dead End Property,2023-05-26,Fail,1,0174M00015000000,Active,40.4552888999,-79.8833999817,East Hills,9,13
623982,0124M00017000000,"6626 DEARY ST, Pittsburgh, 15206",15206,Condemned/Dead End Property,2025-04-10,Fail,2,0124M00017000000,Active,40.4653240398,-79.9032451778,Lincoln-Lemington-Belmar,9,12
623983,0124M00017000000,"6626 DEARY ST, Pittsburgh, 15206",15206,Condemned/Dead End Property,2026-04-22,,,0124M00017000000,Active,40.4653240398,-79.9032451778,Lincoln-Lemington-Belmar,9,12
623984,0124S00076000000,"6641 ROWAN ST, Pittsburgh, 15206",15206,Condemned/Dead End Property,2023-12-21,Fail,3,0124S00076000000,Active,40.4646811445,-79.9030402958,Lincoln-Lemington-Belmar,9,12
623985,0124S00076000000,"6641 ROWAN ST, Pittsburgh, 15206",15206,Condemned/Dead End Property,2024-06-03,Pass,0,0124S00076000000,Active,40.4646811445,-79.9030402958,Lincoln-Lemington-Belmar,9,12
623986,0076N00291000000,"3021 WADLOW ST, Pittsburgh, 15212",15212,Condemned/Dead End Property,2020-09-10,Fail,2,0076N00291000000,Active,40.4725397987,-80.0298095337,Marshall-Shadeland,6,27
623987,0076N00291000000,"3021 WADLOW ST, Pittsburgh, 15212",15212,Condemned/Dead End Property,2022-09-26,Fail,1,0076N00291000000,Active,40.4725397987,-80.0298095337,Marshall-Shadeland,6,27
623988,0124L00214000000,"6559 ROWAN ST, Pittsburgh, 15206",15206,Condemned/Dead End Property,2022-09-15,Fail,1,0124L00214000000,Active,40.4658345635,-79.9048806852,Lincoln-Lemington-Belmar,9,12
623989,0124L00214000000,"6559 ROWAN ST, Pittsburgh, 15206",15206,Condemned/Dead End Property,2024-01-16,,,0124L00214000000,Active,40.4658345635,-79.9048806852,Lincoln-Lemington-Belmar,9,12
623990,0047S00179000000,No primary address specified,15212,Condemned/Dead End Property,2022-11-08,Pass,0,0047S00179000000,Active,40.4637287778,-79.9846140319,Troy Hill,1,24
623991,0173L00115000000,"1550 OBERLIN ST, Pittsburgh, 15206",15206,Condemned/Dead End Property,2020-09-08,Pass,0,0173L00115000000,Active,40.4668755273,-79.8898642366,Lincoln-Lemington-Belmar,9,12
623992,0050F00044000000,"4931 KINCAID ST, Pittsburgh, PA 15224",15224,Condemned/Dead End Property,2020-06-05,Fail,1,0050F00044000000,Active,40.4674961623,-79.9432740957,Garfield,9,10
623993,0097D00285000000,"920 ROSSMORE AVE, Pittsburgh, 15226",15226,Condemned/Dead End Property,2020-09-09,Fail,3,0097D00285000000,Active,40.3936691544,-80.0171773656,Brookline,4,19
623994,0097D00285000000,"920 ROSSMORE AVE, Pittsburgh, 15226",15226,Condemned/Dead End Property,2025-01-31,Pass,0,0097D00285000000,Active,40.3936691544,-80.0171773656,Brookline,4,19
623995,0010J00172000000,No primary address specified,15219,Condemned/Dead End Property,2020-10-30,Pass,0,0010J00172000000,Active,40.4456939615,-79.9824934298,Crawford-Roberts,6,3
623996,0049M00132000000,"4542 PENN AVE, Pittsburgh, 15224",15224,Condemned/Dead End Property,2026-04-13,Fail,2,0049M00132000000,Active,40.4658731089,-79.9507864298,Bloomfield,7,9
623997,0097S00008000000,"2826 SAGEMAN AVE, Pittsburgh, 15226",15226,Condemned/Dead End Property,2026-05-27,Pass,0,0097S00008000000,Active,40.3865412868,-80.0164842629,Brookline,4,19
623998,0050M00078000000,"5349 BROAD ST, Pittsburgh, 15224",15224,Condemned/Dead End Property,2020-05-28,Fail,2,0050M00078000000,Active,40.4658324935,-79.9363528957,Garfield,9,10
623999,0011J00191000000,"1806 TUSTIN ST, Pittsburgh, 15219",15219,Condemned/Dead End Property,2024-02-05,Pass,0,0011J00191000000,Active,40.4369268968,-79.9811497228,Bluff,6,1
624000,0033K00001000000,"313 REIFERT ST, Pittsburgh, 15210",15210,Condemned/Dead End Property,2023-02-06,Fail,1,0033K00001000000,Active,40.4089726471,-79.9944721618,Knoxville,3,30
624001,0033K00001000000,"313 REIFERT ST, Pittsburgh, 15210",15210,Condemned/Dead End Property,2023-02-06,,,0033K00001000000,Active,40.4089726471,-79.9944721618,Knoxville,3,30
624002,0013M00150000000,"2815 ARLINGTON AVE, Pittsburgh, 15210",15210,Condemned/Dead End Property,2023-02-09,Pass,0,0013M00150000000,Active,40.4176850019,-79.968784983,South Side Slopes,3,16
624003,0035N00165000000,"2008 BROADWAY AVE, Pittsburgh, 15216",15216,Condemned/Dead End Property,2020-08-25,Fail,2,0035N00165000000,Active,40.4063602772,-80.0290927949,Beechview,4,20
624004,0046R00064000000,"1909 BELLEAU ST, Pittsburgh, 15214",15214,Condemned/Dead End Property,2024-09-25,Pass,0,0046R00064000000,Active,40.4625481282,-80.0071182794,Fineview,6,25
624005,0045E00352000000,No primary address specified,15212,Condemned/Dead End Property,2023-02-03,,,0045E00352000000,Active,40.4694682014,-80.029737973,Marshall-Shadeland,6,27
624006,0014J00235000000,"505 CURTIN AVE, Pittsburgh, 15210",15210,Condemned/Dead End Property,2020-08-27,Fail,2,0014J00235000000,Active,40.4180913746,-79.9985478414,Beltzhoover,3,18
624007,0014J00235000000,"505 CURTIN AVE, Pittsburgh, 15210",15210,Condemned/Dead End Property,2023-07-07,,,0014J00235000000,Active,40.4180913746,-79.9985478414,Beltzhoover,3,18
624008,0050M00207000000,"5438 HILLCREST ST, Pittsburgh, 15206",15206,Condemned/Dead End Property,2022-05-12,Fail,2,0050M00207000000,Active,40.4672928689,-79.9330524187,Garfield,9,11
624009,0024E00269000000,"870 VISTA ST, Pittsburgh, 15212",15212,Condemned/Dead End Property,2025-07-08,Fail,2,0024E00269000000,Active,40.4589361322,-79.9962234709,East Allegheny,1,23
624010,0173G00025000000,No primary address specified,15206,Condemned/Dead End Property,2020-11-12,Pass,0,0173G00025000000,Active,40.4692308242,-79.8905070488,Lincoln-Lemington-Belmar,9,12
624011,0076R00006000000,"929 SMITHTON AVE, Pittsburgh, 15212",15212,Condemned/Dead End Property,2020-12-22,Fail,2,0076R00006000000,Active,40.4745698834,-80.0241458456,Marshall-Shadeland,6,27
624012,0022K00271000000,"1607 MANHATTAN ST, Pittsburgh, 15233",15233,Condemned/Dead End Property,2021-03-17,Fail,3,0022K00271000000,Active,40.456123724,-80.0272172606,Manchester,6,21
624013,0022K00271000000,"1607 MANHATTAN ST, Pittsburgh, 15233",15233,Condemned/Dead End Property,2022-09-16,,,0022K00271000000,Active,40.456123724,-80.0272172606,Manchester,6,21
624014,0231R00084000000,"2224 PARK HILL DR, Pittsburgh, 15221",15221,Condemned/Dead End Property,2020-09-08,Fail,1,0231R00084000000,Active,40.4543097955,-79.8738503264,East Hills,9,13
624015,0011J00023000000,"108 GIST ST #102, Pittsburgh, PA 15219",15219,Condemned/Dead End Property,2023-03-17,Fail,1,0011J00023000000,Active,40.4379874071,-79.9796327902,Bluff,6,1
624016,0173C00185000000,"1704 GOPHER ST, Pittsburgh, 15206",15206,Condemned/Dead End Property,2020-12-29,Fail,3,0173C00185000000,Active,40.4701146781,-79.8884702411,Lincoln-Lemington-Belmar,9,12
624017,0173C00185000000,"1704 GOPHER ST, Pittsburgh, 15206",15206,Condemned/Dead End Property,2023-07-19,,,0173C00185000000,Active,40.4701146781,-79.8884702411,Lincoln-Lemington-Belmar,9,12
624018,0057B00080000000,"5403 2ND AVE, Pittsburgh, 15207",15207,Condemned/Dead End Property,2024-01-29,Pass,0,0057B00080000000,Active,40.4028337764,-79.9416218151,Hazelwood,5,15
624019,0057B00080000000,"5403 2ND AVE, Pittsburgh, 15207",15207,Condemned/Dead End Property,2024-01-29,Fail,2,0057B00080000000,Active,40.4028337764,-79.9416218151,Hazelwood,5,15
624020,0077N00102000000,"241 KENNEDY AVE, Pittsburgh, 15214",15214,Condemned/Dead End Property,2020-09-02,Fail,2,0077N00102000000,Active,40.473964879,-80.0120743513,Perry South,6,26
624021,0077N00102000000,"241 KENNEDY AVE, Pittsburgh, 15214",15214,Condemned/Dead End Property,2025-03-25,Pass,0,0077N00102000000,Active,40.473964879,-80.0120743513,Perry South,6,26
624022,0009S00414000200,"539 1/2 ROBERTS ST, Pittsburgh, 15219",15219,Condemned/Dead End Property,2026-07-29,,,0009S00414000200,Active,40.4430973206,-79.9841242204,Crawford-Roberts,6,3
624023,0125M00322000000,"6949 HAMILTON AVE, Pittsburgh, 15208",15208,Condemned/Dead End Property,2020-10-20,Fail,3,0125M00322000000,Active,40.4561106737,-79.9027326731,Homewood West,9,12
624024,0125M00322000000,"6949 HAMILTON AVE, Pittsburgh, 15208",15208,Condemned/Dead End Property,2024-03-01,Pass,0,0125M00322000000,Active,40.4561106737,-79.9027326731,Homewood West,9,12
624025,0077P00213000000,"2818 PERRYSVILLE AVE, Pittsburgh, 15214",15214,Condemned/Dead End Property,2026-08-10,Fail,2,0077P00213000000,Active,40.4740713336,-80.0100555761,Perry South,6,26
624026,0045N00326000000,"2428 CALIFORNIA AVE, Pittsburgh, 15212",15212,Condemned/Dead End Property,2022-09-16,Pass,0,0045N00326000000,Active,40.464631718,-80.0322819121,Marshall-Shadeland,6,27
624027,0020G00010000000,No primary address specified,15220,Condemned/Dead End Property,2026-04-09,,,0020G00010000000,Active,40.4502716277,-80.0400799006,Elliott,2,20
624028,0033K00075000000,No primary address specified,15210,Condemned/Dead End Property,2024-07-19,Pass,0,0033K00075000000,Active,40.4077968061,-79.9927443185,Knoxville,3,30
624029,0014J00213000000,"510 CEDARHURST ST, Pittsburgh, PA 15210",15210,Condemned/Dead End Property,2021-08-31,Fail,2,0014J00213000000,Active,40.4180969578,-79.9982930644,Beltzhoover,3,18
624030,0014J00213000000,"510 CEDARHURST ST, Pittsburgh, PA 15210",15210,Condemned/Dead End Property,2022-11-14,Fail,1,0014J00213000000,Active,40.4180969578,-79.9982930644,Beltzhoover,3,18
624031,0077P00257000000,No primary address specified,15214,Condemned/Dead End Property,2024-01-05,Pass,0,0077P00257000000,Active,40.472594281,-80.0106447089,Perry South,6,26
624032,0042C00095000000,"306 OREGON ST, Pittsburgh, PA 15204",15204,Condemned/Dead End Property,2024-05-10,Fail,1,0042C00095000000,Active,40.4617680982,-80.0539213912,Esplen,2,20
624033,0042C00095000000,"306 OREGON ST, Pittsburgh, PA 15204",15204,Condemned/Dead End Property,2024-05-10,Fail,2,0042C00095000000,Active,40.4617680982,-80.0539213912,Esplen,2,20
624034,0042C00095000000,"306 OREGON ST, Pittsburgh, PA 15204",15204,Condemned/Dead End Property,2024-05-10,Fail,2,0042C00095000000,Active,40.4617680982,-80.0539213912,Esplen,2,20
624035,0042C00095000000,"306 OREGON ST, Pittsburgh, PA 15204",15204,Condemned/Dead End Property,2024-05-10,Fail,2,0042C00095000000,Active,40.4617680982,-80.0539213912,Esplen,2,20
624036,0042C00095000000,"306 OREGON ST, Pittsburgh, PA 15204",15204,Condemned/Dead End Property,2024-09-20,Fail,1,0042C00095000000,Active,40.4617680982,-80.0539213912,Esplen,2,20
624037,0019R00104000000,"225 KEARNS AVE, Pittsburgh, PA 15220",15220,Condemned/Dead End Property,2020-09-02,Fail,2,0019R00104000000,Active,40.4340194047,-80.03806515,Westwood,2,20
624038,0013K00135000000,"2025 SPRING ST, Pittsburgh, 15210",15210,Condemned/Dead End Property,2024-01-10,Fail,1,0013K00135000000,Active,40.4173296516,-79.9775987407,Arlington,3,16
624039,0010H00103000000,"2535 MAHON ST, Pittsburgh, 15219",15219,Condemned/Dead End Property,2020-08-14,Fail,2,0010H00103000000,Active,40.4481749678,-79.9702652797,Middle Hill,6,5
624040,0010H00103000000,"2535 MAHON ST, Pittsburgh, 15219",15219,Condemned/Dead End Property,2021-02-18,Fail,1,0010H00103000000,Active,40.4481749678,-79.9702652797,Middle Hill,6,5
624041,0124H00234000000,"1208 PAULSON AVE, Pittsburgh, 15206",15206,Condemned/Dead End Property,2020-09-08,Fail,2,0124H00234000000,Active,40.467994962,-79.9030590692,Lincoln-Lemington-Belmar,9,12
624042,0010G00275000000,"705 WATT LN, Pittsburgh, 15219",15219,Condemned/Dead End Property,2020-08-07,Fail,3,0010G00275000000,Active,40.4501940245,-79.9721179338,Bedford Dwellings,6,5
624043,0010G00275000000,"705 WATT LN, Pittsburgh, 15219",15219,Condemned/Dead End Property,2021-02-17,Fail,1,0010G00275000000,Active,40.4501940245,-79.9721179338,Bedford Dwellings,6,5
624044,0046J00009000000,"402 CHESTER AVE, Pittsburgh, PA 15214",15214,Condemned/Dead End Property,2023-01-17,Fail,1,0046J00009000000,Active,40.4673318231,-80.0148651827,Perry South,6,26
624045,0125H00338000000,"7013 BENNETT ST, Pittsburgh, 15208",15208,Condemned/Dead End Property,2025-04-04,Pass,0,0125H00338000000,Active,40.4576843613,-79.9007462104,Homewood South,9,13
624046,0056P00059000000,"5129 LYTLE ST, Pittsburgh, 15207",15207,Condemned/Dead End Property,2024-08-27,Fail,1,0056P00059000000,Active,40.4057459754,-79.9448567673,Hazelwood,5,15
624047,0056P00059000000,"5129 LYTLE ST, Pittsburgh, 15207",15207,Condemned/Dead End Property,2024-10-15,Fail,3,0056P00059000000,Active,40.4057459754,-79.9448567673,Hazelwood,5,15
624048,0124N00026000000,"139 AUBURN ST, Pittsburgh, 15206",15206,Condemned/Dead End Property,2024-11-07,Fail,2,0124N00026000000,Active,40.4631224028,-79.915586962,Larimer,9,12
624049,0042N00262000000,No primary address specified,15204,Condemned/Dead End Property,2020-09-21,Pass,0,0042N00262000000,Active,40.4527961837,-80.0647439619,Sheraden,2,20
624050,0047S00186000000,"1602 HATTERAS ST, Pittsburgh, 15212",15212,Condemned/Dead End Property,2024-10-30,Fail,1,0047S00186000000,Active,40.4634228454,-79.9843439553,Troy Hill,1,24
624051,0231F00050000000,"8442 PARK Way, Pittsburgh, 15235",15221,Condemned/Dead End Property,2020-09-08,Fail,3,0231F00050000000,Active,40.4595750196,-79.8770357541,East Hills,9,13
624052,0046N00233000000,"2132 WILSON AVE, Pittsburgh, 15214",15214,Condemned/Dead End Property,2022-06-08,Fail,1,0046N00233000000,Active,40.4647274803,-80.0123236695,Perry South,6,25
624053,0174E00263000000,"7104 IDLEWILD ST, Pittsburgh, 15208",15208,Condemned/Dead End Property,2026-09-18,,,0174E00263000000,Active,40.458412904,-79.8980094429,Homewood North,9,13
624054,0014G00043000000,"913 FREELAND ST, Pittsburgh, 15210",15210,Condemned/Dead End Property,2026-07-10,Fail,1,0014G00043000000,Active,40.419362263,-79.990178904,Allentown,3,18
624055,0082R00061000000,"936 MELLON ST, Pittsburgh, 15206",15206,Condemned/Dead End Property,2020-09-25,Fail,1,0082R00061000000,Active,40.4732657105,-79.9232893578,Highland Park,7,11
624056,0020F00262000000,"1318 CHARTIERS AVE, Pittsburgh, 15220",15220,Condemned/Dead End Property,2020-08-19,Fail,2,0020F00262000000,Active,40.4482627163,-80.0438788623,Elliott,2,20
624057,0020F00262000000,"1318 CHARTIERS AVE, Pittsburgh, 15220",15220,Condemned/Dead End Property,2022-10-12,Pass,0,0020F00262000000,Active,40.4482627163,-80.0438788623,Elliott,2,20
624058,0014B00180000000,"836 EUREKA ST, Pittsburgh, 15210",15210,Condemned/Dead End Property,2025-11-05,Pass,0,0014B00180000000,Active,40.4235179882,-79.9924240003,Allentown,3,18
624059,0175D00316000000,No primary address specified,15221,Condemned/Dead End Property,2026-04-17,,,0175D00316000000,Active,40.4503192293,-79.8830665267,East Hills,9,13
624060,0174S00070000000,No primary address specified,15221,Condemned/Dead End Property,2022-09-16,Pass,0,0174S00070000000,Active,40.4537440692,-79.8857816456,Homewood South,9,13
624061,0016S00209000000,"1305 LETTIE HILL ST, Pittsburgh, 15216",15216,Condemned/Dead End Property,2024-02-06,Fail,1,0016S00209000000,Active,40.4140764642,-80.016369163,Beechview,4,19
624062,0014N00035000000,No primary address specified,15210,Condemned/Dead End Property,2023-11-21,Pass,0,0014N00035000000,Active,40.4145186145,-79.9990340232,Beltzhoover,3,18
624063,0173J00207000000,No primary address specified,15206,Condemned/Dead End Property,2022-09-14,Pass,0,0173J00207000000,Active,40.4669792944,-79.8969408072,Lincoln-Lemington-Belmar,9,12
624064,0231R00042000000,"2300 PARK HILL DR, Pittsburgh, 15221",15221,Condemned/Dead End Property,2020-09-03,Fail,1,0231R00042000000,Active,40.4547638867,-79.8740631494,East Hills,9,13
624065,0231R00042000000,"2300 PARK HILL DR, Pittsburgh, 15221",15221,Condemned/Dead End Property,2026-06-10,Pass,0,0231R00042000000,Active,40.4547638867,-79.8740631494,East Hills,9,13
624066,0174K00328000B00,"7351 FLEURY Way, Pittsburgh, PA 15208",15208,Condemned/Dead End Property,2020-08-28,Fail,3,0174K00328000B00,Active,40.4552531544,-79.8931269197,Homewood South,9,13
624067,0056N00073000000,"5116 CHAPLAIN Way, Pittsburgh, PA 15207",15207,Condemned/Dead End Property,2025-02-21,Fail,2,0056N00073000000,Active,40.4061049332,-79.9458929412,Hazelwood,5,15
624068,0023A00117000000,"29 GERANIUM ST, Pittsburgh, 15214",15214,Condemned/Dead End Property,2025-06-24,Fail,1,0023A00117000000,Active,40.4613987242,-80.0153189329,Perry South,6,25
624069,0174M00040000000,"1006 BLACKADORE ST, Pittsburgh, 15221",15221,Condemned/Dead End Property,2026-04-22,,,0174M00040000000,Active,40.4565648013,-79.8828760381,Homewood North,9,13
624070,0173R00020000000,No primary address specified,15206,Condemned/Dead End Property,2023-08-22,,,0173R00020000000,Active,40.4633556906,-79.8906097744,Lincoln-Lemington-Belmar,9,12
624071,0014J00087000000,"407 ORCHARD PL, Pittsburgh, 15210",15210,Condemned/Dead End Property,2020-09-08,Pass,0,0014J00087000000,Active,40.4181463378,-79.9956293197,Knoxville,3,30
624072,0013R00269000000,"2437 SPRING ST, Pittsburgh, 15210",15210,Condemned/Dead End Property,2020-09-09,Fail,2,0013R00269000000,Active,40.4161432145,-79.9717366145,Arlington,3,16
624073,0013R00269000000,"2437 SPRING ST, Pittsburgh, 15210",15210,Condemned/Dead End Property,2026-02-20,Pass,0,0013R00269000000,Active,40.4161432145,-79.9717366145,Arlington,3,16
624074,0024G00188000000,"1123 GOETTMAN ST, Pittsburgh, 15212",15212,Condemned/Dead End Property,2026-08-27,Pass,0,0024G00188000000,Active,40.4580322332,-79.9909861077,Troy Hill,1,24
624075,0015N00034000000,"97 DAWN AVE, Pittsburgh, PA 15226",15216,Condemned/Dead End Property,2025-10-16,Fail,1,0015N00034000000,Active,40.4142387986,-80.0145915947,Beechview,4,19
624076,0046P00166000000,No primary address specified,15214,Condemned/Dead End Property,2021-01-29,Pass,0,0046P00166000000,Active,40.4648288306,-80.0108007936,Perry South,6,25
624077,0116N00079000000,"3436 PERRYSVILLE AVE, Pittsburgh, 15214",15214,Condemned/Dead End Property,2020-08-03,Fail,2,0116N00079000000,Active,40.4829989475,-80.0126596323,Perry North,1,26
624078,0174P00174000000,"7347 HAMILTON AVE, Pittsburgh, PA 15208",15208,Condemned/Dead End Property,2020-09-01,Fail,2,0174P00174000000,Active,40.4539726934,-79.8937568982,Homewood South,9,13
624079,0174P00174000000,"7347 HAMILTON AVE, Pittsburgh, PA 15208",15208,Condemned/Dead End Property,2024-04-09,,,0174P00174000000,Active,40.4539726934,-79.8937568982,Homewood South,9,13
624080,0054S00170000000,"816 LILAC ST, Pittsburgh, 15217",15217,Condemned/Dead End Property,2021-09-15,Fail,1,0054S00170000000,Active,40.4248356426,-79.9348343219,Greenfield,5,15
624081,0095D00180000000,"127 E WOODFORD AVE, Pittsburgh, PA 15210",15210,Condemned/Dead End Property,2024-06-24,Pass,0,0095D00180000000,Active,40.3933676088,-79.9840459306,Carrick,4,29
624082,0057C00222000000,"76 ALMEDA ST, Pittsburgh, 15207",15207,Condemned/Dead End Property,2023-09-28,Fail,2,0057C00222000000,Active,40.4033897946,-79.9387030799,Hazelwood,5,15
624083,0044D00153000000,No primary address specified,15212,Condemned/Dead End Property,2022-11-28,Pass,0,0044D00153000000,Active,40.4710937875,-80.0328485275,Marshall-Shadeland,6,27
624084,0174S00358000A00,No primary address specified,15221,Condemned/Dead End Property,2023-07-11,,,0174S00358000A00,Active,40.453233544,-79.8836849221,East Hills,9,13
624085,0011E00093000000,"1817 5TH AVE, Pittsburgh, 15219",15219,Condemned/Dead End Property,2020-05-20,Fail,2,0011E00093000000,Active,40.4386157546,-79.980080108,Crawford-Roberts,6,3
624086,0174B00341000000,"7215 HERMITAGE ST, Pittsburgh, 15208",15208,Condemned/Dead End Property,2020-09-01,Fail,3,0174B00341000000,Active,40.4602183782,-79.8944109665,Homewood North,9,13
624087,0174B00341000000,"7215 HERMITAGE ST, Pittsburgh, 15208",15208,Condemned/Dead End Property,2024-08-14,Fail,1,0174B00341000000,Active,40.4602183782,-79.8944109665,Homewood North,9,13
624088,0013A00233000000,"1932 BALDAUF ST, Pittsburgh, 15203",15203,Condemned/Dead End Property,2021-03-10,Fail,1,0013A00233000000,Active,40.4227371091,-79.9796047709,South Side Slopes,3,17
624089,0013A00233000000,"1932 BALDAUF ST, Pittsburgh, 15203",15203,Condemned/Dead End Property,2023-05-08,Fail,3,0013A00233000000,Active,40.4227371091,-79.9796047709,South Side Slopes,3,17
624090,0083G00028000000,"621 N EUCLID AVE, Pittsburgh, PA 15206",15206,Condemned/Dead End Property,2022-09-16,Pass,0,0083G00028000000,Active,40.4686979004,-79.9243856433,East Liberty,9,11
624091,0029D00148000000,"3376 SWINBURNE ST, Pittsburgh, 15213",15213,Condemned/Dead End Property,2026-07-13,Fail,1,0029D00148000000,Active,40.4311123098,-79.9519759055,South Oakland,3,4
624092,0023D00109000000,"8 EDENVALE ST, Pittsburgh, 15212",15212,Condemned/Dead End Property,2026-04-17,Fail,2,0023D00109000000,Active,40.4613259427,-80.0029330825,Fineview,1,25
624093,0042M00229000000,"2956 MERWYN AVE, Pittsburgh, 15204",15204,Condemned/Dead End Property,2021-04-29,Fail,1,0042M00229000000,Active,40.4570415471,-80.0515818646,Sheraden,2,20
624094,0172N00113000000,"6941 WILTSIE ST, Pittsburgh, 15206",15206,Condemned/Dead End Property,2020-09-10,Fail,2,0172N00113000000,Active,40.472982819,-79.8966692524,Lincoln-Lemington-Belmar,9,12
624095,0077P00326000000,No primary address specified,15214,Condemned/Dead End Property,2026-05-22,Pass,0,0077P00326000000,Active,40.4724742693,-80.0113924718,Perry South,6,26
624096,0042N00313000000,"1321 JEFFERS ST, Pittsburgh, PA 15204",15204,Condemned/Dead End Property,2024-01-16,Fail,2,0042N00313000000,Active,40.4532079876,-80.0650645352,Sheraden,2,20
624097,0173N00280000000,"1509 N MURTLAND ST, Pittsburgh, 15208",15208,Condemned/Dead End Property,2020-07-13,Fail,1,0173N00280000000,Active,40.4635341252,-79.8994018064,Homewood West,9,12
624098,0173N00280000000,"1509 N MURTLAND ST, Pittsburgh, 15208",15208,Condemned/Dead End Property,2026-08-12,,,0173N00280000000,Active,40.4635341252,-79.8994018064,Homewood West,9,12
624099,0173E00092000000,"1363 MONTEZUMA ST, Pittsburgh, 15206",15206,Condemned/Dead End Property,2024-02-06,Fail,2,0173E00092000000,Active,40.4689479751,-79.8979780676,Lincoln-Lemington-Belmar,9,12
624100,0173E00092000000,"1363 MONTEZUMA ST, Pittsburgh, 15206",15206,Condemned/Dead End Property,2025-08-05,Pass,0,0173E00092000000,Active,40.4689479751,-79.8979780676,Lincoln-Lemington-Belmar,9,12
624101,0046B00243000000,No primary address specified,15214,Condemned/Dead End Property,2022-06-06,Pass,0,0046B00243000000,Active,40.4715249996,-80.0111802915,Perry South,6,26
624102,0046J00043000000,"409 CHESTER AVE, Pittsburgh, 15214",15214,Condemned/Dead End Property,2023-01-17,Fail,1,0046J00043000000,Active,40.4667462948,-80.0150029988,Perry South,6,26
624103,0010J00151000000,"632 WOOSTER ST, Pittsburgh, PA 15219",15219,Condemned/Dead End Property,2025-11-14,Fail,2,0010J00151000000,Active,40.4462522139,-79.9786577914,Middle Hill,6,5
624104,0175B00050000000,"538 N BRADDOCK AVE, Pittsburgh, PA 15208",15221,Condemned/Dead End Property,2020-08-06,Fail,2,0175B00050000000,Active,40.452236245,-79.8912477447,Homewood South,9,13
624105,0175B00146000000,No primary address specified,15208,Condemned/Dead End Property,2020-11-17,Pass,0,0175B00146000000,Active,40.4516723127,-79.8925300471,Homewood South,9,13
624106,0021J00083000000,"2904 SACRAMENTO AVE, Pittsburgh, 15204",15204,Condemned/Dead End Property,2024-12-19,Fail,2,0021J00083000000,Active,40.4566682332,-80.0490339065,Sheraden,2,20
624107,0021J00083000000,"2904 SACRAMENTO AVE, Pittsburgh, 15204",15204,Condemned/Dead End Property,2025-02-14,Pass,0,0021J00083000000,Active,40.4566682332,-80.0490339065,Sheraden,2,20
624108,0173B00124000000,No primary address specified,15206,Condemned/Dead End Property,2023-06-09,,,0173B00124000000,Active,40.470478325,-79.8921227708,Lincoln-Lemington-Belmar,9,12
624109,0057C00107000000,No primary address specified,15207,Condemned/Dead End Property,2024-08-26,Pass,0,0057C00107000000,Active,40.4024614747,-79.9411165576,Hazelwood,5,15
624110,0083E00072000000,"5514 BLACK ST, Pittsburgh, PA 15206",15206,Condemned/Dead End Property,2024-04-10,Pass,0,0083E00072000000,Active,40.4691911632,-79.9295160196,Garfield,9,11
624111,0173A00038000000,"7028 WILTSIE ST, Pittsburgh, 15206",15206,Condemned/Dead End Property,2025-12-18,Fail,2,0173A00038000000,Active,40.4716805219,-79.8963296447,Lincoln-Lemington-Belmar,9,12
624112,0174M00181000000,No primary address specified,15221,Condemned/Dead End Property,2020-10-16,Pass,0,0174M00181000000,Active,40.4575142137,-79.8848190504,Homewood North,9,13
624113,0013S00198000000,No primary address specified,15210,Condemned/Dead End Property,2023-07-31,Pass,0,0013S00198000000,Active,40.4148885102,-79.9684474427,Arlington,3,16
624114,0173L00019000000,No primary address specified,15206,Condemned/Dead End Property,2024-07-12,Pass,0,0173L00019000000,Active,40.467133216,-79.8895414274,Lincoln-Lemington-Belmar,9,12
624115,0173N00246000000,No primary address specified,15208,Condemned/Dead End Property,2024-03-01,Pass,0,0173N00246000000,Active,40.463343824,-79.8973229235,Homewood North,9,13
624116,0022B00209000000,No primary address specified,15212,Condemned/Dead End Property,2025-06-04,Pass,0,0022B00209000000,Active,40.4607823874,-80.0262962956,California-Kirkbride,6,21
624117,0055K00278000000,"4537 PARNELL ST, Pittsburgh, 15207",15207,Condemned/Dead End Property,2020-09-08,Fail,1,0055K00278000000,Active,40.4163815869,-79.9416936797,Hazelwood,5,15
624118,0174N00313000000,"7240 SUSQUEHANNA ST, Pittsburgh, 15208",15208,Condemned/Dead End Property,2025-03-10,Fail,2,0174N00313000000,Active,40.4529026372,-79.8966693255,Homewood South,9,13
624119,0024E00268000000,"874 VISTA ST, Pittsburgh, PA 15212",15212,Condemned/Dead End Property,2022-08-05,Pass,0,0024E00268000000,Active,40.4589430943,-79.9961164993,East Allegheny,1,23
624120,0010F00112000000,"2342 BEDFORD AVE, Pittsburgh, PA 15219",15219,Condemned/Dead End Property,2023-02-21,Fail,3,0010F00112000000,Active,40.4493871846,-79.9749808238,Middle Hill,6,5
624121,0056L00280000000,"5033 STEELE CT, Pittsburgh, 15207",15207,Condemned/Dead End Property,2021-04-21,Fail,4,0056L00280000000,Active,40.4085226566,-79.939344025,Hazelwood,5,15
624122,0056L00280000000,"5033 STEELE CT, Pittsburgh, 15207",15207,Condemned/Dead End Property,2021-10-11,Fail,1,0056L00280000000,Active,40.4085226566,-79.939344025,Hazelwood,5,15
624123,0026E00189000000,"1210 HERRON AVE, Pittsburgh, PA 15219",15219,Condemned/Dead End Property,2021-04-22,Fail,1,0026E00189000000,Active,40.4588040366,-79.9654306689,Polish Hill,7,6
624124,0026E00189000000,"1210 HERRON AVE, Pittsburgh, PA 15219",15219,Condemned/Dead End Property,2023-08-25,,,0026E00189000000,Active,40.4588040366,-79.9654306689,Polish Hill,7,6
624125,0014A00105000000,"103 CRAIGHEAD ST, Pittsburgh, 15211",15211,Condemned/Dead End Property,2020-08-27,Fail,2,0014A00105000000,Active,40.4220971345,-79.9982652161,Mount Washington,3,18
624126,0014A00105000000,"103 CRAIGHEAD ST, Pittsburgh, 15211",15211,Condemned/Dead End Property,2020-11-04,Pass,0,0014A00105000000,Active,40.4220971345,-79.9982652161,Mount Washington,3,18
624127,0014G00137000000,"1415 ARLINGTON AVE, Pittsburgh, PA 15210",15210,Condemned/Dead End Property,2023-11-20,Fail,2,0014G00137000000,Active,40.4197667126,-79.9898430172,Allentown,3,18
624128,0014G00137000000,"1415 ARLINGTON AVE, Pittsburgh, PA 15210",15210,Condemned/Dead End Property,2024-03-27,,,0014G00137000000,Active,40.4197667126,-79.9898430172,Allentown,3,18
624129,0015P00012000000,"32 SYLVANIA AVE, Pittsburgh, 15210",15210,Condemned/Dead End Property,2020-09-10,Fail,2,0015P00012000000,Active,40.4160105957,-80.0084196218,Beltzhoover,3,18
624130,0124M00357000000,"6657 HEDGE ST, Pittsburgh, PA 15206",15206,Condemned/Dead End Property,2026-04-22,,,0124M00357000000,Active,40.4664541004,-79.9005453638,Lincoln-Lemington-Belmar,9,12
624131,0013L00126000000,"2419 ECCLES ST, Pittsburgh, PA 15210",15210,Condemned/Dead End Property,2024-04-17,Fail,1,0013L00126000000,Active,40.418237012,-79.9717854528,South Side Slopes,3,16
624132,0024J00319000000,"833 EAGLE Way, Pittsburgh, PA 15212",15212,Condemned/Dead End Property,2025-01-31,Fail,2,0024J00319000000,Active,40.4566283808,-79.996381496,East Allegheny,1,23
624133,0124M00018000000,"6628 DEARY ST, Pittsburgh, 15206",15206,Condemned/Dead End Property,2024-01-08,Fail,1,0124M00018000000,Active,40.4652817474,-79.9031780945,Lincoln-Lemington-Belmar,9,12
624134,0030N00125000000,"329 BASSLER ST, Pittsburgh, PA 15210",15210,Condemned/Dead End Property,2020-12-24,Fail,2,0030N00125000000,Active,40.4141778443,-79.9644252155,Arlington,3,16
624135,0231K00195000000,No primary address specified,15221,Condemned/Dead End Property,2026-07-23,,,0231K00195000000,Active,40.4559705117,-79.8770303458,East Hills,9,13
624136,0026P00022000000,"747 BRYN MAWR RD, Pittsburgh, 15219",15219,Condemned/Dead End Property,2020-08-06,Fail,2,0026P00022000000,Active,40.4530040166,-79.9611450032,Upper Hill,6,5
624137,0004F00056000000,"318 NATCHEZ ST, Pittsburgh, PA 15211",15211,Condemned/Dead End Property,2020-09-08,Fail,2,0004F00056000000,Active,40.4290599974,-80.0114547737,Mount Washington,2,19
624138,0184N00242000000,"1137 MARGRAY ST, Pittsburgh, 15207",15207,Condemned/Dead End Property,2021-10-11,Pass,0,0184N00242000000,Active,40.3673885059,-79.9159744506,Lincoln Place,5,31
624139,0184N00242000000,"1137 MARGRAY ST, Pittsburgh, 15207",15207,Condemned/Dead End Property,2024-10-15,Fail,1,0184N00242000000,Active,40.3673885059,-79.9159744506,Lincoln Place,5,31
624140,0010K00258000000,"2224 WEBSTER AVE, Pittsburgh, 15219",15219,Condemned/Dead End Property,2020-08-13,Fail,1,0010K00258000000,Active,40.4476314719,-79.9767762404,Middle Hill,6,5
624141,0010K00258000000,"2224 WEBSTER AVE, Pittsburgh, 15219",15219,Condemned/Dead End Property,2021-06-16,Pass,0,0010K00258000000,Active,40.4476314719,-79.9767762404,Middle Hill,6,5
624142,0026P00085000000,"804 CLARISSA ST, Pittsburgh, 15219",15219,Condemned/Dead End Property,2020-08-04,Fail,1,0026P00085000000,Active,40.4528875567,-79.9596984521,Upper Hill,6,5
624143,0023G00083000000,No primary address specified,15212,Condemned/Dead End Property,2020-09-21,Pass,0,0023G00083000000,Active,40.4583719402,-80.0063694533,Central Northside,1,25
624144,0024B00265000000,"1134 HIGH ST, Pittsburgh, 15212",15212,Condemned/Dead End Property,2026-07-16,Fail,2,0024B00265000000,Active,40.4605865686,-79.9922827239,Spring Garden,1,24
624145,0057C00109000000,No primary address specified,15207,Condemned/Dead End Property,2024-06-18,Pass,0,0057C00109000000,Active,40.402378941,-79.941031212,Hazelwood,5,15
624146,0003R00072000000,"1024 MANOR ST, Pittsburgh, 15203",15203,Condemned/Dead End Property,2023-05-15,Fail,4,0003R00072000000,Active,40.4257631819,-79.987905974,South Side Slopes,3,17
624147,0046J00318000000,"216 CUTLER ST, Pittsburgh, 15214",15214,Condemned/Dead End Property,2026-05-21,Pass,0,0046J00318000000,Active,40.4661397928,-80.0123944292,Perry South,6,26
624148,0056N00165000000,No primary address specified,15207,Condemned/Dead End Property,2024-08-23,Pass,0,0056N00165000000,Active,40.4053284239,-79.9466951553,Hazelwood,5,15
624149,0042S00091000000,No primary address specified,15204,Condemned/Dead End Property,2024-03-01,Pass,0,0042S00091000000,Active,40.4529214468,-80.0516431884,Sheraden,2,20
624150,0033B00247000000,"320 ARABELLA ST, Pittsburgh, 15210",15210,Condemned/Dead End Property,2020-08-21,Fail,2,0033B00247000000,Active,40.412425595,-79.9938981616,Knoxville,3,30
624151,0033B00247000000,"320 ARABELLA ST, Pittsburgh, 15210",15210,Condemned/Dead End Property,2023-11-20,,,0033B00247000000,Active,40.412425595,-79.9938981616,Knoxville,3,30
624152,0042N00177000000,"1204 SUTHERLAND ST, Pittsburgh, 15204",15204,Condemned/Dead End Property,2020-09-10,Fail,1,0042N00177000000,Active,40.453844385,-80.0627897565,Sheraden,2,20
624153,0042N00177000000,"1204 SUTHERLAND ST, Pittsburgh, 15204",15204,Condemned/Dead End Property,2022-06-10,,,0042N00177000000,Active,40.453844385,-80.0627897565,Sheraden,2,20
624154,0004S00204000000,"425 EUREKA ST, Pittsburgh, 15211",15211,Condemned/Dead End Property,2023-07-05,,,0004S00204000000,Active,40.4239490357,-79.9997546164,Mount Washington,3,18
624155,0174F00063000000,No primary address specified,15208,Condemned/Dead End Property,2024-07-09,Pass,0,0174F00063000000,Active,40.4597585443,-79.894200032,Homewood North,9,13
624156,0010D00082000000,"2828 1/2 BEDFORD AVE, Pittsburgh, PA 15219",15219,Condemned/Dead End Property,2020-06-10,Fail,3,0010D00082000000,Active,40.4522269046,-79.9681399332,Middle Hill,6,5
624157,0033A00301000000,"412 ARABELLA ST, Pittsburgh, 15210",15210,Condemned/Dead End Property,2020-08-21,Fail,2,0033A00301000000,Active,40.4127060475,-79.9956523824,Knoxville,3,30
624158,0022B00294000000,"1208 KUNKLE AVE, Pittsburgh, 15212",15212,Condemned/Dead End Property,2026-01-12,Fail,1,0022B00294000000,Active,40.4603527661,-80.024554654,California-Kirkbride,6,21
624159,0097M00222000000,"1111 WOODBOURNE AVE, Pittsburgh, 15226",15226,Condemned/Dead End Property,2026-06-15,Pass,0,0097M00222000000,Active,40.3893809446,-80.0167858733,Brookline,4,19
624160,0050M00163000000,"214 N AIKEN AVE, Pittsburgh, 15206",15206,Condemned/Dead End Property,2022-01-31,Pass,0,0050M00163000000,Active,40.4659407984,-79.9353917737,Garfield,9,11
624161,0124H00135000000,No primary address specified,15206,Condemned/Dead End Property,2023-07-14,Pass,0,0124H00135000000,Active,40.4688763667,-79.9018577603,Lincoln-Lemington-Belmar,9,12
624162,0034N00077000000,"1844 PIONEER AVE, Pittsburgh, 15226",15226,Condemned/Dead End Property,2024-09-18,Pass,0,0034N00077000000,Active,40.404180121,-80.0155642318,Brookline,4,19
624163,0173N00286000A00,"1508 N MURTLAND ST, Pittsburgh, PA 15208",15208,Condemned/Dead End Property,2022-04-25,Fail,2,0173N00286000A00,Active,40.4633915138,-79.8989841751,Homewood North,9,13
624164,0027G00043000000,"4341 SCHENLEY FARMS TER, Pittsburgh, PA 15213",15213,Condemned/Dead End Property,2022-05-09,Pass,0,0027G00043000000,Active,40.4502052436,-79.9566436881,Upper Hill,6,5
624165,0071L00286000000,"1437 ORATOR ST, Pittsburgh, 15204",15204,Condemned/Dead End Property,2026-07-29,,,0071L00286000000,Active,40.4570083598,-80.0716641102,Chartiers City,2,20
624166,0174J00318000000,"7141 BENNETT ST, Pittsburgh, 15208",15208,Condemned/Dead End Property,2020-08-21,Fail,2,0174J00318000000,Active,40.4568757192,-79.8972383347,Homewood South,9,13
624167,0057C00334000000,No primary address specified,15207,Condemned/Dead End Property,2025-10-23,Fail,1,0057C00334000000,Active,40.4017396454,-79.9369956906,Hazelwood,5,15
624168,0013N00213000000,"429 PARKWOOD RD, Pittsburgh, 15210",15210,Condemned/Dead End Property,2023-10-19,Fail,2,0013N00213000000,Active,40.414531981,-79.9805777173,Arlington,3,16
624169,0046A00184000000,"227 LURAY ST, Pittsburgh, 15214",15214,Condemned/Dead End Property,2023-06-13,,,0046A00184000000,Active,40.471511581,-80.0141996383,Perry South,6,26
624170,0046A00184000000,"227 LURAY ST, Pittsburgh, 15214",15214,Condemned/Dead End Property,2024-02-21,Pass,0,0046A00184000000,Active,40.471511581,-80.0141996383,Perry South,6,26
624171,0013L00118000000,"2439 ARLINGTON AVE, Pittsburgh, 15210",15210,Condemned/Dead End Property,2024-07-22,Fail,1,0013L00118000000,Active,40.4178500567,-79.9713675182,South Side Slopes,3,16
624172,0176A00146000A00,"2 FLOTILLA Way, Pittsburgh, PA 15221",15221,Condemned/Dead End Property,2024-05-01,Pass,0,0176A00146000A00,Active,40.4424954443,-79.8964825416,Point Breeze,9,14
624173,0045B00028000000,"2933 STAYTON ST, Pittsburgh, 15212",15212,Condemned/Dead End Property,2026-08-25,Pass,0,0045B00028000000,Active,40.4719241815,-80.0284075157,Marshall-Shadeland,6,27
624174,0022K00346000000,"1301 N FRANKLIN ST, Pittsburgh, 15233",15233,Condemned/Dead End Property,2020-07-07,Fail,1,0022K00346000000,Active,40.455910668,-80.0253970833,Manchester,6,21
624175,0173A00205000000,"1363 PAULSON AVE, Pittsburgh, PA 15206",15206,Condemned/Dead End Property,2020-09-08,Fail,1,0173A00205000000,Active,40.4699590812,-79.8986545626,Lincoln-Lemington-Belmar,9,12
624176,0076K00070000000,"1025 GRAND AVE, Pittsburgh, PA 15212",15212,Condemned/Dead End Property,2026-03-31,Fail,2,0076K00070000000,Active,40.4746401199,-80.0264113857,Marshall-Shadeland,6,27
624177,0027B00122000000,"3208 CAMP ST, Pittsburgh, 15219",15219,Condemned/Dead End Property,2024-05-14,Fail,2,0027B00122000000,Active,40.4516831388,-79.9588507388,Upper Hill,6,5
624178,0010M00020000000,No primary address specified,15219,Condemned/Dead End Property,2021-08-04,Pass,0,0010M00020000000,Active,40.4466427641,-79.9702694171,Middle Hill,6,5
624179,0010H00102000000,"2537 MAHON ST, Pittsburgh, 15219",15219,Condemned/Dead End Property,2020-08-14,Fail,2,0010H00102000000,Active,40.4481988804,-79.9702022104,Middle Hill,6,5
624180,0055M00118000000,No primary address specified,15207,Condemned/Dead End Property,2026-06-10,Pass,0,0055M00118000000,Active,40.4170014019,-79.936607988,Hazelwood,5,15
624181,0173J00362000000,"1332 GROTTO ST, Pittsburgh, 15206",15206,Condemned/Dead End Property,2021-01-15,Fail,1,0173J00362000000,Active,40.4671609573,-79.896029098,Lincoln-Lemington-Belmar,9,12
624182,0045S00104000000,"628 CHAUTAUQUA ST, Pittsburgh, 15214",15214,Condemned/Dead End Property,2025-03-28,Fail,2,0045S00104000000,Active,40.464324838,-80.0177101572,Perry South,6,25
624183,0045S00104000000,"628 CHAUTAUQUA ST, Pittsburgh, 15214",15214,Condemned/Dead End Property,2025-06-02,Pass,0,0045S00104000000,Active,40.464324838,-80.0177101572,Perry South,6,25
624184,0024J00258000000,"829 SPRING GARDEN AVE, Pittsburgh, 15212",15212,Condemned/Dead End Property,2023-08-14,Pass,0,0024J00258000000,Active,40.4573804502,-79.9966368094,East Allegheny,1,23
624185,0174F00297000000,"7239 IDLEWILD ST, Pittsburgh, 15208",15208,Condemned/Dead End Property,2026-05-27,,,0174F00297000000,Active,40.4579431291,-79.8940781982,Homewood North,9,13
624186,0023B00201000000,"1683 PERRYSVILLE AVE #3, Pittsburgh, PA 15212",15212,Condemned/Dead End Property,2020-09-08,Fail,2,0023B00201000000,Active,40.4606620935,-80.0091951824,Central Northside,1,25
624187,0095P00075000000,"2405 SAW MILL RUN BLVD, Pittsburgh, PA 15234",15227,Condemned/Dead End Property,2026-02-11,Fail,1,0095P00075000000,Active,40.3846719625,-79.9947108193,Overbrook,4,32
624188,0174K00101000000,"7225 FRANKSTOWN AVE, Pittsburgh, PA 15208",15208,Condemned/Dead End Property,2022-04-27,Fail,2,0174K00101000000,Active,40.4573739312,-79.895036842,Homewood North,9,13
624189,0046K00112000000,"131 LAFAYETTE AVE, Pittsburgh, 15214",15214,Condemned/Dead End Property,2026-06-01,Fail,2,0046K00112000000,Active,40.4652660567,-80.0104937756,Perry South,6,26
624190,0023D00115000000,"8 CARRIE ST, Pittsburgh, 15212",15212,Condemned/Dead End Property,2021-10-06,Fail,2,0023D00115000000,Active,40.4611453024,-80.0022582287,Fineview,1,25
624191,0023G00121000000,"1402 LORAINE ST, Pittsburgh, PA 15212",15212,Condemned/Dead End Property,2022-06-07,Pass,0,0023G00121000000,Active,40.4577604922,-80.0058848127,Central Northside,1,25
624192,0011J00024000000,"106 GIST ST #102, Pittsburgh, PA 15219",15219,Condemned/Dead End Property,2023-03-17,Fail,1,0011J00024000000,Active,40.4380370134,-79.9796277114,Bluff,6,1
624193,0023D00050000000,"2 EDENVALE ST, Pittsburgh, 15212",15212,Condemned/Dead End Property,2026-04-17,Fail,1,0023D00050000000,Active,40.4611430837,-80.0030665696,Fineview,1,25
624194,0033E00231000000,"420 DAYTONA ST, Pittsburgh, 15210",15210,Condemned/Dead End Property,2024-04-02,Fail,2,0033E00231000000,Active,40.4107643721,-79.9958075166,Knoxville,3,30
624195,0033E00301000000,"418 ALICE ST, Pittsburgh, 15210",15210,Condemned/Dead End Property,2025-05-15,Pass,0,0033E00301000000,Active,40.4099280708,-79.996034303,Knoxville,3,30
624196,0046G00041000000,"2417 OSGOOD ST, Pittsburgh, PA 15214",15214,Condemned/Dead End Property,2026-08-17,Fail,2,0046G00041000000,Active,40.4686133796,-80.0075890294,Perry South,6,26
624197,0034G00074000000,"406 TIMBERLAND AVE, Pittsburgh, 15226",15226,Condemned/Dead End Property,2025-06-02,Fail,2,0034G00074000000,Active,40.4099613062,-80.0065674219,Bon Air,4,18
624198,0021E00088000000,"1007 POWELL AVE, Pittsburgh, PA 15204",15204,Condemned/Dead End Property,2024-05-03,Fail,3,0021E00088000000,Active,40.4578809531,-80.0458620606,Esplen,2,20
624199,0021E00088000000,"1007 POWELL AVE, Pittsburgh, PA 15204",15204,Condemned/Dead End Property,2024-05-03,Fail,1,0021E00088000000,Active,40.4578809531,-80.0458620606,Esplen,2,20
624200,0021E00088000000,"1007 POWELL AVE, Pittsburgh, PA 15204",15204,Condemned/Dead End Property,2024-11-21,Fail,1,0021E00088000000,Active,40.4578809531,-80.0458620606,Esplen,2,20
624201,0175D00180000000,"7903 INGLENOOK PL, Pittsburgh, 15208",15221,Condemned/Dead End Property,2020-09-01,Fail,2,0175D00180000000,Active,40.4514539078,-79.8855706389,Homewood South,9,13
624202,0175D00180000000,"7903 INGLENOOK PL, Pittsburgh, 15208",15221,Condemned/Dead End Property,2026-03-23,Pass,0,0175D00180000000,Active,40.4514539078,-79.8855706389,Homewood South,9,13
624203,0057C00092000000,"41 ALMEDA ST, Pittsburgh, 15207",15207,Condemned/Dead End Property,2021-09-07,Fail,2,0057C00092000000,Active,40.4035134193,-79.9402355337,Hazelwood,5,15
624204,0057C00092000000,"41 ALMEDA ST, Pittsburgh, 15207",15207,Condemned/Dead End Property,2024-06-03,Pass,0,0057C00092000000,Active,40.4035134193,-79.9402355337,Hazelwood,5,15
624205,0125F00311000000,"6617 FRANKSTOWN AVE, Pittsburgh, PA 15206",15206,Condemned/Dead End Property,2021-09-17,Fail,2,0125F00311000000,Active,40.4595069262,-79.9101022679,Larimer,9,12
624206,0047R00099000000,"1430 HIGH ST, Pittsburgh, 15212",15212,Condemned/Dead End Property,2020-09-01,Pass,0,0047R00099000000,Active,40.4631324631,-79.9874121717,Spring Garden,1,24
624207,0048E00262000000,"2046 LEY ST, Pittsburgh, 15212",15212,Condemned/Dead End Property,2020-07-21,Fail,2,0048E00262000000,Active,40.469177829,-79.9795647817,Troy Hill,1,24
624208,0124M00317000000,"6646 HEDGE ST, Pittsburgh, 15206",15206,Condemned/Dead End Property,2020-09-01,Fail,2,0124M00317000000,Active,40.4663162899,-79.9013154873,Lincoln-Lemington-Belmar,9,12
624209,0124M00317000000,"6646 HEDGE ST, Pittsburgh, 15206",15206,Condemned/Dead End Property,2026-03-12,Pass,0,0124M00317000000,Active,40.4663162899,-79.9013154873,Lincoln-Lemington-Belmar,9,12
624210,0014J00147000000,"512 BELTZHOOVER AVE, Pittsburgh, 15210",15210,Condemned/Dead End Property,2022-02-25,Fail,2,0014J00147000000,Active,40.4179147332,-79.9975447832,Beltzhoover,3,18
624211,0173F00306000000,"7305 SOMERSET ST, Pittsburgh, PA 15235",15206,Condemned/Dead End Property,2024-05-30,Fail,2,0173F00306000000,Active,40.4679629833,-79.8912590346,Lincoln-Lemington-Belmar,9,12
624212,0125L00204000000,"6919 HAMILTON AVE, Pittsburgh, 15208",15208,Condemned/Dead End Property,2020-09-01,Fail,2,0125L00204000000,Active,40.4563447806,-79.9037634347,Homewood West,9,12
624213,0060P00333000000,"212 NEWETT ST, Pittsburgh, 15210",15210,Condemned/Dead End Property,2020-09-08,Fail,2,0060P00333000000,Active,40.3966545681,-79.9913263908,Carrick,4,29
624214,0076N00371000000,No primary address specified,15212,Condemned/Dead End Property,2022-10-21,Pass,0,0076N00371000000,Active,40.4728746061,-80.0288090631,Marshall-Shadeland,6,27
624215,0026R00164000000,"3510 IOWA ST, Pittsburgh, 15219",15213,Condemned/Dead End Property,2020-07-08,Fail,1,0026R00164000000,Active,40.4532423648,-79.9558073665,Upper Hill,6,5
624216,0050C00047000A00,No primary address specified,15224,Condemned/Dead End Property,2020-08-14,Pass,0,0050C00047000A00,Active,40.4719830012,-79.9400961246,Garfield,9,10
624217,0056N00226000000,"5139 LANGHORN ST, Pittsburgh, 15207",15207,Condemned/Dead End Property,2020-06-24,Fail,1,0056N00226000000,Active,40.4052657857,-79.9472086637,Hazelwood,5,15
624218,0014J00179000000,No primary address specified,15210,Condemned/Dead End Property,2026-03-16,Pass,0,0014J00179000000,Active,40.4169148507,-79.9978048252,Beltzhoover,3,18
624219,0014G00228000000,"954 INDUSTRY ST, Pittsburgh, 15210",15210,Condemned/Dead End Property,2020-09-01,Fail,2,0014G00228000000,Active,40.4206766254,-79.9895987754,Allentown,3,18
624220,0010G00145000000,"2519 UPTON ST, Pittsburgh, PA 15219",15219,Condemned/Dead End Property,2024-02-21,Fail,3,0010G00145000000,Active,40.4493873582,-79.9715527196,Middle Hill,6,5
624221,0044D00062000000,"1602 ECKERT ST, Pittsburgh, 15212",15212,Condemned/Dead End Property,2023-01-03,Pass,0,0044D00062000000,Active,40.4719726335,-80.0355502173,Marshall-Shadeland,6,27
624222,0056R00010000000,"242 JOHNSTON AVE, Pittsburgh, 15207",15207,Condemned/Dead End Property,2026-04-08,Fail,2,0056R00010000000,Active,40.4064583479,-79.9403324318,Hazelwood,5,15
624223,0046K00161000000,"2125 FEDERAL STREET EXT, Pittsburgh, PA 15214",15214,Condemned/Dead End Property,2020-08-28,Fail,1,0046K00161000000,Active,40.4649988668,-80.0103295639,Perry South,6,25
624224,0173C00009000000,No primary address specified,15206,Condemned/Dead End Property,2020-10-20,Pass,0,0173C00009000000,Active,40.4720402353,-79.890814984,Lincoln-Lemington-Belmar,9,12
624225,0231L00058000000,"2401 PARK HILL DR, Pittsburgh, PA 15221",15221,Condemned/Dead End Property,2021-04-19,Fail,1,0231L00058000000,Active,40.4556443194,-79.8743095702,East Hills,9,13
624226,0056L00244000000,No primary address specified,15207,Condemned/Dead End Property,2024-06-18,Pass,0,0056L00244000000,Active,40.4078537199,-79.9397186377,Hazelwood,5,15
624227,0056N00200000000,"5112 LADORA Way, Pittsburgh, PA 15207",15207,Condemned/Dead End Property,2026-03-03,Fail,1,0056N00200000000,Active,40.4060304892,-79.94715778,Hazelwood,5,15
624228,0013P00009000A00,"2125 JONQUIL Way, Pittsburgh, PA 15210",15210,Condemned/Dead End Property,2020-08-27,Fail,1,0013P00009000A00,Active,40.4161300994,-79.9765730778,Arlington,3,16
624229,0014K00011000000,No primary address specified,15210,Condemned/Dead End Property,2026-01-13,Pass,0,0014K00011000000,Active,40.4185335317,-79.9942177985,Allentown,3,18
624230,0024K00299000000,"916 CONSTANCE ST, Pittsburgh, 15212",15212,Condemned/Dead End Property,2020-08-27,Fail,1,0024K00299000000,Active,40.4569888891,-79.9941073149,East Allegheny,1,23
624231,0062E00235000000,"8 WENZELL PL, Pittsburgh, 15216",15216,Condemned/Dead End Property,2020-09-10,Fail,1,0062E00235000000,Active,40.3996205692,-80.0309362921,Beechview,4,19
624232,0062E00235000000,"8 WENZELL PL, Pittsburgh, 15216",15216,Condemned/Dead End Property,2021-09-13,Pass,0,0062E00235000000,Active,40.3996205692,-80.0309362921,Beechview,4,19
624233,0173P00030000000,No primary address specified,15206,Condemned/Dead End Property,2024-02-28,Pass,0,0173P00030000000,Active,40.4643767799,-79.8917311265,Lincoln-Lemington-Belmar,9,12
624234,0173F00188000000,"1304 WESTMORELAND AVE, Pittsburgh, 15206",15206,Condemned/Dead End Property,2026-01-13,Fail,1,0173F00188000000,Active,40.4678753234,-79.8940948939,Lincoln-Lemington-Belmar,9,12
624235,0090M00169000000,"4405 ARMORHILL AVE, Pittsburgh, PA 15120",15207,Condemned/Dead End Property,2024-09-17,Fail,1,0090M00169000000,Active,40.397013969,-79.9192417505,New Homestead,5,31
624236,0019B00127000000,"1016 WYMORE ST, Pittsburgh, 15220",15220,Condemned/Dead End Property,2020-07-30,Fail,1,0019B00127000000,Active,40.4425548405,-80.0440389789,Elliott,2,20
624237,0055S00050000000,No primary address specified,15207,Condemned/Dead End Property,2025-11-05,,,0055S00050000000,Active,40.4142000694,-79.932873937,Hazelwood,5,15
624238,0019B00068000000,"8 ELBON ST, Pittsburgh, PA 15220",15220,Condemned/Dead End Property,2024-05-03,Fail,2,0019B00068000000,Active,40.4414573237,-80.0412303173,Elliott,2,20
624239,0019B00068000000,"8 ELBON ST, Pittsburgh, PA 15220",15220,Condemned/Dead End Property,2024-11-21,Pass,0,0019B00068000000,Active,40.4414573237,-80.0412303173,Elliott,2,20
624240,0040G00058000000,"1551 CLAIRTONICA ST, Pittsburgh, 15205",15205,Condemned/Dead End Property,2020-08-27,Fail,1,0040G00058000000,Active,40.4391579818,-80.0572511066,Crafton Heights,2,28
624241,0116E00222000000,"18 GOULD AVE, Pittsburgh, 15214",15214,Condemned/Dead End Property,2023-02-14,Pass,0,0116E00222000000,Active,40.4876321331,-80.0155675463,Perry North,1,26
624242,0116E00222000000,"18 GOULD AVE, Pittsburgh, 15214",15214,Condemned/Dead End Property,2023-09-22,Fail,2,0116E00222000000,Active,40.4876321331,-80.0155675463,Perry North,1,26
624243,0024E00281000000,"834 VISTA ST, Pittsburgh, 15212",15212,Condemned/Dead End Property,2026-07-27,Fail,1,0024E00281000000,Active,40.4587437053,-79.9971801996,East Allegheny,1,23
624244,0173J00079000000,"1271 ARBOR ST, Pittsburgh, 15206",15206,Condemned/Dead End Property,2026-07-06,Fail,2,0173J00079000000,Active,40.466272648,-79.8982560117,Lincoln-Lemington-Belmar,9,12
624245,0010H00175000000,"545 MORGAN ST, Pittsburgh, 15219",15219,Condemned/Dead End Property,2026-07-20,Fail,3,0010H00175000000,Active,40.4488969013,-79.9677835013,Middle Hill,6,5
624246,0076N00198000000,"3050 FREDERICK ST, Pittsburgh, 15212",15212,Condemned/Dead End Property,2026-07-29,Fail,1,0076N00198000000,Active,40.473183914,-80.0305229315,Marshall-Shadeland,6,27
624247,0026D00007000000,"418 ELLA ST, Pittsburgh, 15224",15224,Condemned/Dead End Property,2023-11-17,Fail,1,0026D00007000000,Active,40.4615575701,-79.9534250267,Bloomfield,7,8
624248,0059N00222000000,"2017 DOWLING ST, Pittsburgh, PA 15210",15210,Condemned/Dead End Property,2020-08-27,Fail,1,0059N00222000000,Active,40.3968043074,-79.9804435955,Carrick,4,29
624249,0077P00006000000,"226 KENNEDY AVE, Pittsburgh, 15214",15214,Condemned/Dead End Property,2020-09-02,Fail,2,0077P00006000000,Active,40.4743638938,-80.0115886785,Perry South,6,26
624250,0027B00123000000,"3206 CAMP ST, Pittsburgh, 15219",15219,Condemned/Dead End Property,2023-03-24,Fail,3,0027B00123000000,Active,40.4516438474,-79.9588742149,Upper Hill,6,5
624251,0174C00169000100,"7354 STRANAHAN ST, Pittsburgh, 15206",15206,Condemned/Dead End Property,2020-09-10,Fail,2,0174C00169000100,Active,40.4615087426,-79.8902456965,Homewood North,9,13
624252,0011S00018000000,"2610 FORBES AVE, Pittsburgh, 15213",15213,Condemned/Dead End Property,2020-08-31,Fail,2,0011S00018000000,Active,40.4356580151,-79.9672530036,South Oakland,6,4
624253,0014J00162000000,"618 BELTZHOOVER AVE, Pittsburgh, PA 15210",15210,Condemned/Dead End Property,2020-08-21,Fail,2,0014J00162000000,Active,40.4168138604,-79.997501616,Beltzhoover,3,18
624254,0174M00208000000,No primary address specified,15221,Condemned/Dead End Property,2022-08-29,Pass,0,0174M00208000000,Active,40.4575469936,-79.8855243712,Homewood North,9,13
624255,0174M00359000000,"918 TYSON ST, Pittsburgh, 15208",15221,Condemned/Dead End Property,2020-09-09,Fail,2,0174M00359000000,Active,40.4555579002,-79.885539284,Homewood North,9,13
624256,0014F00316000000,No primary address specified,15210,Condemned/Dead End Property,2026-05-06,Pass,0,0014F00316000000,Active,40.4193187596,-79.9923370982,Allentown,3,18
624257,0050K00302000000,"4912 DEARBORN ST, Pittsburgh, PA 15224",15224,Condemned/Dead End Property,2024-03-22,Fail,1,0050K00302000000,Active,40.4657859288,-79.9446123526,Garfield,9,10
624258,0011K00045000000,"2112 5TH AVE, Pittsburgh, 15219",15219,Condemned/Dead End Property,2024-07-19,Fail,2,0011K00045000000,Active,40.4378717243,-79.9753922132,Bluff,6,4
624259,0011K00045000000,"2112 5TH AVE, Pittsburgh, 15219",15219,Condemned/Dead End Property,2026-08-04,Fail,2,0011K00045000000,Active,40.4378717243,-79.9753922132,Bluff,6,4
624260,0173P00082000000,"279 SILVERTON AVE, Pittsburgh, 15206",15206,Condemned/Dead End Property,2026-08-27,Fail,2,0173P00082000000,Active,40.463760835,-79.8915127695,Lincoln-Lemington-Belmar,9,12
624261,0039E00033000A00,"136 PENSDALE ST, Pittsburgh, 15205",15205,Condemned/Dead End Property,2020-09-08,Fail,2,0039E00033000A00,Active,40.4290478139,-80.0655264825,Oakwood,2,28
624262,0039E00033000A00,"136 PENSDALE ST, Pittsburgh, 15205",15205,Condemned/Dead End Property,2023-05-01,Pass,0,0039E00033000A00,Active,40.4290478139,-80.0655264825,Oakwood,2,28
624263,0124S00094000000,"6716 ROWAN ST, Pittsburgh, 15206",15206,Condemned/Dead End Property,2024-08-12,Fail,2,0124S00094000000,Active,40.4640586694,-79.9026864786,Lincoln-Lemington-Belmar,9,12
624264,0050M00199000000,"5413 ROSETTA ST, Pittsburgh, 15206",15206,Condemned/Dead End Property,2020-06-15,Fail,2,0050M00199000000,Active,40.4670965618,-79.9344259874,Garfield,9,11
624265,0174F00110000000,"7325 MONTICELLO ST, Pittsburgh, 15208",15208,Condemned/Dead End Property,2020-09-04,Fail,2,0174F00110000000,Active,40.4589548992,-79.8920857959,Homewood North,9,13
624266,0174F00110000000,"7325 MONTICELLO ST, Pittsburgh, 15208",15208,Condemned/Dead End Property,2026-03-23,Pass,0,0174F00110000000,Active,40.4589548992,-79.8920857959,Homewood North,9,13
624267,0050L00168000000,"5171 JORDAN Way, Pittsburgh, 15224",15224,Condemned/Dead End Property,2020-06-05,Fail,1,0050L00168000000,Active,40.4664054734,-79.9399576571,Garfield,9,10
624268,0056G00007000000,"303 FLOWERS AVE, Pittsburgh, 15207",15207,Condemned/Dead End Property,2020-08-28,Fail,1,0056G00007000000,Active,40.4113420288,-79.9407718623,Hazelwood,5,15
624269,0056G00007000000,"303 FLOWERS AVE, Pittsburgh, 15207",15207,Condemned/Dead End Property,2024-05-29,,,0056G00007000000,Active,40.4113420288,-79.9407718623,Hazelwood,5,15
624270,0027B00250000000,"811 CHEROKEE ST, Pittsburgh, 15219",15219,Condemned/Dead End Property,2020-08-04,Fail,2,0027B00250000000,Active,40.4515160549,-79.9603862902,Upper Hill,6,5
624271,0014G00144000000,No primary address specified,15210,Condemned/Dead End Property,2020-11-04,Pass,0,0014G00144000000,Active,40.4199247234,-79.9897485549,Allentown,3,18
624272,0047J00269000000,"1001 BUENTE ST, Pittsburgh, 15212",15212,Condemned/Dead End Property,2026-04-17,Pass,0,0047J00269000000,Active,40.4663491212,-79.9974305564,Spring Hill-City View,1,26
624273,0121K00041000000,"1711 MORNINGSIDE AVE, Pittsburgh, PA 15206",15206,Condemned/Dead End Property,2024-09-12,Fail,2,0121K00041000000,Active,40.4857983379,-79.9284493927,Morningside,7,10
624274,0033J00155000000,"124 SCHUCHERT ST, Pittsburgh, 15210",15210,Condemned/Dead End Property,2020-07-09,Fail,1,0033J00155000000,Active,40.4078608458,-79.9970454061,Bon Air,4,18
624275,0033J00155000000,"124 SCHUCHERT ST, Pittsburgh, 15210",15210,Condemned/Dead End Property,2020-11-04,Pass,0,0033J00155000000,Active,40.4078608458,-79.9970454061,Bon Air,4,18
624276,0023E00179000000,"514 ARMANDALE ST, Pittsburgh, 15212",15212,Condemned/Dead End Property,2026-05-07,Fail,1,0023E00179000000,Active,40.4585569158,-80.0132050394,Central Northside,1,25
624277,0023E00179000000,"514 ARMANDALE ST, Pittsburgh, 15212",15212,Condemned/Dead End Property,2026-05-07,Fail,3,0023E00179000000,Active,40.4585569158,-80.0132050394,Central Northside,1,25
624278,0023E00179000000,"514 ARMANDALE ST, Pittsburgh, 15212",15212,Condemned/Dead End Property,2026-05-12,Pass,0,0023E00179000000,Active,40.4585569158,-80.0132050394,Central Northside,1,25
624279,0231E00312000000,"1066 STONEVILLE ST, Pittsburgh, 15221",15221,Condemned/Dead End Property,2020-09-10,Fail,1,0231E00312000000,Active,40.45867141,-79.879515865,Homewood North,9,13
624280,0231E00312000000,"1066 STONEVILLE ST, Pittsburgh, 15221",15221,Condemned/Dead End Property,2023-09-13,,,0231E00312000000,Active,40.45867141,-79.879515865,Homewood North,9,13
624281,0023D00219000000,"9 PILSEN ST, Pittsburgh, 15212",15212,Condemned/Dead End Property,2026-07-29,Fail,1,0023D00219000000,Active,40.4623071774,-80.0015399633,Fineview,1,25
624282,0124S00127000000,No primary address specified,15206,Condemned/Dead End Property,2025-06-05,Pass,0,0124S00127000000,Active,40.4625386442,-79.9029309694,Homewood West,9,12
624283,0040G00256000000,"102 ELMONT ST, Pittsburgh, 15205",15205,Condemned/Dead End Property,2022-07-19,Fail,1,0040G00256000000,Active,40.4392454271,-80.0551139063,Crafton Heights,2,28
624284,0040G00256000000,"102 ELMONT ST, Pittsburgh, 15205",15205,Condemned/Dead End Property,2023-10-11,Fail,2,0040G00256000000,Active,40.4392454271,-80.0551139063,Crafton Heights,2,28
624285,0014J00248000000,"607 CURTIN AVE, Pittsburgh, 15210",15210,Condemned/Dead End Property,2021-02-01,Fail,2,0014J00248000000,Active,40.4171398277,-79.9985199343,Beltzhoover,3,18
624286,0019C00292000000,"719 STEUBEN ST, Pittsburgh, 15220",15220,Condemned/Dead End Property,2023-02-03,Fail,3,0019C00292000000,Active,40.4410253994,-80.0393016349,Elliott,2,20
624287,0019C00292000000,"719 STEUBEN ST, Pittsburgh, 15220",15220,Condemned/Dead End Property,2025-01-22,Pass,0,0019C00292000000,Active,40.4410253994,-80.0393016349,Elliott,2,20
624288,0174P00186000000,"7327 HAMILTON AVE, Pittsburgh, PA 15208",15208,Condemned/Dead End Property,2020-09-01,Fail,2,0174P00186000000,Active,40.4540982554,-79.8943076322,Homewood South,9,13
624289,0174P00186000000,"7327 HAMILTON AVE, Pittsburgh, PA 15208",15208,Condemned/Dead End Property,2024-04-09,,,0174P00186000000,Active,40.4540982554,-79.8943076322,Homewood South,9,13
624290,0174A00231000000,"7049 HERMITAGE ST, Pittsburgh, 15208",15208,Condemned/Dead End Property,2026-08-03,Fail,2,0174A00231000000,Active,40.461083264,-79.8981920277,Homewood North,9,13
624291,0232F00162000000,"1711 CRESTLINE ST, Pittsburgh, 15221",15221,Condemned/Dead End Property,2023-07-24,,,0232F00162000000,Active,40.4499750611,-79.8768604688,East Hills,9,13
624292,0023K00012000000,"319 JACKSONIA ST, Pittsburgh, 15212",15212,Condemned/Dead End Property,2020-08-06,Fail,1,0023K00012000000,Active,40.4574047556,-80.0111911307,Central Northside,1,25
624293,0070J00052000000,"417 FAIRYWOOD ST, Pittsburgh, 15205",15205,Condemned/Dead End Property,2026-06-18,Fail,2,0070J00052000000,Active,40.4474725054,-80.0803974096,Fairywood,2,28
624294,0035K00209000000,"1801 BROADWAY AVE, Pittsburgh, PA 15216",15216,Condemned/Dead End Property,2020-08-07,Fail,2,0035K00209000000,Active,40.4072900993,-80.0260764384,Beechview,4,19
624295,0010D00051000000,"2702 BEDFORD AVE, Pittsburgh, 15219",15219,Condemned/Dead End Property,2020-07-13,Fail,2,0010D00051000000,Active,40.4515784561,-79.9700589311,Bedford Dwellings,6,5
624296,0125M00177000000,"7041 KELLY ST, Pittsburgh, 15208",15208,Condemned/Dead End Property,2025-06-16,Fail,2,0125M00177000000,Active,40.4564954857,-79.9000260525,Homewood South,9,13
624297,0024K00003000000,No primary address specified,15212,Condemned/Dead End Property,2020-08-28,Fail,1,0024K00003000000,Active,40.4566897368,-79.9952731911,East Allegheny,1,23
624298,0015G00169000000,"92 INDUSTRY ST, Pittsburgh, 15210",15210,Condemned/Dead End Property,2020-09-01,Fail,2,0015G00169000000,Active,40.4194035146,-80.0066027914,Beltzhoover,3,18
624299,0015G00169000000,"92 INDUSTRY ST, Pittsburgh, 15210",15210,Condemned/Dead End Property,2023-11-06,Pass,0,0015G00169000000,Active,40.4194035146,-80.0066027914,Beltzhoover,3,18
624300,0124H00048000000,"6579 NAVARRO ST, Pittsburgh, PA 15206",15206,Condemned/Dead End Property,2026-07-29,Pass,0,0124H00048000000,Active,40.4689934835,-79.9029296234,Lincoln-Lemington-Belmar,9,12
624301,0010D00272000000,No primary address specified,15219,Condemned/Dead End Property,2024-05-09,Pass,0,0010D00272000000,Active,40.4504494162,-79.9667198853,Middle Hill,6,5
624302,0010N00307000000,No primary address specified,15219,Condemned/Dead End Property,2021-03-29,Pass,0,0010N00307000000,Active,40.444141643,-79.9788481743,Middle Hill,6,5
624303,0046F00093000000,"40 W MCINTYRE AVE, Pittsburgh, 15214",15214,Condemned/Dead End Property,2026-07-07,Fail,1,0046F00093000000,Active,40.4688777793,-80.0109181557,Perry South,6,26
624304,0013A00055000000,"2010 GREGORY ST, Pittsburgh, 15203",15203,Condemned/Dead End Property,2022-10-21,Pass,0,0013A00055000000,Active,40.4235960146,-79.9787640328,South Side Slopes,3,17
624305,0076K00143000000,"1026 GRAND AVE, Pittsburgh, 15212",15212,Condemned/Dead End Property,2022-12-12,Pass,0,0076K00143000000,Active,40.4750776088,-80.0263733519,Marshall-Shadeland,6,27
624306,0045H00130000000,"623 DANBURY ST, Pittsburgh, 15214",15214,Condemned/Dead End Property,2026-04-06,Fail,2,0045H00130000000,Active,40.4688929767,-80.018195881,Perry South,6,26
624307,0049J00282000000,No primary address specified,15201,Condemned/Dead End Property,2020-10-16,Pass,0,0049J00282000000,Active,40.4659210448,-79.9627667415,Lower Lawrenceville,7,6
624308,0231N00105000000,"8209 BRICELYN ST, Pittsburgh, 15221",15221,Condemned/Dead End Property,2024-11-05,Fail,2,0231N00105000000,Active,40.4545777509,-79.8797763647,East Hills,9,13
624309,0173R00021000000,No primary address specified,15206,Condemned/Dead End Property,2023-08-22,,,0173R00021000000,Active,40.4634207928,-79.89061035,Lincoln-Lemington-Belmar,9,12
624310,0057B00079000000,"5401 2ND AVE, Pittsburgh, 15207",15207,Condemned/Dead End Property,2024-10-28,Pass,0,0057B00079000000,Active,40.4028800934,-79.9416404544,Hazelwood,5,15
624311,0057B00079000000,"5401 2ND AVE, Pittsburgh, 15207",15207,Condemned/Dead End Property,2025-02-14,Fail,3,0057B00079000000,Active,40.4028800934,-79.9416404544,Hazelwood,5,15
624312,0015S00189000000,"835 ELDORA PL, Pittsburgh, PA 15210",15210,Condemned/Dead End Property,2020-11-30,Pass,0,0015S00189000000,Active,40.4148781728,-80.0010277334,Beltzhoover,3,18
624313,0014J00240000000,"515 CURTIN AVE, Pittsburgh, 15210",15210,Condemned/Dead End Property,2026-07-29,Fail,1,0014J00240000000,Active,40.4177519617,-79.9985390863,Beltzhoover,3,18
624314,0045E00351000000,"2707 1/2 FREDERICK ST, Pittsburgh, PA 15212",15212,Condemned/Dead End Property,2023-01-30,Pass,0,0045E00351000000,Active,40.4695031645,-80.0297519601,Marshall-Shadeland,6,27
624315,0045E00351000000,"2707 1/2 FREDERICK ST, Pittsburgh, PA 15212",15212,Condemned/Dead End Property,2023-07-28,Fail,1,0045E00351000000,Active,40.4695031645,-80.0297519601,Marshall-Shadeland,6,27
624316,0056P00058000000,"5131 LYTLE ST, Pittsburgh, 15207",15207,Condemned/Dead End Property,2024-10-15,Fail,3,0056P00058000000,Active,40.4057040647,-79.9448470998,Hazelwood,5,15
624317,0056P00058000000,"5131 LYTLE ST, Pittsburgh, 15207",15207,Condemned/Dead End Property,2025-05-12,Fail,3,0056P00058000000,Active,40.4057040647,-79.9448470998,Hazelwood,5,15
624318,0011A00058000000,"20 HELDMAN ST, Pittsburgh, PA 15219",15219,Condemned/Dead End Property,2023-07-06,Fail,2,0011A00058000000,Active,40.4417373384,-79.9822239573,Crawford-Roberts,6,3
624319,0125D00116000000,No primary address specified,15208,Condemned/Dead End Property,2024-09-20,Pass,0,0125D00116000000,Active,40.4620392849,-79.8995435354,Homewood North,9,13
624320,0046E00230000000,"2435 MCINTYRE PL, Pittsburgh, 15214",15214,Condemned/Dead End Property,2020-09-04,Fail,1,0046E00230000000,Active,40.4681622986,-80.0130386435,Perry South,6,26
624321,0051M00296000000,"550 S NEGLEY AVE, Pittsburgh, PA 15232",15232,Condemned/Dead End Property,2025-05-05,Fail,1,0051M00296000000,Active,40.4552960464,-79.9333304669,Shadyside,8,7
624322,0023D00045000000,"436 CATOMA ST, Pittsburgh, 15212",15212,Condemned/Dead End Property,2026-05-04,Fail,3,0023D00045000000,Active,40.461035721,-80.0027677973,Fineview,1,25
624323,0020S00110000000,"207 HERNDON ST, Pittsburgh, 15220",15220,Condemned/Dead End Property,2021-07-12,Fail,2,0020S00110000000,Active,40.4432859051,-80.0366372937,Elliott,2,20
624324,0057B00197000000,"5273 DYKE ST, Pittsburgh, 15207",15207,Condemned/Dead End Property,2025-01-22,Fail,1,0057B00197000000,Active,40.4038726177,-79.9430570828,Hazelwood,5,15
624325,0173N00256000000,"7026 CHAUCER ST, Pittsburgh, PA 15208",15208,Condemned/Dead End Property,2026-04-17,Pass,0,0173N00256000000,Active,40.4634434376,-79.8980909278,Homewood North,9,13
624326,0026K00234000000,"3413 WEBSTER AVE, Pittsburgh, 15219",15219,Condemned/Dead End Property,2023-03-17,Fail,2,0026K00234000000,Active,40.4554195126,-79.9617126038,Upper Hill,6,5
624327,0010D00128000000,"713 WEBSTER TER, Pittsburgh, 15219",15219,Condemned/Dead End Property,2020-07-30,Fail,2,0010D00128000000,Active,40.4519990552,-79.9680598209,Middle Hill,6,5
624328,0022K00076000000,"1316 JUNIATA ST, Pittsburgh, 15233",15233,Condemned/Dead End Property,2023-02-06,Pass,0,0022K00076000000,Active,40.4572187382,-80.0264371032,Manchester,6,21
624329,0134A00062000000,"7 WHEELING ST, Pittsburgh, 15207",15207,Condemned/Dead End Property,2020-09-10,Fail,2,0134A00062000000,Active,40.3824943729,-79.9314718983,Hays,5,31
624330,0134A00062000000,"7 WHEELING ST, Pittsburgh, 15207",15207,Condemned/Dead End Property,2024-02-28,Fail,1,0134A00062000000,Active,40.3824943729,-79.9314718983,Hays,5,31
624331,0010D00338000A00,"603 WANDLESS ST, Pittsburgh, 15219",15219,Condemned/Dead End Property,2020-09-10,Fail,2,0010D00338000A00,Active,40.4507970413,-79.9668604605,Middle Hill,6,5
624332,0010D00338000A00,"603 WANDLESS ST, Pittsburgh, 15219",15219,Condemned/Dead End Property,2025-04-09,Pass,0,0010D00338000A00,Active,40.4507970413,-79.9668604605,Middle Hill,6,5
624333,0013K00292000000,No primary address specified,15210,Condemned/Dead End Property,2022-11-10,Pass,0,0013K00292000000,Active,40.4173914193,-79.9754036407,South Side Slopes,3,16
624334,0174P00191000000,"7317 HAMILTON AVE, Pittsburgh, PA 15208",15208,Condemned/Dead End Property,2020-09-01,Fail,2,0174P00191000000,Active,40.4541590817,-79.8945839951,Homewood South,9,13
624335,0124N00006000000,"146 AUBURN ST, Pittsburgh, PA 15206",15206,Condemned/Dead End Property,2021-11-08,Fail,2,0124N00006000000,Active,40.4626245974,-79.9157431383,Larimer,9,12
624336,0022P00260000000,"1406 SHEFFIELD ST, Pittsburgh, 15233",15233,Condemned/Dead End Property,2020-06-08,Fail,2,0022P00260000000,Active,40.4532229301,-80.0264224664,Manchester,6,21
624337,0026N00104000000,"3393 WEBSTER AVE, Pittsburgh, 15219",15219,Condemned/Dead End Property,2026-08-25,,,0026N00104000000,Active,40.4549871152,-79.9623619392,Upper Hill,6,5
624338,0174L00030000000,No primary address specified,15208,Condemned/Dead End Property,2022-03-14,,,0174L00030000000,Active,40.4572171617,-79.8908902532,Homewood North,9,13
624339,0047K00172000000,"1900 RHINE ST, Pittsburgh, PA 15212",15212,Condemned/Dead End Property,2022-05-11,Fail,2,0047K00172000000,Active,40.4653697268,-79.9919437396,Spring Hill-City View,1,24
624340,0174K00343000A00,"7306 1/2 BENNETT ST, Pittsburgh, PA 15208",15208,Condemned/Dead End Property,2024-02-16,Pass,0,0174K00343000A00,Active,40.4557095038,-79.8942426956,Homewood South,9,13
624341,0075H00153000000,"3421 GASS AVE, Pittsburgh, 15212",15212,Condemned/Dead End Property,2022-09-09,Pass,0,0075H00153000000,Active,40.4775880975,-80.0351621933,Brighton Heights,1,27
624342,0044D00064000000,"1604 ECKERT ST, Pittsburgh, 15212",15212,Condemned/Dead End Property,2023-01-11,Pass,0,0044D00064000000,Active,40.4719838937,-80.0356676549,Marshall-Shadeland,6,27
624343,0231F00211000000,"8438 DERSAM ST, Pittsburgh, PA 15235",15221,Condemned/Dead End Property,2026-03-16,Fail,1,0231F00211000000,Active,40.4585326393,-79.876586959,East Hills,9,13
624344,0012E00306000000,"1705 E CARSON ST, Pittsburgh, PA 15203",15203,Condemned/Dead End Property,2025-12-15,Fail,2,0012E00306000000,Active,40.4291237039,-79.9817236436,South Side Flats,3,17
624345,0056N00201000000,"5114 LADORA Way, Pittsburgh, 15207",15207,Condemned/Dead End Property,2024-09-27,Pass,0,0056N00201000000,Active,40.4059777027,-79.9471445235,Hazelwood,5,15
624346,0056N00201000000,"5114 LADORA Way, Pittsburgh, 15207",15207,Condemned/Dead End Property,2026-03-03,Fail,1,0056N00201000000,Active,40.4059777027,-79.9471445235,Hazelwood,5,15
624347,0014N00002000000,No primary address specified,15210,Condemned/Dead End Property,2023-08-11,Pass,0,0014N00002000000,Active,40.4141212539,-79.9993950978,Beltzhoover,3,18
624348,0174P00182000000,"7331 HAMILTON AVE, Pittsburgh, PA 15208",15208,Condemned/Dead End Property,2020-09-01,Fail,2,0174P00182000000,Active,40.4540736317,-79.8941994261,Homewood South,9,13
624349,0174P00182000000,"7331 HAMILTON AVE, Pittsburgh, PA 15208",15208,Condemned/Dead End Property,2024-04-09,,,0174P00182000000,Active,40.4540736317,-79.8941994261,Homewood South,9,13
624350,0026H00308000000,"4701 LORIGAN ST, Pittsburgh, 15224",15224,Condemned/Dead End Property,2024-09-26,Pass,0,0026H00308000000,Active,40.459180275,-79.952118251,Bloomfield,7,8
624351,0035C00012000000,"1518 FALLOWFIELD AVE, Pittsburgh, 15216",15216,Condemned/Dead End Property,2020-07-24,Fail,2,0035C00012000000,Active,40.4121620578,-80.0241140875,Beechview,4,19
624352,0014A00102000000,"109 CRAIGHEAD ST, Pittsburgh, 15211",15211,Condemned/Dead End Property,2020-08-27,Fail,2,0014A00102000000,Active,40.4218884667,-79.9982615295,Mount Washington,3,18
624353,0014A00102000000,"109 CRAIGHEAD ST, Pittsburgh, 15211",15211,Condemned/Dead End Property,2024-03-27,,,0014A00102000000,Active,40.4218884667,-79.9982615295,Mount Washington,3,18
624354,0033K00135000000,"237 REIFERT ST, Pittsburgh, 15210",15210,Condemned/Dead End Property,2020-09-09,Fail,2,0033K00135000000,Active,40.4085038105,-79.9933570837,Knoxville,3,30
624355,0033K00135000000,"237 REIFERT ST, Pittsburgh, 15210",15210,Condemned/Dead End Property,2023-12-22,Pass,0,0033K00135000000,Active,40.4085038105,-79.9933570837,Knoxville,3,30
624356,0033K00140000000,"247 REIFERT ST, Pittsburgh, PA 15210",15210,Condemned/Dead End Property,2020-09-09,Fail,2,0033K00140000000,Active,40.4085591679,-79.9938127085,Knoxville,3,30
624357,0050J00017000000,"4817 BROAD ST, Pittsburgh, 15224",15224,Condemned/Dead End Property,2023-08-24,Fail,2,0050J00017000000,Active,40.4670884813,-79.9453628822,Garfield,9,10
624358,0134A00067000000,"3 WHEELING ST, Pittsburgh, 15207",15207,Condemned/Dead End Property,2023-11-17,Fail,1,0134A00067000000,Active,40.3826579876,-79.9314094157,Hays,5,31
624359,0134A00067000000,"3 WHEELING ST, Pittsburgh, 15207",15207,Condemned/Dead End Property,2024-08-23,Fail,1,0134A00067000000,Active,40.3826579876,-79.9314094157,Hays,5,31
624360,0135M00045000000,"705 BALDWIN RD, Pittsburgh, 15207",15207,Condemned/Dead End Property,2026-03-27,Fail,1,0135M00045000000,Active,40.379674792,-79.9355355767,Hays,5,31
624361,0042M00301000000,"2940 STAFFORD ST, Pittsburgh, 15204",15204,Condemned/Dead End Property,2025-07-14,Fail,1,0042M00301000000,Active,40.4570452904,-80.050476307,Sheraden,2,20
624362,0086R00085000000,"5706 BEACON ST, Pittsburgh, 15217",15217,Condemned/Dead End Property,2022-05-05,Fail,1,0086R00085000000,Active,40.4342965904,-79.9244058324,Squirrel Hill South,5,14
624363,0040H00273000000,"1506 OBEY ST, Pittsburgh, 15205",15205,Condemned/Dead End Property,2024-10-31,,,0040H00273000000,Active,40.4403930429,-80.0506479351,Crafton Heights,2,28
624364,0040H00273000000,"1506 OBEY ST, Pittsburgh, 15205",15205,Condemned/Dead End Property,2026-08-18,,,0040H00273000000,Active,40.4403930429,-80.0506479351,Crafton Heights,2,28
624365,0040H00273000000,"1506 OBEY ST, Pittsburgh, 15205",15205,Condemned/Dead End Property,2026-08-18,,,0040H00273000000,Active,40.4403930429,-80.0506479351,Crafton Heights,2,28
624366,0014R00216000000,"138 BAUSMAN ST #2, Pittsburgh, PA 15210",15210,Condemned/Dead End Property,2020-08-21,Fail,1,0014R00216000000,Active,40.4141765804,-79.9899116626,Knoxville,3,30
624367,0019C00275000000,"757 STEUBEN ST, Pittsburgh, 15220",15220,Condemned/Dead End Property,2020-09-09,Fail,2,0019C00275000000,Active,40.4411586179,-80.040592131,Elliott,2,20
624368,0023F00127000100,"241 E JEFFERSON ST, Pittsburgh, 15212",15212,Condemned/Dead End Property,2025-08-11,Fail,1,0023F00127000100,Active,40.4588229195,-80.0112707426,Central Northside,1,25
624369,0175G00011000A00,"7750 TIOGA ST, Pittsburgh, 15208",15221,Condemned/Dead End Property,2023-05-30,Fail,1,0175G00011000A00,Active,40.4502365193,-79.8882157893,Homewood South,9,13
624370,0175G00011000A00,"7750 TIOGA ST, Pittsburgh, 15208",15221,Condemned/Dead End Property,2023-05-30,,,0175G00011000A00,Active,40.4502365193,-79.8882157893,Homewood South,9,13
624371,0175G00011000A00,"7750 TIOGA ST, Pittsburgh, 15208",15221,Condemned/Dead End Property,2026-09-02,,,0175G00011000A00,Active,40.4502365193,-79.8882157893,Homewood South,9,13
624372,0011K00078000000,"2 SENECA ST, Pittsburgh, PA 15219",15219,Condemned/Dead End Property,2020-09-09,Fail,2,0011K00078000000,Active,40.4375797037,-79.9756992139,Bluff,6,4
624373,0174K00100000000,"7223 FRANKSTOWN AVE, Pittsburgh, PA 15208",15208,Condemned/Dead End Property,2022-04-27,Fail,2,0174K00100000000,Active,40.4573897356,-79.8951243784,Homewood North,9,13
624374,0046G00255000000,"2442 HAZELTON ST, Pittsburgh, 15214",15214,Condemned/Dead End Property,2021-10-14,Fail,2,0046G00255000000,Active,40.4696225282,-80.0064060025,Perry South,6,26
624375,0046G00255000000,"2442 HAZELTON ST, Pittsburgh, 15214",15214,Condemned/Dead End Property,2025-11-14,Pass,0,0046G00255000000,Active,40.4696225282,-80.0064060025,Perry South,6,26
624376,0021K00024000000,"2645 W CARSON ST, Pittsburgh, 15204",15204,Condemned/Dead End Property,2020-08-26,Fail,1,0021K00024000000,Active,40.4570523363,-80.0442601975,Esplen,2,20
624377,0014D00056000000,"1120 E WARRINGTON AVE, Pittsburgh, 15210",15203,Condemned/Dead End Property,2023-09-20,Pass,0,0014D00056000000,Active,40.4223641456,-79.9856969965,South Side Slopes,3,17
624378,0014D00056000000,"1120 E WARRINGTON AVE, Pittsburgh, 15210",15203,Condemned/Dead End Property,2024-02-14,Fail,2,0014D00056000000,Active,40.4223641456,-79.9856969965,South Side Slopes,3,17
624379,0044H00145000000,"2817 PITLER ST, Pittsburgh, 15212",15212,Condemned/Dead End Property,2020-09-08,Pass,0,0044H00145000000,Active,40.4693458353,-80.0348944475,Marshall-Shadeland,6,27
624380,0026N00171000000,"3356 MCNEIL PL, Pittsburgh, 15219",15213,Condemned/Dead End Property,2021-02-04,Pass,0,0026N00171000000,Active,40.4545771828,-79.9636550258,Upper Hill,6,5
624381,0174F00269000000,"7322 RACE ST, Pittsburgh, 15208",15208,Condemned/Dead End Property,2026-05-21,,,0174F00269000000,Active,40.4578736557,-79.8923638608,Homewood North,9,13
624382,0076N00006000000,"1341 GEYER AVE, Pittsburgh, 15212",15212,Condemned/Dead End Property,2026-05-21,Fail,1,0076N00006000000,Active,40.47430114,-80.032580609,Marshall-Shadeland,6,27
624383,0174F00186000000,"7336 MONTICELLO ST, Pittsburgh, 15208",15208,Condemned/Dead End Property,2025-03-04,Pass,0,0174F00186000000,Active,40.458477209,-79.8917922629,Homewood North,9,13
624384,0029G00015000000,"3131 BOHEM ST, Pittsburgh, 15213",15213,Condemned/Dead End Property,2020-11-06,Pass,0,0029G00015000000,Active,40.4286214703,-79.9544647052,South Oakland,3,4
624385,0029G00015000000,"3131 BOHEM ST, Pittsburgh, 15213",15213,Condemned/Dead End Property,2023-11-21,Fail,2,0029G00015000000,Active,40.4286214703,-79.9544647052,South Oakland,3,4
624386,0174B00254000000,"1310 STERRETT ST, Pittsburgh, 15208",15208,Condemned/Dead End Property,2026-09-02,Fail,1,0174B00254000000,Active,40.4603125058,-79.8925701806,Homewood North,9,13
624387,0121E00043000000,"6613 BAKER ST, Pittsburgh, 15206",15206,Condemned/Dead End Property,2020-06-02,Fail,1,0121E00043000000,Active,40.4888939144,-79.930003084,Stanton Heights,7,10
624388,0096F00010000000,"1256 BROOKLINE BLVD, Pittsburgh, PA 15226",15226,Condemned/Dead End Property,2024-03-22,Pass,0,0096F00010000000,Active,40.3919835752,-80.0110831643,Brookline,4,19
624389,0022F00252000000,"1402 COLUMBUS AVE, Pittsburgh, PA 15233",15233,Condemned/Dead End Property,2026-07-08,Fail,2,0022F00252000000,Active,40.4578870975,-80.0277286341,Manchester,6,21
624390,0042H00024000000,"3037 MERWYN AVE, Pittsburgh, 15204",15204,Condemned/Dead End Property,2026-08-25,,,0042H00024000000,Active,40.4579058816,-80.0530066803,Sheraden,2,20
624391,0138E00093000000,"2536 KINGWOOD ST, Pittsburgh, 15234",15234,Condemned/Dead End Property,2020-09-03,Fail,1,0138E00093000000,Active,40.3809706063,-79.9984211063,Overbrook,4,32
624392,0138E00093000000,"2536 KINGWOOD ST, Pittsburgh, 15234",15234,Condemned/Dead End Property,2026-02-09,Fail,1,0138E00093000000,Active,40.3809706063,-79.9984211063,Overbrook,4,32
624393,0232F00159000000,"1717 CRESTLINE ST, Pittsburgh, 15221",15221,Condemned/Dead End Property,2020-08-27,Fail,2,0232F00159000000,Active,40.4501712579,-79.8768616361,East Hills,9,13
624394,0232F00159000000,"1717 CRESTLINE ST, Pittsburgh, 15221",15221,Condemned/Dead End Property,2023-07-24,,,0232F00159000000,Active,40.4501712579,-79.8768616361,East Hills,9,13
624395,0024G00022000000,"1239 WELSER Way, Pittsburgh, PA 15212",15212,Condemned/Dead End Property,2020-10-28,Fail,1,0024G00022000000,Active,40.459972588,-79.9899148867,Spring Garden,1,24
624396,0056F00276000000,No primary address specified,15207,Condemned/Dead End Property,2022-04-27,Pass,0,0056F00276000000,Active,40.4106960405,-79.9417799833,Hazelwood,5,15
624397,0231G00166000000,"8630 BRICELYN ST #221, Pittsburgh, PA 15221",15221,Condemned/Dead End Property,2024-10-22,Fail,1,0231G00166000000,Active,40.4595275016,-79.8726494353,East Hills,9,13
624398,0174G00193000000,"1121 BRUSHTON AVE, Pittsburgh, 15208",15208,Condemned/Dead End Property,2022-05-09,Fail,3,0174G00193000000,Active,40.4585918719,-79.888794604,Homewood North,9,13
624399,0174G00193000000,"1121 BRUSHTON AVE, Pittsburgh, 15208",15208,Condemned/Dead End Property,2024-08-20,Pass,0,0174G00193000000,Active,40.4585918719,-79.888794604,Homewood North,9,13
624400,0023B00244000000,"6 LETSCHE ST, Pittsburgh, 15214",15214,Condemned/Dead End Property,2020-09-03,Fail,2,0023B00244000000,Active,40.4623186674,-80.0080130761,Fineview,1,25
624401,0124F00081000000,No primary address specified,15206,Condemned/Dead End Property,2022-04-22,,,0124F00081000000,Active,40.4681987755,-79.9112358435,Larimer,9,12
624402,0024B00237000000,"1133 ITIN ST #2, Pittsburgh, PA 15212",15212,Condemned/Dead End Property,2026-07-07,Fail,2,0024B00237000000,Active,40.4612818605,-79.9928027042,Spring Garden,1,24
624403,0174G00027000000,"7406 MONTICELLO ST, Pittsburgh, 15208",15208,Condemned/Dead End Property,2024-06-27,Fail,1,0174G00027000000,Active,40.4582457755,-79.8907651191,Homewood North,9,13
624404,0173J00255000000,"1231 GROTTO ST, Pittsburgh, 15206",15206,Condemned/Dead End Property,2020-09-01,Fail,1,0173J00255000000,Active,40.4651887046,-79.8968565189,Lincoln-Lemington-Belmar,9,12
624405,0015R00255000000,No primary address specified,15210,Condemned/Dead End Property,2023-11-27,Pass,0,0015R00255000000,Active,40.4156521497,-80.0046399025,Beltzhoover,3,18
624406,0083H00092000000,"6216 SAINT MARIE ST, Pittsburgh, PA 15206",15206,Condemned/Dead End Property,2020-06-26,Fail,1,0083H00092000000,Active,40.467681538,-79.9174001648,East Liberty,9,11
624407,0044D00031000000,"1424 ECKERT ST, Pittsburgh, 15212",15212,Condemned/Dead End Property,2024-03-18,Fail,2,0044D00031000000,Active,40.4716330258,-80.0333328728,Marshall-Shadeland,6,27
624408,0044D00031000000,"1424 ECKERT ST, Pittsburgh, 15212",15212,Condemned/Dead End Property,2024-09-24,Pass,0,0044D00031000000,Active,40.4716330258,-80.0333328728,Marshall-Shadeland,6,27
624409,0013L00049000000,No primary address specified,15210,Condemned/Dead End Property,2022-10-28,Pass,0,0013L00049000000,Active,40.4179374926,-79.9731374552,South Side Slopes,3,16
624410,0162R00085000000,No primary address specified,15214,Condemned/Dead End Property,2023-07-28,,,0162R00085000000,Active,40.4927997788,-80.0240856567,Perry North,1,26
624411,0011J00146000000,No primary address specified,15219,Condemned/Dead End Property,2022-03-17,Fail,1,0011J00146000000,Active,40.4370894683,-79.9792589306,Bluff,6,1
624412,0184N00234000000,No primary address specified,15207,Condemned/Dead End Property,2021-04-12,Pass,0,0184N00234000000,Active,40.3673572458,-79.9155865626,Lincoln Place,5,31
624413,0010G00328000000,No primary address specified,15219,Condemned/Dead End Property,2020-11-04,Pass,0,0010G00328000000,Active,40.449733314,-79.9733235456,Middle Hill,6,5
624414,0174S00078000000,"7810 BENNETT ST, Pittsburgh, PA 15208",15221,Condemned/Dead End Property,2021-09-16,Fail,2,0174S00078000000,Active,40.4538453972,-79.8863671333,Homewood South,9,13
624415,0055M00020000000,"628 HAZELWOOD AVE, Pittsburgh, PA 15207",15207,Condemned/Dead End Property,2026-04-08,Fail,1,0055M00020000000,Active,40.4187000112,-79.9354621107,Hazelwood,5,15
624416,0050K00321000000,"4921 GEM Way, Pittsburgh, PA 15224",15224,Condemned/Dead End Property,2020-06-25,Fail,2,0050K00321000000,Active,40.4654189095,-79.9443794989,Garfield,9,10
624417,0009S00030000000,"1711 BEDFORD AVE, Pittsburgh, 15219",15219,Condemned/Dead End Property,2020-10-26,Fail,2,0009S00030000000,Active,40.4452403301,-79.9860533224,Crawford-Roberts,6,3
624418,0014K00020000000,No primary address specified,15210,Condemned/Dead End Property,2025-06-04,Pass,0,0014K00020000000,Active,40.4185442544,-79.9934316027,Allentown,3,18
624419,0014K00217000000,No primary address specified,15210,Condemned/Dead End Property,2022-11-28,Pass,0,0014K00217000000,Active,40.4170713419,-79.9925943701,Knoxville,3,30
624420,0015R00263000000,No primary address specified,15210,Condemned/Dead End Property,2023-11-15,Pass,0,0015R00263000000,Active,40.4160698713,-80.0046008334,Beltzhoover,3,18
624421,0033B00340000000,"343 MOORE AVE, Pittsburgh, 15210",15210,Condemned/Dead End Property,2020-09-04,Fail,2,0033B00340000000,Active,40.4123382766,-79.9947416105,Knoxville,3,30
624422,0026E00164000000,"385 LINOLEUM Way, Pittsburgh, PA 15219",15219,Condemned/Dead End Property,2020-05-26,Fail,3,0026E00164000000,Active,40.4586835248,-79.9640560944,Polish Hill,7,6
624423,0175E00005000000,"211 N LEXINGTON ST, Pittsburgh, 15208",15208,Condemned/Dead End Property,2020-07-06,Fail,1,0175E00005000000,Active,40.4500195134,-79.8991725363,Point Breeze North,9,14
624424,0174G00172000000,"7406 HERMITAGE ST, Pittsburgh, 15208",15208,Condemned/Dead End Property,2022-07-06,Fail,2,0174G00172000000,Active,40.4589225958,-79.8905046606,Homewood North,9,13
624425,0174G00172000000,"7406 HERMITAGE ST, Pittsburgh, 15208",15208,Condemned/Dead End Property,2025-01-22,Pass,0,0174G00172000000,Active,40.4589225958,-79.8905046606,Homewood North,9,13
624426,0014E00035000000,No primary address specified,15210,Condemned/Dead End Property,2025-08-01,Pass,0,0014E00035000000,Active,40.4193307927,-79.9991304069,Beltzhoover,3,18
624427,0078L00217000000,"2833 MOUNT TROY RD, Pittsburgh, PA 15212",15212,Condemned/Dead End Property,2021-02-22,Fail,3,0078L00217000000,Active,40.4761741793,-79.9882232862,Spring Garden,1,26
624428,0078L00217000000,"2833 MOUNT TROY RD, Pittsburgh, PA 15212",15212,Condemned/Dead End Property,2023-07-14,,,0078L00217000000,Active,40.4761741793,-79.9882232862,Spring Garden,1,26
624429,0120P00353000000,"1030 PREMIER ST, Pittsburgh, 15201",15201,Condemned/Dead End Property,2025-12-04,Pass,0,0120P00353000000,Active,40.4835877413,-79.9413843043,Stanton Heights,7,10
624430,0001H00046000000,"207 1ST AVE, Pittsburgh, PA 15222",15222,Condemned/Dead End Property,2023-11-29,Fail,1,0001H00046000000,Active,40.4385833088,-80.00360478,Central Business District,6,1
624431,0173J00186000000,"1258 LINCOLN AVE, Pittsburgh, 15206",15206,Condemned/Dead End Property,2020-09-03,Fail,2,0173J00186000000,Active,40.4663603461,-79.8971474642,Lincoln-Lemington-Belmar,9,12
624432,0173J00186000000,"1258 LINCOLN AVE, Pittsburgh, 15206",15206,Condemned/Dead End Property,2023-07-19,,,0173J00186000000,Active,40.4663603461,-79.8971474642,Lincoln-Lemington-Belmar,9,12
624433,0014E00251000000,"621 FREELAND ST, Pittsburgh, PA 15210",15210,Condemned/Dead End Property,2020-08-28,Fail,2,0014E00251000000,Active,40.4192408834,-79.9964157443,Allentown,3,18
624434,0175D00178000000,"7907 INGLENOOK PL, Pittsburgh, 15208",15221,Condemned/Dead End Property,2020-09-01,Fail,2,0175D00178000000,Active,40.4514275051,-79.8854591844,Homewood South,9,13
624435,0175D00178000000,"7907 INGLENOOK PL, Pittsburgh, 15208",15221,Condemned/Dead End Property,2026-04-17,,,0175D00178000000,Active,40.4514275051,-79.8854591844,Homewood South,9,13
624436,0014R00059000000,"138 ZARA ST, Pittsburgh, 15210",15210,Condemned/Dead End Property,2020-09-10,Fail,2,0014R00059000000,Active,40.4156659232,-79.9899965067,Knoxville,3,30
624437,0014R00059000000,"138 ZARA ST, Pittsburgh, 15210",15210,Condemned/Dead End Property,2023-11-06,Fail,1,0014R00059000000,Active,40.4156659232,-79.9899965067,Knoxville,3,30
624438,0033A00260000000,"417 ARABELLA ST, Pittsburgh, 15210",15210,Condemned/Dead End Property,2026-07-29,Fail,2,0033A00260000000,Active,40.4128927529,-79.9961107185,Knoxville,3,30
624439,0054J00282000000,"406 ALGER ST, Pittsburgh, PA 15207",15207,Condemned/Dead End Property,2026-03-27,Fail,3,0054J00282000000,Active,40.4266173877,-79.9463215349,Greenfield,5,15
624440,0042G00074000000,"3241 STAFFORD ST, Pittsburgh, 15204",15204,Condemned/Dead End Property,2020-09-09,Fail,2,0042G00074000000,Active,40.4596656546,-80.0546029359,Sheraden,2,20
624441,0054P00082000000,"4117 LYDIA ST, Pittsburgh, 15207",15207,Condemned/Dead End Property,2020-10-20,Pass,0,0054P00082000000,Active,40.4237722566,-79.9416575127,Greenfield,5,15
624442,0083B00378000000,"810 PORTLAND ST, Pittsburgh, 15206",15206,Condemned/Dead End Property,2022-07-06,Pass,0,0083B00378000000,Active,40.4718555826,-79.9253242195,Highland Park,7,11
624443,0033B00274000000,"223 MARLAND ST, Pittsburgh, 15210",15210,Condemned/Dead End Property,2025-02-24,Pass,0,0033B00274000000,Active,40.4121962116,-79.9916146974,Knoxville,3,30
624444,0138B00051000000,"816 MAYTIDE ST, Pittsburgh, 15227",15227,Condemned/Dead End Property,2026-07-24,Fail,1,0138B00051000000,Active,40.3846191066,-79.9941725854,Overbrook,4,32
624445,0029H00089000000,"3219 PARKVIEW AVE, Pittsburgh, 15213",15213,Condemned/Dead End Property,2020-10-02,Pass,0,0029H00089000000,Active,40.429998673,-79.9534787192,South Oakland,3,4
624446,0027B00285000000,"758 CHEROKEE ST, Pittsburgh, PA 15219",15219,Condemned/Dead End Property,2020-08-04,Fail,2,0027B00285000000,Active,40.4514307265,-79.9613050617,Upper Hill,6,5
624447,0027B00285000000,"758 CHEROKEE ST, Pittsburgh, PA 15219",15219,Condemned/Dead End Property,2021-09-21,Pass,0,0027B00285000000,Active,40.4514307265,-79.9613050617,Upper Hill,6,5
624448,0047E00014000000,"921 SOUTH SIDE AVE, Pittsburgh, PA 15212",15212,Condemned/Dead End Property,2026-08-11,Fail,2,0047E00014000000,Active,40.4695540188,-79.9985069042,Spring Hill-City View,1,26
624449,0014P00109000000,"221 ROCHELLE ST, Pittsburgh, 15210",15210,Condemned/Dead End Property,2024-03-20,Pass,0,0014P00109000000,Active,40.4152919488,-79.9916718158,Knoxville,3,30
624450,0033G00198000000,"100 MOORE AVE #5, Pittsburgh, PA 15210",15210,Condemned/Dead End Property,2023-06-13,Fail,1,0033G00198000000,Active,40.4113158879,-79.9901758312,Knoxville,3,30
624451,0124M00042000000,No primary address specified,15206,Condemned/Dead End Property,2024-10-28,Pass,0,0124M00042000000,Active,40.4654096571,-79.902447244,Lincoln-Lemington-Belmar,9,12
624452,0027A00151000000,"3021 VANCROFT ST, Pittsburgh, 15219",15219,Condemned/Dead End Property,2020-08-12,Fail,2,0027A00151000000,Active,40.4505990314,-79.9643803492,Upper Hill,6,5
624453,0026N00064000000,No primary address specified,15219,Condemned/Dead End Property,2020-10-02,Pass,0,0026N00064000000,Active,40.4529442361,-79.9644166124,Upper Hill,6,5
624454,0232E00011000000,No primary address specified,15221,Condemned/Dead End Property,2026-04-17,,,0232E00011000000,Active,40.449250843,-79.8825384197,East Hills,9,13
624455,0033B00036000000,"104 GRIMES AVE, Pittsburgh, 15210",15210,Condemned/Dead End Property,2020-09-01,Fail,2,0033B00036000000,Active,40.4138377264,-79.9926947768,Knoxville,3,30
624456,0055B00201000000,"4307 1/2 STANLEY ST, Pittsburgh, 15207",15207,Condemned/Dead End Property,2023-01-23,Pass,0,0055B00201000000,Active,40.4211626181,-79.9431160755,Greenfield,5,15
624457,0047C00236000000,"47 SCHUBERT ST, Pittsburgh, 15212",15212,Condemned/Dead End Property,2020-09-09,Fail,2,0047C00236000000,Active,40.471100081,-79.9884101751,Spring Garden,1,26
624458,0013G00364000000,"2708 BERG ST, Pittsburgh, 15203",15203,Condemned/Dead End Property,2021-03-10,Fail,1,0013G00364000000,Active,40.4192104936,-79.9703579602,South Side Slopes,3,16
624459,0013G00364000000,"2708 BERG ST, Pittsburgh, 15203",15203,Condemned/Dead End Property,2021-08-31,,,0013G00364000000,Active,40.4192104936,-79.9703579602,South Side Slopes,3,16
624460,0013G00364000000,"2708 BERG ST, Pittsburgh, 15203",15203,Condemned/Dead End Property,2026-03-02,Fail,1,0013G00364000000,Active,40.4192104936,-79.9703579602,South Side Slopes,3,16
624461,0046J00015000000,No primary address specified,15214,Condemned/Dead End Property,2025-06-30,Pass,0,0046J00015000000,Active,40.4671667588,-80.0152524962,Perry South,6,26
624462,0032E00110000000,"500 WALDE ST, Pittsburgh, 15210",15210,Condemned/Dead End Property,2023-04-06,Pass,0,0032E00110000000,Active,40.4104041101,-79.9794040166,Mt. Oliver,3,16
624463,0019C00053000000,"811 FURLEY ST, Pittsburgh, 15220",15220,Condemned/Dead End Property,2022-08-05,Pass,0,0019C00053000000,Active,40.4428030244,-80.039054457,Elliott,2,20
624464,0019C00053000000,"811 FURLEY ST, Pittsburgh, 15220",15220,Condemned/Dead End Property,2025-09-30,Fail,2,0019C00053000000,Active,40.4428030244,-80.039054457,Elliott,2,20
624465,0033K00139000000,"245 REIFERT ST, Pittsburgh, 15210",15210,Condemned/Dead End Property,2020-08-06,Fail,2,0033K00139000000,Active,40.4085454469,-79.9937218007,Knoxville,3,30
624466,0033K00139000000,"245 REIFERT ST, Pittsburgh, 15210",15210,Condemned/Dead End Property,2023-12-08,,,0033K00139000000,Active,40.4085454469,-79.9937218007,Knoxville,3,30
624467,0013R00081000000,"221 ROTHMAN ST, Pittsburgh, 15210",15210,Condemned/Dead End Property,2020-09-09,Fail,1,0013R00081000000,Active,40.4153236209,-79.9725291457,Arlington,3,16
624468,0042S00234000000,"2772 ZEPHYR AVE, Pittsburgh, 15204",15204,Condemned/Dead End Property,2020-09-10,Fail,1,0042S00234000000,Active,40.4544032938,-80.0513569669,Sheraden,2,20
624469,0033F00274000000,No primary address specified,15210,Condemned/Dead End Property,2020-11-16,Pass,0,0033F00274000000,Active,40.409318728,-79.9948346128,Knoxville,3,30
624470,0013A00144000000,No primary address specified,15203,Condemned/Dead End Property,2023-11-07,Pass,0,0013A00144000000,Active,40.4216684984,-79.9810724832,South Side Slopes,3,17
624471,0025M00234000000,"3029 PAULOWNA ST, Pittsburgh, PA 15219",15219,Condemned/Dead End Property,2026-09-21,,,0025M00234000000,Active,40.4560263796,-79.9673872484,Polish Hill,7,6
624472,0010D00139000000,No primary address specified,15219,Condemned/Dead End Property,2021-02-18,Pass,0,0010D00139000000,Active,40.4518125181,-79.9681344683,Middle Hill,6,5
624473,0056N00061000A00,"5152 CHAPLAIN Way, Pittsburgh, PA 15207",15207,Condemned/Dead End Property,2025-08-06,Pass,0,0056N00061000A00,Active,40.4054228071,-79.9457671011,Hazelwood,5,15
624474,0012J00121000000,"1711 SARAH ST, Pittsburgh, PA 15203",15203,Condemned/Dead End Property,2025-11-25,Fail,2,0012J00121000000,Active,40.428079441,-79.9816398274,South Side Flats,3,17
624475,0046N00152000000,"2144 HOLYOKE ST, Pittsburgh, 15214",15214,Condemned/Dead End Property,2025-07-16,Fail,2,0046N00152000000,Active,40.4641101025,-80.0138665926,Perry South,6,25
624476,0046N00152000000,"2144 HOLYOKE ST, Pittsburgh, 15214",15214,Condemned/Dead End Property,2026-01-28,Pass,0,0046N00152000000,Active,40.4641101025,-80.0138665926,Perry South,6,25
624477,0015M00162000000,"423 SYLVANIA AVE, Pittsburgh, 15210",15210,Condemned/Dead End Property,2026-08-21,Fail,3,0015M00162000000,Active,40.417682802,-79.9994949467,Beltzhoover,3,18
624478,0015M00162000000,"423 SYLVANIA AVE, Pittsburgh, 15210",15210,Condemned/Dead End Property,2026-08-21,,,0015M00162000000,Active,40.417682802,-79.9994949467,Beltzhoover,3,18
624479,0014L00101000000,No primary address specified,15210,Condemned/Dead End Property,2020-11-04,Pass,0,0014L00101000000,Active,40.4175818134,-79.9890704429,Knoxville,3,30
624480,0049M00319000000,"4443 HOWLEY ST, Pittsburgh, 15224",15224,Condemned/Dead End Property,2025-03-31,Fail,1,0049M00319000000,Active,40.4650710548,-79.9517125092,Bloomfield,7,9
624481,0014L00148000000,"130 JUCUNDA ST, Pittsburgh, 15210",15210,Condemned/Dead End Property,2020-09-02,Fail,1,0014L00148000000,Active,40.4171682738,-79.9892848327,Knoxville,3,30
624482,0027B00124000000,"3204 CAMP ST, Pittsburgh, 15219",15219,Condemned/Dead End Property,2024-05-14,Pass,0,0027B00124000000,Active,40.4516047525,-79.9588979947,Upper Hill,6,5
624483,0011K00159000000,"2030 FORBES AVE, Pittsburgh, 15219",15219,Condemned/Dead End Property,2025-05-09,Fail,2,0011K00159000000,Active,40.4370406839,-79.9765148144,Bluff,6,1
624484,0046A00186000000,"231 LURAY ST, Pittsburgh, 15214",15214,Condemned/Dead End Property,2023-06-13,,,0046A00186000000,Active,40.4715015636,-80.0143101931,Perry South,6,26
624485,0046A00186000000,"231 LURAY ST, Pittsburgh, 15214",15214,Condemned/Dead End Property,2023-08-02,Fail,2,0046A00186000000,Active,40.4715015636,-80.0143101931,Perry South,6,26
624486,0114S00184000000,No primary address specified,15212,Condemned/Dead End Property,2022-09-16,Pass,0,0114S00184000000,Active,40.4838819969,-80.0333979412,Brighton Heights,1,27
624487,0173F00085000000,"7143 LEMINGTON AVE, Pittsburgh, 15206",15206,Condemned/Dead End Property,2026-07-29,,,0173F00085000000,Active,40.4676699446,-79.8949390322,Lincoln-Lemington-Belmar,9,12
624488,0174H00225000000,No primary address specified,15221,Condemned/Dead End Property,2020-10-16,Pass,0,0174H00225000000,Active,40.4591032953,-79.8845564649,Homewood North,9,13
624489,0003S00101000000,"106 BROSVILLE ST, Pittsburgh, 15203",15203,Condemned/Dead End Property,2020-08-25,Fail,2,0003S00101000000,Active,40.424689223,-79.9861504084,South Side Slopes,3,17
624490,0010K00052000000,"2162 WYLIE AVE, Pittsburgh, 15219",15219,Condemned/Dead End Property,2020-11-18,Fail,1,0010K00052000000,Active,40.4456008522,-79.9770909368,Middle Hill,6,5
624491,0010K00052000000,"2162 WYLIE AVE, Pittsburgh, 15219",15219,Condemned/Dead End Property,2020-12-03,Pass,0,0010K00052000000,Active,40.4456008522,-79.9770909368,Middle Hill,6,5
624492,0024F00130000000,"1006 SALTER Way, Pittsburgh, PA 15212",15212,Condemned/Dead End Property,2026-07-29,Fail,1,0024F00130000000,Active,40.4585249165,-79.9945686007,Spring Garden,1,23
624493,0023E00366000000,"1720 BRIGHTON RD, Pittsburgh, 15212",15212,Condemned/Dead End Property,2020-08-25,Fail,3,0023E00366000000,Active,40.4590463903,-80.0159888117,Central Northside,6,25
624494,0023E00366000000,"1720 BRIGHTON RD, Pittsburgh, 15212",15212,Condemned/Dead End Property,2025-03-04,Pass,0,0023E00366000000,Active,40.4590463903,-80.0159888117,Central Northside,6,25
624495,0077N00106000000,No primary address specified,15214,Condemned/Dead End Property,2023-06-14,Pass,0,0077N00106000000,Active,40.4739547032,-80.0124537011,Perry South,6,26
624496,0033A00243000000,"431 PARKLOW ST, Pittsburgh, 15210",15210,Condemned/Dead End Property,2023-04-06,Fail,1,0033A00243000000,Active,40.4132288736,-79.996490043,Knoxville,3,30
624497,0045N00318000000,"2406 CALIFORNIA AVE, Pittsburgh, 15212",15212,Condemned/Dead End Property,2024-02-14,Fail,1,0045N00318000000,Active,40.4641293953,-80.0318933348,Marshall-Shadeland,6,27
624498,0045N00318000000,"2406 CALIFORNIA AVE, Pittsburgh, 15212",15212,Condemned/Dead End Property,2025-03-11,Pass,0,0045N00318000000,Active,40.4641293953,-80.0318933348,Marshall-Shadeland,6,27
624499,0026N00067000000,No primary address specified,15219,Condemned/Dead End Property,2020-10-16,Pass,0,0026N00067000000,Active,40.4530757458,-79.9642200062,Upper Hill,6,5
624500,0010D00166000B00,"2713 WEBSTER AVE, Pittsburgh, 15219",15219,Condemned/Dead End Property,2020-07-28,Fail,2,0010D00166000B00,Active,40.4511034588,-79.9694507205,Bedford Dwellings,6,5
624501,0010D00166000B00,"2713 WEBSTER AVE, Pittsburgh, 15219",15219,Condemned/Dead End Property,2026-01-20,Fail,1,0010D00166000B00,Active,40.4511034588,-79.9694507205,Bedford Dwellings,6,5
624502,0014N00034000000,No primary address specified,15210,Condemned/Dead End Property,2023-11-21,Pass,0,0014N00034000000,Active,40.4145198711,-79.9991157157,Beltzhoover,3,18
624503,0022E00280000000,"1438 ADAMS ST, Pittsburgh, 15233",15233,Condemned/Dead End Property,2023-10-11,Pass,0,0022E00280000000,Active,40.4585038206,-80.0293053115,Manchester,6,21
624504,0022E00280000000,"1438 ADAMS ST, Pittsburgh, 15233",15233,Condemned/Dead End Property,2023-10-11,Fail,2,0022E00280000000,Active,40.4585038206,-80.0293053115,Manchester,6,21
624505,0029S00048000000,No primary address specified,15207,Condemned/Dead End Property,2024-05-30,Pass,0,0029S00048000000,Active,40.4258294572,-79.9501481628,Greenfield,5,15
624506,0023H00341000000,No primary address specified,15212,Condemned/Dead End Property,2021-03-02,Pass,0,0023H00341000000,Active,40.4597031543,-80.0012338789,Fineview,1,25
624507,0056G00022000000,"324 FLOWERS AVE, Pittsburgh, 15207",15207,Condemned/Dead End Property,2025-01-24,Fail,1,0056G00022000000,Active,40.4111738087,-79.9396506924,Hazelwood,5,15
624508,0035C00084000000,No primary address specified,15216,Condemned/Dead End Property,2026-04-14,Pass,0,0035C00084000000,Active,40.4126831378,-80.0232235798,Beechview,4,19
624509,0044D00151000000,No primary address specified,15212,Condemned/Dead End Property,2022-11-28,Pass,0,0044D00151000000,Active,40.4710462565,-80.0329302139,Marshall-Shadeland,6,27
624510,0027A00309000000,"710 ANAHEIM ST, Pittsburgh, 15219",15219,Condemned/Dead End Property,2020-08-04,Fail,1,0027A00309000000,Active,40.4524349029,-79.9628159038,Upper Hill,6,5
624511,0027A00309000000,"710 ANAHEIM ST, Pittsburgh, 15219",15219,Condemned/Dead End Property,2024-04-26,Pass,0,0027A00309000000,Active,40.4524349029,-79.9628159038,Upper Hill,6,5
624512,0088C00035000000,"6560 ROSEMOOR ST, Pittsburgh, 15217",15217,Condemned/Dead End Property,2024-07-25,Fail,1,0088C00035000000,Active,40.4224304672,-79.9216884937,Squirrel Hill South,5,14
624513,0026D00077000000,"452 TAYLOR ST, Pittsburgh, 15224",15224,Condemned/Dead End Property,2025-01-06,Fail,2,0026D00077000000,Active,40.4601685592,-79.952988864,Bloomfield,7,8
624514,0022L00153000000,"1121 N FRANKLIN ST, Pittsburgh, 15233",15233,Condemned/Dead End Property,2020-07-31,Fail,1,0022L00153000000,Active,40.4564050985,-80.0227007928,Manchester,6,21
624515,0022L00153000000,"1121 N FRANKLIN ST, Pittsburgh, 15233",15233,Condemned/Dead End Property,2026-09-22,,,0022L00153000000,Active,40.4564050985,-80.0227007928,Manchester,6,21
624516,0174E00251000000,"7132 IDLEWILD ST, Pittsburgh, 15208",15208,Condemned/Dead End Property,2020-07-14,Fail,3,0174E00251000000,Active,40.4582007074,-79.8970668053,Homewood North,9,13
624517,0174E00251000000,"7132 IDLEWILD ST, Pittsburgh, 15208",15208,Condemned/Dead End Property,2026-02-18,Pass,0,0174E00251000000,Active,40.4582007074,-79.8970668053,Homewood North,9,13
624518,0071K00199000000,"1569 SUMMERDALE ST, Pittsburgh, 15204",15204,Condemned/Dead End Property,2024-09-17,Fail,2,0071K00199000000,Active,40.4561338718,-80.0758166651,Windgap,2,28
624519,0035D00116000A00,"1504 ORANGEWOOD AVE, Pittsburgh, 15216",15216,Condemned/Dead End Property,2024-03-27,Pass,0,0035D00116000A00,Active,40.4119916641,-80.0186347961,Beechview,4,19
624520,0023S00309000000,"806 JAMES ST, Pittsburgh, 15212",15212,Condemned/Dead End Property,2025-02-11,Fail,2,0023S00309000000,Active,40.4545967569,-80.0007262963,East Allegheny,1,23
624521,0174F00169000000,"7300 MONTICELLO ST, Pittsburgh, 15208",15208,Condemned/Dead End Property,2023-03-23,Fail,2,0174F00169000000,Active,40.4588179882,-79.8932610626,Homewood North,9,13
624522,0076K00313000000,"3229 WARDWELL ST, Pittsburgh, 15212",15212,Condemned/Dead End Property,2020-09-10,Fail,2,0076K00313000000,Active,40.4765364023,-80.0273774416,Marshall-Shadeland,1,27
624523,0076K00313000000,"3229 WARDWELL ST, Pittsburgh, 15212",15212,Condemned/Dead End Property,2022-12-20,Pass,0,0076K00313000000,Active,40.4765364023,-80.0273774416,Marshall-Shadeland,1,27
624524,0071H00167000000,"1125 OETTING ST, Pittsburgh, 15204",15204,Condemned/Dead End Property,2020-12-09,Pass,0,0071H00167000000,Active,40.4590401297,-80.0669176619,Sheraden,2,20
624525,0124L00217000000,"6555 ROWAN ST, Pittsburgh, 15206",15206,Condemned/Dead End Property,2025-03-07,Fail,2,0124L00217000000,Active,40.4659330854,-79.9050514453,Lincoln-Lemington-Belmar,9,12
624526,0021J00020000000,"2762 STAFFORD ST, Pittsburgh, 15204",15204,Condemned/Dead End Property,2020-09-09,Fail,1,0021J00020000000,Active,40.4559390028,-80.0495190971,Sheraden,2,20
624527,0010F00107000000,"2348 BEDFORD AVE, Pittsburgh, 15219",15219,Condemned/Dead End Property,2020-07-14,Fail,3,0010F00107000000,Active,40.4494947496,-79.9749037318,Middle Hill,6,5
624528,0115D00251000000,"3949 PERRYSVILLE AVE, Pittsburgh, 15214",15214,Condemned/Dead End Property,2024-01-31,Fail,2,0115D00251000000,Active,40.4907181537,-80.0197264635,Perry North,1,26
624529,0045N00231000A00,"2318 COLORADO ST, Pittsburgh, 15212",15212,Condemned/Dead End Property,2023-09-22,Fail,2,0045N00231000A00,Active,40.4628314066,-80.0308090999,Marshall-Shadeland,6,27
624530,0045N00231000A00,"2318 COLORADO ST, Pittsburgh, 15212",15212,Condemned/Dead End Property,2024-03-27,Pass,0,0045N00231000A00,Active,40.4628314066,-80.0308090999,Marshall-Shadeland,6,27
624531,0014K00004000000,"722 LILLIAN ST, Pittsburgh, 15210",15210,Condemned/Dead End Property,2020-09-03,Fail,2,0014K00004000000,Active,40.4185245209,-79.9948180418,Allentown,3,18
624532,0015R00256000000,No primary address specified,15210,Condemned/Dead End Property,2023-11-15,,,0015R00256000000,Active,40.4157213069,-80.0046410585,Beltzhoover,3,18
624533,0125H00258000000,"7014 FRANKSTOWN AVE, Pittsburgh, PA 15208",15208,Condemned/Dead End Property,2020-08-28,Fail,2,0125H00258000000,Active,40.4580892705,-79.900535873,Homewood South,9,13
624534,0125H00258000000,"7014 FRANKSTOWN AVE, Pittsburgh, PA 15208",15208,Condemned/Dead End Property,2024-02-28,,,0125H00258000000,Active,40.4580892705,-79.900535873,Homewood South,9,13
624535,0014F00195000000,"821 PROCTOR Way, Pittsburgh, 15210",15210,Condemned/Dead End Property,2020-09-08,Fail,2,0014F00195000000,Active,40.4205495692,-79.992840448,Allentown,3,18
624536,0057B00088000000,"5419 2ND AVE, Pittsburgh, 15207",15207,Condemned/Dead End Property,2023-10-19,Fail,3,0057B00088000000,Active,40.4025394675,-79.9412036881,Hazelwood,5,15
624537,0024C00054000000,"1305 DIANA ST, Pittsburgh, 15212",15212,Condemned/Dead End Property,2020-08-27,Pass,0,0024C00054000000,Active,40.4615044589,-79.9908723127,Spring Garden,1,24
624538,0010H00177000000,"541 MORGAN ST, Pittsburgh, 15219",15219,Condemned/Dead End Property,2020-08-17,Fail,2,0010H00177000000,Active,40.448811467,-79.96772797,Middle Hill,6,5
624539,0010H00177000000,"541 MORGAN ST, Pittsburgh, 15219",15219,Condemned/Dead End Property,2020-11-04,Fail,1,0010H00177000000,Active,40.448811467,-79.96772797,Middle Hill,6,5
624540,0013N00224000000,"445 PARKWOOD RD, Pittsburgh, 15210",15210,Condemned/Dead End Property,2023-03-09,Pass,0,0013N00224000000,Active,40.4145333781,-79.9796709368,Arlington,3,16
624541,0045A00267000000,No primary address specified,15212,Condemned/Dead End Property,2025-03-03,,,0045A00267000000,Active,40.4700828929,-80.0296313582,Marshall-Shadeland,6,27
624542,0174P00200000000,"612 STERRETT ST, Pittsburgh, 15208",15208,Condemned/Dead End Property,2020-09-09,Fail,2,0174P00200000000,Active,40.454386694,-79.8949391014,Homewood South,9,13
624543,0077N00342000000,No primary address specified,15214,Condemned/Dead End Property,2020-12-29,Pass,0,0077N00342000000,Active,40.4722852536,-80.0130718459,Perry South,6,26
624544,0015K00141000000,No primary address specified,15210,Condemned/Dead End Property,2020-11-16,Pass,0,0015K00141000000,Active,40.4179378318,-80.0088724719,Beltzhoover,3,18
624545,0033A00338000000,"419 MOORE AVE, Pittsburgh, 15210",15210,Condemned/Dead End Property,2025-11-19,Fail,1,0033A00338000000,Active,40.4121025219,-79.9958804328,Knoxville,3,30
624546,0050K00332000000,"5009 PENN AVE, Pittsburgh, PA 15224",15224,Condemned/Dead End Property,2020-06-10,Fail,1,0050K00332000000,Active,40.4653111849,-79.9436107252,Garfield,9,10
624547,0014P00096000000,"226 ZARA ST, Pittsburgh, PA 15210",15210,Condemned/Dead End Property,2022-06-27,Pass,0,0014P00096000000,Active,40.4156123964,-79.9918746487,Knoxville,3,30
624548,0124L00270000000,"6558 ROWAN ST, Pittsburgh, 15206",15206,Condemned/Dead End Property,2026-09-16,,,0124L00270000000,Active,40.4655131717,-79.9052989819,Lincoln-Lemington-Belmar,9,12
624549,0024G00076000000,No primary address specified,15212,Condemned/Dead End Property,2022-10-03,Pass,0,0024G00076000000,Active,40.4593484013,-79.9904814824,Spring Garden,1,24
624550,0070J00038000000,"410 FAIRYWOOD ST, Pittsburgh, 15205",15205,Condemned/Dead End Property,2026-04-22,Pass,0,0070J00038000000,Active,40.4475877415,-80.0798186441,Fairywood,2,28
624551,0015M00313000000,No primary address specified,15210,Condemned/Dead End Property,2024-03-01,Pass,0,0015M00313000000,Active,40.4164023077,-80.0033353605,Beltzhoover,3,18
624552,0083E00007000000,No primary address specified,15206,Condemned/Dead End Property,2020-08-28,Pass,0,0083E00007000000,Active,40.4683838211,-79.9324511363,Garfield,9,11
624553,0023E00249000000,"511 ARMANDALE ST, Pittsburgh, 15212",15212,Condemned/Dead End Property,2026-06-11,Fail,2,0023E00249000000,Active,40.4582424401,-80.0129615586,Central Northside,1,25
624554,0013K00196000000,"2126 SPRING ST, Pittsburgh, 15210",15210,Condemned/Dead End Property,2025-07-29,Fail,2,0013K00196000000,Active,40.4163325496,-79.9763557307,Arlington,3,16
624555,0025S00173000A00,"2904 WHITE ST, Pittsburgh, 15219",15219,Condemned/Dead End Property,2020-08-20,Fail,2,0025S00173000A00,Active,40.4532768096,-79.9679502108,Bedford Dwellings,6,5
624556,0175H00046000000,No primary address specified,15221,Condemned/Dead End Property,2020-10-19,Pass,0,0175H00046000000,Active,40.4488508509,-79.8869200451,Homewood South,9,13
624557,0174R00045000000,"720 N BRADDOCK AVE, Pittsburgh, 15208",15221,Condemned/Dead End Property,2020-08-25,Fail,2,0174R00045000000,Active,40.4546509867,-79.8903057397,Homewood South,9,13
624558,0174R00045000000,"720 N BRADDOCK AVE, Pittsburgh, 15208",15221,Condemned/Dead End Property,2026-03-23,,,0174R00045000000,Active,40.4546509867,-79.8903057397,Homewood South,9,13
624559,0174R00045000000,"720 N BRADDOCK AVE, Pittsburgh, 15208",15221,Condemned/Dead End Property,2026-06-02,,,0174R00045000000,Active,40.4546509867,-79.8903057397,Homewood South,9,13
624560,0047G00084000000,"2118 ROCKLEDGE ST, Pittsburgh, PA 15212",15212,Condemned/Dead End Property,2021-07-28,Fail,2,0047G00084000000,Active,40.4679907005,-79.9900797595,Spring Hill-City View,1,26
624561,0014R00023000000,No primary address specified,15210,Condemned/Dead End Property,2020-11-04,Pass,0,0014R00023000000,Active,40.4160970376,-79.989423456,Knoxville,3,30
624562,0044H00233000000,"2674 CALIFORNIA AVE, Pittsburgh, 15212",15212,Condemned/Dead End Property,2023-01-18,Pass,0,0044H00233000000,Active,40.4675842954,-80.0348199565,Marshall-Shadeland,6,27
624563,0044H00233000000,"2674 CALIFORNIA AVE, Pittsburgh, 15212",15212,Condemned/Dead End Property,2026-08-05,Fail,1,0044H00233000000,Active,40.4675842954,-80.0348199565,Marshall-Shadeland,6,27
624564,0035E00158000000,"849 COAST AVE, Pittsburgh, PA 15216",15216,Condemned/Dead End Property,2024-06-07,Fail,2,0035E00158000000,Active,40.4091529696,-80.0306784063,Beechview,2,20
624565,0047E00052000000,No primary address specified,15212,Condemned/Dead End Property,2025-07-22,Pass,0,0047E00052000000,Active,40.4688066003,-79.9986362104,Spring Hill-City View,1,26
624566,0014J00030000000,No primary address specified,15210,Condemned/Dead End Property,2022-08-03,Pass,0,0014J00030000000,Active,40.4169745148,-79.9959868304,Knoxville,3,30
624567,0125B00331000000,No primary address specified,15206,Condemned/Dead End Property,2022-07-07,Pass,0,0125B00331000000,Active,40.4606554657,-79.9087441187,Larimer,9,12
624568,0076N00024000A00,"2 DAVIS Row, Pittsburgh, 15212",15212,Condemned/Dead End Property,2023-07-28,,,0076N00024000A00,Active,40.4741031396,-80.0318497543,Marshall-Shadeland,6,27
624569,0076N00024000A00,"2 DAVIS Row, Pittsburgh, 15212",15212,Condemned/Dead End Property,2023-07-28,Fail,1,0076N00024000A00,Active,40.4741031396,-80.0318497543,Marshall-Shadeland,6,27
624570,0029C00251000A00,"111 OAKLAND CT, Pittsburgh, 15213",15213,Condemned/Dead End Property,2021-04-12,Pass,0,0029C00251000A00,Active,40.4313113154,-79.9548526127,South Oakland,3,4
624571,0029C00251000A00,"111 OAKLAND CT, Pittsburgh, 15213",15213,Condemned/Dead End Property,2022-04-06,Fail,1,0029C00251000A00,Active,40.4313113154,-79.9548526127,South Oakland,3,4
624572,0050G00236000000,"5155 HILLCREST ST, Pittsburgh, 15224",15224,Condemned/Dead End Property,2020-06-17,Fail,3,0050G00236000000,Active,40.4687016498,-79.9402012241,Garfield,9,10
624573,0010R00120000200,No primary address specified,15219,Condemned/Dead End Property,2021-08-04,Pass,0,0010R00120000200,Active,40.4453971134,-79.9730345845,Middle Hill,6,5
624574,0045E00051000000,"1310 WOODLAND AVE, Pittsburgh, PA 15212",15212,Condemned/Dead End Property,2026-08-05,Fail,2,0045E00051000000,Active,40.4693530903,-80.0306117858,Marshall-Shadeland,6,27
624575,0174F00056000000,"7208 HERMITAGE ST, Pittsburgh, PA 15208",15208,Condemned/Dead End Property,2026-04-23,,,0174F00056000000,Active,40.459897182,-79.8948148792,Homewood North,9,13
624576,0174J00397000000,"7203 FRANKSTOWN AVE, Pittsburgh, 15208",15208,Condemned/Dead End Property,2025-12-10,Fail,2,0174J00397000000,Active,40.4575111084,-79.8959514961,Homewood North,9,13
624577,0075M00264000A00,"1402 LECKY AVE, Pittsburgh, 15212",15212,Condemned/Dead End Property,2023-03-13,,,0075M00264000A00,Active,40.475723125,-80.0336953213,Marshall-Shadeland,6,27
624578,0075M00264000A00,"1402 LECKY AVE, Pittsburgh, 15212",15212,Condemned/Dead End Property,2023-03-13,Fail,1,0075M00264000A00,Active,40.475723125,-80.0336953213,Marshall-Shadeland,6,27
624579,0075M00264000A00,"1402 LECKY AVE, Pittsburgh, 15212",15212,Condemned/Dead End Property,2026-07-24,Pass,0,0075M00264000A00,Active,40.475723125,-80.0336953213,Marshall-Shadeland,6,27
624580,0022B00046000000,"1225 SUCCESS ST, Pittsburgh, 15212",15212,Condemned/Dead End Property,2020-07-21,Fail,1,0022B00046000000,Active,40.4624466345,-80.0258316405,California-Kirkbride,6,21
624581,0022B00046000000,"1225 SUCCESS ST, Pittsburgh, 15212",15212,Condemned/Dead End Property,2021-09-10,Pass,0,0022B00046000000,Active,40.4624466345,-80.0258316405,California-Kirkbride,6,21
624582,0022B00046000000,"1225 SUCCESS ST, Pittsburgh, 15212",15212,Condemned/Dead End Property,2026-05-26,Fail,1,0022B00046000000,Active,40.4624466345,-80.0258316405,California-Kirkbride,6,21
624583,0124H00246000000,"1244 MONTEZUMA ST, Pittsburgh, 15206",15206,Condemned/Dead End Property,2020-08-14,Fail,2,0124H00246000000,Active,40.4681332604,-79.9015130955,Lincoln-Lemington-Belmar,9,12
624584,0124H00246000000,"1244 MONTEZUMA ST, Pittsburgh, 15206",15206,Condemned/Dead End Property,2024-04-10,Pass,0,0124H00246000000,Active,40.4681332604,-79.9015130955,Lincoln-Lemington-Belmar,9,12
624585,0024E00185000000,"835 VISTA ST, Pittsburgh, 15212",15212,Condemned/Dead End Property,2020-09-10,Fail,1,0024E00185000000,Active,40.4582316795,-79.9970343502,East Allegheny,1,23
624586,0046B00092000000,"2522 PERRYSVILLE AVE, Pittsburgh, 15214",15214,Condemned/Dead End Property,2020-09-08,Fail,1,0046B00092000000,Active,40.4703133362,-80.0080274667,Perry South,6,26
624587,0095K00233000000,"2230 LUCINA AVE, Pittsburgh, 15210",15210,Condemned/Dead End Property,2022-10-26,Pass,0,0095K00233000000,Active,40.3882047147,-79.9926695158,Overbrook,4,32
624588,0046N00243000000,"2112 WILSON AVE, Pittsburgh, PA 15214",15214,Condemned/Dead End Property,2020-09-10,Fail,2,0046N00243000000,Active,40.4641241783,-80.0121481242,Perry South,6,25
624589,0077P00171000000,"2648 VETERAN ST, Pittsburgh, 15214",15214,Condemned/Dead End Property,2020-09-09,Fail,2,0077P00171000000,Active,40.4722205051,-80.0091910892,Perry South,6,26
624590,0077P00171000000,"2648 VETERAN ST, Pittsburgh, 15214",15214,Condemned/Dead End Property,2023-12-11,Pass,0,0077P00171000000,Active,40.4722205051,-80.0091910892,Perry South,6,26
624591,0010G00070000000,"2612 WEBSTER AVE, Pittsburgh, 15219",15219,Condemned/Dead End Property,2023-02-28,Fail,1,0010G00070000000,Active,40.4502949687,-79.9705483488,Middle Hill,6,5
624592,0020R00090000100,"923 CHARTIERS AVE, Pittsburgh, PA 15220",15220,Condemned/Dead End Property,2023-04-17,Fail,1,0020R00090000100,Active,40.4435389115,-80.0405168922,Elliott,2,20
624593,0077P00313000000,No primary address specified,15214,Condemned/Dead End Property,2026-01-20,Pass,0,0077P00313000000,Active,40.4724810498,-80.0109698232,Perry South,6,26
624594,0046A00044000000,"2645 LELAND ST, Pittsburgh, 15214",15214,Condemned/Dead End Property,2020-09-03,Fail,2,0046A00044000000,Active,40.4719117273,-80.0128308921,Perry South,6,26
624595,0046A00044000000,"2645 LELAND ST, Pittsburgh, 15214",15214,Condemned/Dead End Property,2024-03-18,Pass,0,0046A00044000000,Active,40.4719117273,-80.0128308921,Perry South,6,26
624596,0004J00041000000,"504 GRACE ST, Pittsburgh, 15211",15211,Condemned/Dead End Property,2024-06-04,Fail,2,0004J00041000000,Active,40.4280308066,-80.01504873,Mount Washington,2,19
624597,0056F00247000000,"222 FLOWERS AVE, Pittsburgh, PA 15207",15207,Condemned/Dead End Property,2020-08-28,Fail,1,0056F00247000000,Active,40.4102633352,-79.9417083971,Hazelwood,5,15
624598,0020L00262000000,No primary address specified,15220,Condemned/Dead End Property,2021-05-05,Pass,0,0020L00262000000,Active,40.4456627833,-80.0392890862,Elliott,2,20
624599,0060L00096000000,"111 W CHERRYHILL ST, Pittsburgh, 15210",15210,Condemned/Dead End Property,2025-05-13,Fail,2,0060L00096000000,Active,40.3976019569,-79.9902175016,Carrick,4,29
624600,0002F00330000000,"704 WATSON ST, Pittsburgh, PA 15282",15219,Condemned/Dead End Property,2025-03-27,Pass,0,0002F00330000000,Active,40.4381754377,-79.9931684108,Bluff,6,1
624601,0174A00062000000,"7142 MOUNT VERNON ST, Pittsburgh, PA 15208",15208,Condemned/Dead End Property,2020-09-04,Fail,2,0174A00062000000,Active,40.4614415629,-79.8956133299,Homewood North,9,13
624602,0174A00062000000,"7142 MOUNT VERNON ST, Pittsburgh, PA 15208",15208,Condemned/Dead End Property,2024-03-01,Pass,0,0174A00062000000,Active,40.4614415629,-79.8956133299,Homewood North,9,13
624603,0044H00102000000,"1516 WOODLAND AVE, Pittsburgh, 15212",15212,Condemned/Dead End Property,2026-07-29,Fail,1,0044H00102000000,Active,40.4685966799,-80.0339994855,Marshall-Shadeland,6,27
624604,0023G00060000000,"1413 BOYLE ST, Pittsburgh, 15212",15212,Condemned/Dead End Property,2020-08-24,Fail,1,0023G00060000000,Active,40.4578343187,-80.0066708184,Central Northside,1,25
624605,0070H00037000000,No primary address specified,15204,Condemned/Dead End Property,2020-12-03,Pass,0,0070H00037000000,Active,40.449704933,-80.067695746,Windgap,2,28
624606,0057C00163000A00,No primary address specified,15207,Condemned/Dead End Property,2026-06-11,Pass,0,0057C00163000A00,Active,40.402030286,-79.9381178513,Hazelwood,5,15
624607,0056L00245000000,"5041 GLENWOOD AVE, Pittsburgh, 15207",15207,Condemned/Dead End Property,2020-07-29,Fail,2,0056L00245000000,Active,40.4079492673,-79.939672859,Hazelwood,5,15
624608,0056L00245000000,"5041 GLENWOOD AVE, Pittsburgh, 15207",15207,Condemned/Dead End Property,2024-05-30,Fail,1,0056L00245000000,Active,40.4079492673,-79.939672859,Hazelwood,5,15
624609,0010M00024000000,No primary address specified,15219,Condemned/Dead End Property,2021-08-04,Pass,0,0010M00024000000,Active,40.4467227536,-79.9700636687,Middle Hill,6,5
624610,0231K00159000000,"8363 BRICELYN ST, Pittsburgh, PA 15221",15221,Condemned/Dead End Property,2023-11-15,Fail,2,0231K00159000000,Active,40.4560651812,-79.8776327697,East Hills,9,13
624611,0014N00226000000,No primary address specified,15210,Condemned/Dead End Property,2020-12-09,Pass,0,0014N00226000000,Active,40.414767458,-79.9954099243,Knoxville,3,30
624612,0014P00074000000,"322 ZARA ST, Pittsburgh, 15210",15210,Condemned/Dead End Property,2020-09-10,Fail,2,0014P00074000000,Active,40.4155487124,-79.9941834542,Knoxville,3,30
624613,0056L00287000000,"5019 STEELE CT, Pittsburgh, 15207",15207,Condemned/Dead End Property,2024-03-08,Fail,2,0056L00287000000,Active,40.408931016,-79.9393922737,Hazelwood,5,15
624614,0014N00129000000,"422 CHARLES ST, Pittsburgh, PA 15210",15210,Condemned/Dead End Property,2026-09-11,,,0014N00129000000,Active,40.4162148551,-79.9967732392,Knoxville,3,30
624615,0174F00289000000,"7309 IDLEWILD ST, Pittsburgh, 15208",15208,Condemned/Dead End Property,2026-04-17,,,0174F00289000000,Active,40.4577523307,-79.8932519805,Homewood North,9,13
624616,0174F00289000000,"7309 IDLEWILD ST, Pittsburgh, 15208",15208,Condemned/Dead End Property,2026-04-17,Fail,2,0174F00289000000,Active,40.4577523307,-79.8932519805,Homewood North,9,13
624617,0013J00134000000,"1825 WAITE ST, Pittsburgh, PA 15210",15210,Condemned/Dead End Property,2020-09-10,Fail,3,0013J00134000000,Active,40.4173599002,-79.9794564083,Arlington,3,16
624618,0026N00294000000,"3338 AJAX ST, Pittsburgh, 15213",15213,Condemned/Dead End Property,2024-03-15,Fail,3,0026N00294000000,Active,40.455146158,-79.9646516448,Upper Hill,6,5
624619,0026N00294000000,"3338 AJAX ST, Pittsburgh, 15213",15213,Condemned/Dead End Property,2025-09-30,Fail,1,0026N00294000000,Active,40.455146158,-79.9646516448,Upper Hill,6,5
624620,0023D00108000000,"6 EDENVALE ST, Pittsburgh, 15212",15212,Condemned/Dead End Property,2022-04-06,Fail,2,0023D00108000000,Active,40.4612850409,-80.0029333735,Fineview,1,25
624621,0003M00028000000,"1515 SARAH ST, Pittsburgh, 15203",15203,Condemned/Dead End Property,2026-03-11,Pass,0,0003M00028000000,Active,40.427759143,-79.9829591684,South Side Flats,3,17
624622,0044D00026000000,"1414 ECKERT ST, Pittsburgh, 15212",15212,Condemned/Dead End Property,2026-04-02,Fail,1,0044D00026000000,Active,40.4716407075,-80.0329428833,Marshall-Shadeland,6,27
624623,0046F00034000000,"36 KENWOOD AVE, Pittsburgh, PA 15214",15214,Condemned/Dead End Property,2026-02-23,Pass,0,0046F00034000000,Active,40.4693890087,-80.0103706606,Perry South,6,26
624624,0174K00342000B00,"7310 BENNETT ST, Pittsburgh, PA 15208",15208,Condemned/Dead End Property,2020-08-24,Fail,3,0174K00342000B00,Active,40.455686976,-79.8941302666,Homewood South,9,13
624625,0174L00318000000,"7606 RACE ST, Pittsburgh, 15208",15208,Condemned/Dead End Property,2025-06-04,Pass,0,0174L00318000000,Active,40.4571820393,-79.8891364725,Homewood North,9,13
624626,0124G00136000000,"6344 DEAN ST, Pittsburgh, 15206",15206,Condemned/Dead End Property,2020-08-27,Fail,2,0124G00136000000,Active,40.469479116,-79.9066306048,Lincoln-Lemington-Belmar,9,12
624627,0010D00281000B00,No primary address specified,15219,Condemned/Dead End Property,2021-02-17,Pass,0,0010D00281000B00,Active,40.4504088683,-79.9675359508,Middle Hill,6,5
624628,0184N00232000000,"1151 MARGRAY ST, Pittsburgh, PA 15207",15207,Condemned/Dead End Property,2020-09-04,Fail,1,0184N00232000000,Active,40.3673350388,-79.9154943378,Lincoln Place,5,31
624629,0057C00343000000,"240 RENOVA ST, Pittsburgh, 15207",15207,Condemned/Dead End Property,2024-02-16,Fail,2,0057C00343000000,Active,40.4019045869,-79.9373376879,Hazelwood,5,15
624630,0077P00322000000,"2655 ELLIS ST, Pittsburgh, PA 15214",15214,Condemned/Dead End Property,2024-05-22,Fail,2,0077P00322000000,Active,40.4722197775,-80.011417355,Perry South,6,26
624631,0077P00322000000,"2655 ELLIS ST, Pittsburgh, PA 15214",15214,Condemned/Dead End Property,2026-05-22,Pass,0,0077P00322000000,Active,40.4722197775,-80.011417355,Perry South,6,26
624632,0026P00184000000,"828 ADELAIDE ST, Pittsburgh, 15219",15219,Condemned/Dead End Property,2023-02-15,Fail,3,0026P00184000000,Active,40.4532905068,-79.9585147671,Upper Hill,6,5
624633,0044D00201000000,"1704 FORSYTHE ST, Pittsburgh, 15212",15212,Condemned/Dead End Property,2026-08-04,Fail,1,0044D00201000000,Active,40.4708185923,-80.0364963122,Marshall-Shadeland,6,27
624634,0046P00387000000,No primary address specified,15214,Condemned/Dead End Property,2025-08-26,Pass,0,0046P00387000000,Active,40.4643297922,-80.0081639556,Fineview,6,25
624635,0033A00244000000,"429 PARKLOW ST, Pittsburgh, 15210",15210,Condemned/Dead End Property,2020-12-10,Pass,0,0033A00244000000,Active,40.4132305304,-79.996398492,Knoxville,3,30
624636,0033A00244000000,"429 PARKLOW ST, Pittsburgh, 15210",15210,Condemned/Dead End Property,2023-10-11,Fail,1,0033A00244000000,Active,40.4132305304,-79.996398492,Knoxville,3,30
624637,0019R00035000000,"1159 MCCARTNEY ST, Pittsburgh, 15220",15220,Condemned/Dead End Property,2022-05-19,Fail,2,0019R00035000000,Active,40.4355642516,-80.0388042911,Westwood,2,20
624638,0042H00050000000,"3050 MERWYN AVE, Pittsburgh, 15204",15204,Condemned/Dead End Property,2021-11-04,Fail,2,0042H00050000000,Active,40.4584581806,-80.0529173283,Sheraden,2,20
624639,0042H00050000000,"3050 MERWYN AVE, Pittsburgh, 15204",15204,Condemned/Dead End Property,2022-10-10,Pass,0,0042H00050000000,Active,40.4584581806,-80.0529173283,Sheraden,2,20
624640,0046P00117000000,"1926 LITHGOW AVE, Pittsburgh, PA 15214",15214,Condemned/Dead End Property,2026-05-27,Fail,2,0046P00117000000,Active,40.4626413874,-80.0100041368,Perry South,6,25
624641,0046P00117000000,"1926 LITHGOW AVE, Pittsburgh, PA 15214",15214,Condemned/Dead End Property,2026-06-18,Pass,0,0046P00117000000,Active,40.4626413874,-80.0100041368,Perry South,6,25
624642,0173F00131000000,"1559 WESTMORELAND AVE, Pittsburgh, PA 15206",15206,Condemned/Dead End Property,2024-11-21,Pass,0,0173F00131000000,Active,40.4695922247,-79.8931399521,Lincoln-Lemington-Belmar,9,12
624643,0015S00159000000,No primary address specified,15210,Condemned/Dead End Property,2022-11-28,Pass,0,0015S00159000000,Active,40.4142744198,-80.0005786674,Beltzhoover,3,18
624644,0015G00033000000,"156 W WARRINGTON AVE, Pittsburgh, PA 15210",15210,Condemned/Dead End Property,2020-08-20,Fail,2,0015G00033000000,Active,40.4205758406,-80.005076009,Beltzhoover,3,18
624645,0026K00255000000,"3448 WEBSTER AVE, Pittsburgh, 15219",15219,Condemned/Dead End Property,2026-07-23,Fail,2,0026K00255000000,Active,40.4556682731,-79.9604427223,Upper Hill,6,5
624646,0014J00222000000,"519 CEDARHURST ST, Pittsburgh, 15210",15210,Condemned/Dead End Property,2026-07-29,Fail,1,0014J00222000000,Active,40.418566331,-79.9980225682,Beltzhoover,3,18
624647,0026K00078000000,No primary address specified,15213,Condemned/Dead End Property,2021-08-04,Pass,0,0026K00078000000,Active,40.456682041,-79.961079803,Upper Hill,6,5
624648,0010F00091000000,"711 CHAUNCEY ST, Pittsburgh, 15219",15219,Condemned/Dead End Property,2026-09-21,Fail,1,0010F00091000000,Active,40.4492769989,-79.9745476617,Middle Hill,6,5
624649,0010F00091000000,"711 CHAUNCEY ST, Pittsburgh, 15219",15219,Condemned/Dead End Property,2026-09-21,Fail,2,0010F00091000000,Active,40.4492769989,-79.9745476617,Middle Hill,6,5
624650,0061M00226000000,"63 PETUNIA ST, Pittsburgh, 15210",15210,Condemned/Dead End Property,2026-01-09,Fail,1,0061M00226000000,Active,40.3980459588,-80.0021313903,Brookline,4,32
624651,0174K00365000B00,"704 STERRETT ST, Pittsburgh, 15208",15208,Condemned/Dead End Property,2022-04-08,Fail,2,0174K00365000B00,Active,40.4553029754,-79.8945731105,Homewood South,9,13
624652,0174K00365000B00,"704 STERRETT ST, Pittsburgh, 15208",15208,Condemned/Dead End Property,2024-05-28,Pass,0,0174K00365000B00,Active,40.4553029754,-79.8945731105,Homewood South,9,13
624653,0125P00087000000,"6801 THOMAS BLVD, Pittsburgh, 15208",15208,Condemned/Dead End Property,2023-12-06,Fail,1,0125P00087000000,Active,40.4541455593,-79.9086732238,Point Breeze North,9,14
624654,0124L00133000000,"6512 DEARY ST, Pittsburgh, 15206",15206,Condemned/Dead End Property,2026-04-22,,,0124L00133000000,Active,40.4666785679,-79.9055367911,Lincoln-Lemington-Belmar,9,12
624655,0009M00073000B00,No primary address specified,15219,Condemned/Dead End Property,2021-08-04,Pass,0,0009M00073000B00,Active,40.4474426601,-79.9847851243,Crawford-Roberts,1,2
624656,0054F00176000000,"701 NAYLOR ST, Pittsburgh, 15207",15207,Condemned/Dead End Property,2022-10-21,Pass,0,0054F00176000000,Active,40.4300152873,-79.9427236976,Squirrel Hill South,5,14
624657,0019B00067000000,No primary address specified,15220,Condemned/Dead End Property,2024-08-26,Pass,0,0019B00067000000,Active,40.4415911847,-80.0411832691,Elliott,2,20
624658,0023G00302000000,"1534 FEDERAL ST, Pittsburgh, PA 15212",15212,Condemned/Dead End Property,2020-08-28,Fail,1,0023G00302000000,Active,40.4591959657,-80.0075704576,Fineview,1,25
624659,0022B00139000000,"1223 MARVISTA ST, Pittsburgh, 15212",15212,Condemned/Dead End Property,2020-09-03,Fail,2,0022B00139000000,Active,40.4614316159,-80.0257755451,California-Kirkbride,6,21
624660,0022B00139000000,"1223 MARVISTA ST, Pittsburgh, 15212",15212,Condemned/Dead End Property,2023-06-14,Pass,0,0022B00139000000,Active,40.4614316159,-80.0257755451,California-Kirkbride,6,21
624661,0232E00023000000,"534 KARL ST, Pittsburgh, 15221",15221,Condemned/Dead End Property,2024-07-18,Pass,0,0232E00023000000,Active,40.4501435966,-79.8827256921,East Hills,9,13
624662,0232E00023000000,"534 KARL ST, Pittsburgh, 15221",15221,Condemned/Dead End Property,2024-07-18,Fail,4,0232E00023000000,Active,40.4501435966,-79.8827256921,East Hills,9,13
624663,0173C00126000000,No primary address specified,15206,Condemned/Dead End Property,2023-07-25,Pass,0,0173C00126000000,Active,40.4701836681,-79.890349176,Lincoln-Lemington-Belmar,9,12
624664,0022H00105000000,"1730 MCCULLOUGH ST, Pittsburgh, 15212",15212,Condemned/Dead End Property,2020-09-04,Fail,2,0022H00105000000,Active,40.4591894649,-80.0168001746,California-Kirkbride,1,25
624665,0022H00105000000,"1730 MCCULLOUGH ST, Pittsburgh, 15212",15212,Condemned/Dead End Property,2023-10-12,Pass,0,0022H00105000000,Active,40.4591894649,-80.0168001746,California-Kirkbride,1,25
624666,0175C00231000000,"7729 TIOGA ST, Pittsburgh, 15208",15221,Condemned/Dead End Property,2026-03-05,Fail,2,0175C00231000000,Active,40.4509254017,-79.8887390626,Homewood South,9,13
624667,0075B00085000000,No primary address specified,15212,Condemned/Dead End Property,2025-07-29,Pass,0,0075B00085000000,Active,40.4813020571,-80.0437659402,Brighton Heights,1,27
624668,0174B00190000A00,"7204 MOUNT VERNON ST, Pittsburgh, PA 15208",15208,Condemned/Dead End Property,2025-01-15,Fail,2,0174B00190000A00,Active,40.4611484371,-79.8943093365,Homewood North,9,13
624669,0014E00106000000,"503 CLIMAX ST, Pittsburgh, 15210",15210,Condemned/Dead End Property,2020-08-27,Fail,3,0014E00106000000,Active,40.4201571759,-79.998659997,Beltzhoover,3,18
624670,0040G00005000000,"1526 CUMBERLAND ST, Pittsburgh, PA 15205",15205,Condemned/Dead End Property,2022-08-12,Pass,0,0040G00005000000,Active,40.4383075102,-80.0575346028,Crafton Heights,2,28
624671,0010M00083000000,"519 FRANCIS ST, Pittsburgh, 15219",15219,Condemned/Dead End Property,2021-07-14,Fail,2,0010M00083000000,Active,40.4477326402,-79.9681879799,Middle Hill,6,5
624672,0019C00187000000,"735 JANEWOOD Way, Pittsburgh, 15220",15220,Condemned/Dead End Property,2021-02-16,Pass,0,0019C00187000000,Active,40.4418701881,-80.0393354152,Elliott,2,20
624673,0046J00308000000,No primary address specified,15214,Condemned/Dead End Property,2023-01-18,Pass,0,0046J00308000000,Active,40.4665187593,-80.0121058031,Perry South,6,26
624674,0116P00242000000,"432 TALCO ST, Pittsburgh, 15214",15214,Condemned/Dead End Property,2020-06-04,Fail,3,0116P00242000000,Active,40.4822636718,-80.0090819926,Perry North,1,26
624675,0116P00242000000,"432 TALCO ST, Pittsburgh, 15214",15214,Condemned/Dead End Property,2023-08-11,Pass,0,0116P00242000000,Active,40.4822636718,-80.0090819926,Perry North,1,26
624676,0174S00358000000,"709 SINGER PL, Pittsburgh, PA 15221",15221,Condemned/Dead End Property,2023-10-19,,,0174S00358000000,Active,40.4532219421,-79.8837441363,East Hills,9,13
624677,0174S00358000000,"709 SINGER PL, Pittsburgh, PA 15221",15221,Condemned/Dead End Property,2023-10-19,Fail,2,0174S00358000000,Active,40.4532219421,-79.8837441363,East Hills,9,13
624678,0174S00358000000,"709 SINGER PL, Pittsburgh, PA 15221",15221,Condemned/Dead End Property,2026-03-23,Pass,0,0174S00358000000,Active,40.4532219421,-79.8837441363,East Hills,9,13
624679,0076J00359000000,"147 LECKY AVE, Pittsburgh, 15212",15212,Condemned/Dead End Property,2025-03-04,Fail,1,0076J00359000000,Active,40.4757408509,-80.0327857863,Marshall-Shadeland,6,27
624680,0060R00298000000,"1935 WESTMONT AVE, Pittsburgh, 15210",15210,Condemned/Dead End Property,2023-10-16,Fail,3,0060R00298000000,Active,40.3947641148,-79.9874927519,Carrick,4,29
624681,0231F00058000000,No primary address specified,15221,Condemned/Dead End Property,2026-03-02,,,0231F00058000000,Active,40.4595004183,-79.8764439759,East Hills,9,13
624682,0231P00156000000,"8342 ROLFE ST, Pittsburgh, 15221",15221,Condemned/Dead End Property,2026-04-17,,,0231P00156000000,Active,40.4543225611,-79.8764101678,East Hills,9,13
624683,0022A00165000000,No primary address specified,15212,Condemned/Dead End Property,2025-07-16,Pass,0,0022A00165000000,Active,40.4620107157,-80.0299957221,California-Kirkbride,6,21
624684,0077N00350000000,"2656 LELAND ST, Pittsburgh, 15214",15214,Condemned/Dead End Property,2026-09-14,Fail,3,0077N00350000000,Active,40.4724003027,-80.0125656755,Perry South,6,26
624685,0042P00199000000,"1203 ADON ST, Pittsburgh, 15204",15204,Condemned/Dead End Property,2024-08-20,Fail,2,0042P00199000000,Active,40.4529385618,-80.0616927523,Sheraden,2,20
624686,0024C00134000000,"1264 HIGH ST, Pittsburgh, PA 15212",15212,Condemned/Dead End Property,2025-05-28,Fail,1,0024C00134000000,Active,40.4614252068,-79.9894098269,Spring Garden,1,24
624687,0174F00165000000,"7240 MONTICELLO ST, Pittsburgh, 15208",15208,Condemned/Dead End Property,2021-03-05,Fail,1,0174F00165000000,Active,40.4589088525,-79.893700569,Homewood North,9,13
624688,0029S00115000000,"20 WALDECK ST, Pittsburgh, 15207",15207,Condemned/Dead End Property,2020-05-28,Fail,2,0029S00115000000,Active,40.4247849074,-79.9497435403,Hazelwood,5,15
624689,0029S00115000000,"20 WALDECK ST, Pittsburgh, 15207",15207,Condemned/Dead End Property,2024-03-20,Pass,0,0029S00115000000,Active,40.4247849074,-79.9497435403,Hazelwood,5,15
624690,0080P00098000000,"177 45TH ST, Pittsburgh, 15201",15201,Condemned/Dead End Property,2020-05-19,Fail,1,0080P00098000000,Active,40.4728446418,-79.9598901938,Central Lawrenceville,7,9
624691,0080P00098000000,"177 45TH ST, Pittsburgh, 15201",15201,Condemned/Dead End Property,2023-08-10,Pass,0,0080P00098000000,Active,40.4728446418,-79.9598901938,Central Lawrenceville,7,9
624692,0040C00160000000,"510 STRATMORE ST, Pittsburgh, PA 15205",15205,Condemned/Dead End Property,2020-09-10,Fail,2,0040C00160000000,Active,40.4417451964,-80.0568761826,Crafton Heights,2,28
624693,0015R00125000000,No primary address specified,15210,Condemned/Dead End Property,2023-09-11,,,0015R00125000000,Active,40.4145363148,-80.0060724471,Beltzhoover,3,18
624694,0010P00109000000,"2164 CENTRE AVE, Pittsburgh, 15219",15219,Condemned/Dead End Property,2020-08-27,Fail,2,0010P00109000000,Active,40.4450357395,-79.9766528763,Middle Hill,6,5
624695,0014P00220000000,"331 BAUSMAN ST, Pittsburgh, 15210",15210,Condemned/Dead End Property,2025-10-23,Pass,0,0014P00220000000,Active,40.4144620569,-79.9944700396,Knoxville,3,30
624696,0014R00165000000,"112 ROCHELLE ST, Pittsburgh, 15210",15210,Condemned/Dead End Property,2023-02-24,Fail,1,0014R00165000000,Active,40.4149538689,-79.9887683002,Knoxville,3,30
624697,0014R00165000000,"112 ROCHELLE ST, Pittsburgh, 15210",15210,Condemned/Dead End Property,2023-02-24,Fail,2,0014R00165000000,Active,40.4149538689,-79.9887683002,Knoxville,3,30
624698,0124S00197000000,"6913 ODESSA PL, Pittsburgh, 15206",15208,Condemned/Dead End Property,2020-09-08,Fail,2,0124S00197000000,Active,40.4632659965,-79.9014644213,Homewood West,9,12
624699,0124N00016000000,"159 AUBURN ST, Pittsburgh, 15206",15206,Condemned/Dead End Property,2020-07-31,Fail,2,0124N00016000000,Active,40.4626379655,-79.9150494675,Larimer,9,12
624700,0124L00125000000,"6532 DEARY ST, Pittsburgh, 15206",15206,Condemned/Dead End Property,2026-01-14,Fail,2,0124L00125000000,Active,40.4663682918,-79.9050070259,Lincoln-Lemington-Belmar,9,12
624701,0014P00214000000,"319 BAUSMAN ST, Pittsburgh, 15210",15210,Condemned/Dead End Property,2024-11-21,Pass,0,0014P00214000000,Active,40.4144765694,-79.9939297264,Knoxville,3,30
624702,0024G00100000000,"1126 BRABEC ST, Pittsburgh, 15212",15212,Condemned/Dead End Property,2020-08-24,Fail,3,0024G00100000000,Active,40.4588166987,-79.9911672922,Troy Hill,1,24
624703,0024G00100000000,"1126 BRABEC ST, Pittsburgh, 15212",15212,Condemned/Dead End Property,2025-02-24,Pass,0,0024G00100000000,Active,40.4588166987,-79.9911672922,Troy Hill,1,24
624704,0184E00274000000,"5132 INTERBORO AVE, Pittsburgh, PA 15207",15207,Condemned/Dead End Property,2023-10-19,Fail,2,0184E00274000000,Active,40.3709771053,-79.9129328135,Lincoln Place,5,31
624705,0184E00274000000,"5132 INTERBORO AVE, Pittsburgh, PA 15207",15207,Condemned/Dead End Property,2025-01-06,Pass,0,0184E00274000000,Active,40.3709771053,-79.9129328135,Lincoln Place,5,31
624706,0041R00065000000,"1627 STEUBEN ST, Pittsburgh, 15205",15205,Condemned/Dead End Property,2026-02-16,Fail,3,0041R00065000000,Active,40.4434560854,-80.0561851804,Crafton Heights,2,28
624707,0011K00031000000,"2028 5TH AVE, Pittsburgh, 15219",15219,Condemned/Dead End Property,2023-03-17,Fail,1,0011K00031000000,Active,40.4379404104,-79.9764464863,Bluff,6,1
624708,0231R00088000000,"2218 PARK HILL DR, Pittsburgh, 15221",15221,Condemned/Dead End Property,2020-09-08,Fail,2,0231R00088000000,Active,40.4541547683,-79.8738468814,East Hills,9,13
624709,0231R00088000000,"2218 PARK HILL DR, Pittsburgh, 15221",15221,Condemned/Dead End Property,2026-06-10,Pass,0,0231R00088000000,Active,40.4541547683,-79.8738468814,East Hills,9,13
624710,0047N00303000000,"92 SOLAR ST, Pittsburgh, 15212",15212,Condemned/Dead End Property,2020-09-09,Fail,1,0047N00303000000,Active,40.4628491251,-79.9960234266,Spring Hill-City View,1,24
624711,0047N00303000000,"92 SOLAR ST, Pittsburgh, 15212",15212,Condemned/Dead End Property,2023-12-04,Pass,0,0047N00303000000,Active,40.4628491251,-79.9960234266,Spring Hill-City View,1,24
624712,0049N00169000000,"3439 LIGONIER ST, Pittsburgh, 15201",15201,Condemned/Dead End Property,2026-04-16,Fail,3,0049N00169000000,Active,40.4630228896,-79.9655953842,Lower Lawrenceville,7,6
624713,0173N00297000000,"7019 UPLAND ST, Pittsburgh, 15208",15208,Condemned/Dead End Property,2024-03-20,Fail,2,0173N00297000000,Active,40.463193345,-79.8984830847,Homewood North,9,13
624714,0173N00297000000,"7019 UPLAND ST, Pittsburgh, 15208",15208,Condemned/Dead End Property,2026-03-23,Pass,0,0173N00297000000,Active,40.463193345,-79.8984830847,Homewood North,9,13
624715,0022F00276000000,"1321 COLUMBUS AVE, Pittsburgh, PA 15233",15233,Condemned/Dead End Property,2020-08-27,Fail,1,0022F00276000000,Active,40.4576887701,-80.0267656415,Manchester,6,21
624716,0020M00195000000,"304 LORENZ AVE, Pittsburgh, 15220",15220,Condemned/Dead End Property,2020-09-03,Fail,2,0020M00195000000,Active,40.4470066506,-80.0365726577,Elliott,2,20
624717,0021N00045000000,"2713 MERWYN AVE, Pittsburgh, 15204",15204,Condemned/Dead End Property,2024-06-26,Pass,0,0021N00045000000,Active,40.4538048987,-80.0491791184,Sheraden,2,20
624718,0027B00299000000,"822 CHEROKEE ST, Pittsburgh, 15219",15219,Condemned/Dead End Property,2023-05-26,Fail,2,0027B00299000000,Active,40.4510803495,-79.9601663339,Upper Hill,6,5
624719,0050E00021000000,"424 N MATHILDA ST, Pittsburgh, 15224",15224,Condemned/Dead End Property,2020-06-15,Fail,2,0050E00021000000,Active,40.468331618,-79.9453082912,Garfield,9,10
624720,0174B00222000000,"7321 MOUNT VERNON ST, Pittsburgh, PA 15208",15208,Condemned/Dead End Property,2020-09-04,Fail,2,0174B00222000000,Active,40.4606883463,-79.8918285158,Homewood North,9,13
624721,0015G00203000000,"87 CLIMAX ST, Pittsburgh, 15210",15210,Condemned/Dead End Property,2023-08-16,Fail,2,0015G00203000000,Active,40.419100984,-80.0066594654,Beltzhoover,3,18
624722,0015G00203000000,"87 CLIMAX ST, Pittsburgh, 15210",15210,Condemned/Dead End Property,2024-02-16,Fail,1,0015G00203000000,Active,40.419100984,-80.0066594654,Beltzhoover,3,18
624723,0010L00036000000,"2349 CENTRE AVE, Pittsburgh, 15219",15219,Condemned/Dead End Property,2020-08-25,Pass,0,0010L00036000000,Active,40.4460588519,-79.9725921516,Middle Hill,6,5
624724,0125D00044000000,"6946 MONTICELLO ST #2, Pittsburgh, PA 15208",15208,Condemned/Dead End Property,2026-03-06,Fail,2,0125D00044000000,Active,40.4604225992,-79.9010858022,Homewood West,9,12
624725,0060R00237000000,"1922 WESTMONT AVE, Pittsburgh, 15210",15210,Condemned/Dead End Property,2020-09-10,Fail,1,0060R00237000000,Active,40.3949910895,-79.988319516,Carrick,4,29
624726,0060R00237000000,"1922 WESTMONT AVE, Pittsburgh, 15210",15210,Condemned/Dead End Property,2025-01-07,Pass,0,0060R00237000000,Active,40.3949910895,-79.988319516,Carrick,4,29
624727,0022G00158000A00,"961 KIRKBRIDE ST, Pittsburgh, PA 15212",15212,Condemned/Dead End Property,2022-06-27,Fail,1,0022G00158000A00,Active,40.459506269,-80.0212806538,California-Kirkbride,6,25
624728,0010D00175000000,"703 FRANCIS ST, Pittsburgh, 15219",15219,Condemned/Dead End Property,2020-08-14,Pass,0,0010D00175000000,Active,40.4510540396,-79.9702132444,Bedford Dwellings,6,5
624729,0010D00175000000,"703 FRANCIS ST, Pittsburgh, 15219",15219,Condemned/Dead End Property,2021-09-28,Fail,1,0010D00175000000,Active,40.4510540396,-79.9702132444,Bedford Dwellings,6,5
624730,0174H00221000000,No primary address specified,15221,Condemned/Dead End Property,2020-10-16,Pass,0,0174H00221000000,Active,40.4591936657,-79.8846664248,Homewood North,9,13
624731,0232A00038000000,No primary address specified,15221,Condemned/Dead End Property,2026-02-23,,,0232A00038000000,Active,40.4519637082,-79.8823170423,East Hills,9,13
624732,0014J00036000000,No primary address specified,15210,Condemned/Dead End Property,2022-08-03,Pass,0,0014J00036000000,Active,40.4169917741,-79.9954017974,Knoxville,3,30
624733,0173F00133000000,No primary address specified,15206,Condemned/Dead End Property,2020-11-17,Pass,0,0173F00133000000,Active,40.4697195227,-79.8928185768,Lincoln-Lemington-Belmar,9,12
624734,0014R00025000000,"121 ZARA ST, Pittsburgh, 15210",15210,Condemned/Dead End Property,2020-09-10,Fail,2,0014R00025000000,Active,40.4160989177,-79.9892463649,Knoxville,3,30
624735,0040G00273000000,"4 ELMONT ST, Pittsburgh, 15205",15205,Condemned/Dead End Property,2021-02-16,Fail,1,0040G00273000000,Active,40.4388656425,-80.0562635537,Crafton Heights,2,28
624736,0174P00190000000,"7319 HAMILTON AVE, Pittsburgh, PA 15208",15208,Condemned/Dead End Property,2020-09-01,Fail,1,0174P00190000000,Active,40.4541490457,-79.8945328178,Homewood South,9,13
624737,0077N00105000000,No primary address specified,15214,Condemned/Dead End Property,2023-02-17,Pass,0,0077N00105000000,Active,40.4739586762,-80.012366753,Perry South,6,26
624738,0046B00129000000,"2945 N CHARLES ST, Pittsburgh, 15214",15214,Condemned/Dead End Property,2023-09-20,Fail,2,0046B00129000000,Active,40.4710710114,-80.0096093377,Perry South,6,26
624739,0011J00165000A00,"51 VAN BRAAM ST, Pittsburgh, 15219",15219,Condemned/Dead End Property,2022-04-07,Pass,0,0011J00165000A00,Active,40.4369327002,-79.9825246753,Bluff,6,1
624740,0033F00013000000,"236 MOORE AVE, Pittsburgh, PA 15210",15210,Condemned/Dead End Property,2020-09-04,Fail,2,0033F00013000000,Active,40.4112556501,-79.9921749229,Knoxville,3,30
624741,0033F00013000000,"236 MOORE AVE, Pittsburgh, PA 15210",15210,Condemned/Dead End Property,2022-11-21,,,0033F00013000000,Active,40.4112556501,-79.9921749229,Knoxville,3,30
624742,0010G00349000000,No primary address specified,15219,Condemned/Dead End Property,2020-10-19,Pass,0,0010G00349000000,Active,40.449308972,-79.9736658511,Middle Hill,6,5
624743,0010H00316000000,"2830 WYLIE AVE, Pittsburgh, 15219",15219,Condemned/Dead End Property,2020-09-10,Fail,2,0010H00316000000,Active,40.4499234356,-79.9668447235,Middle Hill,6,5
624744,0056K00213000000,"207 E ELIZABETH ST, Pittsburgh, 15207",15207,Condemned/Dead End Property,2021-09-07,Fail,1,0056K00213000000,Active,40.4076560817,-79.9412844669,Hazelwood,5,15
624745,0056K00213000000,"207 E ELIZABETH ST, Pittsburgh, 15207",15207,Condemned/Dead End Property,2022-02-22,,,0056K00213000000,Active,40.4076560817,-79.9412844669,Hazelwood,5,15
624746,0138J00038000000,"2543 HOMEHURST AVE, Pittsburgh, PA 15234",15234,Condemned/Dead End Property,2025-10-27,Fail,3,0138J00038000000,Active,40.3791584685,-79.9984216503,Overbrook,4,32
624747,0056J00111000000,"5011 BLAIR ST, Pittsburgh, 15207",15207,Condemned/Dead End Property,2020-07-24,Fail,1,0056J00111000000,Active,40.4074659817,-79.9466144773,Hazelwood,5,15
624748,0024B00279000000,"1104 HIGH ST, Pittsburgh, 15212",15212,Condemned/Dead End Property,2026-07-27,Fail,2,0024B00279000000,Active,40.4604472451,-79.9934586338,Spring Garden,1,24
624749,0004J00093000000,"511 GRACE ST, Pittsburgh, 15211",15211,Condemned/Dead End Property,2025-07-28,Pass,0,0004J00093000000,Active,40.4277502551,-80.0145988493,Mount Washington,2,19
624750,0004J00093000000,"511 GRACE ST, Pittsburgh, 15211",15211,Condemned/Dead End Property,2026-02-24,Fail,2,0004J00093000000,Active,40.4277502551,-80.0145988493,Mount Washington,2,19
624751,0026K00328000000,"3531 MILWAUKEE ST, Pittsburgh, 15219",15219,Condemned/Dead End Property,2026-09-10,,,0026K00328000000,Active,40.4557137552,-79.9597163172,Upper Hill,6,5
624752,0047E00058000000,"903 MINA ST, Pittsburgh, 15212",15212,Condemned/Dead End Property,2026-07-29,Fail,1,0047E00058000000,Active,40.468671946,-79.9990695469,Spring Hill-City View,1,26
624753,0014F00357000000,"836 FREELAND ST, Pittsburgh, 15210",15210,Condemned/Dead End Property,2020-08-28,Fail,2,0014F00357000000,Active,40.4189741762,-79.9922420964,Allentown,3,18
624754,0014F00357000000,"836 FREELAND ST, Pittsburgh, 15210",15210,Condemned/Dead End Property,2023-10-04,,,0014F00357000000,Active,40.4189741762,-79.9922420964,Allentown,3,18
624755,0014F00357000000,"836 FREELAND ST, Pittsburgh, 15210",15210,Condemned/Dead End Property,2023-11-06,Fail,1,0014F00357000000,Active,40.4189741762,-79.9922420964,Allentown,3,18
624756,0046C00247000000,"402 LAWTON AVE, Pittsburgh, 15214",15214,Condemned/Dead End Property,2023-08-16,Pass,0,0046C00247000000,Active,40.4704670567,-80.0067041563,Perry South,6,26
624757,0014K00035000000,"834 LILLIAN ST, Pittsburgh, 15210",15210,Condemned/Dead End Property,2020-12-23,Fail,2,0014K00035000000,Active,40.4185793181,-79.9922966119,Allentown,3,18
624758,0075B00238000000,"1807 DAVIS AVE, Pittsburgh, 15212",15212,Condemned/Dead End Property,2021-06-28,Fail,2,0075B00238000000,Active,40.4795437619,-80.0421898878,Brighton Heights,1,27
624759,0015L00057000A00,"70 LAFFERTY AVE, Pittsburgh, 15210",15210,Condemned/Dead End Property,2021-05-20,Fail,2,0015L00057000A00,Active,40.4174644375,-80.0071029588,Beltzhoover,3,18
624760,0174B00227000100,"7331 MOUNT VERNON ST, Pittsburgh, PA 15208",15208,Condemned/Dead End Property,2022-05-13,Fail,2,0174B00227000100,Active,40.4606134814,-79.8915660961,Homewood North,9,13
624761,0124P00219000000,"547 LOWELL ST, Pittsburgh, 15206",15206,Condemned/Dead End Property,2024-10-03,Fail,1,0124P00219000000,Active,40.4634436667,-79.9096444312,Larimer,9,12
624762,0022L00353000000,"1022 PENNSYLVANIA AVE, Pittsburgh, 15233",15233,Condemned/Dead End Property,2023-05-30,Fail,1,0022L00353000000,Active,40.4552632428,-80.021165782,Manchester,6,21
624763,0023E00299000000,"719 ARMANDALE ST, Pittsburgh, PA 15212",15212,Condemned/Dead End Property,2020-08-21,Fail,1,0023E00299000000,Active,40.457864566,-80.0155056556,Central Northside,1,25
624764,0174E00227000000,"7207 IDLEWILD ST, Pittsburgh, 15208",15208,Condemned/Dead End Property,2024-06-11,Fail,2,0174E00227000000,Active,40.4582721299,-79.8955377824,Homewood North,9,13
624765,0042N00154000000,"3148 HUXLEY ST, Pittsburgh, 15204",15204,Condemned/Dead End Property,2020-09-01,Fail,2,0042N00154000000,Active,40.454366602,-80.0627327191,Sheraden,2,20
624766,0014C00365000000,"932 MANTON Way, Pittsburgh, 15210",15210,Condemned/Dead End Property,2023-12-04,Fail,2,0014C00365000000,Active,40.4212205373,-79.9909259791,Allentown,3,18
624767,0013R00268000000,"2435 SPRING ST, Pittsburgh, 15210",15210,Condemned/Dead End Property,2026-08-20,Fail,1,0013R00268000000,Active,40.4162106649,-79.971798236,Arlington,3,16
624768,0174K00236000000,"7504 FELICIA Way, Pittsburgh, PA 15208",15208,Condemned/Dead End Property,2025-10-31,Fail,2,0174K00236000000,Active,40.4557308282,-79.8916720945,Homewood South,9,13
624769,0174E00008000000,"7143 MONTICELLO ST, Pittsburgh, 15208",15208,Condemned/Dead End Property,2023-05-02,Pass,0,0174E00008000000,Active,40.4598545587,-79.8960519702,Homewood North,9,13
624770,0075L00238000000,"3303 FLEMING AVE, Pittsburgh, 15212",15212,Condemned/Dead End Property,2026-04-02,Fail,2,0075L00238000000,Active,40.4754301067,-80.0379192007,Brighton Heights,1,27
624771,0173E00306000000,"1410 GROTTO ST, Pittsburgh, 15206",15206,Condemned/Dead End Property,2026-03-02,Pass,0,0173E00306000000,Active,40.4676051435,-79.8958647143,Lincoln-Lemington-Belmar,9,12
624772,0175D00240000000,"558 OAKWOOD ST, Pittsburgh, 15208",15221,Condemned/Dead End Property,2020-09-08,Fail,2,0175D00240000000,Active,40.4504474032,-79.8840955223,East Hills,9,13
624773,0045S00130000000,"551 CHAUTAUQUA ST, Pittsburgh, 15214",15214,Condemned/Dead End Property,2022-06-27,Fail,2,0045S00130000000,Active,40.4642184602,-80.0165668361,Perry South,6,25
624774,0045S00130000000,"551 CHAUTAUQUA ST, Pittsburgh, 15214",15214,Condemned/Dead End Property,2025-02-17,Pass,0,0045S00130000000,Active,40.4642184602,-80.0165668361,Perry South,6,25
624775,0173A00069000000,No primary address specified,15206,Condemned/Dead End Property,2024-06-27,Pass,0,0173A00069000000,Active,40.4710068392,-79.8959957591,Lincoln-Lemington-Belmar,9,12
624776,0172N00011000000,"6965 LEMINGTON AVE, Pittsburgh, 15206",15206,Condemned/Dead End Property,2023-06-01,Fail,2,0172N00011000000,Active,40.4721986531,-79.8984929239,Lincoln-Lemington-Belmar,9,12
624777,0172N00011000000,"6965 LEMINGTON AVE, Pittsburgh, 15206",15206,Condemned/Dead End Property,2023-11-20,,,0172N00011000000,Active,40.4721986531,-79.8984929239,Lincoln-Lemington-Belmar,9,12
624778,0070D00105000000,"3234 FARONIA ST, Pittsburgh, PA 15204",15204,Condemned/Dead End Property,2020-08-28,Pass,0,0070D00105000000,Active,40.4520082367,-80.0674633388,Sheraden,2,20
624779,0050M00273000000,"5434 KINCAID ST, Pittsburgh, PA 15206",15206,Condemned/Dead End Property,2025-06-18,Fail,1,0050M00273000000,Active,40.4658697805,-79.9338568648,Garfield,9,11
624780,0060L00049000000,"108 W CHERRYHILL ST, Pittsburgh, 15210",15210,Condemned/Dead End Property,2020-08-27,Fail,3,0060L00049000000,Active,40.3979736509,-79.9903094981,Carrick,4,29
624781,0060L00049000000,"108 W CHERRYHILL ST, Pittsburgh, 15210",15210,Condemned/Dead End Property,2023-04-03,Pass,0,0060L00049000000,Active,40.3979736509,-79.9903094981,Carrick,4,29
624782,0062K00298000000,"2516 PLAINVIEW AVE, Pittsburgh, 15226",15226,Condemned/Dead End Property,2020-09-08,Fail,1,0062K00298000000,Active,40.3979288626,-80.0247357227,Brookline,4,19
624783,0173L00065000000,"1504 OAKDENE ST, Pittsburgh, 15206",15206,Condemned/Dead End Property,2020-09-08,Fail,2,0173L00065000000,Active,40.4656185145,-79.890689296,Lincoln-Lemington-Belmar,9,12
624784,0027B00026000000,"916 CLARISSA ST, Pittsburgh, 15219",15219,Condemned/Dead End Property,2020-08-10,Fail,2,0027B00026000000,Active,40.4523019507,-79.9580096262,Upper Hill,6,5
624785,0010H00259000000,"2815 CENTRE AVE, Pittsburgh, 15219",15219,Condemned/Dead End Property,2026-01-13,Fail,2,0010H00259000000,Active,40.448213304,-79.9663423694,Middle Hill,6,5
624786,0173A00256000000,"1358 MISSOURI ST, Pittsburgh, 15206",15206,Condemned/Dead End Property,2026-05-22,,,0173A00256000000,Active,40.4702925387,-79.898823838,Lincoln-Lemington-Belmar,9,12
624787,0015K00130000000,"10 CLIMAX ST, Pittsburgh, 15210",15210,Condemned/Dead End Property,2025-07-30,Fail,2,0015K00130000000,Active,40.4176583779,-80.0095266619,Beltzhoover,3,18
624788,0014N00108000000,No primary address specified,15210,Condemned/Dead End Property,2022-10-26,Pass,0,0014N00108000000,Active,40.4161491399,-79.9985706988,Beltzhoover,3,18
624789,0173L00108000000,"1538 OBERLIN ST, Pittsburgh, 15206",15206,Condemned/Dead End Property,2020-09-08,Fail,3,0173L00108000000,Active,40.4664436866,-79.8898408995,Lincoln-Lemington-Belmar,9,12
624790,0231K00272000000,"723 WILKINSBURG AVE, Pittsburgh, 15221",15221,Condemned/Dead End Property,2020-09-10,Fail,2,0231K00272000000,Active,40.4555563689,-79.8755853363,East Hills,9,13
624791,0231K00272000000,"723 WILKINSBURG AVE, Pittsburgh, 15221",15221,Condemned/Dead End Property,2024-04-09,,,0231K00272000000,Active,40.4555563689,-79.8755853363,East Hills,9,13
624792,0174G00185000000,"7438 HERMITAGE ST, Pittsburgh, 15208",15208,Condemned/Dead End Property,2020-10-14,Pass,0,0174G00185000000,Active,40.4586798538,-79.8894366873,Homewood North,9,13
624793,0231P00400000000,"2105 PARK HILL DR #N, Pittsburgh, PA 15221",15221,Condemned/Dead End Property,2024-12-31,Fail,2,0231P00400000000,Active,40.4531424688,-79.8747342247,East Hills,9,13
624794,0042R00135000000,"2927 CHARTIERS AVE, Pittsburgh, PA 15204",15204,Condemned/Dead End Property,2025-07-22,Fail,2,0042R00135000000,Active,40.4538728944,-80.0574513935,Sheraden,2,20
624795,0184P00296000000,"5601 HALCHESS ST, Pittsburgh, 15207",15207,Condemned/Dead End Property,2024-03-08,Pass,0,0184P00296000000,Active,40.3673759769,-79.9086630315,Lincoln Place,5,31
624796,0049M00263000000,"4558 CARROLL ST, Pittsburgh, 15224",15224,Condemned/Dead End Property,2020-10-16,Pass,0,0049M00263000000,Active,40.4651986966,-79.9503671423,Bloomfield,7,9
624797,0004F00042000000,"315 BELONDA ST, Pittsburgh, 15211",15211,Condemned/Dead End Property,2026-01-14,Fail,1,0004F00042000000,Active,40.4292854669,-80.0116432983,Mount Washington,2,19
624798,0231P00235000000,"616 WILKINSBURG AVE, Pittsburgh, 15221",15221,Condemned/Dead End Property,2026-03-25,Fail,2,0231P00235000000,Active,40.4534044723,-79.8755853619,East Hills,9,13
624799,0032N00167000000,"407 LINNVIEW AVE, Pittsburgh, 15210",15210,Condemned/Dead End Property,2022-08-03,Pass,0,0032N00167000000,Active,40.4055420894,-79.9813654171,Carrick,4,29
624800,0032N00167000000,"407 LINNVIEW AVE, Pittsburgh, 15210",15210,Condemned/Dead End Property,2025-09-16,Fail,2,0032N00167000000,Active,40.4055420894,-79.9813654171,Carrick,4,29
624801,0022K00336000000,"1315 N FRANKLIN ST, Pittsburgh, 15233",15233,Condemned/Dead End Property,2020-07-09,Fail,2,0022K00336000000,Active,40.4558795624,-80.025949352,Manchester,6,21
624802,0033K00114000000,"206 REIFERT ST, Pittsburgh, 15210",15210,Condemned/Dead End Property,2023-11-22,Fail,1,0033K00114000000,Active,40.407994279,-79.9924544513,Knoxville,3,30
624803,0045N00181000000,"1400 HALSEY PL, Pittsburgh, 15212",15212,Condemned/Dead End Property,2020-09-01,Fail,1,0045N00181000000,Active,40.4644523319,-80.0301427646,Marshall-Shadeland,6,27
624804,0045N00181000000,"1400 HALSEY PL, Pittsburgh, 15212",15212,Condemned/Dead End Property,2024-03-01,Fail,1,0045N00181000000,Active,40.4644523319,-80.0301427646,Marshall-Shadeland,6,27
624805,0174B00143000000,"7318 UPLAND ST, Pittsburgh, 15208",15208,Condemned/Dead End Property,2024-06-24,Fail,2,0174B00143000000,Active,40.4610076249,-79.8916127143,Homewood North,9,13
624806,0231K00291000000,"771 WILKINSBURG AVE, Pittsburgh, 15221",15221,Condemned/Dead End Property,2020-09-10,Fail,2,0231K00291000000,Active,40.4568345127,-79.8755850336,East Hills,9,13
624807,0174L00009000000,"7422 RACE ST, Pittsburgh, 15208",15208,Condemned/Dead End Property,2026-07-21,Fail,2,0174L00009000000,Active,40.4573931485,-79.8902555142,Homewood North,9,13
624808,0040M00010000000,"1316 BARR AVE, Pittsburgh, 15205",15205,Condemned/Dead End Property,2026-09-04,,,0040M00010000000,Active,40.4365730003,-80.0530905263,Westwood,2,28
624809,0232B00161000000,"1721 CRESTLINE ST, Pittsburgh, 15221",15221,Condemned/Dead End Property,2020-08-27,Fail,2,0232B00161000000,Active,40.4503759481,-79.8768646059,East Hills,9,13
624810,0232B00161000000,"1721 CRESTLINE ST, Pittsburgh, 15221",15221,Condemned/Dead End Property,2026-06-10,,,0232B00161000000,Active,40.4503759481,-79.8768646059,East Hills,9,13
624811,0054K00242000000,"434 IVONDALE ST, Pittsburgh, 15207",15207,Condemned/Dead End Property,2020-09-02,Fail,3,0054K00242000000,Active,40.4271841052,-79.9452624401,Greenfield,5,15
624812,0054K00242000000,"434 IVONDALE ST, Pittsburgh, 15207",15207,Condemned/Dead End Property,2022-04-22,,,0054K00242000000,Active,40.4271841052,-79.9452624401,Greenfield,5,15
624813,0042H00065000000,No primary address specified,15204,Condemned/Dead End Property,2022-10-19,Pass,0,0042H00065000000,Active,40.4576298117,-80.0521320366,Sheraden,2,20
624814,0023G00305000000,"1532 FEDERAL ST, Pittsburgh, PA 15212",15212,Condemned/Dead End Property,2020-08-28,Pass,0,0023G00305000000,Active,40.4590886176,-80.007535614,Fineview,1,25
624815,0014F00240000000,"854 PROCTOR Way, Pittsburgh, 15210",15210,Condemned/Dead End Property,2023-11-21,Fail,1,0014F00240000000,Active,40.4203401966,-79.991572081,Allentown,3,18
624816,0026P00171000000,No primary address specified,15219,Condemned/Dead End Property,2020-11-06,Pass,0,0026P00171000000,Active,40.4536041056,-79.9594517254,Upper Hill,6,5
624817,0014P00091000000,"236 ZARA ST, Pittsburgh, 15210",15210,Condemned/Dead End Property,2023-01-17,Pass,0,0014P00091000000,Active,40.4156026694,-79.9922824192,Knoxville,3,30
624818,0174B00270000000,"1304 STERRETT ST, Pittsburgh, PA 15208",15208,Condemned/Dead End Property,2025-12-23,Fail,1,0174B00270000000,Active,40.4600424598,-79.8926309301,Homewood North,9,13
624819,0019G00010000000,"609 HERSCHEL ST, Pittsburgh, 15220",15220,Condemned/Dead End Property,2022-05-03,Fail,1,0019G00010000000,Active,40.4383347361,-80.039984882,Elliott,2,20
624820,0026J00257000000,"3356 RIDGWAY ST, Pittsburgh, PA 15213",15219,Condemned/Dead End Property,2023-04-12,Fail,1,0026J00257000000,Active,40.4558750869,-79.9638719558,Upper Hill,6,5
624821,0042N00056000000,"1248 FAULKNER ST, Pittsburgh, 15204",15204,Condemned/Dead End Property,2020-09-02,Fail,2,0042N00056000000,Active,40.4542847565,-80.0653437284,Sheraden,2,20
624822,0033C00094000000,"20 GRAPE ST, Pittsburgh, 15210",15210,Condemned/Dead End Property,2024-05-07,Fail,1,0033C00094000000,Active,40.4137354475,-79.9893121234,Knoxville,3,30
624823,0014E00324000000,"125 MILLBRIDGE ST, Pittsburgh, 15210",15210,Condemned/Dead End Property,2020-09-04,Fail,2,0014E00324000000,Active,40.4210167472,-79.9955265535,Allentown,3,18
624824,0056P00138000000,"5239 DYKE ST, Pittsburgh, 15207",15207,Condemned/Dead End Property,2020-07-06,Fail,1,0056P00138000000,Active,40.4048025729,-79.943282009,Hazelwood,5,15
624825,0047K00061000000,"37 WOESSNER AVE, Pittsburgh, 15212",15212,Condemned/Dead End Property,2020-10-14,Fail,1,0047K00061000000,Active,40.4654986654,-79.9941280544,Spring Hill-City View,1,24
624826,0047K00061000000,"37 WOESSNER AVE, Pittsburgh, 15212",15212,Condemned/Dead End Property,2023-08-23,Pass,0,0047K00061000000,Active,40.4654986654,-79.9941280544,Spring Hill-City View,1,24
624827,0046E00211000000,"2424 WILSON AVE, Pittsburgh, 15214",15214,Condemned/Dead End Property,2023-11-06,Pass,0,0046E00211000000,Active,40.4680927551,-80.0134143462,Perry South,6,26
624828,0135H00197000000,No primary address specified,15207,Condemned/Dead End Property,2024-12-02,Fail,1,0135H00197000000,Active,40.3811888541,-79.9349743523,Hays,5,31
624829,0010D00174000000,No primary address specified,15219,Condemned/Dead End Property,2021-12-09,Pass,0,0010D00174000000,Active,40.4511363068,-79.9702604577,Bedford Dwellings,6,5
624830,0020L00027000000,"1047 LAKEWOOD ST, Pittsburgh, 15220",15220,Condemned/Dead End Property,2020-12-03,Pass,0,0020L00027000000,Active,40.4459587543,-80.0404535319,Elliott,2,20
624831,0173J00069000000,No primary address specified,15206,Condemned/Dead End Property,2025-08-05,Pass,0,0173J00069000000,Active,40.4658271182,-79.8988666649,Lincoln-Lemington-Belmar,9,12
624832,0231L00240000000,"2434 PARK HILL DR, Pittsburgh, 15221",15221,Condemned/Dead End Property,2020-09-03,Fail,2,0231L00240000000,Active,40.4556044106,-79.8733832401,East Hills,9,13
624833,0231L00240000000,"2434 PARK HILL DR, Pittsburgh, 15221",15221,Condemned/Dead End Property,2024-05-30,Pass,0,0231L00240000000,Active,40.4556044106,-79.8733832401,East Hills,9,13
624834,0173C00254000000,No primary address specified,15206,Condemned/Dead End Property,2022-07-27,Pass,0,0173C00254000000,Active,40.4709836308,-79.8890071284,Lincoln-Lemington-Belmar,9,12
624835,0010G00330000000,No primary address specified,15219,Condemned/Dead End Property,2020-10-16,Pass,0,0010G00330000000,Active,40.4498444518,-79.9733680901,Middle Hill,6,5
624836,0022K00391000000,No primary address specified,15233,Condemned/Dead End Property,2020-08-20,Fail,2,0022K00391000000,Active,40.4552625161,-80.0269881056,Manchester,6,21
624837,0022K00391000000,No primary address specified,15233,Condemned/Dead End Property,2025-02-28,Pass,0,0022K00391000000,Active,40.4552625161,-80.0269881056,Manchester,6,21
624838,0046C00341000000,"2544 MAPLE AVE, Pittsburgh, 15214",15214,Condemned/Dead End Property,2020-08-14,Fail,3,0046C00341000000,Active,40.4710199029,-80.0075319588,Perry South,6,26
624839,0027B00392000000,"826 SHAWNEE ST, Pittsburgh, PA 15219",15219,Condemned/Dead End Property,2020-08-18,Fail,1,0027B00392000000,Active,40.4505258677,-79.9603630147,Upper Hill,6,5
624840,0010K00050000000,"2158 WYLIE AVE, Pittsburgh, 15219",15219,Condemned/Dead End Property,2026-07-17,Fail,1,0010K00050000000,Active,40.445548088,-79.9772162727,Middle Hill,6,5
624841,0014D00061000000,"1110 E WARRINGTON AVE, Pittsburgh, PA 15210",15203,Condemned/Dead End Property,2023-05-09,Fail,2,0014D00061000000,Active,40.4223391811,-79.9860890446,South Side Slopes,3,17
624842,0019A00105000000,"1113 STEUBEN ST, Pittsburgh, PA 15220",15220,Condemned/Dead End Property,2024-03-27,Pass,0,0019A00105000000,Active,40.441419863,-80.0456114859,Crafton Heights,2,20
624843,0175G00011000000,"7752 TIOGA ST, Pittsburgh, 15208",15221,Condemned/Dead End Property,2020-07-17,Fail,2,0175G00011000000,Active,40.4502113036,-79.8881626824,Homewood South,9,13
624844,0175G00011000000,"7752 TIOGA ST, Pittsburgh, 15208",15221,Condemned/Dead End Property,2022-10-18,,,0175G00011000000,Active,40.4502113036,-79.8881626824,Homewood South,9,13
624845,0175G00011000000,"7752 TIOGA ST, Pittsburgh, 15208",15221,Condemned/Dead End Property,2026-09-02,,,0175G00011000000,Active,40.4502113036,-79.8881626824,Homewood South,9,13
624846,0050M00159000000,"5410 KINCAID ST, Pittsburgh, 15206",15206,Condemned/Dead End Property,2020-06-05,Fail,2,0050M00159000000,Active,40.4660025774,-79.9350567224,Garfield,9,11
624847,0056N00221000000,"94 COURTLAND ST, Pittsburgh, 15207",15207,Condemned/Dead End Property,2020-06-24,Fail,1,0056N00221000000,Active,40.4050544436,-79.9471492562,Hazelwood,5,15
624848,0174R00182000000,"801 BRUSHTON AVE, Pittsburgh, 15208",15221,Condemned/Dead End Property,2020-08-04,Fail,2,0174R00182000000,Active,40.4548131889,-79.8886766202,Homewood South,9,13
624849,0027A00147000000,"3025 VANCROFT ST, Pittsburgh, 15219",15219,Condemned/Dead End Property,2020-08-12,Fail,1,0027A00147000000,Active,40.4506065612,-79.9641783607,Upper Hill,6,5
624850,0012K00192000000,"133 S 22ND ST, Pittsburgh, 15203",15203,Condemned/Dead End Property,2024-04-09,Fail,1,0012K00192000000,Active,40.4267289588,-79.9745842564,South Side Flats,3,16
624851,0024N00039000000,"814 PHINEAS ST, Pittsburgh, PA 15212",15212,Condemned/Dead End Property,2024-12-31,Fail,1,0024N00039000000,Active,40.4551455916,-79.9964927436,East Allegheny,1,23
624852,0012M00129000000,"2511 SARAH ST, Pittsburgh, 15203",15203,Condemned/Dead End Property,2022-05-16,Fail,1,0012M00129000000,Active,40.4270216028,-79.9696939286,South Side Flats,3,16
624853,0056J00126000000,"5018 BLAIR ST, Pittsburgh, 15207",15207,Condemned/Dead End Property,2020-07-24,Fail,1,0056J00126000000,Active,40.4071810754,-79.9469609141,Hazelwood,5,15
624854,0175K00020000000,"123 S BRADDOCK AVE, Pittsburgh, 15221",15221,Condemned/Dead End Property,2024-03-21,Fail,1,0175K00020000000,Active,40.4463185533,-79.8951725795,Point Breeze,9,14
624855,0013D00154000000,No primary address specified,15203,Condemned/Dead End Property,2020-11-20,Pass,0,0013D00154000000,Active,40.421955705,-79.9689052687,South Side Slopes,3,16
624856,0174F00029000000,"7329 HERMITAGE ST, Pittsburgh, 15208",15208,Condemned/Dead End Property,2025-04-29,Fail,3,0174F00029000000,Active,40.459673656,-79.8917177808,Homewood North,9,13
624857,0014E00323000000,"127 MILLBRIDGE ST, Pittsburgh, 15210",15210,Condemned/Dead End Property,2023-02-08,Fail,2,0014E00323000000,Active,40.4209503921,-79.9955216801,Allentown,3,18
624858,0076K00144000000,"1024 GRAND AVE, Pittsburgh, 15212",15212,Condemned/Dead End Property,2022-12-12,Fail,1,0076K00144000000,Active,40.4750626423,-80.0262769312,Marshall-Shadeland,6,27
624859,0014P00215000000,"321 BAUSMAN ST, Pittsburgh, 15210",15210,Condemned/Dead End Property,2025-10-23,,,0014P00215000000,Active,40.4144748435,-79.9940200541,Knoxville,3,30
624860,0185D00310000000,No primary address specified,15207,Condemned/Dead End Property,2025-07-28,Pass,0,0185D00310000000,Active,40.3727265619,-79.9187674466,Lincoln Place,5,31
624861,0015R00204000000,"716 GEARING AVE, Pittsburgh, 15210",15210,Condemned/Dead End Property,2023-12-13,Fail,2,0015R00204000000,Active,40.4159217559,-80.0050902643,Beltzhoover,3,18
624862,0015R00204000000,"716 GEARING AVE, Pittsburgh, 15210",15210,Condemned/Dead End Property,2023-12-13,Pass,0,0015R00204000000,Active,40.4159217559,-80.0050902643,Beltzhoover,3,18
624863,0077N00103000000,"243 KENNEDY AVE, Pittsburgh, PA 15214",15214,Condemned/Dead End Property,2020-09-02,Fail,2,0077N00103000000,Active,40.4739652949,-80.0121831092,Perry South,6,26
624864,0056B00017000000,"4636 CHATSWORTH AVE, Pittsburgh, PA 15207",15207,Condemned/Dead End Property,2024-12-19,Pass,0,0056B00017000000,Active,40.4136801046,-79.9451037846,Hazelwood,5,15
624865,0056N00202000000,"5116 LADORA Way, Pittsburgh, PA 15207",15207,Condemned/Dead End Property,2026-03-03,Fail,1,0056N00202000000,Active,40.4059242829,-79.9471303189,Hazelwood,5,15
624866,0050F00156000000,"4931 ROSETTA ST, Pittsburgh, 15224",15224,Condemned/Dead End Property,2023-12-22,Pass,0,0050F00156000000,Active,40.4683212727,-79.9429505609,Garfield,9,10
624867,0024F00081000000,"1013 SALTER Way, Pittsburgh, PA 15212",15212,Condemned/Dead End Property,2022-06-02,Fail,1,0024F00081000000,Active,40.4588405229,-79.994676483,Spring Garden,1,23
624868,0077P00316000000,No primary address specified,15214,Condemned/Dead End Property,2023-07-24,Pass,0,0077P00316000000,Active,40.4723578092,-80.0109284991,Perry South,6,26
624869,0173R00062000000,"1411 OBERLIN ST, Pittsburgh, 15206",15206,Condemned/Dead End Property,2020-09-08,Fail,2,0173R00062000000,Active,40.4636648195,-79.890277456,Lincoln-Lemington-Belmar,9,12
624870,0173R00062000000,"1411 OBERLIN ST, Pittsburgh, 15206",15206,Condemned/Dead End Property,2026-04-17,Pass,0,0173R00062000000,Active,40.4636648195,-79.890277456,Lincoln-Lemington-Belmar,9,12
624871,0124K00278000000,"622 PAULSON AVE, Pittsburgh, PA 15206",15206,Condemned/Dead End Property,2025-10-17,Fail,3,0124K00278000000,Active,40.4649567489,-79.9094198325,Larimer,9,12
624872,0047K00112000000,"56 WOESSNER AVE, Pittsburgh, 15212",15212,Condemned/Dead End Property,2020-09-10,Fail,1,0047K00112000000,Active,40.4659514218,-79.9947620735,Spring Hill-City View,1,26
624873,0010N00344000000,"403 GROVE ST, Pittsburgh, PA 15219",15219,Condemned/Dead End Property,2023-04-05,Pass,0,0010N00344000000,Active,40.4430981443,-79.9791956448,Middle Hill,6,5
624874,0011E00009000000,No primary address specified,15219,Condemned/Dead End Property,2023-03-13,Fail,1,0011E00009000000,Active,40.4381798618,-79.9821375061,Bluff,6,1
624875,0174J00186000000,"712 N LANG AVE, Pittsburgh, 15208",15208,Condemned/Dead End Property,2020-07-22,Fail,2,0174J00186000000,Active,40.4565320099,-79.8987524407,Homewood South,9,13
624876,0044D00174000000,"1520 FORSYTHE ST, Pittsburgh, 15212",15212,Condemned/Dead End Property,2026-04-17,Fail,2,0044D00174000000,Active,40.470879542,-80.0344476119,Marshall-Shadeland,6,27
624877,0023E00256000A00,"1536 MONTEREY ST, Pittsburgh, 15212",15212,Condemned/Dead End Property,2024-07-16,Fail,1,0023E00256000A00,Active,40.4581794523,-80.0135756949,Central Northside,1,25
624878,0174F00239000000,"7210 RACE ST, Pittsburgh, 15208",15208,Condemned/Dead End Property,2020-09-08,Fail,2,0174F00239000000,Active,40.458531441,-79.8952409788,Homewood North,9,13
624879,0026K00067000000,"3403 RIDGWAY ST, Pittsburgh, PA 15213",15213,Condemned/Dead End Property,2020-10-16,Pass,0,0026K00067000000,Active,40.4568250306,-79.9618986185,Polish Hill,7,6
624880,0174K00119000000,"7317 FRANKSTOWN AVE, Pittsburgh, 15208",15208,Condemned/Dead End Property,2020-08-28,Fail,2,0174K00119000000,Active,40.456979889,-79.8933121036,Homewood North,9,13
624881,0047H00106000000,"1812 GEBHART ST, Pittsburgh, 15212",15212,Condemned/Dead End Property,2023-09-07,Fail,2,0047H00106000000,Active,40.4676725024,-79.9859806129,Spring Garden,1,26
624882,0042N00308000000,"1307 JEFFERS ST, Pittsburgh, 15204",15204,Condemned/Dead End Property,2026-02-09,Fail,1,0042N00308000000,Active,40.4535249912,-80.064895885,Sheraden,2,20
624883,0042H00293000000,"3133 BRUNOT AVE, Pittsburgh, PA 15204",15204,Condemned/Dead End Property,2020-08-25,Fail,2,0042H00293000000,Active,40.4595154241,-80.0515895538,Sheraden,2,20
624884,0174P00202000000,"616 STERRETT ST, Pittsburgh, 15208",15208,Condemned/Dead End Property,2020-09-09,Fail,2,0174P00202000000,Active,40.4544543819,-79.8949156148,Homewood South,9,13
624885,0046R00123000000,"1935 MEADVILLE ST, Pittsburgh, 15214",15214,Condemned/Dead End Property,2020-09-04,Fail,2,0046R00123000000,Active,40.4634239248,-80.006181504,Fineview,1,25
624886,0042S00319000000,"2767 MERWYN AVE, Pittsburgh, 15204",15204,Condemned/Dead End Property,2021-04-13,Fail,1,0042S00319000000,Active,40.4550912008,-80.0503948387,Sheraden,2,20
624887,0042S00319000000,"2767 MERWYN AVE, Pittsburgh, 15204",15204,Condemned/Dead End Property,2022-12-07,Fail,1,0042S00319000000,Active,40.4550912008,-80.0503948387,Sheraden,2,20
624888,0014L00203000000,No primary address specified,15210,Condemned/Dead End Property,2020-09-21,Pass,0,0014L00203000000,Active,40.4163903697,-79.990303505,Knoxville,3,30
624889,0023D00096000000,"1723 WARREN ST, Pittsburgh, 15212",15212,Condemned/Dead End Property,2026-07-29,Fail,1,0023D00096000000,Active,40.4619500888,-80.0029240671,Fineview,1,25
624890,0044H00245000000,"2704 CALIFORNIA AVE, Pittsburgh, 15212",15212,Condemned/Dead End Property,2026-04-17,Fail,2,0044H00245000000,Active,40.4682380266,-80.0350729122,Marshall-Shadeland,6,27
624891,0044H00245000000,"2704 CALIFORNIA AVE, Pittsburgh, 15212",15212,Condemned/Dead End Property,2026-04-17,Pass,0,0044H00245000000,Active,40.4682380266,-80.0350729122,Marshall-Shadeland,6,27
624892,0033A00349000000,"408 MOORE AVE, Pittsburgh, PA 15210",15210,Condemned/Dead End Property,2023-02-16,Pass,0,0033A00349000000,Active,40.4118609236,-79.9954300489,Knoxville,3,30
624893,0062A00070000000,"2729 SHIRAS AVE, Pittsburgh, 15216",15216,Condemned/Dead End Property,2021-05-25,Pass,0,0062A00070000000,Active,40.4036857234,-80.0316616281,Beechview,4,19
624894,0010G00122000000,No primary address specified,15219,Condemned/Dead End Property,2022-06-27,Pass,0,0010G00122000000,Active,40.4496585201,-79.9718492692,Middle Hill,6,5
624895,0175D00175000000,"7913 INGLENOOK PL, Pittsburgh, 15208",15221,Condemned/Dead End Property,2020-09-01,Fail,3,0175D00175000000,Active,40.451373861,-79.8852466516,Homewood South,9,13
624896,0015M00316000000,"208 CHALFONT ST, Pittsburgh, 15210",15210,Condemned/Dead End Property,2020-06-25,Fail,2,0015M00316000000,Active,40.4163994057,-80.0035329918,Beltzhoover,3,18
624897,0027B00095000000,"3210 CAMP ST, Pittsburgh, 15219",15219,Condemned/Dead End Property,2020-08-05,Fail,2,0027B00095000000,Active,40.4517211777,-79.9588287498,Upper Hill,6,5
624898,0014C00081000000,No primary address specified,15203,Condemned/Dead End Property,2024-09-23,Pass,0,0014C00081000000,Active,40.4227943647,-79.9901957265,Allentown,3,18
624899,0050B00228000000,No primary address specified,15224,Condemned/Dead End Property,2021-06-09,Pass,0,0050B00228000000,Active,40.4701146607,-79.9446132902,Garfield,9,10
624900,0173N00354000000,No primary address specified,15208,Condemned/Dead End Property,2020-10-16,Pass,0,0173N00354000000,Active,40.462725374,-79.898292466,Homewood North,9,13
624901,0174P00203000000,"618 STERRETT ST, Pittsburgh, 15208",15208,Condemned/Dead End Property,2020-09-09,Fail,3,0174P00203000000,Active,40.4544859753,-79.8949020598,Homewood South,9,13
624902,0094J00184000000,"17 CLIFTON ST, Pittsburgh, 15210",15210,Condemned/Dead End Property,2021-01-27,Fail,1,0094J00184000000,Active,40.3876072828,-79.9818798103,Carrick,4,29
624903,0094J00184000000,"17 CLIFTON ST, Pittsburgh, 15210",15210,Condemned/Dead End Property,2024-03-04,Fail,1,0094J00184000000,Active,40.3876072828,-79.9818798103,Carrick,4,29
624904,0077M00001000000,No primary address specified,15214,Condemned/Dead End Property,2023-02-06,Pass,0,0077M00001000000,Active,40.4763141971,-80.0031887787,Northview Heights,1,26
624905,0012F00108000000,"1925 WRIGHTS Way, Pittsburgh, PA 15203",15203,Condemned/Dead End Property,2020-09-10,Fail,2,0012F00108000000,Active,40.4292017887,-79.9780257805,South Side Flats,3,17
624906,0046G00141000000,No primary address specified,15214,Condemned/Dead End Property,2023-08-22,,,0046G00141000000,Active,40.4675332818,-80.0051120651,Perry South,6,26
624907,0022F00063000A00,"1320 ADAMS ST, Pittsburgh, 15233",15233,Condemned/Dead End Property,2020-08-20,Fail,3,0022F00063000A00,Active,40.4589378425,-80.0270904962,Manchester,6,21
624908,0022F00063000A00,"1320 ADAMS ST, Pittsburgh, 15233",15233,Condemned/Dead End Property,2023-06-26,Pass,0,0022F00063000A00,Active,40.4589378425,-80.0270904962,Manchester,6,21
624909,0013C00052000000,"2401 MISSION ST, Pittsburgh, 15203",15203,Condemned/Dead End Property,2024-02-26,Fail,1,0013C00052000000,Active,40.4232498548,-79.9725040208,South Side Slopes,3,16
624910,0013C00052000000,"2401 MISSION ST, Pittsburgh, 15203",15203,Condemned/Dead End Property,2025-07-21,Pass,0,0013C00052000000,Active,40.4232498548,-79.9725040208,South Side Slopes,3,16
624911,0046G00207000000,"433 E BURGESS ST, Pittsburgh, 15214",15214,Condemned/Dead End Property,2020-08-26,Fail,1,0046G00207000000,Active,40.4683273611,-80.0049144697,Perry South,6,26
624912,0173A00276000000,"1361 MISSOURI ST, Pittsburgh, 15206",15206,Condemned/Dead End Property,2026-04-23,Fail,2,0173A00276000000,Active,40.4707013252,-79.8987971843,Lincoln-Lemington-Belmar,9,12
624913,0015B00009000000,"244 SOUTHERN AVE, Pittsburgh, 15211",15211,Condemned/Dead End Property,2023-10-23,Fail,1,0015B00009000000,Active,40.4235563459,-80.0115881698,Mount Washington,2,19
624914,0015B00030000000,"229 SOUTHERN AVE, Pittsburgh, 15211",15211,Condemned/Dead End Property,2026-01-14,Fail,2,0015B00030000000,Active,40.4234584116,-80.0109681683,Mount Washington,2,19
624915,0010F00111000000,"2344 BEDFORD AVE, Pittsburgh, 15219",15219,Condemned/Dead End Property,2023-02-21,Fail,3,0010F00111000000,Active,40.4494061035,-79.9749412889,Middle Hill,6,5
624916,0174E00087000000,"7113 RACE ST, Pittsburgh, PA 15208",15208,Condemned/Dead End Property,2024-10-03,Pass,0,0174E00087000000,Active,40.459416536,-79.8973449259,Homewood North,9,13
624917,0035J00092000000,"211 COAST AVE, Pittsburgh, 15216",15216,Condemned/Dead End Property,2020-09-29,Pass,0,0035J00092000000,Active,40.4083945162,-80.0287387207,Beechview,4,19
624918,0035J00092000000,"211 COAST AVE, Pittsburgh, 15216",15216,Condemned/Dead End Property,2020-09-29,,,0035J00092000000,Active,40.4083945162,-80.0287387207,Beechview,4,19
624919,0010D00244000000,No primary address specified,15219,Condemned/Dead End Property,2020-10-30,Pass,0,0010D00244000000,Active,40.4511371042,-79.9684944209,Middle Hill,6,5
624920,0174G00250000000,"7451 HERMITAGE ST, Pittsburgh, 15208",15208,Condemned/Dead End Property,2022-05-09,Fail,2,0174G00250000000,Active,40.4589873566,-79.8888684269,Homewood North,9,13
624921,0010M00025000000,No primary address specified,15219,Condemned/Dead End Property,2021-08-04,Pass,0,0010M00025000000,Active,40.4467380526,-79.9700114154,Middle Hill,6,5
624922,0040M00029000000,"1882 NOBLESTOWN RD, Pittsburgh, PA 15205",15205,Condemned/Dead End Property,2020-06-26,Fail,1,0040M00029000000,Active,40.436187653,-80.0525195577,Westwood,2,28
624923,0173N00150000000,"7003 CHAUCER ST, Pittsburgh, PA 15208",15208,Condemned/Dead End Property,2023-12-15,Fail,2,0173N00150000000,Active,40.4641378138,-79.8986069814,Homewood North,9,13
624924,0124G00107000000,No primary address specified,15206,Condemned/Dead End Property,2024-06-12,Pass,0,0124G00107000000,Active,40.4682321684,-79.9043728161,Lincoln-Lemington-Belmar,9,12
624925,0057C00108000000,"5425 2ND AVE, Pittsburgh, 15207",15207,Condemned/Dead End Property,2024-08-23,Fail,1,0057C00108000000,Active,40.402409299,-79.9410866512,Hazelwood,5,15
624926,0025M00077000000,"336 DOWNING ST, Pittsburgh, 15219",15219,Condemned/Dead End Property,2020-06-19,Fail,1,0025M00077000000,Active,40.4575894486,-79.9670464745,Polish Hill,7,6
624927,0174P00185000000,"7329 HAMILTON AVE, Pittsburgh, PA 15208",15208,Condemned/Dead End Property,2020-09-01,Fail,2,0174P00185000000,Active,40.4540837261,-79.8942534464,Homewood South,9,13
624928,0174P00185000000,"7329 HAMILTON AVE, Pittsburgh, PA 15208",15208,Condemned/Dead End Property,2024-04-09,,,0174P00185000000,Active,40.4540837261,-79.8942534464,Homewood South,9,13
624929,0174K00362000A00,"720 STERRETT ST, Pittsburgh, 15208",15208,Condemned/Dead End Property,2020-09-09,Fail,2,0174K00362000A00,Active,40.455658688,-79.8944414973,Homewood South,9,13
624930,0174K00362000A00,"720 STERRETT ST, Pittsburgh, 15208",15208,Condemned/Dead End Property,2024-04-09,,,0174K00362000A00,Active,40.455658688,-79.8944414973,Homewood South,9,13
624931,0013M00250000000,"119 RINNE ST, Pittsburgh, 15210",15210,Condemned/Dead End Property,2020-09-08,Fail,1,0013M00250000000,Active,40.4167143713,-79.9683559816,Arlington,3,16
624932,0010G00341000D00,No primary address specified,15219,Condemned/Dead End Property,2020-10-02,Pass,0,0010G00341000D00,Active,40.4495162156,-79.9736919985,Middle Hill,6,5
624933,0023F00251000000,"245 CARRINGTON ST, Pittsburgh, 15212",15212,Condemned/Dead End Property,2020-07-09,Fail,3,0023F00251000000,Active,40.4583717458,-80.0114886558,Central Northside,1,25
624934,0041H00196000000,"803 DUBOIS ST, Pittsburgh, 15204",15204,Condemned/Dead End Property,2020-10-26,Fail,2,0041H00196000000,Active,40.4500947929,-80.0507509629,Crafton Heights,2,20
624935,0174P00180000000,"7335 HAMILTON AVE, Pittsburgh, PA 15208",15208,Condemned/Dead End Property,2020-09-01,Fail,2,0174P00180000000,Active,40.4540493028,-79.8941018767,Homewood South,9,13
624936,0174P00180000000,"7335 HAMILTON AVE, Pittsburgh, PA 15208",15208,Condemned/Dead End Property,2024-04-09,,,0174P00180000000,Active,40.4540493028,-79.8941018767,Homewood South,9,13
624937,0005L00110000000,"921 SAW MILL RUN BLVD, Pittsburgh, PA 15220",15220,Condemned/Dead End Property,2020-09-09,Pass,0,0005L00110000000,Active,40.4268369499,-80.0215001848,Duquesne Heights,2,20
624938,0077P00357000000,"2726 SHELTON AVE, Pittsburgh, 15214",15214,Condemned/Dead End Property,2026-04-17,Fail,2,0077P00357000000,Active,40.4731934793,-80.0117077281,Perry South,6,26
624939,0077P00357000000,"2726 SHELTON AVE, Pittsburgh, 15214",15214,Condemned/Dead End Property,2026-04-17,Pass,0,0077P00357000000,Active,40.4731934793,-80.0117077281,Perry South,6,26
624940,0077P00357000000,"2726 SHELTON AVE, Pittsburgh, 15214",15214,Condemned/Dead End Property,2026-05-14,Fail,2,0077P00357000000,Active,40.4731934793,-80.0117077281,Perry South,6,26
624941,0054J00083000000,"403 SALINE ST #2, Pittsburgh, PA 15207",15207,Condemned/Dead End Property,2025-06-16,Fail,1,0054J00083000000,Active,40.4277811791,-79.9467150697,Greenfield,5,14
624942,0184S00001000000,No primary address specified,15207,Condemned/Dead End Property,2021-10-11,,,0184S00001000000,Active,40.3655375442,-79.9020721611,Lincoln Place,5,31
624943,0184S00001000000,No primary address specified,15207,Condemned/Dead End Property,2021-10-11,Pass,0,0184S00001000000,Active,40.3655375442,-79.9020721611,Lincoln Place,5,31
624944,0094E00289000000,"2433 DIEHL AVE, Pittsburgh, 15210",15210,Condemned/Dead End Property,2023-06-27,Fail,1,0094E00289000000,Active,40.390796668,-79.9792194414,Carrick,4,29
624945,0231K00136000000,No primary address specified,15221,Condemned/Dead End Property,2020-10-14,Pass,0,0231K00136000000,Active,40.4572032081,-79.8760959654,East Hills,9,13
624946,0231R00096000000,"2208 PARK HILL DR, Pittsburgh, 15221",15221,Condemned/Dead End Property,2022-07-06,Fail,1,0231R00096000000,Active,40.4538604287,-79.8738815122,East Hills,9,13
624947,0004N00170000000,"26 MARNE Way, Pittsburgh, PA 15211",15211,Condemned/Dead End Property,2024-02-27,Fail,1,0004N00170000000,Active,40.423845974,-80.0128284038,Mount Washington,2,19
624948,0014N00116000000,"503 MICHIGAN ST, Pittsburgh, PA 15210",15210,Condemned/Dead End Property,2023-05-10,Fail,1,0014N00116000000,Active,40.4160903349,-79.9979016538,Beltzhoover,3,18
624949,0175F00260000000,"501 BRUSHTON AVE, Pittsburgh, PA 15208",15221,Condemned/Dead End Property,2020-08-04,Fail,2,0175F00260000000,Active,40.4500693553,-79.8913692558,Homewood South,9,13
624950,0018C00204000000,"540 RIDGEMONT DR, Pittsburgh, 15220",15220,Condemned/Dead End Property,2021-01-14,Pass,0,0018C00204000000,Active,40.4310627609,-80.0380734335,Ridgemont,2,20
624951,0020S00086000000,"302 FAIRVIEW AVE, Pittsburgh, 15220",15220,Condemned/Dead End Property,2020-08-28,Fail,1,0020S00086000000,Active,40.4444415661,-80.035570672,Elliott,2,20
624952,0020S00086000000,"302 FAIRVIEW AVE, Pittsburgh, 15220",15220,Condemned/Dead End Property,2024-01-11,Pass,0,0020S00086000000,Active,40.4444415661,-80.035570672,Elliott,2,20
624953,0070C00023000000,"3408 CLEARFIELD ST, Pittsburgh, 15204",15204,Condemned/Dead End Property,2020-08-27,Fail,1,0070C00023000000,Active,40.4521861528,-80.0714980055,Windgap,2,28
624954,0024C00133000000,"1266 HIGH ST, Pittsburgh, PA 15212",15212,Condemned/Dead End Property,2020-09-01,Fail,1,0024C00133000000,Active,40.4615618739,-79.989291924,Spring Garden,1,24
624955,0013G00066000000,"941 ELEANOR ST, Pittsburgh, 15203",15203,Condemned/Dead End Property,2020-08-28,Fail,2,0013G00066000000,Active,40.4210232756,-79.9723554331,South Side Slopes,3,16
624956,0046S00266000000,"1934 WARREN ST, Pittsburgh, 15212",15212,Condemned/Dead End Property,2025-10-03,Fail,2,0046S00266000000,Active,40.4639445349,-80.0027372644,Fineview,1,25
624957,0046S00266000000,"1934 WARREN ST, Pittsburgh, 15212",15212,Condemned/Dead End Property,2026-05-05,Fail,1,0046S00266000000,Active,40.4639445349,-80.0027372644,Fineview,1,25
624958,0127K00105000000,"1830 BEECHWOOD BLVD, Pittsburgh, 15217",15217,Condemned/Dead End Property,2024-09-23,Fail,1,0127K00105000000,Active,40.4374649536,-79.9118333677,Squirrel Hill South,5,14
624959,0081D00069000000,"4745 COLERIDGE ST, Pittsburgh, 15201",15201,Condemned/Dead End Property,2021-03-29,Fail,2,0081D00069000000,Active,40.4801252534,-79.9353286627,Stanton Heights,9,10
624960,0083J00301000000,"5611 RURAL ST #9, Pittsburgh, PA 15206",15206,Condemned/Dead End Property,2024-03-07,Fail,3,0083J00301000000,Active,40.4656990306,-79.9290108559,East Liberty,9,11
624961,0046J00269000000,"306 ELSDON ST, Pittsburgh, 15214",15214,Condemned/Dead End Property,2024-09-16,Fail,1,0046J00269000000,Active,40.467147018,-80.0138265552,Perry South,6,26
624962,0011L00059000000,"2312 BEELEN ST, Pittsburgh, PA 15213",15213,Condemned/Dead End Property,2020-08-21,Fail,1,0011L00059000000,Active,40.4379390956,-79.9722634996,West Oakland,6,4
624963,0009M00243000000,"713 CASSATT ST, Pittsburgh, 15219",15219,Condemned/Dead End Property,2020-10-19,Fail,1,0009M00243000000,Active,40.4456512076,-79.9854557664,Crawford-Roberts,6,3
624964,0042P00192000000,"3117 CHARTIERS AVE, Pittsburgh, 15204",15204,Condemned/Dead End Property,2020-08-27,Fail,2,0042P00192000000,Active,40.4533624628,-80.0616325309,Sheraden,2,20
624965,0116J00086000000,"326 DUNLAP ST, Pittsburgh, 15214",15214,Condemned/Dead End Property,2025-05-23,Pass,0,0116J00086000000,Active,40.4865121336,-80.0122160125,Perry North,1,26
624966,0075M00263000000,"1401 WOODS RUN AVE, Pittsburgh, 15212",15212,Condemned/Dead End Property,2020-10-05,Fail,2,0075M00263000000,Active,40.475871134,-80.0337135798,Marshall-Shadeland,6,27
624967,0075M00263000000,"1401 WOODS RUN AVE, Pittsburgh, 15212",15212,Condemned/Dead End Property,2026-09-10,Pass,0,0075M00263000000,Active,40.475871134,-80.0337135798,Marshall-Shadeland,6,27
624968,0046P00213000000,"1941 FEDERAL STREET EXT, Pittsburgh, 15214",15214,Condemned/Dead End Property,2025-10-20,Fail,1,0046P00213000000,Active,40.463219362,-80.0097142395,Perry South,6,25
624969,0174M00209000000,No primary address specified,15221,Condemned/Dead End Property,2022-08-29,Pass,0,0174M00209000000,Active,40.4574733044,-79.8854961066,Homewood North,9,13
624970,0024B00231000000,"1112 HIGH ST, Pittsburgh, 15212",15212,Condemned/Dead End Property,2020-09-01,Fail,1,0024B00231000000,Active,40.4606746914,-79.9932132585,Spring Garden,1,24
624971,0135H00132000000,"618 CALERA ST, Pittsburgh, 15207",15207,Condemned/Dead End Property,2024-08-23,Fail,1,0135H00132000000,Active,40.3821442417,-79.9335226494,Hays,5,31
624972,0135H00132000000,"618 CALERA ST, Pittsburgh, 15207",15207,Condemned/Dead End Property,2025-02-28,Pass,0,0135H00132000000,Active,40.3821442417,-79.9335226494,Hays,5,31
624973,0046S00156000000,"626 TOBOGGAN ST, Pittsburgh, 15212",15212,Condemned/Dead End Property,2020-09-09,Fail,3,0046S00156000000,Active,40.464743821,-80.0021561008,Fineview,1,25
624974,0124S00114000000,No primary address specified,15206,Condemned/Dead End Property,2020-10-13,Pass,0,0124S00114000000,Active,40.4638917389,-79.9035810702,Lincoln-Lemington-Belmar,9,12
624975,0014P00172000000,No primary address specified,15210,Condemned/Dead End Property,2020-11-16,Pass,0,0014P00172000000,Active,40.4148687897,-79.9920406806,Knoxville,3,30
624976,0024G00073000000,No primary address specified,15212,Condemned/Dead End Property,2022-12-12,Pass,0,0024G00073000000,Active,40.4593685193,-79.9903742098,Spring Garden,1,24
624977,0015H00263000000,"232 INDUSTRY ST, Pittsburgh, PA 15210",15210,Condemned/Dead End Property,2022-03-21,Fail,3,0015H00263000000,Active,40.4202262591,-80.0033984092,Beltzhoover,3,18
624978,0015H00263000000,"232 INDUSTRY ST, Pittsburgh, PA 15210",15210,Condemned/Dead End Property,2025-12-10,Pass,0,0015H00263000000,Active,40.4202262591,-80.0033984092,Beltzhoover,3,18
624979,0231P00260000000,"660 WILKINSBURG AVE, Pittsburgh, 15221",15221,Condemned/Dead End Property,2020-07-06,Fail,2,0231P00260000000,Active,40.4546335393,-79.8755818571,East Hills,9,13
624980,0040M00148000000,"1300 HARTWELL ST #2, Pittsburgh, PA 15205",15205,Condemned/Dead End Property,2024-09-04,Pass,0,0040M00148000000,Active,40.4370680173,-80.0509252904,Westwood,2,28
624981,0040M00148000000,"1300 HARTWELL ST #2, Pittsburgh, PA 15205",15205,Condemned/Dead End Property,2026-07-29,,,0040M00148000000,Active,40.4370680173,-80.0509252904,Westwood,2,28
624982,0010M00029000000,"2535 ELBA ST, Pittsburgh, 15219",15219,Condemned/Dead End Property,2026-09-10,Fail,2,0010M00029000000,Active,40.4468080904,-79.9698022122,Middle Hill,6,5
624983,0010M00029000000,"2535 ELBA ST, Pittsburgh, 15219",15219,Condemned/Dead End Property,2026-09-16,Pass,0,0010M00029000000,Active,40.4468080904,-79.9698022122,Middle Hill,6,5
624984,0015H00169000000,"425 CLIMAX ST, Pittsburgh, PA 15210",15210,Condemned/Dead End Property,2020-07-29,Fail,2,0015H00169000000,Active,40.4201887078,-79.9994266454,Beltzhoover,3,18
624985,0052D00082000000,"815 S AIKEN AVE, Pittsburgh, PA 15232",15232,Condemned/Dead End Property,2026-07-20,Fail,3,0052D00082000000,Active,40.4505096673,-79.9351518155,Shadyside,8,7
624986,0124N00342000000,"158 STOEBNER Way, Pittsburgh, PA 15206",15206,Condemned/Dead End Property,2025-03-10,Fail,2,0124N00342000000,Active,40.4641814324,-79.9122803844,Larimer,9,12
624987,0023A00095000000,"16 NORMAN ST, Pittsburgh, 15214",15214,Condemned/Dead End Property,2020-09-08,Fail,1,0023A00095000000,Active,40.4620663716,-80.014440111,Perry South,6,25
624988,0023A00095000000,"16 NORMAN ST, Pittsburgh, 15214",15214,Condemned/Dead End Property,2025-02-28,Pass,0,0023A00095000000,Active,40.4620663716,-80.014440111,Perry South,6,25
624989,0025R00052000000,"253 BRERETON ST, Pittsburgh, PA 15219",15219,Condemned/Dead End Property,2024-10-15,Fail,1,0025R00052000000,Active,40.4541147576,-79.9742349891,Strip District,7,6
624990,0174L00376000000,No primary address specified,15208,Condemned/Dead End Property,2025-08-05,Pass,0,0174L00376000000,Active,40.4575560761,-79.8891568274,Homewood North,9,13
624991,0042L00041000000,"3013 ZEPHYR AVE, Pittsburgh, 15204",15204,Condemned/Dead End Property,2024-01-16,Fail,1,0042L00041000000,Active,40.4565555413,-80.0539947119,Sheraden,2,20
624992,0022F00146000A00,"1311 ADAMS ST, Pittsburgh, 15233",15233,Condemned/Dead End Property,2026-01-09,Fail,3,0022F00146000A00,Active,40.4586356543,-80.0266366295,Manchester,6,21
624993,0033P00246000000,"16 CEDRICTON ST #2, Pittsburgh, PA 15210",15210,Condemned/Dead End Property,2025-03-20,Fail,2,0033P00246000000,Active,40.4052267009,-79.9916997806,Carrick,4,29
624994,0026P00173000000,No primary address specified,15219,Condemned/Dead End Property,2020-11-04,Pass,0,0026P00173000000,Active,40.4535845065,-79.9593687269,Upper Hill,6,5
624995,0020L00190000000,"1038 MARENA ST, Pittsburgh, 15220",15220,Condemned/Dead End Property,2026-04-22,Fail,1,0020L00190000000,Active,40.4469400321,-80.0383417242,Elliott,2,20
624996,0173A00041000000,"7020 WILTSIE ST, Pittsburgh, 15206",15206,Condemned/Dead End Property,2020-09-10,Fail,2,0173A00041000000,Active,40.4718848457,-79.8964618938,Lincoln-Lemington-Belmar,9,12
624997,0173A00041000000,"7020 WILTSIE ST, Pittsburgh, 15206",15206,Condemned/Dead End Property,2024-01-08,Pass,0,0173A00041000000,Active,40.4718848457,-79.8964618938,Lincoln-Lemington-Belmar,9,12
624998,0056K00054000000,"134 W ELIZABETH ST, Pittsburgh, PA 15207",15207,Condemned/Dead End Property,2023-10-10,Fail,2,0056K00054000000,Active,40.4070999003,-79.9446197872,Hazelwood,5,15
624999,0174B00207000000,No primary address specified,15208,Condemned/Dead End Property,2020-10-14,Pass,0,0174B00207000000,Active,40.4608392868,-79.8929428059,Homewood North,9,13
625000,0174L00079000000,"7533 BENNETT ST, Pittsburgh, 15208",15208,Condemned/Dead End Property,2020-08-24,Fail,2,0174L00079000000,Active,40.4553639558,-79.8909641787,Homewood South,9,13
625001,0015M00146000000,"339 SYLVANIA AVE, Pittsburgh, 15210",15210,Condemned/Dead End Property,2020-09-09,Fail,2,0015M00146000000,Active,40.4176483027,-80.0008519436,Beltzhoover,3,18
625002,0174B00216000000,"7309 MOUNT VERNON ST, Pittsburgh, PA 15208",15208,Condemned/Dead End Property,2020-09-04,Fail,2,0174B00216000000,Active,40.4607581603,-79.8921329056,Homewood North,9,13
625003,0115C00087000000,"389 MALINE ST, Pittsburgh, 15214",15214,Condemned/Dead End Property,2024-02-09,Fail,2,0115C00087000000,Active,40.4903582196,-80.0231807514,Perry North,1,26
625004,0076J00140000000,"3154 SORENTO ST, Pittsburgh, PA 15212",15212,Condemned/Dead End Property,2020-09-18,Fail,2,0076J00140000000,Active,40.4754724416,-80.0293590958,Marshall-Shadeland,6,27
625005,0010J00062000000,"129 TRENT ST, Pittsburgh, 15219",15219,Condemned/Dead End Property,2020-08-26,Fail,1,0010J00062000000,Active,40.4458920678,-79.9795583797,Middle Hill,6,5
625006,0010J00062000000,"129 TRENT ST, Pittsburgh, 15219",15219,Condemned/Dead End Property,2025-11-17,Pass,0,0010J00062000000,Active,40.4458920678,-79.9795583797,Middle Hill,6,5
625007,0075S00140000000,No primary address specified,15212,Condemned/Dead End Property,2024-11-21,Pass,0,0075S00140000000,Active,40.473023012,-80.0356902174,Marshall-Shadeland,6,27
625008,0023A00100000000,No primary address specified,15214,Condemned/Dead End Property,2026-09-02,Pass,0,0023A00100000000,Active,40.4619258082,-80.0147570484,Perry South,6,25
625009,0124M00192000000,"6613 1/2 APPLE ST, Pittsburgh, PA 15206",15206,Condemned/Dead End Property,2026-01-14,Fail,2,0124M00192000000,Active,40.4664373937,-79.9023187003,Lincoln-Lemington-Belmar,9,12
625010,0014F00371000000,"867 LILLIAN ST, Pittsburgh, 15210",15210,Condemned/Dead End Property,2020-09-03,Fail,2,0014F00371000000,Active,40.4188893853,-79.9911418575,Allentown,3,18
625011,0175H00205000000,"508 OAKWOOD ST, Pittsburgh, 15208",15221,Condemned/Dead End Property,2020-09-08,Fail,2,0175H00205000000,Active,40.4494185644,-79.883800425,East Hills,9,13
625012,0175H00205000000,"508 OAKWOOD ST, Pittsburgh, 15208",15221,Condemned/Dead End Property,2024-05-01,,,0175H00205000000,Active,40.4494185644,-79.883800425,East Hills,9,13
625013,0032F00100000000,No primary address specified,15210,Condemned/Dead End Property,2024-03-20,Pass,0,0032F00100000000,Active,40.4113217082,-79.9776754865,Mt. Oliver,3,16
625014,0095N00097000000,No primary address specified,15234,Condemned/Dead End Property,2025-06-17,Pass,0,0095N00097000000,Active,40.3848629013,-79.9971998555,Overbrook,4,32
625015,0076N00269000000,"3115 WADLOW ST, Pittsburgh, 15212",15212,Condemned/Dead End Property,2020-10-05,Fail,2,0076N00269000000,Active,40.4740133344,-80.0302823772,Marshall-Shadeland,6,27
625016,0076N00269000000,"3115 WADLOW ST, Pittsburgh, 15212",15212,Condemned/Dead End Property,2022-09-21,,,0076N00269000000,Active,40.4740133344,-80.0302823772,Marshall-Shadeland,6,27
625017,0076N00269000000,"3115 WADLOW ST, Pittsburgh, 15212",15212,Condemned/Dead End Property,2024-03-18,Pass,0,0076N00269000000,Active,40.4740133344,-80.0302823772,Marshall-Shadeland,6,27
625018,0047S00210000000,"1529 HATTERAS ST, Pittsburgh, 15212",15212,Condemned/Dead End Property,2025-10-23,Pass,0,0047S00210000000,Active,40.4626495096,-79.9846852534,Troy Hill,1,24
625019,0035S00267000000,"1904 WOODWARD AVE, Pittsburgh, 15226",15226,Condemned/Dead End Property,2024-08-30,Fail,1,0035S00267000000,Active,40.4045929143,-80.0175355101,Brookline,4,19
625020,0003R00018000000,"47 WELSH Way, Pittsburgh, PA 15203",15203,Condemned/Dead End Property,2023-10-10,Fail,1,0003R00018000000,Active,40.4243561535,-79.9871909573,South Side Slopes,3,17
625021,0054N00314000000,"3834 ACORN ST, Pittsburgh, 15207",15207,Condemned/Dead End Property,2020-07-17,Fail,1,0054N00314000000,Active,40.4259352157,-79.9492253946,Greenfield,5,15
625022,0081A00132000000,No primary address specified,15201,Condemned/Dead End Property,2021-02-17,Pass,0,0081A00132000000,Active,40.4810119379,-79.9484267969,Upper Lawrenceville,7,10
625023,0016P00086000000,"1319 BELASCO AVE, Pittsburgh, 15216",15216,Condemned/Dead End Property,2020-08-21,Fail,2,0016P00086000000,Active,40.4154057385,-80.027429592,Beechview,4,19
625024,0016P00086000000,"1319 BELASCO AVE, Pittsburgh, 15216",15216,Condemned/Dead End Property,2025-02-17,Pass,0,0016P00086000000,Active,40.4154057385,-80.027429592,Beechview,4,19
625025,0077P00052000000,No primary address specified,15214,Condemned/Dead End Property,2026-05-21,Pass,0,0077P00052000000,Active,40.4745551552,-80.0083592121,Perry South,6,26
625026,0060F00269000000,"1602 OAKHURST ST, Pittsburgh, 15210",15210,Condemned/Dead End Property,2023-02-16,Pass,0,0060F00269000000,Active,40.3996567151,-79.9913121568,Carrick,4,29
625027,0060F00269000000,"1602 OAKHURST ST, Pittsburgh, 15210",15210,Condemned/Dead End Property,2023-12-13,Fail,1,0060F00269000000,Active,40.3996567151,-79.9913121568,Carrick,4,29
625028,0057C00372000000,"319 RENOVA ST, Pittsburgh, 15207",15207,Condemned/Dead End Property,2020-09-09,Fail,3,0057C00372000000,Active,40.4030600265,-79.9371936973,Hazelwood,5,15
625029,0013K00232000000,"2206 ELSIE ST, Pittsburgh, 15210",15210,Condemned/Dead End Property,2024-01-30,Fail,1,0013K00232000000,Active,40.416714961,-79.9758001191,Arlington,3,16
625030,0174H00273000000,No primary address specified,15221,Condemned/Dead End Property,2023-03-27,,,0174H00273000000,Active,40.4590602314,-79.8851263745,Homewood North,9,13
625031,0022P00237000A00,"1447 STEDMAN ST, Pittsburgh, 15233",15233,Condemned/Dead End Property,2020-09-09,Fail,1,0022P00237000A00,Active,40.4532111489,-80.0276071687,Manchester,6,21
625032,0010R00086000000,"2337 REED ST, Pittsburgh, PA 15219",15219,Condemned/Dead End Property,2024-03-21,Fail,1,0010R00086000000,Active,40.445099309,-79.9722179165,Middle Hill,6,5
625033,0174N00172000000,"531 N HOMEWOOD AVE #6, Pittsburgh, PA 15208",15208,Condemned/Dead End Property,2026-04-02,Fail,1,0174N00172000000,Active,40.4537098414,-79.8984623302,Homewood South,9,13
625034,0173A00100000000,No primary address specified,15206,Condemned/Dead End Property,2024-08-21,Pass,0,0173A00100000000,Active,40.47062791,-79.8964031159,Lincoln-Lemington-Belmar,9,12
625035,0010D00238000000,No primary address specified,15219,Condemned/Dead End Property,2020-10-02,Pass,0,0010D00238000000,Active,40.450859248,-79.9684848952,Middle Hill,6,5
625036,0139D00134000000,"232 RICHFIELD ST, Pittsburgh, 15234",15234,Condemned/Dead End Property,2026-03-05,Pass,0,0139D00134000000,Active,40.3827875526,-80.000818586,Overbrook,4,32
625037,0081A00034000000,"5313 DUNCAN ST, Pittsburgh, 15201",15201,Condemned/Dead End Property,2022-03-25,Fail,2,0081A00034000000,Active,40.4803595878,-79.9492307205,Upper Lawrenceville,7,10
625038,0231F00009000000,"8517 PERSHING ST, Pittsburgh, 15235",15221,Condemned/Dead End Property,2020-09-08,Fail,2,0231F00009000000,Active,40.4597095849,-79.8759729185,East Hills,9,13
625039,0035H00203000000,"1637 SUBURBAN AVE, Pittsburgh, 15216",15216,Condemned/Dead End Property,2020-09-10,Fail,2,0035H00203000000,Active,40.4095073851,-80.0176452134,Beechview,2,19
625040,0035H00203000000,"1637 SUBURBAN AVE, Pittsburgh, 15216",15216,Condemned/Dead End Property,2024-05-30,Pass,0,0035H00203000000,Active,40.4095073851,-80.0176452134,Beechview,2,19
625041,0116N00023000000,"3433 PORTOLA AVE, Pittsburgh, PA 15214",15214,Condemned/Dead End Property,2020-09-09,Fail,1,0116N00023000000,Active,40.4828431427,-80.0121211465,Perry North,1,26
625042,0060R00228000000,"1938 WESTMONT AVE, Pittsburgh, 15210",15210,Condemned/Dead End Property,2024-08-05,Pass,0,0060R00228000000,Active,40.394419933,-79.9879827452,Carrick,4,29
625043,0060R00228000000,"1938 WESTMONT AVE, Pittsburgh, 15210",15210,Condemned/Dead End Property,2026-05-20,Fail,1,0060R00228000000,Active,40.394419933,-79.9879827452,Carrick,4,29
625044,0022K00272000000,No primary address specified,15233,Condemned/Dead End Property,2022-09-16,Pass,0,0022K00272000000,Active,40.4560572762,-80.0271856881,Manchester,6,21
625045,0075B00270000000,"3611 MEXICO ST, Pittsburgh, 15212",15212,Condemned/Dead End Property,2023-05-26,Fail,1,0075B00270000000,Active,40.4801784898,-80.0420401313,Brighton Heights,1,27
625046,0120P00017000000,"5605 CELADINE ST, Pittsburgh, PA 15201",15201,Condemned/Dead End Property,2020-06-19,Fail,1,0120P00017000000,Active,40.4821013078,-79.9450900321,Stanton Heights,7,10
625047,0120P00017000000,"5605 CELADINE ST, Pittsburgh, PA 15201",15201,Condemned/Dead End Property,2023-06-27,,,0120P00017000000,Active,40.4821013078,-79.9450900321,Stanton Heights,7,10
625048,0075H00152000000,"3423 GASS AVE, Pittsburgh, 15212",15212,Condemned/Dead End Property,2025-03-25,Pass,0,0075H00152000000,Active,40.4776529354,-80.0351827903,Brighton Heights,1,27
625049,0004K00258000002,"67 SOUTHERN AVE, Pittsburgh, 15211",15211,Condemned/Dead End Property,2025-10-21,Fail,1,0004K00258000002,Active,40.4278176907,-80.0084945441,Mount Washington,2,19
625050,0041E00113000000,"1426 BERRY ST, Pittsburgh, PA 15204",15204,Condemned/Dead End Property,2023-05-26,Pass,0,0041E00113000000,Active,40.4492116732,-80.0623738275,Sheraden,2,20
625051,0050B00172000000,"4811 COLUMBO ST, Pittsburgh, 15224",15224,Condemned/Dead End Property,2020-06-18,Fail,2,0050B00172000000,Active,40.4717607172,-79.9428767045,Garfield,9,10
625052,0024J00302000000,"829 BLOSSOM Way, Pittsburgh, PA 15212",15212,Condemned/Dead End Property,2026-04-01,Fail,2,0024J00302000000,Active,40.457052074,-79.9966746783,East Allegheny,1,23
625053,0010D00058000A00,"2724 BEDFORD AVE, Pittsburgh, 15219",15219,Condemned/Dead End Property,2020-07-13,Fail,2,0010D00058000A00,Active,40.4517843314,-79.9695795617,Bedford Dwellings,6,5
625054,0056N00218000000,"97 COURTLAND ST, Pittsburgh, 15207",15207,Condemned/Dead End Property,2020-06-24,Fail,3,0056N00218000000,Active,40.4050970485,-79.946860988,Hazelwood,5,15
625055,0056N00218000000,"97 COURTLAND ST, Pittsburgh, 15207",15207,Condemned/Dead End Property,2020-10-25,Pass,0,0056N00218000000,Active,40.4050970485,-79.946860988,Hazelwood,5,15
625056,0061H00155000000,"1533 BALLINGER ST, Pittsburgh, 15210",15210,Condemned/Dead End Property,2026-02-11,Fail,3,0061H00155000000,Active,40.4006704746,-80.0021754003,Brookline,4,32
625057,0173A00199000000,"1349 PAULSON AVE, Pittsburgh, 15206",15206,Condemned/Dead End Property,2026-05-14,Fail,2,0173A00199000000,Active,40.4698657191,-79.8990520906,Lincoln-Lemington-Belmar,9,12
625058,0014K00079000000,"309 ORCHARD PL, Pittsburgh, 15210",15210,Condemned/Dead End Property,2021-04-09,Fail,2,0014K00079000000,Active,40.4181991013,-79.9936798678,Knoxville,3,30
625059,0173L00021000000,"7317 LEMINGTON AVE, Pittsburgh, 15235",15206,Condemned/Dead End Property,2026-04-17,,,0173L00021000000,Active,40.4669913986,-79.8893291165,Lincoln-Lemington-Belmar,9,12
625060,0173E00339000000,"1404 LINCOLN AVE, Pittsburgh, 15206",15206,Condemned/Dead End Property,2026-07-28,Fail,3,0173E00339000000,Active,40.4678932735,-79.8966460116,Lincoln-Lemington-Belmar,9,12
625061,0173E00339000000,"1404 LINCOLN AVE, Pittsburgh, 15206",15206,Condemned/Dead End Property,2026-07-28,,,0173E00339000000,Active,40.4678932735,-79.8966460116,Lincoln-Lemington-Belmar,9,12
625062,0120P00088000000,"5615 CAMELIA ST, Pittsburgh, 15201",15201,Condemned/Dead End Property,2026-07-08,Fail,1,0120P00088000000,Active,40.4823315387,-79.9434934603,Stanton Heights,7,10
625063,0002G00024000000,"1106 5TH AVE, Pittsburgh, PA 15219",15219,Condemned/Dead End Property,2026-07-06,Fail,2,0002G00024000000,Active,40.4384837867,-79.9890377028,Bluff,6,1
625064,0174M00167000000,No primary address specified,15221,Condemned/Dead End Property,2020-10-19,Pass,0,0174M00167000000,Active,40.456890207,-79.8840608795,Homewood North,9,13
625065,0003M00246000000,"99 S 13TH ST, Pittsburgh, PA 15203",15203,Condemned/Dead End Property,2026-08-06,Fail,2,0003M00246000000,Active,40.427158048,-79.9849663029,South Side Flats,3,17
625066,0090S00120000000,"4422 SWEETBAY ST, Pittsburgh, 15120",15207,Condemned/Dead End Property,2024-12-19,Fail,2,0090S00120000000,Active,40.3965930925,-79.917136799,New Homestead,5,31
625067,0007N00125000000,"236 ELLIOTT ST, Pittsburgh, PA 15220",15220,Condemned/Dead End Property,2020-08-18,Fail,2,0007N00125000000,Active,40.4437098603,-80.0317537789,Elliott,2,20
625068,0174A00357000000,No primary address specified,15208,Condemned/Dead End Property,2024-06-03,Pass,0,0174A00357000000,Active,40.4601936551,-79.8988993094,Homewood North,9,13
625069,0054F00139000000,"700 NAYLOR ST, Pittsburgh, PA 15207",15207,Condemned/Dead End Property,2024-10-28,Fail,1,0054F00139000000,Active,40.429724771,-79.9424788212,Greenfield,5,14
625070,0044D00132000000,"1519 ECKERT ST, Pittsburgh, 15212",15212,Condemned/Dead End Property,2025-03-04,Fail,1,0044D00132000000,Active,40.4712320908,-80.0345101931,Marshall-Shadeland,6,27
625071,0011K00078000200,"3 SENECA ST, Pittsburgh, PA 15219",15219,Condemned/Dead End Property,2020-09-09,Fail,2,0011K00078000200,Active,40.4375282017,-79.9757056701,Bluff,6,4
625072,0046A00003000000,No primary address specified,15214,Condemned/Dead End Property,2024-11-25,Pass,0,0046A00003000000,Active,40.4720193539,-80.0119827694,Perry South,6,26
625073,0050L00110000000,"321 N ATLANTIC AVE, Pittsburgh, 15224",15224,Condemned/Dead End Property,2020-05-27,Fail,3,0050L00110000000,Active,40.466521361,-79.9383062577,Garfield,9,10
625074,0013S00028000000,"134 RINNE ST, Pittsburgh, 15210",15210,Condemned/Dead End Property,2024-03-25,Fail,2,0013S00028000000,Active,40.4162660625,-79.9689446757,Arlington,3,16
625075,0050H00059000000,"318 N GRAHAM ST, Pittsburgh, 15206",15206,Condemned/Dead End Property,2020-07-15,Fail,2,0050H00059000000,Active,40.4673648288,-79.9334487383,Garfield,9,11
625076,0032F00337000000,No primary address specified,15210,Condemned/Dead End Property,2023-12-11,Pass,0,0032F00337000000,Active,40.4107038642,-79.9754400365,St. Clair,3,16
625077,0054J00078000000,"409 SALINE ST, Pittsburgh, PA 15207",15207,Condemned/Dead End Property,2026-03-05,Fail,1,0054J00078000000,Active,40.4278303404,-79.9464909596,Greenfield,5,14
625078,0007C00019000000,"1217 W NORTH AVE, Pittsburgh, PA 15233",15233,Condemned/Dead End Property,2020-07-28,Fail,3,0007C00019000000,Active,40.4524588722,-80.023049453,Manchester,6,21
625079,0042L00077000000,"3106 BERGMAN ST, Pittsburgh, PA 15204",15204,Condemned/Dead End Property,2020-08-24,Fail,1,0042L00077000000,Active,40.457061585,-80.0549521293,Sheraden,2,20
625080,0033A00348000000,No primary address specified,15210,Condemned/Dead End Property,2020-11-16,Pass,0,0033A00348000000,Active,40.4119065535,-79.9953657152,Knoxville,3,30
625081,0010H00201000000,"613 HOLLACE ST, Pittsburgh, 15219",15219,Condemned/Dead End Property,2021-02-18,Pass,0,0010H00201000000,Active,40.4502997136,-79.9678653715,Middle Hill,6,5
625082,0010H00201000000,"613 HOLLACE ST, Pittsburgh, 15219",15219,Condemned/Dead End Property,2022-02-14,Fail,1,0010H00201000000,Active,40.4502997136,-79.9678653715,Middle Hill,6,5
625083,0020M00078000000,"920 ELKTON ST, Pittsburgh, 15220",15220,Condemned/Dead End Property,2021-04-28,Fail,2,0020M00078000000,Active,40.4465795127,-80.0354510094,Elliott,2,20
625084,0050L00144000000,"5307 BROAD ST, Pittsburgh, 15224",15224,Condemned/Dead End Property,2023-05-04,Pass,0,0050L00144000000,Active,40.4660397766,-79.9378651636,Garfield,9,10
625085,0173N00314000000,"1508 N LANG AVE, Pittsburgh, PA 15208",15208,Condemned/Dead End Property,2021-05-03,Fail,3,0173N00314000000,Active,40.462849704,-79.8970529218,Homewood North,9,13
625086,0174K00071000000,"7312 FOREST Way, Pittsburgh, PA 15208",15208,Condemned/Dead End Property,2020-08-28,Fail,3,0174K00071000000,Active,40.4571001305,-79.8934468045,Homewood North,9,13
625087,0056J00175000C00,"3 TECUMSEH ST, Pittsburgh, PA 15207",15207,Condemned/Dead End Property,2026-07-30,Fail,1,0056J00175000C00,Active,40.4075522939,-79.9478792899,Hazelwood,5,15
625088,0174A00300000000,"7050 HERMITAGE ST, Pittsburgh, 15208",15208,Condemned/Dead End Property,2020-09-01,Fail,3,0174A00300000000,Active,40.4607071902,-79.8983010879,Homewood North,9,13
625089,0174A00230000000,"7047 HERMITAGE ST, Pittsburgh, 15208",15208,Condemned/Dead End Property,2026-08-03,Fail,2,0174A00230000000,Active,40.4610983571,-79.8982599541,Homewood North,9,13
625090,0014K00186000000,"337 JUCUNDA ST, Pittsburgh, 15210",15210,Condemned/Dead End Property,2020-09-02,Fail,2,0014K00186000000,Active,40.4174166284,-79.9950506229,Knoxville,3,30
625091,0125A00162000000,"230 CARVER ST, Pittsburgh, 15206",15206,Condemned/Dead End Property,2020-08-28,Fail,2,0125A00162000000,Active,40.4618603833,-79.9123050415,Larimer,9,12
625092,0046G00082000000,"2326 OSGOOD ST, Pittsburgh, 15214",15214,Condemned/Dead End Property,2020-09-08,Fail,1,0046G00082000000,Active,40.4674070898,-80.0073976154,Perry South,6,26
625093,0137A00286000000,"149 CLAUS AVE, Pittsburgh, 15227",15227,Condemned/Dead End Property,2023-12-04,Pass,0,0137A00286000000,Active,40.3827373033,-79.9817327581,Carrick,4,29
625094,0019C00184000000,"211 AMHERST ST, Pittsburgh, 15220",15220,Condemned/Dead End Property,2023-10-10,Fail,1,0019C00184000000,Active,40.4419579052,-80.0394964485,Elliott,2,20
625095,0056K00064000000,"43 W ELIZABETH ST, Pittsburgh, 15207",15207,Condemned/Dead End Property,2020-06-25,Fail,2,0056K00064000000,Active,40.4066294915,-79.9449444595,Hazelwood,5,15
625096,0047E00055000000,"909 MINA ST, Pittsburgh, 15212",15212,Condemned/Dead End Property,2020-09-04,Fail,1,0047E00055000000,Active,40.4687480513,-79.9988279968,Spring Hill-City View,1,26
625097,0057C00097000000,No primary address specified,15207,Condemned/Dead End Property,2024-05-30,Pass,0,0057C00097000000,Active,40.4034364011,-79.9405683581,Hazelwood,5,15
625098,0023D00185000000,No primary address specified,15212,Condemned/Dead End Property,2022-07-27,Pass,0,0023D00185000000,Active,40.4614682677,-80.0023289835,Fineview,1,25
625099,0062K00200000000,"136 BODKIN ST, Pittsburgh, 15226",15226,Condemned/Dead End Property,2020-08-24,Fail,1,0062K00200000000,Active,40.3971279331,-80.0262438321,Brookline,4,19
625100,0075L00289000000,"3306 FLEMING AVE, Pittsburgh, 15212",15212,Condemned/Dead End Property,2020-08-28,Fail,3,0075L00289000000,Active,40.4756081858,-80.0374353999,Brighton Heights,1,27
625101,0014J00055000000,"433 JUCUNDA ST, Pittsburgh, 15210",15210,Condemned/Dead End Property,2025-04-08,Fail,1,0014J00055000000,Active,40.4173665265,-79.996853666,Knoxville,3,30
625102,0184J00101000000,"1207 MULDOWNEY AVE, Pittsburgh, 15207",15207,Condemned/Dead End Property,2023-10-10,Fail,2,0184J00101000000,Active,40.3690119802,-79.9152529962,Lincoln Place,5,31
625103,0014P00253000000,"248 BAUSMAN ST, Pittsburgh, 15210",15210,Condemned/Dead End Property,2025-04-08,Pass,0,0014P00253000000,Active,40.4141003301,-79.9927387898,Knoxville,3,30
625104,0056G00006000000,"301 FLOWERS AVE, Pittsburgh, 15207",15207,Condemned/Dead End Property,2025-07-01,Pass,0,0056G00006000000,Active,40.4113000387,-79.9408422847,Hazelwood,5,15
625105,0012J00345000000,"122 S 19TH ST, Pittsburgh, PA 15203",15203,Condemned/Dead End Property,2020-08-20,Fail,1,0012J00345000000,Active,40.4274056097,-79.9794958375,South Side Flats,3,17
625106,0046A00185000000,"229 LURAY ST, Pittsburgh, 15214",15214,Condemned/Dead End Property,2023-06-13,,,0046A00185000000,Active,40.4715086336,-80.0142553225,Perry South,6,26
625107,0046A00185000000,"229 LURAY ST, Pittsburgh, 15214",15214,Condemned/Dead End Property,2023-08-02,Fail,2,0046A00185000000,Active,40.4715086336,-80.0142553225,Perry South,6,26
625108,0057D00029000000,No primary address specified,15207,Condemned/Dead End Property,2020-10-25,Pass,0,0057D00029000000,Active,40.4032995449,-79.9362343036,Hazelwood,5,15
625109,0057D00029000000,No primary address specified,15207,Condemned/Dead End Property,2020-11-04,,,0057D00029000000,Active,40.4032995449,-79.9362343036,Hazelwood,5,15
625110,0138F00220000000,"126 ODETTE ST, Pittsburgh, 15227",15227,Condemned/Dead End Property,2026-06-18,Fail,3,0138F00220000000,Active,40.3810818354,-79.9926765104,Overbrook,4,32
625111,0020M00112000000,"915 ELKTON ST, Pittsburgh, 15220",15220,Condemned/Dead End Property,2020-08-28,Fail,2,0020M00112000000,Active,40.4462421428,-80.0357441731,Elliott,2,20
625112,0042J00201000000,"1101 STANHOPE ST, Pittsburgh, 15204",15204,Condemned/Dead End Property,2020-09-09,Fail,2,0042J00201000000,Active,40.4563319233,-80.0638106449,Sheraden,2,20
625113,0042J00201000000,"1101 STANHOPE ST, Pittsburgh, 15204",15204,Condemned/Dead End Property,2020-10-20,Pass,0,0042J00201000000,Active,40.4563319233,-80.0638106449,Sheraden,2,20
625114,0042J00201000000,"1101 STANHOPE ST, Pittsburgh, 15204",15204,Condemned/Dead End Property,2020-11-04,,,0042J00201000000,Active,40.4563319233,-80.0638106449,Sheraden,2,20
625115,0033B00311000000,"233 MOORE AVE, Pittsburgh, 15210",15210,Condemned/Dead End Property,2020-09-04,Fail,2,0033B00311000000,Active,40.4117335596,-79.9922755901,Knoxville,3,30
625116,0033B00311000000,"233 MOORE AVE, Pittsburgh, 15210",15210,Condemned/Dead End Property,2025-10-28,Fail,1,0033B00311000000,Active,40.4117335596,-79.9922755901,Knoxville,3,30
625117,0046S00208000000,"643 RISING MAIN AVE, Pittsburgh, 15212",15212,Condemned/Dead End Property,2020-09-08,Fail,2,0046S00208000000,Active,40.4643108166,-80.0011523569,Fineview,1,25
625118,0046S00208000000,"643 RISING MAIN AVE, Pittsburgh, 15212",15212,Condemned/Dead End Property,2024-04-11,Fail,1,0046S00208000000,Active,40.4643108166,-80.0011523569,Fineview,1,25
625119,0029G00017000000,"3133 BOHEM ST, Pittsburgh, 15213",15213,Condemned/Dead End Property,2020-08-26,Fail,1,0029G00017000000,Active,40.4286878599,-79.9543869721,South Oakland,3,4
625120,0029G00017000000,"3133 BOHEM ST, Pittsburgh, 15213",15213,Condemned/Dead End Property,2020-11-06,Pass,0,0029G00017000000,Active,40.4286878599,-79.9543869721,South Oakland,3,4
625121,0174P00199000000,"610 STERRETT ST, Pittsburgh, 15208",15208,Condemned/Dead End Property,2020-09-09,Fail,2,0174P00199000000,Active,40.4543450619,-79.8949558287,Homewood South,9,13
625122,0062P00298000100,"316 AIDYL AVE, Pittsburgh, 15226",15226,Condemned/Dead End Property,2025-11-07,Fail,1,0062P00298000100,Active,40.3948851621,-80.0272734704,Brookline,4,19
625123,0124S00044000000,"6728 DEARY ST, Pittsburgh, 15206",15206,Condemned/Dead End Property,2023-12-21,Fail,3,0124S00044000000,Active,40.4644592792,-79.9017746544,Lincoln-Lemington-Belmar,9,12
625124,0124S00044000000,"6728 DEARY ST, Pittsburgh, 15206",15206,Condemned/Dead End Property,2024-06-03,Pass,0,0124S00044000000,Active,40.4644592792,-79.9017746544,Lincoln-Lemington-Belmar,9,12
625125,0115D00250000000,"3947 PERRYSVILLE AVE, Pittsburgh, 15214",15214,Condemned/Dead End Property,2025-05-12,Fail,2,0115D00250000000,Active,40.4906778647,-80.0196886883,Perry North,1,26
625126,0015H00261000000,"226 INDUSTRY ST, Pittsburgh, 15210",15210,Condemned/Dead End Property,2022-03-21,Fail,2,0015H00261000000,Active,40.4201844986,-80.0035795213,Beltzhoover,3,18
625127,0076N00384000000,"3100 BRIGHTON RD, Pittsburgh, 15212",15212,Condemned/Dead End Property,2025-02-28,Pass,0,0076N00384000000,Active,40.4739564504,-80.0288278436,Marshall-Shadeland,6,27
625128,0014P00264000000,"224 BAUSMAN ST, Pittsburgh, 15210",15210,Condemned/Dead End Property,2020-08-21,Fail,2,0014P00264000000,Active,40.4141289564,-79.9917188263,Knoxville,3,30
625129,0014P00264000000,"224 BAUSMAN ST, Pittsburgh, 15210",15210,Condemned/Dead End Property,2020-09-21,Pass,0,0014P00264000000,Active,40.4141289564,-79.9917188263,Knoxville,3,30
625130,0174L00094000000,"7605 BENNETT ST, Pittsburgh, 15208",15221,Condemned/Dead End Property,2026-07-28,Fail,2,0174L00094000000,Active,40.4551809656,-79.8900284967,Homewood South,9,13
625131,0010H00154000000,"566 FRANCIS ST, Pittsburgh, 15219",15219,Condemned/Dead End Property,2020-08-14,Fail,2,0010H00154000000,Active,40.4489634632,-79.9682880382,Middle Hill,6,5
625132,0015L00183000000,No primary address specified,15210,Condemned/Dead End Property,2020-09-22,Pass,0,0015L00183000000,Active,40.4169002643,-80.0046284894,Beltzhoover,3,18
625133,0013L00091000000,"2407 ARLINGTON AVE, Pittsburgh, PA 15210",15210,Condemned/Dead End Property,2026-01-08,Fail,1,0013L00091000000,Active,40.4176697769,-79.9723924022,South Side Slopes,3,16
625134,0013L00199000000,No primary address specified,15210,Condemned/Dead End Property,2021-01-15,Pass,0,0013L00199000000,Active,40.4168612021,-79.9712050852,Arlington,3,16
625135,0174N00155000000,"7134 HAMILTON AVE, Pittsburgh, 15208",15208,Condemned/Dead End Property,2020-11-25,Fail,2,0174N00155000000,Active,40.4545678867,-79.8983231146,Homewood South,9,13
625136,0174A00271000000,"7130 HERMITAGE ST, Pittsburgh, 15208",15208,Condemned/Dead End Property,2026-04-17,,,0174A00271000000,Active,40.460176775,-79.8960442927,Homewood North,9,13
625137,0174A00271000000,"7130 HERMITAGE ST, Pittsburgh, 15208",15208,Condemned/Dead End Property,2026-04-17,Fail,2,0174A00271000000,Active,40.460176775,-79.8960442927,Homewood North,9,13
625138,0116K00316000000,"427 DUNLAP ST, Pittsburgh, 15214",15214,Condemned/Dead End Property,2020-08-31,Fail,3,0116K00316000000,Active,40.4860270397,-80.0109656733,Perry North,1,26
625139,0116K00316000000,"427 DUNLAP ST, Pittsburgh, 15214",15214,Condemned/Dead End Property,2024-11-21,Pass,0,0116K00316000000,Active,40.4860270397,-80.0109656733,Perry North,1,26
625140,0046B00056000000,"2644 PERRYSVILLE AVE, Pittsburgh, 15214",15214,Condemned/Dead End Property,2026-07-29,Fail,2,0046B00056000000,Active,40.4719109899,-80.0097464391,Perry South,6,26
625141,0010K00175000000,"2202 WEBSTER AVE, Pittsburgh, 15219",15219,Condemned/Dead End Property,2021-01-21,Fail,2,0010K00175000000,Active,40.4472442501,-79.9775833333,Middle Hill,6,5
625142,0046F00325000000,"2335 OSGOOD ST, Pittsburgh, 15214",15214,Condemned/Dead End Property,2022-12-23,Pass,0,0046F00325000000,Active,40.4674754102,-80.007935185,Perry South,6,26
625143,0075M00012000000,"3222 RICHARDSON AVE, Pittsburgh, 15212",15212,Condemned/Dead End Property,2023-09-21,Fail,1,0075M00012000000,Active,40.4748212017,-80.0356060622,Brighton Heights,6,27
625144,0075M00012000000,"3222 RICHARDSON AVE, Pittsburgh, 15212",15212,Condemned/Dead End Property,2026-04-17,Pass,0,0075M00012000000,Active,40.4748212017,-80.0356060622,Brighton Heights,6,27
625145,0172R00071000000,"1805 FUNSTON AVE, Pittsburgh, PA 15235",15206,Condemned/Dead End Property,2022-06-01,Fail,2,0172R00071000000,Active,40.4724875744,-79.8883275302,Lincoln-Lemington-Belmar,9,12
625146,0172R00071000000,"1805 FUNSTON AVE, Pittsburgh, PA 15235",15206,Condemned/Dead End Property,2025-10-22,Pass,0,0172R00071000000,Active,40.4724875744,-79.8883275302,Lincoln-Lemington-Belmar,9,12
625147,0010D00266000000,"615 HOLLACE ST, Pittsburgh, 15219",15219,Condemned/Dead End Property,2025-08-22,Fail,1,0010D00266000000,Active,40.4503396094,-79.9678899636,Middle Hill,6,5
625148,0010D00266000000,"615 HOLLACE ST, Pittsburgh, 15219",15219,Condemned/Dead End Property,2025-08-22,Fail,1,0010D00266000000,Active,40.4503396094,-79.9678899636,Middle Hill,6,5
625149,0013J00112000000,"1924 ARLINGTON AVE, Pittsburgh, 15210",15210,Condemned/Dead End Property,2020-07-23,Fail,3,0013J00112000000,Active,40.4174997767,-79.9796361,Arlington,3,16
625150,0042H00214000000,"3126 SACRAMENTO AVE, Pittsburgh, 15204",15204,Condemned/Dead End Property,2020-09-09,Fail,1,0042H00214000000,Active,40.4592988256,-80.0518731831,Sheraden,2,20
625151,0025H00108000000,"316 HARMAR ST, Pittsburgh, PA 15219",15219,Condemned/Dead End Property,2020-06-17,Pass,0,0025H00108000000,Active,40.4578863342,-79.9681982009,Polish Hill,7,6
625152,0019G00317000000,"532 LOVELACE ST, Pittsburgh, 15220",15220,Condemned/Dead End Property,2022-11-08,Pass,0,0019G00317000000,Active,40.4401437506,-80.03852472,Elliott,2,20
625153,0019G00317000000,"532 LOVELACE ST, Pittsburgh, 15220",15220,Condemned/Dead End Property,2026-04-17,Fail,1,0019G00317000000,Active,40.4401437506,-80.03852472,Elliott,2,20
625154,0174P00201000000,"614 STERRETT ST, Pittsburgh, 15208",15208,Condemned/Dead End Property,2020-09-09,Fail,2,0174P00201000000,Active,40.454422355,-79.894925066,Homewood South,9,13
625155,0046S00153000000,"630 TOBOGGAN ST, Pittsburgh, 15212",15212,Condemned/Dead End Property,2020-09-09,Fail,3,0046S00153000000,Active,40.4647326244,-80.0019308862,Fineview,1,25
625156,0071J00110000000,"3746 WINDGAP AVE, Pittsburgh, 15204",15204,Condemned/Dead End Property,2020-09-10,Fail,1,0071J00110000000,Active,40.4575192194,-80.0792985019,Windgap,2,28
625157,0010H00202000000,No primary address specified,15219,Condemned/Dead End Property,2020-10-06,Pass,0,0010H00202000000,Active,40.4502652636,-79.9678382179,Middle Hill,6,5
625158,0046F00130000000,"2421 PERRYSVILLE AVE, Pittsburgh, 15214",15214,Condemned/Dead End Property,2023-08-24,Fail,1,0046F00130000000,Active,40.4682157601,-80.0103737241,Perry South,6,26
625159,0045N00012000000,"1314 HALSEY PL, Pittsburgh, 15212",15212,Condemned/Dead End Property,2026-04-17,Pass,0,0045N00012000000,Active,40.4646791964,-80.0291834101,Marshall-Shadeland,6,27
625160,0057G00235000000,"5615 2ND AVE, Pittsburgh, 15207",15207,Condemned/Dead End Property,2024-02-16,Fail,1,0057G00235000000,Active,40.4009055078,-79.9387720167,Hazelwood,5,15
625161,0057G00235000000,"5615 2ND AVE, Pittsburgh, 15207",15207,Condemned/Dead End Property,2024-06-26,Fail,1,0057G00235000000,Active,40.4009055078,-79.9387720167,Hazelwood,5,15
625162,0003R00321000000,"919 EUREKA ST, Pittsburgh, 15210",15210,Condemned/Dead End Property,2020-11-30,Fail,2,0003R00321000000,Active,40.4240371558,-79.9910791573,Allentown,3,18
625163,0045S00180000A00,"711 1/2 MELROSE AVE, Pittsburgh, 15214",15214,Condemned/Dead End Property,2025-07-16,Fail,3,0045S00180000A00,Active,40.4631091262,-80.0171166473,Perry South,6,25
625164,0015G00202000000,"85 CLIMAX ST, Pittsburgh, 15210",15210,Condemned/Dead End Property,2023-08-16,Fail,2,0015G00202000000,Active,40.4190815277,-80.0067509611,Beltzhoover,3,18
625165,0015G00202000000,"85 CLIMAX ST, Pittsburgh, 15210",15210,Condemned/Dead End Property,2023-09-12,Pass,0,0015G00202000000,Active,40.4190815277,-80.0067509611,Beltzhoover,3,18
625166,0015H00188000000,"211 ESTELLA AVE, Pittsburgh, PA 15210",15210,Condemned/Dead End Property,2024-12-11,Fail,1,0015H00188000000,Active,40.4202105876,-80.0002221186,Beltzhoover,3,18
625167,0124P00319000000,"621 TURRETT ST, Pittsburgh, 15206",15206,Condemned/Dead End Property,2025-10-10,Fail,3,0124P00319000000,Active,40.4635262848,-79.908070819,Larimer,9,12
625168,0010G00298000000,No primary address specified,15219,Condemned/Dead End Property,2020-10-16,Pass,0,0010G00298000000,Active,40.4500947886,-79.9733867978,Middle Hill,6,5
625169,0010G00298000000,No primary address specified,15219,Condemned/Dead End Property,2022-05-26,,,0010G00298000000,Active,40.4500947886,-79.9733867978,Middle Hill,6,5
625170,0044C00264000000,"3016 COHUTTA ST, Pittsburgh, 15212",15212,Condemned/Dead End Property,2020-07-20,Fail,1,0044C00264000000,Active,40.4714461892,-80.0370106295,Marshall-Shadeland,6,27
625171,0046F00031000000,"38 KENWOOD AVE, Pittsburgh, 15214",15214,Condemned/Dead End Property,2026-02-23,Fail,2,0046F00031000000,Active,40.4693427824,-80.010615801,Perry South,6,26
625172,0042N00338000000,"3233 CHARTIERS AVE, Pittsburgh, 15204",15204,Condemned/Dead End Property,2020-08-27,Pass,0,0042N00338000000,Active,40.4537239233,-80.0655320433,Sheraden,2,20
625173,0044H00278000000,"2825 CALIFORNIA AVE, Pittsburgh, 15212",15212,Condemned/Dead End Property,2026-02-23,Fail,1,0044H00278000000,Active,40.4694921303,-80.0360656421,Marshall-Shadeland,6,27
625174,0044H00278000000,"2825 CALIFORNIA AVE, Pittsburgh, 15212",15212,Condemned/Dead End Property,2026-04-13,Fail,1,0044H00278000000,Active,40.4694921303,-80.0360656421,Marshall-Shadeland,6,27
625175,0173L00047000000,"1541 OAKDENE ST, Pittsburgh, 15206",15206,Condemned/Dead End Property,2020-09-08,Fail,2,0173L00047000000,Active,40.4666441577,-79.89060459,Lincoln-Lemington-Belmar,9,12
625176,0173L00047000000,"1541 OAKDENE ST, Pittsburgh, 15206",15206,Condemned/Dead End Property,2024-08-14,Pass,0,0173L00047000000,Active,40.4666441577,-79.89060459,Lincoln-Lemington-Belmar,9,12
625177,0174L00027000000,"7419 IDLEWILD ST, Pittsburgh, 15208",15208,Condemned/Dead End Property,2020-09-01,Fail,1,0174L00027000000,Active,40.4571593521,-79.8906356754,Homewood North,9,13
625178,0050L00034000C00,"5310 BROWN Way, Pittsburgh, PA 15224",15224,Condemned/Dead End Property,2020-05-27,Fail,1,0050L00034000C00,Active,40.4668300981,-79.9373933584,Garfield,9,10
625179,0050L00034000C00,"5310 BROWN Way, Pittsburgh, PA 15224",15224,Condemned/Dead End Property,2023-07-10,,,0050L00034000C00,Active,40.4668300981,-79.9373933584,Garfield,9,10
625180,0033B00338000000,"339 MOORE AVE, Pittsburgh, 15210",15210,Condemned/Dead End Property,2020-09-04,Fail,2,0033B00338000000,Active,40.41228553,-79.9945716515,Knoxville,3,30
625181,0033B00338000000,"339 MOORE AVE, Pittsburgh, 15210",15210,Condemned/Dead End Property,2023-08-23,Pass,0,0033B00338000000,Active,40.41228553,-79.9945716515,Knoxville,3,30
625182,0084K00144000000,"356 LAMONT PL, Pittsburgh, 15232",15232,Condemned/Dead End Property,2024-07-11,Fail,1,0084K00144000000,Active,40.4555760452,-79.9271572922,Shadyside,8,7
625183,0175G00080000000,"7809 SUSQUEHANNA ST, Pittsburgh, 15208",15221,Condemned/Dead End Property,2020-09-10,Fail,2,0175G00080000000,Active,40.4499408474,-79.8885851643,Homewood South,9,13
625184,0175G00080000000,"7809 SUSQUEHANNA ST, Pittsburgh, 15208",15221,Condemned/Dead End Property,2026-04-22,,,0175G00080000000,Active,40.4499408474,-79.8885851643,Homewood South,9,13
625185,0034D00002000000,"415 VANDALIA ST, Pittsburgh, 15210",15210,Condemned/Dead End Property,2020-09-09,Fail,1,0034D00002000000,Active,40.4137891865,-79.9996408375,Beltzhoover,3,18
625186,0045P00098000000,"1233 ISLAND AVE, Pittsburgh, 15212",15212,Condemned/Dead End Property,2021-01-29,Fail,1,0045P00098000000,Active,40.4628136788,-80.0263454141,California-Kirkbride,6,21
625187,0060R00359000000,No primary address specified,15210,Condemned/Dead End Property,2021-02-16,Pass,0,0060R00359000000,Active,40.395780572,-79.9874729907,Carrick,4,29
625188,0077K00265000000,"24 E MARSHALL AVE, Pittsburgh, 15214",15214,Condemned/Dead End Property,2024-02-15,Fail,2,0077K00265000000,Active,40.4753406615,-80.0094934969,Perry South,6,26
625189,0016P00209000000,"1339 METHYL ST, Pittsburgh, PA 15216",15216,Condemned/Dead End Property,2021-01-26,Pass,0,0016P00209000000,Active,40.414613948,-80.0255904371,Beechview,4,19
625190,0174K00099000000,No primary address specified,15208,Condemned/Dead End Property,2024-02-16,Pass,0,0174K00099000000,Active,40.4574103588,-79.8951940789,Homewood North,9,13
625191,0033A00290000000,"434 ARABELLA ST, Pittsburgh, 15210",15210,Condemned/Dead End Property,2020-08-21,Fail,2,0033A00290000000,Active,40.4121639977,-79.996404031,Knoxville,3,30
625192,0124K00249000000,"647 PAULSON AVE, Pittsburgh, 15206",15206,Condemned/Dead End Property,2024-04-29,Pass,0,0124K00249000000,Active,40.4656911303,-79.9092098397,Larimer,9,12
625193,0175H00085000000,No primary address specified,15221,Condemned/Dead End Property,2020-10-19,Pass,0,0175H00085000000,Active,40.4493050024,-79.8854425939,Homewood South,9,13
625194,0026N00249000000,"700 HERRON AVE, Pittsburgh, 15219",15219,Condemned/Dead End Property,2020-08-06,Fail,2,0026N00249000000,Active,40.4532113449,-79.9648826651,Upper Hill,6,5
625195,0077N00227000000,"2701 LELAND ST, Pittsburgh, 15214",15214,Condemned/Dead End Property,2023-11-06,Pass,0,0077N00227000000,Active,40.4725425516,-80.0130505496,Perry South,6,26
625196,0042S00313000000,"2774 GLEN MAWR ST, Pittsburgh, PA 15204",15204,Condemned/Dead End Property,2020-08-31,Fail,1,0042S00313000000,Active,40.4549715735,-80.0507790083,Sheraden,2,20
625197,0042S00313000000,"2774 GLEN MAWR ST, Pittsburgh, PA 15204",15204,Condemned/Dead End Property,2023-07-12,,,0042S00313000000,Active,40.4549715735,-80.0507790083,Sheraden,2,20
625198,0231E00313000000,No primary address specified,15221,Condemned/Dead End Property,2023-09-13,Pass,0,0231E00313000000,Active,40.4585433513,-79.8795153868,Homewood North,9,13
625199,0042M00109000000,"2906 GLEN MAWR ST, Pittsburgh, PA 15204",15204,Condemned/Dead End Property,2021-01-29,Fail,2,0042M00109000000,Active,40.4555302807,-80.0513098475,Sheraden,2,20
625200,0057C00103000000,No primary address specified,15207,Condemned/Dead End Property,2022-08-05,Pass,0,0057C00103000000,Active,40.403333737,-79.94103293,Hazelwood,5,15
625201,0062D00340000000,"2024 PIONEER AVE, Pittsburgh, 15226",15226,Condemned/Dead End Property,2020-06-11,Fail,2,0062D00340000000,Active,40.4020801129,-80.0165655969,Brookline,4,19
625202,0042C00174000000,No primary address specified,15204,Condemned/Dead End Property,2023-01-18,Pass,0,0042C00174000000,Active,40.461850677,-80.0552439603,Esplen,2,20
625203,0046A00132000000,"2655 NORWOOD AVE, Pittsburgh, 15214",15214,Condemned/Dead End Property,2020-09-08,Fail,3,0046A00132000000,Active,40.4719290906,-80.0134971737,Perry South,6,26
625204,0046F00194000000,"254 E BURGESS ST, Pittsburgh, 15214",15214,Condemned/Dead End Property,2025-06-18,,,0046F00194000000,Active,40.4678822273,-80.0092274645,Perry South,6,26
625205,0033F00293000000,"318 MCKINLEY ST, Pittsburgh, 15210",15210,Condemned/Dead End Property,2020-09-04,Fail,2,0033F00293000000,Active,40.4095033294,-79.9944765123,Knoxville,3,30
625206,0033F00293000000,"318 MCKINLEY ST, Pittsburgh, 15210",15210,Condemned/Dead End Property,2024-02-21,Pass,0,0033F00293000000,Active,40.4095033294,-79.9944765123,Knoxville,3,30
625207,0075M00265000000,No primary address specified,15212,Condemned/Dead End Property,2022-09-16,Pass,0,0075M00265000000,Active,40.4757535124,-80.0338276244,Marshall-Shadeland,6,27
625208,0026K00256000000,"3450 WEBSTER AVE, Pittsburgh, 15219",15219,Condemned/Dead End Property,2026-07-23,Fail,2,0026K00256000000,Active,40.4556940728,-79.9603971865,Upper Hill,6,5
625209,0059E00196000000,"1633 E CHERRYHILL ST, Pittsburgh, PA 15210",15210,Condemned/Dead End Property,2026-07-24,Fail,3,0059E00196000000,Active,40.400121736,-79.9804425663,Carrick,4,29
625210,0071H00149000000,"1165 OETTING ST, Pittsburgh, 15204",15204,Condemned/Dead End Property,2026-03-20,Fail,2,0071H00149000000,Active,40.4579194674,-80.0671650254,Sheraden,2,20
625211,0010D00236000000,No primary address specified,15219,Condemned/Dead End Property,2020-10-19,Pass,0,0010D00236000000,Active,40.4508056256,-79.9684499034,Middle Hill,6,5
625212,0056F00263000000,No primary address specified,15207,Condemned/Dead End Property,2024-08-21,Pass,0,0056F00263000000,Active,40.4111032455,-79.9412019444,Hazelwood,5,15
625213,0046S00348000000,"74 EDENVALE ST, Pittsburgh, 15212",15212,Condemned/Dead End Property,2026-07-29,Pass,0,0046S00348000000,Active,40.4624919598,-80.0029138012,Fineview,1,25
625214,0173C00055000000,"1657 ELROD Way, Pittsburgh, 15206",15206,Condemned/Dead End Property,2025-04-02,Pass,0,0173C00055000000,Active,40.4709471831,-79.8910462402,Lincoln-Lemington-Belmar,9,12
625215,0014K00169000000,No primary address specified,15210,Condemned/Dead End Property,2025-02-28,Pass,0,0014K00169000000,Active,40.417454317,-79.9936540066,Knoxville,3,30
625216,0019C00188000000,"111 CRUCIBLE ST, Pittsburgh, 15220",15220,Condemned/Dead End Property,2026-04-22,Fail,1,0019C00188000000,Active,40.4418221745,-80.0392617001,Elliott,2,20
625217,0010D00059000000,"2726 BEDFORD AVE, Pittsburgh, 15219",15219,Condemned/Dead End Property,2020-07-13,Fail,2,0010D00059000000,Active,40.451808291,-79.9695341147,Bedford Dwellings,6,5
625218,0076K00256000000,"934 ROTHPLETZ ST, Pittsburgh, 15212",15212,Condemned/Dead End Property,2020-09-09,Fail,2,0076K00256000000,Active,40.4758606083,-80.0254701575,Marshall-Shadeland,1,27
625219,0076K00256000000,"934 ROTHPLETZ ST, Pittsburgh, 15212",15212,Condemned/Dead End Property,2023-02-24,,,0076K00256000000,Active,40.4758606083,-80.0254701575,Marshall-Shadeland,1,27
625220,0015H00089000000,"307 FREELAND ST, Pittsburgh, 15210",15210,Condemned/Dead End Property,2020-08-28,Fail,2,0015H00089000000,Active,40.4192030373,-80.0020363738,Beltzhoover,3,18
625221,0015H00089000000,"307 FREELAND ST, Pittsburgh, 15210",15210,Condemned/Dead End Property,2024-06-26,Pass,0,0015H00089000000,Active,40.4192030373,-80.0020363738,Beltzhoover,3,18
625222,0040C00162000000,"514 STRATMORE ST, Pittsburgh, PA 15205",15205,Condemned/Dead End Property,2020-09-10,Fail,1,0040C00162000000,Active,40.441828597,-80.0569279834,Crafton Heights,2,28
625223,0024F00185000000,"1125 SPRING GARDEN AVE, Pittsburgh, 15212",15212,Condemned/Dead End Property,2026-03-30,Fail,3,0024F00185000000,Active,40.4597897763,-79.9924109675,Spring Garden,1,24
625224,0175M00010000000,"7938 MADIERA ST, Pittsburgh, 15221",15221,Condemned/Dead End Property,2020-07-10,Fail,2,0175M00010000000,Active,40.4476536378,-79.8860931534,Homewood South,9,13
625225,0004J00127000000,"477 BELONDA ST, Pittsburgh, 15211",15211,Condemned/Dead End Property,2023-10-26,Pass,0,0004J00127000000,Active,40.4272437689,-80.013832802,Mount Washington,2,19
625226,0060L00110000000,"112 NEWETT ST, Pittsburgh, 15210",15210,Condemned/Dead End Property,2025-11-10,Fail,1,0060L00110000000,Active,40.3971366198,-79.9899652035,Carrick,4,29
625227,0056N00243000000,"429 W ELIZABETH ST, Pittsburgh, 15207",15207,Condemned/Dead End Property,2020-06-01,Fail,3,0056N00243000000,Active,40.4061927901,-79.9475770562,Hazelwood,5,15
625228,0035B00113000000,No primary address specified,15216,Condemned/Dead End Property,2023-09-11,Pass,0,0035B00113000000,Active,40.4128733533,-80.0269493693,Beechview,4,19
625229,0015R00119000000,"922 MONTOOTH ST, Pittsburgh, 15210",15210,Condemned/Dead End Property,2020-08-03,Fail,2,0015R00119000000,Active,40.4143539704,-80.0059750432,Beltzhoover,3,18
625230,0014A00189000000,"605 E WARRINGTON AVE, Pittsburgh, 15210",15210,Condemned/Dead End Property,2026-06-18,Pass,0,0014A00189000000,Active,40.4218995427,-79.9970791311,Allentown,3,18
625231,0022H00260000000,"1716 MARQUIS Way, Pittsburgh, PA 15212",15212,Condemned/Dead End Property,2026-08-20,Fail,1,0022H00260000000,Active,40.4587791476,-80.0180155258,California-Kirkbride,6,25
625232,0060B00098000000,No primary address specified,15210,Condemned/Dead End Property,2023-09-18,Pass,0,0060B00098000000,Active,40.403675951,-79.99187191,Carrick,4,29
625233,0056N00142000000,"5132 BLAIR ST, Pittsburgh, 15207",15207,Condemned/Dead End Property,2020-08-12,Fail,1,0056N00142000000,Active,40.4057020379,-79.9465120945,Hazelwood,5,15
625234,0014P00257000000,"238 BAUSMAN ST, Pittsburgh, 15210",15210,Condemned/Dead End Property,2020-08-21,Fail,2,0014P00257000000,Active,40.4141063978,-79.9923918851,Knoxville,3,30
625235,0174F00303000000,"7227 IDLEWILD ST, Pittsburgh, PA 15208",15208,Condemned/Dead End Property,2026-04-29,Fail,3,0174F00303000000,Active,40.4580772092,-79.8946739388,Homewood North,9,13
625236,0023L00165000000,"1201 BOYLE ST, Pittsburgh, PA 15212",15212,Condemned/Dead End Property,2026-05-27,Fail,1,0023L00165000000,Active,40.4561119008,-80.0061186579,Central Northside,1,22
625237,0022A00168000000,No primary address specified,15212,Condemned/Dead End Property,2025-07-22,Pass,0,0022A00168000000,Active,40.46184891,-80.0299518767,California-Kirkbride,6,21
625238,0174B00060000000,"7257 UPLAND ST, Pittsburgh, 15208",15206,Condemned/Dead End Property,2026-05-13,Fail,2,0174B00060000000,Active,40.4617654377,-79.892346196,Homewood North,9,13
625239,0041H00199000000,"809 DUBOIS ST, Pittsburgh, 15204",15204,Condemned/Dead End Property,2024-06-05,Fail,1,0041H00199000000,Active,40.4499949741,-80.0508086363,Crafton Heights,2,20
625240,0047R00036000000,"1316 ITIN ST, Pittsburgh, 15212",15212,Condemned/Dead End Property,2020-09-02,Fail,1,0047R00036000000,Active,40.4627835741,-79.9903532798,Spring Hill-City View,1,24
625241,0027A00275000000,No primary address specified,15219,Condemned/Dead End Property,2022-04-05,Pass,0,0027A00275000000,Active,40.4519127034,-79.962896883,Upper Hill,6,5
625242,0027E00146000000,"3011 CENTRE AVE, Pittsburgh, 15219",15219,Condemned/Dead End Property,2022-01-06,Fail,2,0027E00146000000,Active,40.449117868,-79.9642696942,Upper Hill,6,5
625243,0027B00247000000,"817 CHEROKEE ST, Pittsburgh, 15219",15219,Condemned/Dead End Property,2026-04-17,Pass,0,0027B00247000000,Active,40.4514653153,-79.9602326881,Upper Hill,6,5
625244,0175H00197000000,No primary address specified,15221,Condemned/Dead End Property,2024-11-25,Pass,0,0175H00197000000,Active,40.4501644561,-79.8838134471,East Hills,9,13
625245,0120K00200000000,"6004 SAWYER ST, Pittsburgh, PA 15201",15201,Condemned/Dead End Property,2020-06-25,Fail,1,0120K00200000000,Active,40.4861111155,-79.9419037487,Stanton Heights,7,10
625246,0011E00187000000,"216 WICK ST, Pittsburgh, 15219",15219,Condemned/Dead End Property,2020-08-20,Fail,2,0011E00187000000,Active,40.4395661668,-79.9795240665,Crawford-Roberts,6,3
625247,0081B00070000000,"5538 CAMELIA ST, Pittsburgh, 15201",15201,Condemned/Dead End Property,2025-05-07,Fail,3,0081B00070000000,Active,40.4809187967,-79.9444723369,Stanton Heights,7,10
625248,0010D00258000000,No primary address specified,15219,Condemned/Dead End Property,2021-04-22,Pass,0,0010D00258000000,Active,40.4506544456,-79.9680849385,Middle Hill,6,5
625249,0014E00174000100,"621 INDUSTRY ST, Pittsburgh, 15210",15210,Condemned/Dead End Property,2026-01-08,Fail,1,0014E00174000100,Active,40.4209563745,-79.9964485849,Allentown,3,18
625250,0115H00095000000,"121 HEMPHILL ST, Pittsburgh, 15214",15214,Condemned/Dead End Property,2023-02-22,Fail,1,0115H00095000000,Active,40.4883862548,-80.0181961208,Perry North,1,26
625251,0115H00095000000,"121 HEMPHILL ST, Pittsburgh, 15214",15214,Condemned/Dead End Property,2023-02-22,,,0115H00095000000,Active,40.4883862548,-80.0181961208,Perry North,1,26
625252,0115H00095000000,"121 HEMPHILL ST, Pittsburgh, 15214",15214,Condemned/Dead End Property,2026-06-22,Pass,0,0115H00095000000,Active,40.4883862548,-80.0181961208,Perry North,1,26
625253,0231F00230000000,"8516 DERSAM ST, Pittsburgh, 15235",15221,Condemned/Dead End Property,2020-08-27,Fail,2,0231F00230000000,Active,40.4593298233,-79.8754722325,East Hills,9,13
625254,0020R00208000000,"900 WILHELM ST, Pittsburgh, PA 15220",15220,Condemned/Dead End Property,2024-04-11,Pass,0,0020R00208000000,Active,40.4446844744,-80.0375710986,Elliott,2,20
625255,0042C00131000000,"229 RADCLIFFE ST, Pittsburgh, 15204",15204,Condemned/Dead End Property,2022-06-29,Pass,0,0042C00131000000,Active,40.4621262009,-80.0547137853,Esplen,2,20
625256,0042C00131000000,"229 RADCLIFFE ST, Pittsburgh, 15204",15204,Condemned/Dead End Property,2023-02-20,Fail,2,0042C00131000000,Active,40.4621262009,-80.0547137853,Esplen,2,20
625257,0056F00336000000,"126 HAZELWOOD AVE, Pittsburgh, PA 15207",15207,Condemned/Dead End Property,2020-06-01,Fail,2,0056F00336000000,Active,40.4112214813,-79.943997112,Hazelwood,5,15
625258,0022F00263000A00,No primary address specified,15233,Condemned/Dead End Property,2021-03-02,Pass,0,0022F00263000A00,Active,40.4579087589,-80.028423916,Manchester,6,21
625259,0023H00371000000,"132 HENDERSON ST, Pittsburgh, 15212",15212,Condemned/Dead End Property,2025-03-04,Fail,1,0023H00371000000,Active,40.4592028478,-80.0029710739,Fineview,1,25
625260,0014K00105000000,"326 ORCHARD PL, Pittsburgh, PA 15210",15210,Condemned/Dead End Property,2023-07-14,,,0014K00105000000,Active,40.4177623912,-79.9943962539,Knoxville,3,30
625261,0045A00200000000,"2918 SHADELAND AVE, Pittsburgh, 15212",15212,Condemned/Dead End Property,2020-10-09,Fail,2,0045A00200000000,Active,40.4712769244,-80.0304295731,Marshall-Shadeland,6,27
625262,0045S00180000000,No primary address specified,15214,Condemned/Dead End Property,2020-09-04,Fail,3,0045S00180000000,Active,40.4630791083,-80.0171550394,Perry South,6,25
625263,0045N00144000A00,"2316 ATMORE ST, Pittsburgh, 15212",15212,Condemned/Dead End Property,2023-11-06,Pass,0,0045N00144000A00,Active,40.4628771985,-80.0302004526,Marshall-Shadeland,6,27
625264,0175H00207000000,"502 OAKWOOD ST, Pittsburgh, 15208",15221,Condemned/Dead End Property,2024-12-09,Fail,1,0175H00207000000,Active,40.4491648259,-79.8837370288,East Hills,9,13
625265,0023A00118000000,"27 GERANIUM ST, Pittsburgh, 15214",15214,Condemned/Dead End Property,2025-06-24,Pass,0,0023A00118000000,Active,40.4614165801,-80.0152827336,Perry South,6,25
625266,0019B00023000000,"904 STEUBEN ST, Pittsburgh, 15220",15220,Condemned/Dead End Property,2021-04-29,Pass,0,0019B00023000000,Active,40.4425765955,-80.0417601153,Elliott,2,20
625267,0056F00278000000,No primary address specified,15207,Condemned/Dead End Property,2022-04-27,Pass,0,0056F00278000000,Active,40.4106703336,-79.9419037381,Hazelwood,5,15
625268,0010H00324000000,No primary address specified,15219,Condemned/Dead End Property,2020-10-02,Pass,0,0010H00324000000,Active,40.4501516258,-79.9674424233,Middle Hill,6,5
625269,0056D00177000000,"453 KILBOURNE ST, Pittsburgh, 15207",15207,Condemned/Dead End Property,2024-09-13,Fail,1,0056D00177000000,Active,40.4123259096,-79.9361332486,Hazelwood,5,15
625270,0056D00177000000,"453 KILBOURNE ST, Pittsburgh, 15207",15207,Condemned/Dead End Property,2025-05-23,,,0056D00177000000,Active,40.4123259096,-79.9361332486,Hazelwood,5,15
625271,0013L00213000001,"2428 ARLINGTON AVE, Pittsburgh, PA 15210",15210,Condemned/Dead End Property,2023-06-15,Fail,1,0013L00213000001,Active,40.4172879168,-79.9719711044,Arlington,3,16
625272,0174F00117000000,"7311 MONTICELLO ST, Pittsburgh, 15208",15208,Condemned/Dead End Property,2020-09-04,Fail,3,0174F00117000000,Active,40.4590898474,-79.8926795302,Homewood North,9,13
625273,0174F00117000000,"7311 MONTICELLO ST, Pittsburgh, 15208",15208,Condemned/Dead End Property,2026-03-19,Pass,0,0174F00117000000,Active,40.4590898474,-79.8926795302,Homewood North,9,13
625274,0124K00263000000,"650 PAULSON AVE, Pittsburgh, 15206",15206,Condemned/Dead End Property,2024-06-10,Pass,0,0124K00263000000,Active,40.4655334459,-79.9085340792,Larimer,9,12
625275,0027B00348000000,"831 SHAWNEE ST, Pittsburgh, 15219",15219,Condemned/Dead End Property,2020-08-17,Pass,0,0027B00348000000,Active,40.4507773232,-79.9599970596,Upper Hill,6,5
625276,0034G00076000000,"402 TIMBERLAND AVE, Pittsburgh, 15226",15226,Condemned/Dead End Property,2025-06-02,Fail,2,0034G00076000000,Active,40.4100537594,-80.0066471387,Bon Air,4,18
625277,0062B00058000000,"2131 VODELI ST, Pittsburgh, 15216",15216,Condemned/Dead End Property,2020-09-10,Fail,2,0062B00058000000,Active,40.4039884855,-80.0278601182,Beechview,4,19
625278,0062B00058000000,"2131 VODELI ST, Pittsburgh, 15216",15216,Condemned/Dead End Property,2025-01-22,Pass,0,0062B00058000000,Active,40.4039884855,-80.0278601182,Beechview,4,19
625279,0072R00004000000,"4048 WINDGAP AVE, Pittsburgh, PA 15204",15204,Condemned/Dead End Property,2024-10-11,Fail,2,0072R00004000000,Active,40.4626931375,-80.074454864,Esplen,2,20
625280,0076N00300000000,No primary address specified,15212,Condemned/Dead End Property,2024-01-12,Pass,0,0076N00300000000,Active,40.4723204502,-80.0291740973,Marshall-Shadeland,6,27
625281,0035D00117000000,"1506 ORANGEWOOD AVE, Pittsburgh, 15216",15216,Condemned/Dead End Property,2025-10-30,Pass,0,0035D00117000000,Active,40.4118877605,-80.0186308694,Beechview,4,19
625282,0174F00085000000,No primary address specified,15208,Condemned/Dead End Property,2020-10-16,Pass,0,0174F00085000000,Active,40.4593071735,-79.8922106981,Homewood North,9,13
625283,0033F00287000000,"330 MCKINLEY ST, Pittsburgh, PA 15210",15210,Condemned/Dead End Property,2020-11-04,Pass,0,0033F00287000000,Active,40.409848988,-79.9947980388,Knoxville,3,30
625284,0010N00261000000,"2007 CENTRE AVE, Pittsburgh, 15219",15219,Condemned/Dead End Property,2020-08-26,Fail,1,0010N00261000000,Active,40.4441473484,-79.9802268694,Middle Hill,6,5
625285,0027B00393000000,"828 SHAWNEE ST, Pittsburgh, PA 15219",15219,Condemned/Dead End Property,2020-08-18,Fail,1,0027B00393000000,Active,40.4505092139,-79.9602718936,Upper Hill,6,5
625286,0081A00131000000,"629 54TH ST, Pittsburgh, 15201",15201,Condemned/Dead End Property,2022-04-22,Fail,1,0081A00131000000,Active,40.4809243091,-79.948432952,Upper Lawrenceville,7,10
625287,0115H00045000000,No primary address specified,15214,Condemned/Dead End Property,2026-09-18,Pass,0,0115H00045000000,Active,40.4884400311,-80.0165320707,Perry North,1,26
625288,0175H00019000000,No primary address specified,15221,Condemned/Dead End Property,2024-08-02,Pass,0,0175H00019000000,Active,40.4481004269,-79.8858442755,Homewood South,9,13
625289,0125D00065000000,No primary address specified,15208,Condemned/Dead End Property,2025-04-08,Pass,0,0125D00065000000,Active,40.4601881437,-79.9007818469,Homewood West,9,12
625290,0010M00196000000,"2633 BRACKENRIDGE ST, Pittsburgh, 15219",15219,Condemned/Dead End Property,2024-07-25,Fail,1,0010M00196000000,Active,40.4466785848,-79.9670046341,Terrace Village,6,5
625291,0124K00254000000,"655 PAULSON AVE, Pittsburgh, 15206",15206,Condemned/Dead End Property,2020-09-08,Fail,2,0124K00254000000,Active,40.4658190915,-79.9090115599,Larimer,9,12
625292,0081A00041000000,"5302 DUNCAN ST, Pittsburgh, PA 15201",15201,Condemned/Dead End Property,2025-08-20,Fail,4,0081A00041000000,Active,40.4799629908,-79.9492022643,Upper Lawrenceville,7,10
625293,0042C00021000000,"455 STADIUM ST, Pittsburgh, 15204",15204,Condemned/Dead End Property,2023-02-09,Pass,0,0042C00021000000,Active,40.4601494158,-80.0562422445,Sheraden,2,20
625294,0042C00021000000,"455 STADIUM ST, Pittsburgh, 15204",15204,Condemned/Dead End Property,2023-03-16,,,0042C00021000000,Active,40.4601494158,-80.0562422445,Sheraden,2,20
625295,0022S00187000000,"1112 GALVESTON AVE, Pittsburgh, PA 15233",15233,Condemned/Dead End Property,2023-02-01,Fail,2,0022S00187000000,Active,40.4540940591,-80.0169604331,Central Northside,1,22
625296,0124M00351000100,No primary address specified,15206,Condemned/Dead End Property,2020-11-12,,,0124M00351000100,Active,40.4666660809,-79.901080996,Lincoln-Lemington-Belmar,9,12
625297,0124M00351000100,No primary address specified,15206,Condemned/Dead End Property,2020-11-12,Pass,0,0124M00351000100,Active,40.4666660809,-79.901080996,Lincoln-Lemington-Belmar,9,12
625298,0125C00227000000,No primary address specified,15208,Condemned/Dead End Property,2020-10-14,Pass,0,0125C00227000000,Active,40.4604532451,-79.9048430082,Homewood West,9,12
625299,0014F00287000000,"304 ASTEROID Way, Pittsburgh, PA 15210",15210,Condemned/Dead End Property,2024-02-02,Fail,1,0014F00287000000,Active,40.4197956165,-79.9933077227,Allentown,3,18
625300,0014F00287000000,"304 ASTEROID Way, Pittsburgh, PA 15210",15210,Condemned/Dead End Property,2025-03-12,Pass,0,0014F00287000000,Active,40.4197956165,-79.9933077227,Allentown,3,18
625301,0184N00243000000,No primary address specified,15207,Condemned/Dead End Property,2024-08-23,Pass,0,0184N00243000000,Active,40.3673931724,-79.9161042146,Lincoln Place,5,31
625302,0014R00051000000,No primary address specified,15210,Condemned/Dead End Property,2020-12-10,Pass,0,0014R00051000000,Active,40.4155883542,-79.9903687875,Knoxville,3,30
625303,0026E00015000000,"327 HANCOCK ST, Pittsburgh, 15219",15219,Condemned/Dead End Property,2020-05-26,Fail,1,0026E00015000000,Active,40.4583999091,-79.9660304795,Polish Hill,7,6
625304,0076K00211000000,"18 MITCHELL ST, Pittsburgh, 15212",15212,Condemned/Dead End Property,2024-09-20,Fail,2,0076K00211000000,Active,40.4761673381,-80.0281510623,Marshall-Shadeland,6,27
625305,0076K00211000000,"18 MITCHELL ST, Pittsburgh, 15212",15212,Condemned/Dead End Property,2024-09-20,Pass,0,0076K00211000000,Active,40.4761673381,-80.0281510623,Marshall-Shadeland,6,27
625306,0014J00154000000,"600 BELTZHOOVER AVE, Pittsburgh, 15210",15210,Condemned/Dead End Property,2020-08-21,Fail,2,0014J00154000000,Active,40.4173633921,-79.9975290405,Beltzhoover,3,18
625307,0077N00095000000,"246 KENNEDY AVE, Pittsburgh, 15214",15214,Condemned/Dead End Property,2020-09-02,Fail,2,0077N00095000000,Active,40.4743463418,-80.0122934822,Perry South,6,26
625308,0077N00095000000,"246 KENNEDY AVE, Pittsburgh, 15214",15214,Condemned/Dead End Property,2023-07-28,,,0077N00095000000,Active,40.4743463418,-80.0122934822,Perry South,6,26
625309,0077N00095000000,"246 KENNEDY AVE, Pittsburgh, 15214",15214,Condemned/Dead End Property,2024-02-21,Pass,0,0077N00095000000,Active,40.4743463418,-80.0122934822,Perry South,6,26
625310,0015D00298000000,"414 KINGSBORO ST, Pittsburgh, 15211",15211,Condemned/Dead End Property,2023-12-01,Fail,3,0015D00298000000,Active,40.4215762023,-79.9999177194,Beltzhoover,3,18
625311,0015D00298000000,"414 KINGSBORO ST, Pittsburgh, 15211",15211,Condemned/Dead End Property,2025-05-12,Pass,0,0015D00298000000,Active,40.4215762023,-79.9999177194,Beltzhoover,3,18
625312,0023A00098000000,"22 NORMAN ST, Pittsburgh, 15214",15214,Condemned/Dead End Property,2021-09-17,Fail,2,0023A00098000000,Active,40.4619860144,-80.0146262369,Perry South,6,25
625313,0046B00098000000,"2511 MAPLE AVE, Pittsburgh, PA 15214",15214,Condemned/Dead End Property,2024-07-09,Fail,1,0046B00098000000,Active,40.4700083856,-80.0077622996,Perry South,6,26
625314,0014K00156000000,No primary address specified,15210,Condemned/Dead End Property,2022-12-21,Pass,0,0014K00156000000,Active,40.4174898074,-79.9924108965,Knoxville,3,30
625315,0014P00260000000,"232 BAUSMAN ST, Pittsburgh, 15210",15210,Condemned/Dead End Property,2021-05-04,Fail,2,0014P00260000000,Active,40.4141129678,-79.9921357895,Knoxville,3,30
625316,0048A00198000000,"2114 LIEDERTAFEL Way, Pittsburgh, PA 15212",15212,Condemned/Dead End Property,2020-07-15,Fail,1,0048A00198000000,Active,40.470387581,-79.9797434984,Troy Hill,1,24
625317,0046K00141000001,"2235 FEDERAL STREET EXT, Pittsburgh, 15214",15214,Condemned/Dead End Property,2020-08-28,Fail,3,0046K00141000001,Active,40.4660665202,-80.0106919831,Perry South,6,26
625318,0046K00141000001,"2235 FEDERAL STREET EXT, Pittsburgh, 15214",15214,Condemned/Dead End Property,2024-04-10,Fail,1,0046K00141000001,Active,40.4660665202,-80.0106919831,Perry South,6,26
625319,0013D00016000000,"2616 MCCORD ST, Pittsburgh, 15203",15203,Condemned/Dead End Property,2024-12-16,Pass,0,0013D00016000000,Active,40.4233112331,-79.9693901288,South Side Slopes,3,16
625320,0050L00025000C00,"5311 BROWN Way, Pittsburgh, PA 15224",15224,Condemned/Dead End Property,2021-01-15,Fail,1,0050L00025000C00,Active,40.4670229101,-79.9373329175,Garfield,9,10
625321,0022D00036000000,"1927 BRIGHTON RD, Pittsburgh, 15212",15212,Condemned/Dead End Property,2020-08-25,Fail,2,0022D00036000000,Active,40.460895034,-80.0190873379,California-Kirkbride,6,25
625322,0084C00308000000,"6229 BROAD ST #102, Pittsburgh, PA 15206",15206,Condemned/Dead End Property,2026-03-06,Fail,2,0084C00308000000,Active,40.4618106868,-79.92084058,East Liberty,9,11
625323,0004M00084000000,"333 KAMBACH ST, Pittsburgh, PA 15211",15211,Condemned/Dead End Property,2020-05-26,Pass,0,0004M00084000000,Active,40.4264391257,-80.0010855958,Mount Washington,3,18
625324,0047S00310000000,"1416 CLAIM ST, Pittsburgh, PA 15212",15212,Condemned/Dead End Property,2020-08-27,Fail,2,0047S00310000000,Active,40.4636030254,-79.9833628172,Troy Hill,1,24
625325,0020L00272000000,"513 LORENZ AVE, Pittsburgh, 15220",15220,Condemned/Dead End Property,2022-06-08,Pass,0,0020L00272000000,Active,40.445511112,-80.0379125282,Elliott,2,20
625326,0055P00170000000,"4545 CHANCE ST, Pittsburgh, PA 15207",15207,Condemned/Dead End Property,2024-03-06,Pass,0,0055P00170000000,Active,40.4153202134,-79.9440713722,Hazelwood,5,15
625327,0077P00082000000,"2702 SHERLOCK ST, Pittsburgh, 15214",15214,Condemned/Dead End Property,2026-08-31,Fail,2,0077P00082000000,Active,40.4727655594,-80.0082334863,Perry South,6,26
625328,0023G00144000000,"1435 SANDUSKY ST, Pittsburgh, 15212",15212,Condemned/Dead End Property,2022-03-10,Fail,1,0023G00144000000,Active,40.4585177342,-80.005623671,Central Northside,1,25
625329,0185S00198000000,No primary address specified,15207,Condemned/Dead End Property,2022-08-22,Pass,0,0185S00198000000,Active,40.365957738,-79.9182077782,Lincoln Place,5,31
625330,0120P00152000000,"262 57TH ST, Pittsburgh, PA 15201",15201,Condemned/Dead End Property,2020-05-19,Fail,2,0120P00152000000,Active,40.4831486486,-79.9442961417,Upper Lawrenceville,7,10
625331,0014R00013000000,"143 ZARA ST, Pittsburgh, 15210",15210,Condemned/Dead End Property,2024-03-11,Pass,0,0014R00013000000,Active,40.4160710918,-79.9903028028,Knoxville,3,30
625332,0116P00181000000,"185 WATSON BLVD, Pittsburgh, 15214",15214,Condemned/Dead End Property,2023-05-26,,,0116P00181000000,Active,40.4828986996,-80.0103468299,Perry North,1,26
625333,0116P00181000000,"185 WATSON BLVD, Pittsburgh, 15214",15214,Condemned/Dead End Property,2023-05-26,Fail,2,0116P00181000000,Active,40.4828986996,-80.0103468299,Perry North,1,26
625334,0015L00054000000,"62 LAFFERTY AVE, Pittsburgh, 15210",15210,Condemned/Dead End Property,2023-05-17,Fail,2,0015L00054000000,Active,40.4174795294,-80.0074362055,Beltzhoover,3,18
625335,0173F00179000000,"1502 WESTMORELAND AVE, Pittsburgh, 15206",15206,Condemned/Dead End Property,2020-07-20,Fail,1,0173F00179000000,Active,40.4682941184,-79.8945045747,Lincoln-Lemington-Belmar,9,12
625336,0173F00179000000,"1502 WESTMORELAND AVE, Pittsburgh, 15206",15206,Condemned/Dead End Property,2024-05-01,,,0173F00179000000,Active,40.4682941184,-79.8945045747,Lincoln-Lemington-Belmar,9,12
625337,0010D00059000A00,"2728 BEDFORD AVE, Pittsburgh, 15219",15219,Condemned/Dead End Property,2020-07-09,Fail,2,0010D00059000A00,Active,40.4518263433,-79.9694845641,Bedford Dwellings,6,5
625338,0013A00174000000,"1901 SAINT PAUL ST, Pittsburgh, PA 15203",15203,Condemned/Dead End Property,2025-11-25,Fail,3,0013A00174000000,Active,40.4220351643,-79.9811684926,South Side Slopes,3,17
625339,0024C00192000A00,"1256 SPRING GARDEN AVE, Pittsburgh, 15212",15212,Condemned/Dead End Property,2021-01-20,Fail,2,0024C00192000A00,Active,40.4606600499,-79.9895340856,Spring Garden,1,24
625340,0060E00276000000,"50 GLADE ST, Pittsburgh, PA 15210",15210,Condemned/Dead End Property,2020-08-12,Fail,2,0060E00276000000,Active,40.399362781,-79.99592437,Carrick,4,29
625341,0060E00276000000,"50 GLADE ST, Pittsburgh, PA 15210",15210,Condemned/Dead End Property,2020-12-03,Pass,0,0060E00276000000,Active,40.399362781,-79.99592437,Carrick,4,29
625342,0175E00004000000,"7235 MEADE ST, Pittsburgh, 15208",15208,Condemned/Dead End Property,2025-06-26,Fail,1,0175E00004000000,Active,40.4498057391,-79.8991586498,Point Breeze North,9,14
625343,0174P00314000000,"7591 KELLY ST, Pittsburgh, 15208",15208,Condemned/Dead End Property,2020-09-02,Fail,3,0174P00314000000,Active,40.4544903112,-79.8912055978,Homewood South,9,13
625344,0174P00314000000,"7591 KELLY ST, Pittsburgh, 15208",15208,Condemned/Dead End Property,2024-01-08,Pass,0,0174P00314000000,Active,40.4544903112,-79.8912055978,Homewood South,9,13
625345,0049B00018000000,"186 44TH ST, Pittsburgh, PA 15201",15201,Condemned/Dead End Property,2020-05-20,Pass,0,0049B00018000000,Active,40.4716738276,-79.960519374,Central Lawrenceville,7,9
625346,0076P00076000000,"1103 SMITHTON AVE, Pittsburgh, 15212",15212,Condemned/Dead End Property,2020-09-09,Fail,2,0076P00076000000,Active,40.4741191624,-80.0277396715,Marshall-Shadeland,6,27
625347,0076P00076000000,"1103 SMITHTON AVE, Pittsburgh, 15212",15212,Condemned/Dead End Property,2023-10-02,,,0076P00076000000,Active,40.4741191624,-80.0277396715,Marshall-Shadeland,6,27
625348,0076P00076000000,"1103 SMITHTON AVE, Pittsburgh, 15212",15212,Condemned/Dead End Property,2023-10-05,Pass,0,0076P00076000000,Active,40.4741191624,-80.0277396715,Marshall-Shadeland,6,27
625349,0033B00226000000,"343 ARABELLA ST, Pittsburgh, 15210",15210,Condemned/Dead End Property,2020-08-21,Fail,2,0033B00226000000,Active,40.4132172791,-79.994799307,Knoxville,3,30
625350,0033B00226000000,"343 ARABELLA ST, Pittsburgh, 15210",15210,Condemned/Dead End Property,2023-12-22,Fail,1,0033B00226000000,Active,40.4132172791,-79.994799307,Knoxville,3,30
625351,0050K00084000000,"4911 BROAD ST, Pittsburgh, 15224",15224,Condemned/Dead End Property,2020-05-29,Fail,3,0050K00084000000,Active,40.4669526152,-79.9443898562,Garfield,9,10
625352,0125A00147000000,"6425 CARVER ST, Pittsburgh, 15206",15206,Condemned/Dead End Property,2026-05-21,Pass,0,0125A00147000000,Active,40.4624054227,-79.9122308671,Larimer,9,12
625353,0120P00137000000,"232 57TH ST, Pittsburgh, 15201",15201,Condemned/Dead End Property,2024-05-14,Fail,1,0120P00137000000,Active,40.4837000905,-79.9449913648,Upper Lawrenceville,7,10
625354,0114H00292000000,"1117 BENTON AVE, Pittsburgh, 15212",15212,Condemned/Dead End Property,2022-08-31,Fail,1,0114H00292000000,Active,40.4868737718,-80.0329330652,Brighton Heights,1,27
625355,0114H00292000000,"1117 BENTON AVE, Pittsburgh, 15212",15212,Condemned/Dead End Property,2023-10-10,Fail,2,0114H00292000000,Active,40.4868737718,-80.0329330652,Brighton Heights,1,27
625356,0231L00134000000,"2545 EAST HILLS DR, Pittsburgh, 15221",15221,Condemned/Dead End Property,2020-08-27,Fail,3,0231L00134000000,Active,40.4569845997,-79.8721452488,East Hills,9,13
625357,0022E00292000000,"1420 ADAMS ST, Pittsburgh, 15233",15233,Condemned/Dead End Property,2020-06-26,Fail,1,0022E00292000000,Active,40.4586345862,-80.0286727584,Manchester,6,21
625358,0010M00264000000,"2560 BRACKENRIDGE ST, Pittsburgh, PA 15219",15219,Condemned/Dead End Property,2026-07-29,Fail,2,0010M00264000000,Active,40.4455464571,-79.9679893446,Terrace Village,6,5
625359,0125H00254000000,"7022 FRANKSTOWN AVE, Pittsburgh, 15208",15208,Condemned/Dead End Property,2026-04-07,Fail,2,0125H00254000000,Active,40.4579965533,-79.9001367513,Homewood South,9,13
625360,0173C00135000000,No primary address specified,15206,Condemned/Dead End Property,2023-07-25,Pass,0,0173C00135000000,Active,40.4697559816,-79.8900359055,Lincoln-Lemington-Belmar,9,12
625361,0009S00032000000,"1715 BEDFORD AVE, Pittsburgh, 15219",15219,Condemned/Dead End Property,2020-07-20,Fail,1,0009S00032000000,Active,40.4452897868,-79.9859385993,Crawford-Roberts,6,3
625362,0024F00001000000,"940 VISTA ST, Pittsburgh, 15212",15212,Condemned/Dead End Property,2020-09-10,Fail,2,0024F00001000000,Active,40.4598500807,-79.9951877249,East Allegheny,1,24
625363,0056N00167000000,No primary address specified,15207,Condemned/Dead End Property,2025-10-27,Pass,0,0056N00167000000,Active,40.4053688279,-79.9467046788,Hazelwood,5,15
625364,0013K00308000000,"2231 ARLINGTON AVE, Pittsburgh, 15210",15210,Condemned/Dead End Property,2025-11-25,Fail,1,0013K00308000000,Active,40.4173910155,-79.9747218504,South Side Slopes,3,16
625365,0174F00136000000,"7217 MONTICELLO ST, Pittsburgh, 15208",15208,Condemned/Dead End Property,2021-09-23,Fail,2,0174F00136000000,Active,40.4595054892,-79.8945106325,Homewood North,9,13
625366,0010F00144000000,"2241 BLOOMER Way, Pittsburgh, 15219",15219,Condemned/Dead End Property,2026-08-25,Fail,2,0010F00144000000,Active,40.4485292662,-79.9766912575,Middle Hill,6,5
625367,0124P00336000000,"6529 SHETLAND ST, Pittsburgh, 15206",15206,Condemned/Dead End Property,2020-09-09,Fail,2,0124P00336000000,Active,40.4626971777,-79.9081012061,Larimer,9,12
625368,0013N00219000000,"435 PARKWOOD RD, Pittsburgh, 15210",15210,Condemned/Dead End Property,2023-10-11,Fail,2,0013N00219000000,Active,40.4145243152,-79.9801140449,Arlington,3,16
625369,0014J00218000000,"520 CEDARHURST ST, Pittsburgh, 15210",15210,Condemned/Dead End Property,2021-08-31,Fail,2,0014J00218000000,Active,40.4181071036,-79.9979225385,Beltzhoover,3,18
625370,0040G00257000000,No primary address specified,15205,Condemned/Dead End Property,2022-08-12,Pass,0,0040G00257000000,Active,40.4392187198,-80.0551979046,Crafton Heights,2,28
625371,0184K00050000000,"1617 MCBRIDE ST, Pittsburgh, PA 15207",15207,Condemned/Dead End Property,2024-09-17,Fail,1,0184K00050000000,Active,40.3697854421,-79.9101867161,Lincoln Place,5,31
625372,0011J00022000000,"110 GIST ST #102, Pittsburgh, PA 15219",15219,Condemned/Dead End Property,2023-03-17,Fail,1,0011J00022000000,Active,40.4379381107,-79.9796379191,Bluff,6,1
625373,0014F00199000000,"814 INDUSTRY ST, Pittsburgh, 15210",15210,Condemned/Dead End Property,2021-03-10,Fail,2,0014F00199000000,Active,40.4206894012,-79.993085502,Allentown,3,18
625374,0045N00069000000,No primary address specified,15212,Condemned/Dead End Property,2026-05-21,Pass,0,0045N00069000000,Active,40.4635891003,-80.0291702869,Marshall-Shadeland,6,27
625375,0173L00013000000,"7297 LEMINGTON AVE, Pittsburgh, 15206",15206,Condemned/Dead End Property,2020-08-20,Fail,3,0173L00013000000,Active,40.4673352619,-79.8901106462,Lincoln-Lemington-Belmar,9,12
625376,0173L00013000000,"7297 LEMINGTON AVE, Pittsburgh, 15206",15206,Condemned/Dead End Property,2022-03-17,Fail,1,0173L00013000000,Active,40.4673352619,-79.8901106462,Lincoln-Lemington-Belmar,9,12
625377,0015S00193000000,"825 ELDORA PL, Pittsburgh, 15210",15210,Condemned/Dead End Property,2020-06-22,Fail,1,0015S00193000000,Active,40.4151358457,-80.0010352388,Beltzhoover,3,18
625378,0075G00300000000,"3450 SIPE ST, Pittsburgh, 15212",15212,Condemned/Dead End Property,2022-12-23,Pass,0,0075G00300000000,Active,40.4781688063,-80.0374548845,Brighton Heights,1,27
625379,0075G00300000000,"3450 SIPE ST, Pittsburgh, 15212",15212,Condemned/Dead End Property,2024-06-26,Fail,1,0075G00300000000,Active,40.4781688063,-80.0374548845,Brighton Heights,1,27
625380,0015R00157000000,"730 MONTOOTH ST, Pittsburgh, PA 15210",15210,Condemned/Dead End Property,2023-07-05,Fail,2,0015R00157000000,Active,40.4159528935,-80.0062210861,Beltzhoover,3,18
625381,0015R00157000000,"730 MONTOOTH ST, Pittsburgh, PA 15210",15210,Condemned/Dead End Property,2023-07-05,Fail,2,0015R00157000000,Active,40.4159528935,-80.0062210861,Beltzhoover,3,18
625382,0022E00324000000,"1442 NIXON ST, Pittsburgh, 15233",15233,Condemned/Dead End Property,2025-04-01,Fail,2,0022E00324000000,Active,40.4593841911,-80.0298193774,Manchester,6,21
625383,0124R00300000000,"6601 LYRIC ST, Pittsburgh, PA 15206",15206,Condemned/Dead End Property,2026-07-29,,,0124R00300000000,Active,40.4647790648,-79.9049138781,Lincoln-Lemington-Belmar,9,12
625384,0042G00274000000,"3261 MOTOR ST, Pittsburgh, 15204",15204,Condemned/Dead End Property,2023-08-22,Pass,0,0042G00274000000,Active,40.4592164092,-80.057047129,Sheraden,2,20
625385,0042G00274000000,"3261 MOTOR ST, Pittsburgh, 15204",15204,Condemned/Dead End Property,2024-03-26,Fail,2,0042G00274000000,Active,40.4592164092,-80.057047129,Sheraden,2,20
625386,0014D00240000000,"2424 S 18TH ST, Pittsburgh, 15203",15203,Condemned/Dead End Property,2023-06-08,Pass,0,0014D00240000000,Active,40.421960666,-79.9832812583,South Side Slopes,3,17
625387,0014D00240000000,"2424 S 18TH ST, Pittsburgh, 15203",15203,Condemned/Dead End Property,2024-06-25,Fail,2,0014D00240000000,Active,40.421960666,-79.9832812583,South Side Slopes,3,17
625388,0022F00087000000,"1912 MANHATTAN ST, Pittsburgh, 15233",15233,Condemned/Dead End Property,2020-08-20,Fail,2,0022F00087000000,Active,40.4590272747,-80.0277932656,Manchester,6,21
625389,0029M00271000000,"3778 ORPWOOD ST, Pittsburgh, 15213",15213,Condemned/Dead End Property,2020-09-08,Fail,2,0029M00271000000,Active,40.4282585569,-79.9511930003,South Oakland,3,4
625390,0029M00271000000,"3778 ORPWOOD ST, Pittsburgh, 15213",15213,Condemned/Dead End Property,2022-02-09,,,0029M00271000000,Active,40.4282585569,-79.9511930003,South Oakland,3,4
625391,0033K00128000000,"219 REIFERT ST, Pittsburgh, PA 15210",15210,Condemned/Dead End Property,2020-11-04,Pass,0,0033K00128000000,Active,40.4084210326,-79.9928987387,Knoxville,3,30
625392,0174P00177000000,"7341 HAMILTON AVE, Pittsburgh, PA 15208",15208,Condemned/Dead End Property,2020-09-01,Fail,2,0174P00177000000,Active,40.4540085674,-79.8939283834,Homewood South,9,13
625393,0060R00119000000,"121 NEWETT ST, Pittsburgh, 15210",15210,Condemned/Dead End Property,2025-11-13,Fail,2,0060R00119000000,Active,40.3966432111,-79.9900846509,Carrick,4,29
625394,0047J00163000000,"1034 BUENTE ST, Pittsburgh, 15212",15212,Condemned/Dead End Property,2026-07-15,Fail,2,0047J00163000000,Active,40.4667644116,-79.9959353956,Spring Hill-City View,1,26
625395,0042S00122000000,"2764 BERGMAN ST, Pittsburgh, PA 15204",15204,Condemned/Dead End Property,2020-08-21,Fail,2,0042S00122000000,Active,40.4537294624,-80.0518468269,Sheraden,2,20
625396,0042S00122000000,"2764 BERGMAN ST, Pittsburgh, PA 15204",15204,Condemned/Dead End Property,2023-02-24,Pass,0,0042S00122000000,Active,40.4537294624,-80.0518468269,Sheraden,2,20
625397,0010M00023000000,No primary address specified,15219,Condemned/Dead End Property,2021-08-04,Pass,0,0010M00023000000,Active,40.4466990712,-79.9701157883,Middle Hill,6,5
625398,0231J00308000000,"8125 FRANKSTOWN AVE, Pittsburgh, PA 15221",15221,Condemned/Dead End Property,2024-02-21,Fail,2,0231J00308000000,Active,40.4555590903,-79.8822194621,Homewood North,9,13
625399,0231J00308000000,"8125 FRANKSTOWN AVE, Pittsburgh, PA 15221",15221,Condemned/Dead End Property,2024-11-21,Pass,0,0231J00308000000,Active,40.4555590903,-79.8822194621,Homewood North,9,13
625400,0028S00072000000,"3361 PARKVIEW AVE, Pittsburgh, PA 15213",15213,Condemned/Dead End Property,2021-08-04,Pass,0,0028S00072000000,Active,40.4334238688,-79.9527281736,South Oakland,3,4
625401,0034D00001000000,"417 VANDALIA ST, Pittsburgh, 15210",15210,Condemned/Dead End Property,2020-09-09,Fail,2,0034D00001000000,Active,40.413798715,-79.9995550719,Beltzhoover,3,18
625402,0080G00022000A00,"4912 PLUM Way, Pittsburgh, PA 15201",15201,Condemned/Dead End Property,2020-06-22,Pass,0,0080G00022000A00,Active,40.4780408993,-79.9575742848,Central Lawrenceville,7,9
625403,0080G00022000A00,"4912 PLUM Way, Pittsburgh, PA 15201",15201,Condemned/Dead End Property,2024-04-24,,,0080G00022000A00,Active,40.4780408993,-79.9575742848,Central Lawrenceville,7,9
625404,0174A00164000000,"7152 KEDRON ST, Pittsburgh, 15208",15208,Condemned/Dead End Property,2026-04-17,,,0174A00164000000,Active,40.460728536,-79.8954251537,Homewood North,9,13
625405,0083F00118000000,"530 N NEGLEY AVE, Pittsburgh, 15206",15206,Condemned/Dead End Property,2025-11-05,Pass,0,0083F00118000000,Active,40.4685401789,-79.9273193713,East Liberty,9,11
625406,0010D00137000000,"701 WEBSTER TER, Pittsburgh, 15219",15219,Condemned/Dead End Property,2020-07-30,Fail,2,0010D00137000000,Active,40.4517428002,-79.9678750208,Middle Hill,6,5
625407,0009M00258000A00,"8 MONACA PL, Pittsburgh, 15219",15219,Condemned/Dead End Property,2020-08-11,Fail,2,0009M00258000A00,Active,40.4459155589,-79.9847441726,Crawford-Roberts,6,3
625408,0009M00258000A00,"8 MONACA PL, Pittsburgh, 15219",15219,Condemned/Dead End Property,2020-11-04,Fail,1,0009M00258000A00,Active,40.4459155589,-79.9847441726,Crawford-Roberts,6,3
625409,0013N00142000000,"444 DAWES ST, Pittsburgh, 15210",15210,Condemned/Dead End Property,2022-10-28,Pass,0,0013N00142000000,Active,40.4151101564,-79.9805091402,Arlington,3,16
625410,0231J00029000000,No primary address specified,15221,Condemned/Dead End Property,2024-12-02,Pass,0,0231J00029000000,Active,40.457565817,-79.8827482329,Homewood North,9,13
625411,0124H00129000000,"1231 PAULSON AVE, Pittsburgh, 15206",15206,Condemned/Dead End Property,2020-09-08,Fail,2,0124H00129000000,Active,40.468695127,-79.9023441245,Lincoln-Lemington-Belmar,9,12
625412,0057B00087000000,"5417 2ND AVE, Pittsburgh, 15207",15207,Condemned/Dead End Property,2024-03-27,Fail,1,0057B00087000000,Active,40.4025797904,-79.9412487982,Hazelwood,5,15
625413,0057B00087000000,"5417 2ND AVE, Pittsburgh, 15207",15207,Condemned/Dead End Property,2024-03-27,Pass,0,0057B00087000000,Active,40.4025797904,-79.9412487982,Hazelwood,5,15
625414,0056P00190000000,"5258 2ND AVE, Pittsburgh, 15207",15207,Condemned/Dead End Property,2024-06-26,Fail,1,0056P00190000000,Active,40.4044772063,-79.9428211575,Hazelwood,5,15
625415,0174F00143000000,"7203 MONTICELLO ST, Pittsburgh, 15208",15208,Condemned/Dead End Property,2020-09-04,Fail,2,0174F00143000000,Active,40.4596585466,-79.8951895175,Homewood North,9,13
625416,0011F00169000000,"116 OLD KIRKPATRICK ST, Pittsburgh, 15219",15219,Condemned/Dead End Property,2026-06-17,Fail,1,0011F00169000000,Active,40.4385708678,-79.9746394292,West Oakland,6,4
625417,0090M00141000000,"4317 ARMORHILL AVE, Pittsburgh, 15120",15207,Condemned/Dead End Property,2024-09-17,Fail,1,0090M00141000000,Active,40.3983968855,-79.9175972784,New Homestead,5,31
625418,0042C00093000000,"301 TABOR ST, Pittsburgh, PA 15204",15204,Condemned/Dead End Property,2021-10-08,Fail,1,0042C00093000000,Active,40.4619235393,-80.053912589,Esplen,2,20
625419,0040F00157000000,"18 RIDENOUR AVE, Pittsburgh, 15205",15205,Condemned/Dead End Property,2020-09-09,Fail,2,0040F00157000000,Active,40.4382568936,-80.0580546944,Crafton Heights,2,28
625420,0014E00248000000,"613 FREELAND ST, Pittsburgh, 15210",15210,Condemned/Dead End Property,2020-08-28,Fail,2,0014E00248000000,Active,40.4192361618,-79.9967459966,Allentown,3,18
625421,0060C00021000000,No primary address specified,15210,Condemned/Dead End Property,2020-12-03,Pass,0,0060C00021000000,Active,40.4036169793,-79.9911183148,Carrick,4,29
625422,0061M00224000000,"59 PETUNIA ST, Pittsburgh, 15210",15210,Condemned/Dead End Property,2026-01-09,Pass,0,0061M00224000000,Active,40.3982796659,-80.0024034303,Brookline,4,32
625423,0012N00242000000,"58 GREGORY ST, Pittsburgh, PA 15203",15203,Condemned/Dead End Property,2020-09-01,Fail,1,0012N00242000000,Active,40.4237590067,-79.9794271155,South Side Slopes,3,17
625424,0175H00101000000,"7912 TIOGA ST, Pittsburgh, PA 15208",15221,Condemned/Dead End Property,2025-01-30,Fail,2,0175H00101000000,Active,40.4496594807,-79.8865193893,Homewood South,9,13
625425,0045N00070000000,No primary address specified,15212,Condemned/Dead End Property,2026-05-21,Pass,0,0045N00070000000,Active,40.4636363355,-80.0291081254,Marshall-Shadeland,6,27
625426,0010F00086000000,No primary address specified,15219,Condemned/Dead End Property,2021-06-16,Pass,0,0010F00086000000,Active,40.4489370359,-79.9746174988,Middle Hill,6,5
625427,0033B00356000000,"338 MOORE AVE, Pittsburgh, 15210",15210,Condemned/Dead End Property,2026-07-29,Fail,2,0033B00356000000,Active,40.4118511438,-79.9946137236,Knoxville,3,30
625428,0045M00403000000,"544 W BURGESS ST, Pittsburgh, 15214",15214,Condemned/Dead End Property,2025-01-29,Fail,2,0045M00403000000,Active,40.4653411864,-80.0164333265,Perry South,6,26
625429,0045M00403000000,"544 W BURGESS ST, Pittsburgh, 15214",15214,Condemned/Dead End Property,2026-02-23,Pass,0,0045M00403000000,Active,40.4653411864,-80.0164333265,Perry South,6,26
625430,0013S00019000000,"2807 SPRING ST, Pittsburgh, 15210",15210,Condemned/Dead End Property,2026-02-19,Pass,0,0013S00019000000,Active,40.4157909396,-79.9691482982,Arlington,3,16
625431,0060N00158000000,"1725 PARKFIELD ST, Pittsburgh, 15210",15210,Condemned/Dead End Property,2023-07-07,Pass,0,0060N00158000000,Active,40.3952040357,-79.9964498631,Carrick,4,29
625432,0022K00342000000,"1307 N FRANKLIN ST, Pittsburgh, 15233",15233,Condemned/Dead End Property,2020-07-09,Fail,2,0022K00342000000,Active,40.4559511741,-80.0256391878,Manchester,6,21
625433,0048A00286000000,"2115 STRAUBS LN, Pittsburgh, 15212",15212,Condemned/Dead End Property,2020-07-21,Fail,2,0048A00286000000,Active,40.4698818807,-79.9789457381,Troy Hill,1,24
625434,0045K00206000000,"1134 RIDGELAND DR, Pittsburgh, 15212",15212,Condemned/Dead End Property,2020-09-24,Fail,1,0045K00206000000,Active,40.4652509964,-80.0259400082,Marshall-Shadeland,6,27
625435,0047A00072000000,"1041 SHREVE ST, Pittsburgh, 15212",15212,Condemned/Dead End Property,2022-12-21,Pass,0,0047A00072000000,Active,40.4714535825,-79.9979092408,Spring Hill-City View,1,26
625436,0047K00071000000,"19 WOESSNER AVE, Pittsburgh, 15212",15212,Condemned/Dead End Property,2020-09-10,Fail,2,0047K00071000000,Active,40.4654578239,-79.9933512674,Spring Hill-City View,1,24
625437,0013P00088000000,"236 STERLING ST, Pittsburgh, 15210",15210,Condemned/Dead End Property,2023-01-10,Pass,0,0013P00088000000,Active,40.4150531033,-79.9752696654,Arlington,3,16
625438,0024F00023000000,"932 ITIN ST, Pittsburgh, 15212",15212,Condemned/Dead End Property,2026-07-29,Fail,1,0024F00023000000,Active,40.459065768,-79.9952979797,East Allegheny,1,23
625439,0046N00138000000,"2131 HOLYOKE ST, Pittsburgh, 15214",15214,Condemned/Dead End Property,2025-05-05,Fail,3,0046N00138000000,Active,40.4641250328,-80.0144685084,Perry South,6,25
625440,0045F00028000000,"1225 WOODLAND AVE, Pittsburgh, 15212",15212,Condemned/Dead End Property,2025-04-30,,,0045F00028000000,Active,40.4692254429,-80.0283183848,Marshall-Shadeland,6,27
625441,0010H00152000000,"556 FRANCIS ST, Pittsburgh, 15219",15219,Condemned/Dead End Property,2020-08-14,Fail,3,0010H00152000000,Active,40.4488187779,-79.9682029016,Middle Hill,6,5
625442,0010H00152000000,"556 FRANCIS ST, Pittsburgh, 15219",15219,Condemned/Dead End Property,2022-02-23,Fail,1,0010H00152000000,Active,40.4488187779,-79.9682029016,Middle Hill,6,5
625443,0024J00370000000,"853 LOVITT Way, Pittsburgh, PA 15212",15212,Condemned/Dead End Property,2024-02-14,Fail,1,0024J00370000000,Active,40.4564386857,-79.9955163696,East Allegheny,1,23
625444,0023F00200000000,"111 CARRINGTON ST, Pittsburgh, 15212",15212,Condemned/Dead End Property,2020-07-02,Fail,2,0023F00200000000,Active,40.4588848005,-80.0087000587,Central Northside,1,25
625445,0024F00125000000,"1000 SPRING GARDEN AVE, Pittsburgh, 15212",15212,Condemned/Dead End Property,2026-03-30,Fail,3,0024F00125000000,Active,40.4583495077,-79.9944617531,Spring Garden,1,23
625446,0003L00099000000,"1101 SARAH ST, Pittsburgh, 15203",15203,Condemned/Dead End Property,2026-06-04,Fail,3,0003L00099000000,Active,40.4278657996,-79.9873984188,South Side Flats,3,17
625447,0045N00285000000,"1413 HALSEY PL, Pittsburgh, 15212",15212,Condemned/Dead End Property,2023-03-15,Fail,2,0045N00285000000,Active,40.4638467088,-80.0315200409,Marshall-Shadeland,6,27
625448,0045N00285000000,"1413 HALSEY PL, Pittsburgh, 15212",15212,Condemned/Dead End Property,2024-10-28,Pass,0,0045N00285000000,Active,40.4638467088,-80.0315200409,Marshall-Shadeland,6,27
625449,0174B00321000000,"7230 KEDRON ST, Pittsburgh, 15208",15208,Condemned/Dead End Property,2025-03-12,Fail,3,0174B00321000000,Active,40.4603067301,-79.8936181046,Homewood North,9,13
625450,0046P00026000000,No primary address specified,15214,Condemned/Dead End Property,2026-08-05,Pass,0,0046P00026000000,Active,40.4636433839,-80.0115772657,Perry South,6,25
625451,0050D00039000000,No primary address specified,15224,Condemned/Dead End Property,2023-08-17,Pass,0,0050D00039000000,Active,40.4702071021,-79.9334040029,Garfield,9,10
625452,0013L00039000A00,"2327 ARLINGTON AVE, Pittsburgh, 15210",15210,Condemned/Dead End Property,2026-04-15,Fail,3,0013L00039000A00,Active,40.4175059552,-79.9733073989,South Side Slopes,3,16
625453,0045E00006000000,"1406 DICKSON ST, Pittsburgh, 15212",15212,Condemned/Dead End Property,2023-03-29,Fail,1,0045E00006000000,Active,40.4696542681,-80.0321360149,Marshall-Shadeland,6,27
625454,0010D00264000000,"619 HOLLACE ST, Pittsburgh, 15219",15219,Condemned/Dead End Property,2020-11-04,Pass,0,0010D00264000000,Active,40.4504169248,-79.9679378744,Middle Hill,6,5
625455,0081D00202000000,"126 STANTON CT W, Pittsburgh, PA 15201",15201,Condemned/Dead End Property,2022-01-21,Pass,0,0081D00202000000,Active,40.4817707557,-79.935233874,Stanton Heights,7,10
625456,0047A00191000000,"1122 FABYAN ST, Pittsburgh, 15212",15212,Condemned/Dead End Property,2025-09-18,Fail,2,0047A00191000000,Active,40.4707980918,-79.995913011,Spring Hill-City View,1,26
625457,0047A00191000000,"1122 FABYAN ST, Pittsburgh, 15212",15212,Condemned/Dead End Property,2026-04-17,Pass,0,0047A00191000000,Active,40.4707980918,-79.995913011,Spring Hill-City View,1,26
625458,0042G00275000000,"3259 MOTOR ST, Pittsburgh, 15204",15204,Condemned/Dead End Property,2020-08-27,Fail,1,0042G00275000000,Active,40.4591787716,-80.0569702806,Sheraden,2,20
625459,0042G00275000000,"3259 MOTOR ST, Pittsburgh, 15204",15204,Condemned/Dead End Property,2023-01-24,Pass,0,0042G00275000000,Active,40.4591787716,-80.0569702806,Sheraden,2,20
625460,0035S00291000000,"1823 WOODWARD AVE, Pittsburgh, 15226",15226,Condemned/Dead End Property,2026-04-14,Pass,0,0035S00291000000,Active,40.405323297,-80.0167449381,Brookline,4,19
625461,0010F00071000000,"707 SOMERS ST, Pittsburgh, 15219",15219,Condemned/Dead End Property,2023-08-09,Fail,2,0010F00071000000,Active,40.4487513135,-79.9755253344,Middle Hill,6,5
625462,0010C00044000A00,"2603 WEBSTER AVE, Pittsburgh, 15219",15219,Condemned/Dead End Property,2020-07-27,Fail,3,0010C00044000A00,Active,40.4504533992,-79.9710594742,Bedford Dwellings,6,5
625463,0003S00164000000,"40 PIUS ST, Pittsburgh, PA 15203",15203,Condemned/Dead End Property,2020-07-07,Fail,2,0003S00164000000,Active,40.4243144136,-79.9830598343,South Side Slopes,3,17
625464,0050N00220000000,"220 S MATHILDA ST, Pittsburgh, PA 15224",15224,Condemned/Dead End Property,2024-07-22,Fail,1,0050N00220000000,Active,40.464471867,-79.9468827498,Bloomfield,7,8
625465,0024F00300000000,No primary address specified,15212,Condemned/Dead End Property,2022-07-27,Pass,0,0024F00300000000,Active,40.4590789674,-79.9922279501,Spring Garden,1,24
625466,0084P00029000000,"5835 ELWOOD ST #17, Pittsburgh, PA 15232",15232,Condemned/Dead End Property,2025-12-24,Fail,2,0084P00029000000,Active,40.453989272,-79.9284175198,Shadyside,8,7
625467,0015R00260000000,No primary address specified,15210,Condemned/Dead End Property,2023-11-15,Pass,0,0015R00260000000,Active,40.4159213854,-80.0046013912,Beltzhoover,3,18
625468,0125H00241000000,"7023 FRANKSTOWN AVE, Pittsburgh, 15208",15208,Condemned/Dead End Property,2020-08-28,Fail,2,0125H00241000000,Active,40.4585074251,-79.8999467102,Homewood North,9,13
625469,0013G00050000000,"944 ELEANOR ST, Pittsburgh, PA 15203",15203,Condemned/Dead End Property,2023-05-15,,,0013G00050000000,Active,40.4207912127,-79.9725698233,South Side Slopes,3,16
625470,0013G00050000000,"944 ELEANOR ST, Pittsburgh, PA 15203",15203,Condemned/Dead End Property,2023-05-15,,,0013G00050000000,Active,40.4207912127,-79.9725698233,South Side Slopes,3,16
625471,0011K00148000000,"2019 TUSTIN ST, Pittsburgh, 15219",15219,Condemned/Dead End Property,2022-03-17,Fail,1,0011K00148000000,Active,40.4369662642,-79.9769985539,Bluff,6,1
625472,0027A00021000000,"2938 1/2 WEBSTER AVE, Pittsburgh, PA 15219",15219,Condemned/Dead End Property,2020-07-29,Fail,2,0027A00021000000,Active,40.4522870549,-79.9658342429,Middle Hill,6,5
625473,0027A00021000000,"2938 1/2 WEBSTER AVE, Pittsburgh, PA 15219",15219,Condemned/Dead End Property,2021-02-18,Pass,0,0027A00021000000,Active,40.4522870549,-79.9658342429,Middle Hill,6,5
625474,0019H00234000000,"31 NOBLESTOWN RD, Pittsburgh, 15220",15220,Condemned/Dead End Property,2020-07-27,Fail,2,0019H00234000000,Active,40.4395901083,-80.0349529634,West End,2,20
625475,0056K00065000A00,"39 W ELIZABETH ST, Pittsburgh, 15207",15207,Condemned/Dead End Property,2024-07-30,Fail,1,0056K00065000A00,Active,40.4066437723,-79.9448523293,Hazelwood,5,15
625476,0010R00133000000,"2312 CENTRE AVE, Pittsburgh, PA 15219",15219,Condemned/Dead End Property,2025-10-02,Pass,0,0010R00133000000,Active,40.4451690246,-79.973273383,Middle Hill,6,5
625477,0014N00215000000,"422 1/2 ROCHELLE ST, Pittsburgh, PA 15210",15210,Condemned/Dead End Property,2020-09-09,Fail,2,0014N00215000000,Active,40.4147411769,-79.9965167011,Knoxville,3,30
625478,0014N00215000000,"422 1/2 ROCHELLE ST, Pittsburgh, PA 15210",15210,Condemned/Dead End Property,2024-01-31,Pass,0,0014N00215000000,Active,40.4147411769,-79.9965167011,Knoxville,3,30
625479,0014N00253000000,"432 BAUSMAN ST, Pittsburgh, 15210",15210,Condemned/Dead End Property,2024-03-28,Pass,0,0014N00253000000,Active,40.4140081071,-79.9965147316,Knoxville,3,30
625480,0045P00026000000,"1214 COLFAX ST, Pittsburgh, 15212",15212,Condemned/Dead End Property,2026-08-31,,,0045P00026000000,Active,40.4624859111,-80.0255917572,California-Kirkbride,6,21
625481,0010G00341000A00,"713 DUFF ST, Pittsburgh, 15219",15219,Condemned/Dead End Property,2020-08-19,Fail,1,0010G00341000A00,Active,40.449610244,-79.9737295946,Middle Hill,6,5
625482,0020S00085000000,No primary address specified,15220,Condemned/Dead End Property,2024-03-27,Pass,0,0020S00085000000,Active,40.4443939011,-80.0356405254,Elliott,2,20
625483,0023D00092000000,"1731 WARREN ST, Pittsburgh, 15212",15212,Condemned/Dead End Property,2022-05-16,Fail,1,0023D00092000000,Active,40.4622043982,-80.0029139105,Fineview,1,25
625484,0023D00092000000,"1731 WARREN ST, Pittsburgh, 15212",15212,Condemned/Dead End Property,2023-10-11,Pass,0,0023D00092000000,Active,40.4622043982,-80.0029139105,Fineview,1,25
625485,0045K00074000000,"1123 INGHAM ST, Pittsburgh, 15212",15212,Condemned/Dead End Property,2020-11-13,Fail,2,0045K00074000000,Active,40.4667458725,-80.0260300094,Marshall-Shadeland,6,27
625486,0045K00074000000,"1123 INGHAM ST, Pittsburgh, 15212",15212,Condemned/Dead End Property,2023-05-09,Fail,2,0045K00074000000,Active,40.4667458725,-80.0260300094,Marshall-Shadeland,6,27
625487,0014L00195000000,No primary address specified,15210,Condemned/Dead End Property,2022-10-27,Pass,0,0014L00195000000,Active,40.4166817821,-79.9909037295,Knoxville,3,30
625488,0035F00002000000,"1630 ALVERADO AVE, Pittsburgh, PA 15216",15216,Condemned/Dead End Property,2025-11-25,Fail,2,0035F00002000000,Active,40.4091494881,-80.0285424036,Beechview,4,19
625489,0015S00152000000,"834 ESTELLA AVE, Pittsburgh, PA 15210",15210,Condemned/Dead End Property,2023-07-12,,,0015S00152000000,Active,40.4146809559,-80.000594273,Beltzhoover,3,18
625490,0057B00082000000,No primary address specified,15207,Condemned/Dead End Property,2023-03-29,,,0057B00082000000,Active,40.402766312,-79.9415176009,Hazelwood,5,15
625491,0046C00220000000,"6 MAGNET ST, Pittsburgh, 15214",15214,Condemned/Dead End Property,2026-06-22,Fail,2,0046C00220000000,Active,40.4711603904,-80.006533429,Perry South,6,26
625492,0121F00146000000,"6640 MARIETTA ST, Pittsburgh, PA 15206",15206,Condemned/Dead End Property,2020-06-02,Fail,1,0121F00146000000,Active,40.4886349405,-79.9284698167,Stanton Heights,7,10
625493,0011F00171000000,"128 OLD KIRKPATRICK ST, Pittsburgh, PA 15219",15219,Condemned/Dead End Property,2026-07-29,Fail,1,0011F00171000000,Active,40.43890648,-79.9744985953,West Oakland,6,4
625494,0015L00182000000,No primary address specified,15210,Condemned/Dead End Property,2020-09-21,,,0015L00182000000,Active,40.4169675491,-80.0046333151,Beltzhoover,3,18
625495,0015L00182000000,No primary address specified,15210,Condemned/Dead End Property,2020-09-22,Pass,0,0015L00182000000,Active,40.4169675491,-80.0046333151,Beltzhoover,3,18
625496,0174L00046000000,"7449 FRANKSTOWN AVE #6, Pittsburgh, PA 15208",15208,Condemned/Dead End Property,2020-08-28,Fail,2,0174L00046000000,Active,40.4562564476,-79.8901341425,Homewood North,9,13
625497,0174B00217000000,"7311 MOUNT VERNON ST, Pittsburgh, PA 15208",15208,Condemned/Dead End Property,2020-09-04,Fail,1,0174B00217000000,Active,40.460744275,-79.8920799286,Homewood North,9,13
625498,0033E00211000000,"430 SUNCREST ST, Pittsburgh, 15210",15210,Condemned/Dead End Property,2026-09-09,Fail,2,0033E00211000000,Active,40.4111984308,-79.9963712838,Knoxville,3,30
625499,0033E00211000000,"430 SUNCREST ST, Pittsburgh, 15210",15210,Condemned/Dead End Property,2026-09-09,Fail,1,0033E00211000000,Active,40.4111984308,-79.9963712838,Knoxville,3,30
625500,0056N00062000000,"5156 CHAPLAIN Way, Pittsburgh, 15207",15207,Condemned/Dead End Property,2025-08-06,Pass,0,0056N00062000000,Active,40.4053378684,-79.9457469304,Hazelwood,5,15
625501,0087G00210000000,"5817 FORWARD AVE, Pittsburgh, PA 15217",15217,Condemned/Dead End Property,2026-09-04,Fail,2,0087G00210000000,Active,40.4300411401,-79.9228752493,Squirrel Hill South,5,14
625502,0174R00046000000,"718 N BRADDOCK AVE, Pittsburgh, 15208",15221,Condemned/Dead End Property,2020-11-30,Fail,3,0174R00046000000,Active,40.4546078061,-79.8903198517,Homewood South,9,13
625503,0174R00046000000,"718 N BRADDOCK AVE, Pittsburgh, 15208",15221,Condemned/Dead End Property,2024-03-01,Pass,0,0174R00046000000,Active,40.4546078061,-79.8903198517,Homewood South,9,13
625504,0033B00325000000,No primary address specified,15210,Condemned/Dead End Property,2023-06-13,Pass,0,0033B00325000000,Active,40.4119396086,-79.9934932052,Knoxville,3,30
625505,0047C00055000000,"58 SCHUBERT ST, Pittsburgh, 15212",15212,Condemned/Dead End Property,2026-03-27,Fail,2,0047C00055000000,Active,40.4713689343,-79.9891742341,Spring Garden,1,26
625506,0057C00096000000,"35 ALMEDA ST, Pittsburgh, 15207",15207,Condemned/Dead End Property,2023-12-11,Fail,1,0057C00096000000,Active,40.4034532255,-79.9404996212,Hazelwood,5,15
625507,0057C00096000000,"35 ALMEDA ST, Pittsburgh, 15207",15207,Condemned/Dead End Property,2025-09-25,Fail,1,0057C00096000000,Active,40.4034532255,-79.9404996212,Hazelwood,5,15
625508,0174H00222000000,No primary address specified,15221,Condemned/Dead End Property,2020-10-16,Pass,0,0174H00222000000,Active,40.4592288051,-79.8847653304,Homewood North,9,13
625509,0174B00096000000,No primary address specified,15208,Condemned/Dead End Property,2026-04-17,,,0174B00096000000,Active,40.4623825425,-79.8949126061,Homewood North,9,13
625510,0002H00074000000,"1501 5TH AVE, Pittsburgh, 15219",15219,Condemned/Dead End Property,2020-08-20,Fail,2,0002H00074000000,Active,40.438755012,-79.9848661118,Crawford-Roberts,6,3
625511,0011J00302000000,"53 MILTENBERGER ST, Pittsburgh, 15219",15219,Condemned/Dead End Property,2023-03-09,Fail,1,0011J00302000000,Active,40.436365439,-79.9817421747,Bluff,6,1
625512,0056K00067000000,"35 W ELIZABETH ST, Pittsburgh, 15207",15207,Condemned/Dead End Property,2020-06-25,Fail,1,0056K00067000000,Active,40.4066580341,-79.9447695851,Hazelwood,5,15
625513,0095L00300000000,"400 ARISTON AVE, Pittsburgh, PA 15210",15210,Condemned/Dead End Property,2026-01-28,Pass,0,0095L00300000000,Active,40.3874382694,-79.9897995089,Carrick,4,29
625514,0175D00214000000,"594 OAKWOOD ST, Pittsburgh, 15208",15221,Condemned/Dead End Property,2026-03-03,Pass,0,0175D00214000000,Active,40.451972271,-79.8843178483,East Hills,9,13
625515,0077E00086000000,"3030 PERRYSVILLE AVE, Pittsburgh, 15214",15214,Condemned/Dead End Property,2020-09-08,Fail,3,0077E00086000000,Active,40.4770778402,-80.0120301138,Perry North,1,26
625516,0015S00141000000,"814 ESTELLA AVE, Pittsburgh, PA 15210",15210,Condemned/Dead End Property,2020-06-18,Fail,2,0015S00141000000,Active,40.4153403978,-80.0006173787,Beltzhoover,3,18
625517,0050H00148000000,"420 N AIKEN AVE, Pittsburgh, 15206",15206,Condemned/Dead End Property,2020-05-27,Fail,2,0050H00148000000,Active,40.4682215545,-79.9339801798,Garfield,9,11
625518,0175M00009000000,"7936 MADIERA ST, Pittsburgh, 15221",15221,Condemned/Dead End Property,2020-07-10,Fail,2,0175M00009000000,Active,40.4476846755,-79.8862041284,Homewood South,9,13
625519,0175M00009000000,"7936 MADIERA ST, Pittsburgh, 15221",15221,Condemned/Dead End Property,2024-01-08,Pass,0,0175M00009000000,Active,40.4476846755,-79.8862041284,Homewood South,9,13
625520,0019C00121000000,"716 LINHART ST, Pittsburgh, PA 15220",15220,Condemned/Dead End Property,2020-06-08,Fail,3,0019C00121000000,Active,40.4416556398,-80.0382190221,Elliott,2,20
625521,0175C00232000000,"7727 TIOGA ST, Pittsburgh, 15208",15221,Condemned/Dead End Property,2026-03-05,Fail,2,0175C00232000000,Active,40.4509543763,-79.8888016939,Homewood South,9,13
625522,0049B00019000000,"188 44TH ST, Pittsburgh, PA 15201",15201,Condemned/Dead End Property,2020-05-20,Pass,0,0049B00019000000,Active,40.4716827619,-79.9603954096,Central Lawrenceville,7,9
625523,0056G00032000000,"306 FLOWERS AVE, Pittsburgh, PA 15207",15207,Condemned/Dead End Property,2025-01-24,Fail,1,0056G00032000000,Active,40.4108652729,-79.9403410653,Hazelwood,5,15
625524,0056G00032000000,"306 FLOWERS AVE, Pittsburgh, PA 15207",15207,Condemned/Dead End Property,2025-06-30,Fail,1,0056G00032000000,Active,40.4108652729,-79.9403410653,Hazelwood,5,15
625525,0056N00114000000,"5119 BLAIR ST, Pittsburgh, 15207",15207,Condemned/Dead End Property,2024-10-22,Fail,1,0056N00114000000,Active,40.4059736824,-79.9460830778,Hazelwood,5,15
625526,0134A00113000000,"642 MIFFLIN RD, Pittsburgh, PA 15207",15207,Condemned/Dead End Property,2021-01-12,Pass,0,0134A00113000000,Active,40.382307456,-79.9292664906,Hays,5,31
625527,0010D00063000000,"716 MORGAN ST, Pittsburgh, 15219",15219,Condemned/Dead End Property,2020-08-17,Fail,1,0010D00063000000,Active,40.4517551378,-79.969026463,Middle Hill,6,5
625528,0010K00152000000,"635 KIRKPATRICK ST, Pittsburgh, 15219",15219,Condemned/Dead End Property,2020-08-20,Fail,2,0010K00152000000,Active,40.4467240811,-79.9776356672,Middle Hill,6,5
625529,0014G00173000000,"945 CLIMAX ST, Pittsburgh, 15210",15210,Condemned/Dead End Property,2023-05-26,,,0014G00173000000,Active,40.4202991931,-79.9882990612,Allentown,3,18
625530,0014G00173000000,"945 CLIMAX ST, Pittsburgh, 15210",15210,Condemned/Dead End Property,2023-05-26,Fail,1,0014G00173000000,Active,40.4202991931,-79.9882990612,Allentown,3,18
625531,0027A00352000000,"650 HERRON AVE, Pittsburgh, PA 15219",15219,Condemned/Dead End Property,2020-08-06,Fail,1,0027A00352000000,Active,40.4525661961,-79.9643253474,Upper Hill,6,5
625532,0077P00374000000,No primary address specified,15214,Condemned/Dead End Property,2022-11-14,Pass,0,0077P00374000000,Active,40.4739848786,-80.0114637618,Perry South,6,26
625533,0014F00323000A00,"842 LOYAL Way, Pittsburgh, PA 15210",15210,Condemned/Dead End Property,2020-09-03,Fail,2,0014F00323000A00,Active,40.4194918096,-79.9920262875,Allentown,3,18
625534,0024C00141000000,"1254 HIGH ST, Pittsburgh, 15212",15212,Condemned/Dead End Property,2024-04-30,Pass,0,0024C00141000000,Active,40.4613236512,-79.9897528822,Spring Garden,1,24
625535,0024C00141000000,"1254 HIGH ST, Pittsburgh, 15212",15212,Condemned/Dead End Property,2025-10-28,Pass,0,0024C00141000000,Active,40.4613236512,-79.9897528822,Spring Garden,1,24
625536,0125H00197000000,"916 N MURTLAND ST, Pittsburgh, 15208",15208,Condemned/Dead End Property,2023-12-13,Fail,2,0125H00197000000,Active,40.4590214869,-79.9006804829,Homewood North,9,13
625537,0125H00197000000,"916 N MURTLAND ST, Pittsburgh, 15208",15208,Condemned/Dead End Property,2026-03-02,Fail,1,0125H00197000000,Active,40.4590214869,-79.9006804829,Homewood North,9,13
625538,0019H00051000000,"400 SPARTA ST, Pittsburgh, 15220",15220,Condemned/Dead End Property,2024-03-18,Pass,0,0019H00051000000,Active,40.4389259523,-80.0364318696,Elliott,2,20
625539,0057D00055000A00,No primary address specified,15207,Condemned/Dead End Property,2024-12-02,Pass,0,0057D00055000A00,Active,40.4028351502,-79.9362798104,Hazelwood,5,15
625540,0041A00078000000,"3117 FADETTE ST, Pittsburgh, 15204",15204,Condemned/Dead End Property,2021-06-04,Pass,0,0041A00078000000,Active,40.4515697067,-80.0650744097,Sheraden,2,20
625541,0124G00257000000,"6405 APPLE ST, Pittsburgh, PA 15206",15206,Condemned/Dead End Property,2020-07-15,Fail,3,0124G00257000000,Active,40.4686112761,-79.9060062638,Lincoln-Lemington-Belmar,9,12
625542,0032E00074000000,"437 WALDE ST, Pittsburgh, 15210",15210,Condemned/Dead End Property,2023-08-28,Pass,0,0032E00074000000,Active,40.4107475007,-79.9797101972,Mt. Oliver,3,16
625543,0032E00074000000,"437 WALDE ST, Pittsburgh, 15210",15210,Condemned/Dead End Property,2023-09-27,Fail,2,0032E00074000000,Active,40.4107475007,-79.9797101972,Mt. Oliver,3,16
625544,0124N00085000000,"159 MAYFLOWER ST, Pittsburgh, PA 15206",15206,Condemned/Dead End Property,2020-09-04,Fail,2,0124N00085000000,Active,40.4631285916,-79.9143033602,Larimer,9,12
625545,0011K00102000000,"2011 FORBES AVE, Pittsburgh, 15219",15219,Condemned/Dead End Property,2020-10-20,Pass,0,0011K00102000000,Active,40.4375734384,-79.9771866467,Bluff,6,1
625546,0071K00195000000,"1575 SUMMERDALE ST, Pittsburgh, 15204",15204,Condemned/Dead End Property,2021-01-07,Fail,2,0071K00195000000,Active,40.4561242176,-80.0761311994,Windgap,2,28
625547,0050F00101000000,"4938 ROSETTA ST, Pittsburgh, 15224",15224,Condemned/Dead End Property,2020-09-09,Fail,3,0050F00101000000,Active,40.4678967528,-79.9430028789,Garfield,9,10
625548,0036S00115000000,"2524 DALEMOUNT ST, Pittsburgh, 15216",15216,Condemned/Dead End Property,2021-02-17,Fail,2,0036S00115000000,Active,40.4044257579,-80.035673894,Beechview,2,20
625549,0036S00115000000,"2524 DALEMOUNT ST, Pittsburgh, 15216",15216,Condemned/Dead End Property,2023-06-26,Pass,0,0036S00115000000,Active,40.4044257579,-80.035673894,Beechview,2,20
625550,0021N00162000000,"2726 MERWYN AVE, Pittsburgh, 15204",15204,Condemned/Dead End Property,2023-01-24,Fail,1,0021N00162000000,Active,40.4544175917,-80.0491345971,Sheraden,2,20
625551,0135H00200000000,"662 BALDWIN RD, Pittsburgh, PA 15207",15207,Condemned/Dead End Property,2024-06-05,Fail,1,0135H00200000000,Active,40.3810506743,-79.9350797537,Hays,5,31
625552,0135H00200000000,"662 BALDWIN RD, Pittsburgh, PA 15207",15207,Condemned/Dead End Property,2024-06-05,Fail,1,0135H00200000000,Active,40.3810506743,-79.9350797537,Hays,5,31
625553,0076N00283000000,"3043 WADLOW ST, Pittsburgh, 15212",15212,Condemned/Dead End Property,2020-09-10,Fail,2,0076N00283000000,Active,40.4730998541,-80.0299896039,Marshall-Shadeland,6,27
625554,0076N00283000000,"3043 WADLOW ST, Pittsburgh, 15212",15212,Condemned/Dead End Property,2023-11-06,Pass,0,0076N00283000000,Active,40.4730998541,-80.0299896039,Marshall-Shadeland,6,27
625555,0014K00080000000,"311 ORCHARD PL, Pittsburgh, 15210",15210,Condemned/Dead End Property,2026-05-05,Fail,2,0014K00080000000,Active,40.4181965806,-79.9937793821,Knoxville,3,30
625556,0015R00032000000,"29 BIGGER ST, Pittsburgh, 15210",15210,Condemned/Dead End Property,2024-04-16,Pass,0,0015R00032000000,Active,40.4152177044,-80.0075706413,Beltzhoover,3,18
625557,0004R00084000000,"124 TUSCOLA ST, Pittsburgh, PA 15211",15211,Condemned/Dead End Property,2020-08-06,Fail,2,0004R00084000000,Active,40.425156907,-80.0061270842,Mount Washington,2,19
625558,0048E00225000000,"2003 STRAUBS LN, Pittsburgh, PA 15212",15212,Condemned/Dead End Property,2022-11-08,Pass,0,0048E00225000000,Active,40.4681539349,-79.9806539252,Troy Hill,1,24
625559,0121G00109000000,"7208 BUTLER ST, Pittsburgh, PA 15206",15201,Condemned/Dead End Property,2020-05-22,Fail,1,0121G00109000000,Active,40.4883155854,-79.923069816,Morningside,7,10
625560,0048F00037000000,"2112 LAUTNER ST, Pittsburgh, 15212",15212,Condemned/Dead End Property,2020-07-21,Fail,2,0048F00037000000,Active,40.4688495448,-79.9782765972,Troy Hill,1,24
625561,0231N00280000000,No primary address specified,15221,Condemned/Dead End Property,2026-04-01,,,0231N00280000000,Active,40.453146603,-79.8820125446,East Hills,9,13
625562,0124G00046000000,"6441 CLIFFORD ST, Pittsburgh, 15206",15206,Condemned/Dead End Property,2020-12-28,Fail,2,0124G00046000000,Active,40.469043032,-79.9040570712,Lincoln-Lemington-Belmar,9,12
625563,0077P00377000000,"233 KENNEDY AVE, Pittsburgh, 15214",15214,Condemned/Dead End Property,2022-06-23,Fail,2,0077P00377000000,Active,40.4739769849,-80.0117574459,Perry South,6,26
625564,0020R00017000000,"1012 CHARTIERS AVE #2, Pittsburgh, PA 15220",15220,Condemned/Dead End Property,2020-08-18,Fail,2,0020R00017000000,Active,40.4445781677,-80.0409508856,Elliott,2,20
625565,0010H00142000000,"532 FRANCIS ST, Pittsburgh, 15219",15219,Condemned/Dead End Property,2020-08-14,Fail,1,0010H00142000000,Active,40.4481915109,-79.9678276046,Middle Hill,6,5
625566,0055P00027000000,"4529 MONONGAHELA ST, Pittsburgh, 15207",15207,Condemned/Dead End Property,2026-01-20,Fail,1,0055P00027000000,Active,40.4155256586,-79.9451467847,Hazelwood,5,15
625567,0055P00027000000,"4529 MONONGAHELA ST, Pittsburgh, 15207",15207,Condemned/Dead End Property,2026-04-08,Fail,1,0055P00027000000,Active,40.4155256586,-79.9451467847,Hazelwood,5,15
625568,0033F00022000000,"218 MOORE AVE, Pittsburgh, PA 15210",15210,Condemned/Dead End Property,2023-07-10,,,0033F00022000000,Active,40.4111924052,-79.9913643768,Knoxville,3,30
625569,0024E00285000000,"820 VISTA ST, Pittsburgh, 15212",15212,Condemned/Dead End Property,2021-08-10,Fail,4,0024E00285000000,Active,40.4586876697,-79.9974852948,East Allegheny,1,23
625570,0045E00302000000,"2618 SHADELAND AVE, Pittsburgh, 15212",15212,Condemned/Dead End Property,2022-10-10,Pass,0,0045E00302000000,Active,40.4686445424,-80.0297790603,Marshall-Shadeland,6,27
625571,0045E00302000000,"2618 SHADELAND AVE, Pittsburgh, 15212",15212,Condemned/Dead End Property,2026-02-17,Fail,1,0045E00302000000,Active,40.4686445424,-80.0297790603,Marshall-Shadeland,6,27
625572,0027B00148000000,"753 ANAHEIM ST, Pittsburgh, 15219",15219,Condemned/Dead End Property,2026-07-23,Pass,0,0027B00148000000,Active,40.4523323991,-79.9610356444,Upper Hill,6,5
625573,0175D00164000000,No primary address specified,15221,Condemned/Dead End Property,2025-06-04,Pass,0,0175D00164000000,Active,40.4509241493,-79.8848993404,Homewood South,9,13
625574,0013C00051000000,"43 ELEANOR ST, Pittsburgh, 15203",15203,Condemned/Dead End Property,2026-02-20,Fail,1,0013C00051000000,Active,40.423347474,-79.9724769754,South Side Slopes,3,16
625575,0023G00197000000,"1423 PORTERFIELD ST, Pittsburgh, 15212",15212,Condemned/Dead End Property,2024-12-11,Fail,2,0023G00197000000,Active,40.4584748187,-80.0047974126,Central Northside,1,25
625576,0173R00016000000,"1336 OAKDENE ST, Pittsburgh, 15206",15206,Condemned/Dead End Property,2026-01-20,Pass,0,0173R00016000000,Active,40.4629823674,-79.8906015232,Lincoln-Lemington-Belmar,9,12
625577,0056F00176000000,"201 GLEN CALADH ST, Pittsburgh, 15207",15207,Condemned/Dead End Property,2020-08-31,Fail,2,0056F00176000000,Active,40.4097029956,-79.9420635496,Hazelwood,5,15
625578,0174G00287000000,"1209 PINERIDGE ST, Pittsburgh, 15208",15208,Condemned/Dead End Property,2021-04-20,Fail,2,0174G00287000000,Active,40.4595559263,-79.8899344965,Homewood North,9,13
625579,0124M00044000000,No primary address specified,15206,Condemned/Dead End Property,2020-11-17,Pass,0,0124M00044000000,Active,40.4654886979,-79.9025816939,Lincoln-Lemington-Belmar,9,12
625580,0013M00127000000,"2915 ARLINGTON AVE, Pittsburgh, 15210",15210,Condemned/Dead End Property,2023-07-25,Fail,1,0013M00127000000,Active,40.4173347173,-79.967043422,South Side Slopes,3,16
625581,0010L00300000000,No primary address specified,15219,Condemned/Dead End Property,2021-08-04,Pass,0,0010L00300000000,Active,40.4464593559,-79.9705344958,Middle Hill,6,5
625582,0056N00246000000,"423 W ELIZABETH ST, Pittsburgh, 15207",15207,Condemned/Dead End Property,2023-02-09,Fail,1,0056N00246000000,Active,40.4062279867,-79.9473609097,Hazelwood,5,15
625583,0173A00207000000,"1367 PAULSON AVE, Pittsburgh, 15206",15206,Condemned/Dead End Property,2020-09-08,Fail,2,0173A00207000000,Active,40.4699837304,-79.8985244552,Lincoln-Lemington-Belmar,9,12
625584,0014J00029000000,"416 JUCUNDA ST, Pittsburgh, 15210",15210,Condemned/Dead End Property,2022-09-15,Pass,0,0014J00029000000,Active,40.4169721285,-79.9960787041,Knoxville,3,30
625585,0014K00110000000,"314 ORCHARD PL, Pittsburgh, PA 15210",15210,Condemned/Dead End Property,2023-04-05,Fail,2,0014K00110000000,Active,40.4177762417,-79.9938995783,Knoxville,3,30
625586,0010F00122000000,"2292 BEDFORD AVE, Pittsburgh, 15219",15219,Condemned/Dead End Property,2026-09-10,,,0010F00122000000,Active,40.4492272302,-79.9755919164,Middle Hill,6,5
625587,0124M00392000000,No primary address specified,15206,Condemned/Dead End Property,2020-10-14,Pass,0,0124M00392000000,Active,40.4668071741,-79.900454529,Lincoln-Lemington-Belmar,9,12
625588,0174H00080000000,"8015 FERNDALE ST, Pittsburgh, 15221",15221,Condemned/Dead End Property,2021-02-17,Fail,2,0174H00080000000,Active,40.4594441653,-79.8839621351,Homewood North,9,13
625589,0090S00186000000,"4421 SWEETBAY ST, Pittsburgh, 15120",15207,Condemned/Dead End Property,2024-12-19,Fail,1,0090S00186000000,Active,40.3962967096,-79.9166223475,New Homestead,5,31
625590,0028P00333000000,"3319 NIAGARA ST, Pittsburgh, PA 15213",15213,Condemned/Dead End Property,2020-09-08,Fail,2,0028P00333000000,Active,40.4354952282,-79.9597498546,South Oakland,3,4
625591,0028P00333000000,"3319 NIAGARA ST, Pittsburgh, PA 15213",15213,Condemned/Dead End Property,2020-11-06,Pass,0,0028P00333000000,Active,40.4354952282,-79.9597498546,South Oakland,3,4
625592,0047C00244000000,"39 SCHUBERT ST, Pittsburgh, 15212",15212,Condemned/Dead End Property,2020-07-07,Fail,2,0047C00244000000,Active,40.4711429255,-79.9879896805,Spring Garden,1,26
625593,0055A00229000000,"84 BIGELOW ST, Pittsburgh, 15207",15207,Condemned/Dead End Property,2020-08-24,Pass,0,0055A00229000000,Active,40.4228163479,-79.9483766035,Hazelwood,5,15
625594,0045P00017000000,No primary address specified,15212,Condemned/Dead End Property,2022-08-31,Pass,0,0045P00017000000,Active,40.4626164438,-80.0248795624,California-Kirkbride,6,21
625595,0022K00270000000,"1609 MANHATTAN ST, Pittsburgh, 15233",15233,Condemned/Dead End Property,2020-08-20,Fail,2,0022K00270000000,Active,40.456190083,-80.0272361617,Manchester,6,21
625596,0035P00155000000,"304 LONERGAN ST, Pittsburgh, 15216",15216,Condemned/Dead End Property,2020-12-10,Fail,2,0035P00155000000,Active,40.4048464758,-80.0246170824,Beechview,4,19
625597,0032F00044000000,"565 BURR ST, Pittsburgh, 15210",15210,Condemned/Dead End Property,2025-03-19,Fail,3,0032F00044000000,Active,40.4103349712,-79.9784457906,Mt. Oliver,3,16
625598,0060H00307000000,"220 ALRIES ST, Pittsburgh, 15210",15210,Condemned/Dead End Property,2025-07-30,Fail,1,0060H00307000000,Active,40.399534988,-79.9846835279,Carrick,4,29
625599,0060H00307000000,"220 ALRIES ST, Pittsburgh, 15210",15210,Condemned/Dead End Property,2026-01-28,Pass,0,0060H00307000000,Active,40.399534988,-79.9846835279,Carrick,4,29
625600,0088A00218000000,"982 GREENFIELD AVE, Pittsburgh, 15217",15217,Condemned/Dead End Property,2025-01-16,Fail,1,0088A00218000000,Active,40.4227802295,-79.9305168869,Greenfield,5,15
625601,0022B00064000000,"1219 COLFAX ST, Pittsburgh, 15212",15212,Condemned/Dead End Property,2022-07-11,Fail,2,0022B00064000000,Active,40.4620536999,-80.0254868508,California-Kirkbride,6,21
625602,0022B00064000000,"1219 COLFAX ST, Pittsburgh, 15212",15212,Condemned/Dead End Property,2026-06-22,Pass,0,0022B00064000000,Active,40.4620536999,-80.0254868508,California-Kirkbride,6,21
625603,0024C00346000000,"1344 HERMAN ST, Pittsburgh, 15212",15212,Condemned/Dead End Property,2025-03-24,Fail,1,0024C00346000000,Active,40.4603336111,-79.9873150048,Troy Hill,1,24
625604,0011G00143000000,"12 ALLEQUIPPA ST, Pittsburgh, 15213",15213,Condemned/Dead End Property,2020-08-21,Fail,1,0011G00143000000,Active,40.4386966451,-79.9720642801,West Oakland,6,4
625605,0009R00138000000,"1613 BEDFORD AVE, Pittsburgh, 15219",15219,Condemned/Dead End Property,2020-10-26,Fail,2,0009R00138000000,Active,40.4447135596,-79.9871257767,Crawford-Roberts,6,3
625606,0050B00197000000,No primary address specified,15224,Condemned/Dead End Property,2021-05-14,Pass,0,0050B00197000000,Active,40.4715170555,-79.9434125502,Garfield,9,10
625607,0010K00146000000,"15 PERRY ST, Pittsburgh, PA 15219",15219,Condemned/Dead End Property,2020-08-20,Fail,2,0010K00146000000,Active,40.4464174542,-79.977525341,Middle Hill,6,5
625608,0010G00344000000,No primary address specified,15219,Condemned/Dead End Property,2020-10-02,Pass,0,0010G00344000000,Active,40.4494211978,-79.9736531744,Middle Hill,6,5
625609,0173F00157000000,No primary address specified,15206,Condemned/Dead End Property,2020-10-20,Pass,0,0173F00157000000,Active,40.4691292472,-79.8929040702,Lincoln-Lemington-Belmar,9,12
625610,0040C00113000000,"506 STRATMORE ST, Pittsburgh, 15205",15205,Condemned/Dead End Property,2022-08-12,Pass,0,0040C00113000000,Active,40.4415470997,-80.0567050676,Crafton Heights,2,28
625611,0019M00079000000,"138 WABASH ST, Pittsburgh, 15220",15220,Condemned/Dead End Property,2023-11-13,Fail,3,0019M00079000000,Active,40.4367412239,-80.0347813467,West End,2,20
625612,0049M00180000000,"4309 MILGATE ST, Pittsburgh, 15224",15224,Condemned/Dead End Property,2023-09-18,Pass,0,0049M00180000000,Active,40.4654124925,-79.9533350958,Bloomfield,7,9
625613,0125C00014000000,"611 LINCOLN AVE, Pittsburgh, 15206",15206,Condemned/Dead End Property,2020-09-03,Fail,2,0125C00014000000,Active,40.4619121166,-79.907557209,Larimer,9,12
625614,0172N00031000000,"6912 CHURCHLAND ST, Pittsburgh, 15206",15206,Condemned/Dead End Property,2025-03-11,Pass,0,0172N00031000000,Active,40.4728074284,-79.8984301013,Lincoln-Lemington-Belmar,9,12
625615,0046N00150000000,"2146 HOLYOKE ST, Pittsburgh, 15214",15214,Condemned/Dead End Property,2025-05-22,Fail,2,0046N00150000000,Active,40.4642656476,-80.0138642941,Perry South,6,25
625616,0046S00359000000,"1903 WARREN ST, Pittsburgh, PA 15212",15212,Condemned/Dead End Property,2026-07-29,Pass,0,0046S00359000000,Active,40.4630831965,-80.0029932014,Fineview,1,25
625617,0046B00090000000,"2526 PERRYSVILLE AVE, Pittsburgh, PA 15214",15214,Condemned/Dead End Property,2022-12-23,Pass,0,0046B00090000000,Active,40.4704064661,-80.0081550317,Perry South,6,26
625618,0046B00090000000,"2526 PERRYSVILLE AVE, Pittsburgh, PA 15214",15214,Condemned/Dead End Property,2026-08-31,Fail,2,0046B00090000000,Active,40.4704064661,-80.0081550317,Perry South,6,26
625619,0010D00052000A00,"2708 BEDFORD AVE, Pittsburgh, 15219",15219,Condemned/Dead End Property,2020-07-09,Fail,2,0010D00052000A00,Active,40.4516357267,-79.9699278346,Bedford Dwellings,6,5
625620,0022F00153000000,"1301 ADAMS ST, Pittsburgh, 15233",15233,Condemned/Dead End Property,2020-05-19,Fail,2,0022F00153000000,Active,40.4586530792,-80.0263581912,Manchester,6,21
625621,0023B00070000000,"1902 LITHGOW AVE, Pittsburgh, PA 15214",15214,Condemned/Dead End Property,2026-02-26,Pass,0,0023B00070000000,Active,40.4620142628,-80.0097778037,Perry South,6,25
625622,0015R00022000000,"14 FRAMPTON AVE, Pittsburgh, 15210",15210,Condemned/Dead End Property,2026-05-06,Fail,2,0015R00022000000,Active,40.4156979215,-80.0076530825,Beltzhoover,3,18
625623,0042C00091000000,"3321 OREGON ST, Pittsburgh, 15204",15204,Condemned/Dead End Property,2024-09-03,Fail,3,0042C00091000000,Active,40.462092046,-80.0541398696,Esplen,2,20
625624,0042C00091000000,"3321 OREGON ST, Pittsburgh, 15204",15204,Condemned/Dead End Property,2025-06-30,Pass,0,0042C00091000000,Active,40.462092046,-80.0541398696,Esplen,2,20
625625,0010D00173000000,"705 FRANCIS ST, Pittsburgh, 15219",15219,Condemned/Dead End Property,2021-09-29,Pass,0,0010D00173000000,Active,40.4510944312,-79.9702338455,Bedford Dwellings,6,5
625626,0010D00173000000,"705 FRANCIS ST, Pittsburgh, 15219",15219,Condemned/Dead End Property,2021-12-09,Pass,0,0010D00173000000,Active,40.4510944312,-79.9702338455,Bedford Dwellings,6,5
625627,0012L00021000000,"2209 SARAH ST, Pittsburgh, 15203",15203,Condemned/Dead End Property,2026-03-11,Fail,1,0012L00021000000,Active,40.4277334587,-79.9742722263,South Side Flats,3,16
625628,0075M00339000000,"145 LECKY AVE, Pittsburgh, 15212",15212,Condemned/Dead End Property,2022-07-19,Fail,2,0075M00339000000,Active,40.475709629,-80.0328977025,Marshall-Shadeland,6,27
625629,0015S00129000000,No primary address specified,15210,Condemned/Dead End Property,2023-07-06,Pass,0,0015S00129000000,Active,40.4154003414,-80.0000541027,Beltzhoover,3,18
625630,0124G00340000000,"1105 LARIMER AVE, Pittsburgh, 15206",15206,Condemned/Dead End Property,2024-01-11,Fail,2,0124G00340000000,Active,40.4681684656,-79.9072152412,Lincoln-Lemington-Belmar,9,12
625631,0046J00292000000,"224 W BURGESS ST, Pittsburgh, 15214",15214,Condemned/Dead End Property,2021-06-25,Fail,2,0046J00292000000,Active,40.4668083105,-80.0125215099,Perry South,6,26
625632,0176J00034000000,"722 EAST END AVE, Pittsburgh, 15221",15221,Condemned/Dead End Property,2026-05-14,Fail,3,0176J00034000000,Active,40.4378137865,-79.8959613072,Regent Square,9,14
625633,0055P00192000000,"4521 SYLVAN AVE, Pittsburgh, PA 15207",15207,Condemned/Dead End Property,2020-09-10,Fail,2,0055P00192000000,Active,40.4162777233,-79.9437385172,Hazelwood,5,15
625634,0055P00192000000,"4521 SYLVAN AVE, Pittsburgh, PA 15207",15207,Condemned/Dead End Property,2022-05-09,Fail,2,0055P00192000000,Active,40.4162777233,-79.9437385172,Hazelwood,5,15
625635,0055P00192000000,"4521 SYLVAN AVE, Pittsburgh, PA 15207",15207,Condemned/Dead End Property,2025-02-28,Fail,1,0055P00192000000,Active,40.4162777233,-79.9437385172,Hazelwood,5,15
625636,0010M00014000000,"2516 1/2 HALLETT ST, Pittsburgh, PA 15219",15219,Condemned/Dead End Property,2020-08-19,Fail,2,0010M00014000000,Active,40.4471471029,-79.9698811666,Middle Hill,6,5
625637,0010D00255000000,No primary address specified,15219,Condemned/Dead End Property,2020-10-16,Pass,0,0010D00255000000,Active,40.4507730499,-79.9681584882,Middle Hill,6,5
625638,0050B00171000000,"4817 COLUMBO ST, Pittsburgh, 15224",15224,Condemned/Dead End Property,2020-06-18,Fail,3,0050B00171000000,Active,40.4716873471,-79.9426924801,Garfield,9,10
625639,0050B00171000000,"4817 COLUMBO ST, Pittsburgh, 15224",15224,Condemned/Dead End Property,2023-06-14,Fail,1,0050B00171000000,Active,40.4716873471,-79.9426924801,Garfield,9,10
625640,0047E00196000000,"86 LUELLA ST, Pittsburgh, 15212",15212,Condemned/Dead End Property,2020-09-03,Fail,1,0047E00196000000,Active,40.4686295016,-79.9978161069,Spring Hill-City View,1,26
625641,0047E00196000000,"86 LUELLA ST, Pittsburgh, 15212",15212,Condemned/Dead End Property,2026-02-23,Pass,0,0047E00196000000,Active,40.4686295016,-79.9978161069,Spring Hill-City View,1,26
625642,0049B00020000D00,"190 44TH ST, Pittsburgh, 15201",15201,Condemned/Dead End Property,2020-05-20,Fail,1,0049B00020000D00,Active,40.4716537977,-79.9603385378,Central Lawrenceville,7,9
625643,0056F00307000000,"158 MARSDEN ST, Pittsburgh, 15207",15207,Condemned/Dead End Property,2023-10-02,Fail,3,0056F00307000000,Active,40.4106178665,-79.9424771839,Hazelwood,5,15
625644,0015S00126000000,No primary address specified,15210,Condemned/Dead End Property,2020-06-18,Fail,2,0015S00126000000,Active,40.4152350582,-80.0000504364,Beltzhoover,3,18
625645,0015S00126000000,No primary address specified,15210,Condemned/Dead End Property,2024-04-02,,,0015S00126000000,Active,40.4152350582,-80.0000504364,Beltzhoover,3,18
625646,0057C00102000000,No primary address specified,15207,Condemned/Dead End Property,2025-09-29,,,0057C00102000000,Active,40.4033548789,-79.9409529071,Hazelwood,5,15
625647,0033B00043000000,"235 MATHEWS AVE, Pittsburgh, 15210",15210,Condemned/Dead End Property,2023-06-09,Fail,2,0033B00043000000,Active,40.4134560284,-79.9926839046,Knoxville,3,30
625648,0033B00043000000,"235 MATHEWS AVE, Pittsburgh, 15210",15210,Condemned/Dead End Property,2026-06-11,Pass,0,0033B00043000000,Active,40.4134560284,-79.9926839046,Knoxville,3,30
625649,0173N00295000A00,"7017 UPLAND ST, Pittsburgh, 15208",15208,Condemned/Dead End Property,2020-05-21,Fail,3,0173N00295000A00,Active,40.4631960217,-79.8985477862,Homewood North,9,13
625650,0173N00295000A00,"7017 UPLAND ST, Pittsburgh, 15208",15208,Condemned/Dead End Property,2024-04-03,,,0173N00295000A00,Active,40.4631960217,-79.8985477862,Homewood North,9,13
625651,0087F00325000000,"5680 FORWARD AVE #304, Pittsburgh, PA 15217",15217,Condemned/Dead End Property,2025-09-09,Pass,0,0087F00325000000,Active,40.4285853492,-79.925038646,Squirrel Hill South,5,14
625652,0060N00053000000,"1640 SAW MILL RUN BLVD, Pittsburgh, PA 15210",15210,Condemned/Dead End Property,2025-11-26,Fail,3,0060N00053000000,Active,40.3964491949,-79.9987496547,Brookline,4,32
625653,0014D00193000000,"172 MONASTERY AVE, Pittsburgh, PA 15203",15203,Condemned/Dead End Property,2025-11-06,Fail,2,0014D00193000000,Active,40.4224501875,-79.9847613651,South Side Slopes,3,17
625654,0042N00266000000,"1310 PRITCHARD ST, Pittsburgh, 15204",15204,Condemned/Dead End Property,2021-05-04,Fail,1,0042N00266000000,Active,40.4529512331,-80.0646631557,Sheraden,2,20
625655,0062D00132000000,"216 CAPITAL AVE, Pittsburgh, 15226",15226,Condemned/Dead End Property,2020-08-26,Fail,1,0062D00132000000,Active,40.4032939128,-80.0179740602,Brookline,4,19
625656,0124P00231000000,"609 LOWELL ST, Pittsburgh, 15206",15206,Condemned/Dead End Property,2020-09-03,Fail,2,0124P00231000000,Active,40.4637774754,-79.90898069,Larimer,9,12
625657,0014N00016000000,"910 BERND ST, Pittsburgh, 15210",15210,Condemned/Dead End Property,2020-08-24,Fail,2,0014N00016000000,Active,40.4142402631,-79.9983461064,Beltzhoover,3,18
625658,0014N00016000000,"910 BERND ST, Pittsburgh, 15210",15210,Condemned/Dead End Property,2020-11-16,Pass,0,0014N00016000000,Active,40.4142402631,-79.9983461064,Beltzhoover,3,18
625659,0015L00215000000,No primary address specified,15210,Condemned/Dead End Property,2024-02-21,Pass,0,0015L00215000000,Active,40.4174210047,-80.0057390011,Beltzhoover,3,18
625660,0026K00260000000,"3460 WEBSTER AVE, Pittsburgh, 15219",15219,Condemned/Dead End Property,2023-11-27,Fail,1,0026K00260000000,Active,40.4558799732,-79.9601044185,Upper Hill,6,5
625661,0026K00260000000,"3460 WEBSTER AVE, Pittsburgh, 15219",15219,Condemned/Dead End Property,2023-11-27,Fail,2,0026K00260000000,Active,40.4558799732,-79.9601044185,Upper Hill,6,5
625662,0014A00372000000,"520 E WARRINGTON AVE, Pittsburgh, 15210",15210,Condemned/Dead End Property,2020-09-10,Fail,2,0014A00372000000,Active,40.4212959745,-79.9982089154,Beltzhoover,3,18
625663,0060M00115000000,"1634 LEOLYN ST, Pittsburgh, 15210",15210,Condemned/Dead End Property,2025-06-09,Pass,0,0060M00115000000,Active,40.3990167561,-79.9864501569,Carrick,4,29
625664,0019C00064000000,"133 FURLEY ST, Pittsburgh, PA 15220",15220,Condemned/Dead End Property,2024-09-10,Fail,2,0019C00064000000,Active,40.4423607134,-80.0382833822,Elliott,2,20
625665,0124S00232000000,"6930 MOUNT VERNON ST, Pittsburgh, PA 15208",15208,Condemned/Dead End Property,2020-09-04,Fail,2,0124S00232000000,Active,40.4626545935,-79.900937474,Homewood West,9,12
625666,0231P00039000000,"8220 FAHNESTOCK ST, Pittsburgh, 15221",15221,Condemned/Dead End Property,2020-07-24,Fail,2,0231P00039000000,Active,40.453472783,-79.8781284681,East Hills,9,13
625667,0027A00158000000,"594 HERRON AVE, Pittsburgh, 15219",15219,Condemned/Dead End Property,2020-08-06,Fail,2,0027A00158000000,Active,40.4508107106,-79.9643632299,Upper Hill,6,5
625668,0046K00023000000,"201 W BURGESS ST, Pittsburgh, 15214",15214,Condemned/Dead End Property,2020-07-16,Fail,2,0046K00023000000,Active,40.4667998555,-80.0114320346,Perry South,6,26
625669,0046K00023000000,"201 W BURGESS ST, Pittsburgh, 15214",15214,Condemned/Dead End Property,2024-03-18,Pass,0,0046K00023000000,Active,40.4667998555,-80.0114320346,Perry South,6,26
625670,0125A00375000000,"169 AUBURN ST, Pittsburgh, 15206",15206,Condemned/Dead End Property,2020-07-31,Fail,2,0125A00375000000,Active,40.4624066779,-79.9147740097,Larimer,9,12
625671,0049P00215000000,"3940 MINTWOOD ST, Pittsburgh, PA 15224",15201,Condemned/Dead End Property,2024-02-28,Fail,1,0049P00215000000,Active,40.4639856549,-79.9582351063,Lower Lawrenceville,7,6
625672,0045N00179000000,"1404 HALSEY PL, Pittsburgh, 15212",15212,Condemned/Dead End Property,2026-04-02,Fail,2,0045N00179000000,Active,40.4644345606,-80.0302624852,Marshall-Shadeland,6,27
625673,0095B00038000000,"2035 FAIRLAND ST, Pittsburgh, 15210",15210,Condemned/Dead End Property,2026-01-21,Pass,0,0095B00038000000,Active,40.3919637631,-79.9949302801,Overbrook,4,32
625674,0014R00138000000,"128 KNOX AVE, Pittsburgh, 15210",15210,Condemned/Dead End Property,2020-09-03,Fail,2,0014R00138000000,Active,40.4146814981,-79.9902724508,Knoxville,3,30
625675,0014R00138000000,"128 KNOX AVE, Pittsburgh, 15210",15210,Condemned/Dead End Property,2024-03-27,,,0014R00138000000,Active,40.4146814981,-79.9902724508,Knoxville,3,30
625676,0062F00164000000,"2359 SARANAC AVE, Pittsburgh, PA 15216",15216,Condemned/Dead End Property,2025-11-25,Fail,1,0062F00164000000,Active,40.4011251616,-80.0267582436,Beechview,4,19
625677,0022F00073000000,"1328 ADAMS ST, Pittsburgh, 15233",15233,Condemned/Dead End Property,2020-08-20,Fail,2,0022F00073000000,Active,40.4588499098,-80.0274032828,Manchester,6,21
625678,0014P00098000000,"222 ZARA ST, Pittsburgh, PA 15210",15210,Condemned/Dead End Property,2022-06-27,Pass,0,0014P00098000000,Active,40.4156169791,-79.9916969621,Knoxville,3,30
625679,0173J00202000000,No primary address specified,15206,Condemned/Dead End Property,2022-09-14,Pass,0,0173J00202000000,Active,40.4669419797,-79.8971494398,Lincoln-Lemington-Belmar,9,12
625680,0013A00269000000,"1806 BALDAUF ST, Pittsburgh, PA 15203",15203,Condemned/Dead End Property,2024-04-17,Fail,2,0013A00269000000,Active,40.4234195017,-79.9817626547,South Side Slopes,3,17
625681,0003N00168000000,No primary address specified,15210,Condemned/Dead End Property,2024-04-11,Pass,0,0003N00168000000,Active,40.4236494302,-79.9961072146,Allentown,3,18
625682,0042J00116000000,"1216 STANHOPE ST, Pittsburgh, 15204",15204,Condemned/Dead End Property,2022-10-12,Pass,0,0042J00116000000,Active,40.4557903,-80.0656242293,Sheraden,2,20
625683,0014R00026000000,"119 ZARA ST, Pittsburgh, 15210",15210,Condemned/Dead End Property,2020-11-04,Pass,0,0014R00026000000,Active,40.4161012041,-79.9891566148,Knoxville,3,30
625684,0014R00026000000,"119 ZARA ST, Pittsburgh, 15210",15210,Condemned/Dead End Property,2020-12-10,,,0014R00026000000,Active,40.4161012041,-79.9891566148,Knoxville,3,30
625685,0014R00026000000,"119 ZARA ST, Pittsburgh, 15210",15210,Condemned/Dead End Property,2024-02-21,Fail,1,0014R00026000000,Active,40.4161012041,-79.9891566148,Knoxville,3,30
625686,0173J00006000000,"1308 OLIVANT ST, Pittsburgh, 15206",15206,Condemned/Dead End Property,2020-09-08,Fail,3,0173J00006000000,Active,40.4671458005,-79.8991423023,Lincoln-Lemington-Belmar,9,12
625687,0232F00150000000,"1718 MAPLEWOOD AVE, Pittsburgh, 15221",15221,Condemned/Dead End Property,2024-03-27,,,0232F00150000000,Active,40.4498824634,-79.8773911933,East Hills,9,
625688,0014N00036000000,"435 ALTHEA ST, Pittsburgh, 15210",15210,Condemned/Dead End Property,2023-11-21,Pass,0,0014N00036000000,Active,40.4145187512,-79.9989492682,Beltzhoover,3,18
625689,0033B00370000000,"310 MOORE AVE, Pittsburgh, 15210",15210,Condemned/Dead End Property,2021-04-15,Fail,1,0033B00370000000,Active,40.4114788507,-79.9934568054,Knoxville,3,30
625690,0033B00370000000,"310 MOORE AVE, Pittsburgh, 15210",15210,Condemned/Dead End Property,2023-03-06,,,0033B00370000000,Active,40.4114788507,-79.9934568054,Knoxville,3,30
625691,0124M00053000A00,"6617 DEARY ST, Pittsburgh, 15206",15206,Condemned/Dead End Property,2020-12-29,Fail,2,0124M00053000A00,Active,40.4658551321,-79.903208492,Lincoln-Lemington-Belmar,9,12
625692,0124M00053000A00,"6617 DEARY ST, Pittsburgh, 15206",15206,Condemned/Dead End Property,2023-06-07,,,0124M00053000A00,Active,40.4658551321,-79.903208492,Lincoln-Lemington-Belmar,9,12
625693,0121N00153000000,"1615 DUFFIELD ST, Pittsburgh, PA 15206",15206,Condemned/Dead End Property,2025-11-12,Fail,3,0121N00153000000,Active,40.4833172156,-79.93076477,Stanton Heights,7,10
625694,0014F00088000000,"404 ALLEN ST, Pittsburgh, 15210",15210,Condemned/Dead End Property,2020-08-20,Fail,2,0014F00088000000,Active,40.4189579554,-79.9939554865,Allentown,3,18
625695,0047E00182000000,"65 ROYAL ST, Pittsburgh, 15212",15212,Condemned/Dead End Property,2023-03-30,,,0047E00182000000,Active,40.4679214384,-79.9983755234,Spring Hill-City View,1,26
625696,0020R00157000000,"723 LORENZ AVE, Pittsburgh, 15220",15220,Condemned/Dead End Property,2023-10-04,Fail,1,0020R00157000000,Active,40.4444065176,-80.0396031822,Elliott,2,20
625697,0173B00008000000,No primary address specified,15206,Condemned/Dead End Property,2020-10-14,Pass,0,0173B00008000000,Active,40.470054826,-79.8919267825,Lincoln-Lemington-Belmar,9,12
625698,0174M00171000000,No primary address specified,15221,Condemned/Dead End Property,2020-10-19,Pass,0,0174M00171000000,Active,40.4571587976,-79.8840529706,Homewood North,9,13
625699,0174H00099000000,"1100 BLACKADORE ST, Pittsburgh, 15221",15221,Condemned/Dead End Property,2024-04-12,Fail,1,0174H00099000000,Active,40.4594289718,-79.8833215258,Homewood North,9,13
625700,0011E00185000000,"212 WICK ST, Pittsburgh, 15219",15219,Condemned/Dead End Property,2020-08-24,Fail,2,0011E00185000000,Active,40.4394385111,-79.9794910558,Crawford-Roberts,6,3
625701,0050C00031000000,"5165 SCHENLEY AVE, Pittsburgh, PA 15224",15224,Condemned/Dead End Property,2020-06-16,Fail,1,0050C00031000000,Active,40.472200022,-79.9391679345,Garfield,9,10
625702,0032F00160000000,"710 SCHULER ST, Pittsburgh, 15210",15210,Condemned/Dead End Property,2020-08-17,Fail,1,0032F00160000000,Active,40.4094362021,-79.9767878147,St. Clair,3,16
625703,0015D00059000000,"87 HABERMAN AVE, Pittsburgh, PA 15211",15211,Condemned/Dead End Property,2025-11-03,Pass,0,0015D00059000000,Active,40.423512335,-80.0024393269,Mount Washington,3,18
625704,0015R00221000000,"828 GEARING AVE, Pittsburgh, 15210",15210,Condemned/Dead End Property,2020-08-31,Fail,2,0015R00221000000,Active,40.4147537094,-80.0051025817,Beltzhoover,3,18
625705,0015R00221000000,"828 GEARING AVE, Pittsburgh, 15210",15210,Condemned/Dead End Property,2024-03-06,,,0015R00221000000,Active,40.4147537094,-80.0051025817,Beltzhoover,3,18
625706,0173N00296000000,"7015 UPLAND ST, Pittsburgh, PA 15208",15208,Condemned/Dead End Property,2020-05-21,Fail,3,0173N00296000000,Active,40.4632282798,-79.8986435468,Homewood North,9,13
625707,0173N00296000000,"7015 UPLAND ST, Pittsburgh, PA 15208",15208,Condemned/Dead End Property,2024-04-09,,,0173N00296000000,Active,40.4632282798,-79.8986435468,Homewood North,9,13
625708,0010M00035000000,No primary address specified,15219,Condemned/Dead End Property,2024-04-16,Pass,0,0010M00035000000,Active,40.4469212073,-79.9695021234,Middle Hill,6,5
625709,0042L00303000000,"3016 ASHLYN ST, Pittsburgh, PA 15204",15204,Condemned/Dead End Property,2024-04-29,Fail,1,0042L00303000000,Active,40.4555427722,-80.0555291517,Sheraden,2,20
625710,0015S00194000000,"821 ELDORA PL, Pittsburgh, 15210",15210,Condemned/Dead End Property,2020-06-22,Fail,1,0015S00194000000,Active,40.415202632,-80.0010349711,Beltzhoover,3,18
625711,0002H00262000000,"23 VINE ST, Pittsburgh, 15219",15219,Condemned/Dead End Property,2022-10-24,Fail,3,0002H00262000000,Active,40.4395069916,-79.9842219533,Crawford-Roberts,6,3
625712,0002H00262000000,"23 VINE ST, Pittsburgh, 15219",15219,Condemned/Dead End Property,2024-05-07,Fail,1,0002H00262000000,Active,40.4395069916,-79.9842219533,Crawford-Roberts,6,3
625713,0024F00052000000,"1001 HIGH ST, Pittsburgh, 15212",15212,Condemned/Dead End Property,2023-09-29,,,0024F00052000000,Active,40.4596580527,-79.9942991824,Spring Garden,1,24
625714,0024F00052000000,"1001 HIGH ST, Pittsburgh, 15212",15212,Condemned/Dead End Property,2026-07-16,Fail,1,0024F00052000000,Active,40.4596580527,-79.9942991824,Spring Garden,1,24
625715,0011K00095000200,"2029 FORBES AVE, Pittsburgh, 15219",15219,Condemned/Dead End Property,2020-08-31,Fail,1,0011K00095000200,Active,40.437466286,-79.9766076683,Bluff,6,1
625716,0014R00079000000,"65 AMANDA AVE, Pittsburgh, PA 15210",15210,Condemned/Dead End Property,2021-09-30,Fail,2,0014R00079000000,Active,40.4157435573,-79.9883834294,Knoxville,3,30
625717,0026N00031000000,"3365 MILWAUKEE ST, Pittsburgh, 15219",15219,Condemned/Dead End Property,2026-07-16,Fail,2,0026N00031000000,Active,40.4538561281,-79.9624462587,Upper Hill,6,5
625718,0056B00354000000,"200 HAZELWOOD AVE, Pittsburgh, 15207",15207,Condemned/Dead End Property,2026-07-14,Fail,3,0056B00354000000,Active,40.4118103235,-79.9415641974,Hazelwood,5,15
625719,0056B00354000000,"200 HAZELWOOD AVE, Pittsburgh, 15207",15207,Condemned/Dead End Property,2026-07-16,Fail,3,0056B00354000000,Active,40.4118103235,-79.9415641974,Hazelwood,5,15
625720,0014L00160000000,"108 JUCUNDA ST, Pittsburgh, 15210",15210,Condemned/Dead End Property,2020-09-02,Fail,1,0014L00160000000,Active,40.4171852058,-79.9884375961,Knoxville,3,30
625721,0023F00175000000,"115 E JEFFERSON ST, Pittsburgh, PA 15212",15212,Condemned/Dead End Property,2022-07-14,Fail,2,0023F00175000000,Active,40.4592631658,-80.008909153,Central Northside,1,25
625722,0015S00096000000,"412 ALTHEA ST, Pittsburgh, 15210",15210,Condemned/Dead End Property,2023-11-21,Pass,0,0015S00096000000,Active,40.4141112138,-79.9997405744,Beltzhoover,3,18
625723,0096D00131000000,"1595 BELLAIRE PL, Pittsburgh, 15226",15226,Condemned/Dead End Property,2025-07-16,Pass,0,0096D00131000000,Active,40.3937098666,-80.002430302,Brookline,4,32
625724,0010L00032000000,"2341 CENTRE AVE, Pittsburgh, 15219",15219,Condemned/Dead End Property,2020-08-25,Pass,0,0010L00032000000,Active,40.4458871034,-79.9727946774,Middle Hill,6,5
625725,0013L00055000000,"2331 ECCLES ST, Pittsburgh, 15210",15210,Condemned/Dead End Property,2020-08-27,Fail,2,0013L00055000000,Active,40.418305883,-79.9729281015,South Side Slopes,3,16
625726,0013L00055000000,"2331 ECCLES ST, Pittsburgh, 15210",15210,Condemned/Dead End Property,2026-06-30,Fail,1,0013L00055000000,Active,40.418305883,-79.9729281015,South Side Slopes,3,16
625727,0056N00249000000,No primary address specified,15207,Condemned/Dead End Property,2023-05-08,Pass,0,0056N00249000000,Active,40.4062640206,-79.9471369319,Hazelwood,5,15
625728,0004R00243000A00,"67 CUSHMAN ST, Pittsburgh, PA 15211",15211,Condemned/Dead End Property,2023-04-27,Fail,1,0004R00243000A00,Active,40.4246835561,-80.004538168,Mount Washington,3,18
625729,0088D00062000000,"2933 BEECHWOOD BLVD, Pittsburgh, 15217",15217,Condemned/Dead End Property,2025-09-24,Fail,1,0088D00062000000,Active,40.4229045765,-79.9179215413,Squirrel Hill South,5,14
625730,0081G00150000000,"1118 BRINTELL ST, Pittsburgh, 15201",15201,Condemned/Dead End Property,2026-04-16,Fail,1,0081G00150000000,Active,40.4781302574,-79.938170593,Stanton Heights,9,10
625731,0014F00181000000,"841 PROCTOR Way, Pittsburgh, PA 15210",15210,Condemned/Dead End Property,2020-09-08,Fail,2,0014F00181000000,Active,40.4205571831,-79.9921170729,Allentown,3,18
625732,0056C00039000000,"354 FLOWERS AVE, Pittsburgh, PA 15207",15207,Condemned/Dead End Property,2024-10-18,Fail,1,0056C00039000000,Active,40.4115022707,-79.9389308182,Hazelwood,5,15
625733,0045N00231000000,"2320 COLORADO ST, Pittsburgh, 15212",15212,Condemned/Dead End Property,2020-08-27,Fail,2,0045N00231000000,Active,40.4628647572,-80.0308198806,Marshall-Shadeland,6,27
625734,0045N00231000000,"2320 COLORADO ST, Pittsburgh, 15212",15212,Condemned/Dead End Property,2024-10-28,Fail,1,0045N00231000000,Active,40.4628647572,-80.0308198806,Marshall-Shadeland,6,27
625735,0175B00173000000,"427 N BRADDOCK AVE, Pittsburgh, PA 15208",15208,Condemned/Dead End Property,2020-08-25,Fail,2,0175B00173000000,Active,40.4511343348,-79.8924181101,Homewood South,9,13
625736,0062E00020000000,"2276 WENZELL AVE, Pittsburgh, 15216",15216,Condemned/Dead End Property,2023-09-29,Fail,2,0062E00020000000,Active,40.4008464231,-80.0314856225,Beechview,4,19
625737,0020R00086000000,"807 LORENZ AVE, Pittsburgh, 15220",15220,Condemned/Dead End Property,2020-09-03,Fail,1,0020R00086000000,Active,40.4437379093,-80.0407429903,Elliott,2,20
625738,0088R00012000000,"4621 SALINE ST, Pittsburgh, 15217",15217,Condemned/Dead End Property,2020-09-09,Fail,2,0088R00012000000,Active,40.4160264994,-79.9234788119,Squirrel Hill South,5,14
625739,0088R00012000000,"4621 SALINE ST, Pittsburgh, 15217",15217,Condemned/Dead End Property,2023-09-27,,,0088R00012000000,Active,40.4160264994,-79.9234788119,Squirrel Hill South,5,14
625740,0047N00142000000,"55 SOLAR ST, Pittsburgh, 15212",15212,Condemned/Dead End Property,2020-09-09,Fail,2,0047N00142000000,Active,40.4632287547,-79.9976840138,Spring Hill-City View,1,24
625741,0046A00005000000,"2650 LELAND ST, Pittsburgh, 15214",15214,Condemned/Dead End Property,2024-07-17,Fail,2,0046A00005000000,Active,40.4721889474,-80.0124855423,Perry South,6,26
625742,0046G00029000000,No primary address specified,15214,Condemned/Dead End Property,2024-04-04,Pass,0,0046G00029000000,Active,40.4691776516,-80.0072046119,Perry South,6,26
625743,0094K00182000000,"231 SPENCER AVE, Pittsburgh, 15227",15227,Condemned/Dead End Property,2024-04-02,Pass,0,0094K00182000000,Active,40.3892690635,-79.9764186246,Carrick,4,29
625744,0094K00182000000,"231 SPENCER AVE, Pittsburgh, 15227",15227,Condemned/Dead End Property,2024-04-03,Fail,1,0094K00182000000,Active,40.3892690635,-79.9764186246,Carrick,4,29
625745,0116J00277000000,No primary address specified,15214,Condemned/Dead End Property,2022-09-21,,,0116J00277000000,Active,40.485558354,-80.0141402617,Perry North,1,26
625746,0027B00172000000,"760 ANAHEIM ST, Pittsburgh, 15219",15219,Condemned/Dead End Property,2026-07-16,Fail,2,0027B00172000000,Active,40.4520279462,-79.9611884717,Upper Hill,6,5
625747,0097D00291000000,"913 ROSSMORE AVE, Pittsburgh, 15226",15226,Condemned/Dead End Property,2021-09-13,Pass,0,0097D00291000000,Active,40.3941812234,-80.0170663955,Brookline,4,19
625748,0023L00213000000,"1311 SANDUSKY ST, Pittsburgh, 15212",15212,Condemned/Dead End Property,2020-09-09,Fail,1,0023L00213000000,Active,40.4573668331,-80.005199882,Central Northside,1,22
625749,0060B00189000000,"202 NOBLES LN, Pittsburgh, PA 15210",15210,Condemned/Dead End Property,2022-08-19,Pass,0,0060B00189000000,Active,40.4027731636,-79.9941262326,Carrick,4,29
625750,0024C00165000000,"1221 HIGH ST, Pittsburgh, PA 15212",15212,Condemned/Dead End Property,2026-01-09,Fail,1,0024C00165000000,Active,40.4605709742,-79.9908946459,Spring Garden,1,24
625751,0125B00073000000,"6523 LLEWELLYN PL, Pittsburgh, 15206",15206,Condemned/Dead End Property,2026-07-22,Fail,2,0125B00073000000,Active,40.461947611,-79.9097329515,Larimer,9,12
625752,0057C00333000000,"300 RENOVA ST, Pittsburgh, 15207",15207,Condemned/Dead End Property,2021-06-28,Fail,2,0057C00333000000,Active,40.4024411379,-79.9370129965,Hazelwood,5,15
625753,0057C00333000000,"300 RENOVA ST, Pittsburgh, 15207",15207,Condemned/Dead End Property,2023-03-29,Pass,0,0057C00333000000,Active,40.4024411379,-79.9370129965,Hazelwood,5,15
625754,0114S00152000000,"3718 PARVISS ST, Pittsburgh, 15212",15212,Condemned/Dead End Property,2025-11-10,Fail,3,0114S00152000000,Active,40.4839627758,-80.0343927772,Brighton Heights,1,27
625755,0174M00210000000,No primary address specified,15221,Condemned/Dead End Property,2022-08-29,Pass,0,0174M00210000000,Active,40.457405213,-79.8854604714,Homewood North,9,13
625756,0014L00147000000,No primary address specified,15210,Condemned/Dead End Property,2023-11-15,Pass,0,0014L00147000000,Active,40.4171639415,-79.989420313,Knoxville,3,30
625757,0124K00138000000,"603 THOMPSON ST, Pittsburgh, PA 15206",15206,Condemned/Dead End Property,2025-04-08,Pass,0,0124K00138000000,Active,40.4654468408,-79.9111571348,Larimer,9,12
625758,0124K00138000000,"603 THOMPSON ST, Pittsburgh, PA 15206",15206,Condemned/Dead End Property,2025-04-08,Fail,3,0124K00138000000,Active,40.4654468408,-79.9111571348,Larimer,9,12
625759,0125H00166000000,"7001 IDLEWILD ST, Pittsburgh, 15208",15208,Condemned/Dead End Property,2021-02-12,Fail,3,0125H00166000000,Active,40.4595737541,-79.9005669856,Homewood North,9,13
625760,0015R00254000000,No primary address specified,15210,Condemned/Dead End Property,2024-03-27,Pass,0,0015R00254000000,Active,40.4155824427,-80.0046410222,Beltzhoover,3,18
625761,0010F00026000000,No primary address specified,15219,Condemned/Dead End Property,2024-02-29,Pass,0,0010F00026000000,Active,40.4479931042,-79.975928905,Middle Hill,6,5
625762,0115D00093000002,"3936 PERRYSVILLE AVE, Pittsburgh, 15214",15214,Condemned/Dead End Property,2020-09-08,Fail,1,0115D00093000002,Active,40.4908046555,-80.0190121565,Perry North,1,26
625763,0004E00142000000,"341 GRACE ST, Pittsburgh, 15211",15211,Condemned/Dead End Property,2020-09-14,Fail,2,0004E00142000000,Active,40.4300013899,-80.0120316092,Mount Washington,2,19
625764,0231N00004000000,"8131 CONEMAUGH ST, Pittsburgh, PA 15221",15221,Condemned/Dead End Property,2026-07-29,Fail,1,0231N00004000000,Active,40.4549149892,-79.8825526676,East Hills,9,13
625765,0020R00011000000,"730 BUCYRUS ST, Pittsburgh, PA 15220",15220,Condemned/Dead End Property,2025-12-15,Fail,1,0020R00011000000,Active,40.4451926199,-80.0407174653,Elliott,2,20
625766,0174L00314000000,"7601 BAXTER ST, Pittsburgh, 15208",15208,Condemned/Dead End Property,2023-11-20,,,0174L00314000000,Active,40.4570729419,-79.889469492,Homewood North,9,13
625767,0174L00314000000,"7601 BAXTER ST, Pittsburgh, 15208",15208,Condemned/Dead End Property,2024-03-26,Fail,2,0174L00314000000,Active,40.4570729419,-79.889469492,Homewood North,9,13
625768,0027B00141000000,No primary address specified,15219,Condemned/Dead End Property,2025-04-02,Pass,0,0027B00141000000,Active,40.4520727384,-79.960282084,Upper Hill,6,5
625769,0125M00180000000,"7047 KELLY ST, Pittsburgh, 15208",15208,Condemned/Dead End Property,2020-09-02,Fail,2,0125M00180000000,Active,40.4564263756,-79.8997233167,Homewood South,9,13
625770,0232A00182000000,"546 HAVERHILL ST, Pittsburgh, 15221",15221,Condemned/Dead End Property,2025-09-18,Fail,2,0232A00182000000,Active,40.4510132801,-79.8806434346,East Hills,9,13
625771,0232A00182000000,"546 HAVERHILL ST, Pittsburgh, 15221",15221,Condemned/Dead End Property,2026-04-17,,,0232A00182000000,Active,40.4510132801,-79.8806434346,East Hills,9,13
625772,0022L00097000000,"1210 N FRANKLIN ST, Pittsburgh, PA 15233",15233,Condemned/Dead End Property,2025-07-01,Fail,2,0022L00097000000,Active,40.4567899737,-80.0235248364,Manchester,6,21
625773,0010G00296000000,"2448 BEDFORD AVE, Pittsburgh, 15219",15219,Condemned/Dead End Property,2020-07-14,Fail,2,0010G00296000000,Active,40.4501440411,-79.973270572,Middle Hill,6,5
625774,0010G00296000000,"2448 BEDFORD AVE, Pittsburgh, 15219",15219,Condemned/Dead End Property,2021-02-17,Pass,0,0010G00296000000,Active,40.4501440411,-79.973270572,Middle Hill,6,5
625775,0010H00220000000,"2815 WYLIE AVE, Pittsburgh, 15219",15219,Condemned/Dead End Property,2020-07-30,Fail,3,0010H00220000000,Active,40.450070102,-79.9675837555,Middle Hill,6,5
625776,0044H00273000000,"2835 CALIFORNIA AVE, Pittsburgh, 15212",15212,Condemned/Dead End Property,2023-09-20,Pass,0,0044H00273000000,Active,40.4697533502,-80.0361539722,Marshall-Shadeland,6,27
625777,0044H00273000000,"2835 CALIFORNIA AVE, Pittsburgh, 15212",15212,Condemned/Dead End Property,2026-08-05,Fail,2,0044H00273000000,Active,40.4697533502,-80.0361539722,Marshall-Shadeland,6,27
625778,0175C00312000000,No primary address specified,15221,Condemned/Dead End Property,2026-05-06,,,0175C00312000000,Active,40.4514749655,-79.8882710049,Homewood South,9,13
625779,0174H00227000000,No primary address specified,15221,Condemned/Dead End Property,2020-10-16,Pass,0,0174H00227000000,Active,40.4589743551,-79.8845249383,Homewood North,9,13
625780,0077B00212000000,"98 WATSON BLVD, Pittsburgh, 15214",15214,Condemned/Dead End Property,2020-10-12,Fail,2,0077B00212000000,Active,40.4801824313,-80.0093966812,Perry North,1,26
625781,0077B00212000000,"98 WATSON BLVD, Pittsburgh, 15214",15214,Condemned/Dead End Property,2024-03-18,Pass,0,0077B00212000000,Active,40.4801824313,-80.0093966812,Perry North,1,26
625782,0010G00033000000,"2431 WYLIE AVE, Pittsburgh, 15219",15219,Condemned/Dead End Property,2020-07-30,Fail,2,0010G00033000000,Active,40.4480687302,-79.9724050476,Middle Hill,6,5
625783,0055H00297000000,"617 HAZELWOOD AVE, Pittsburgh, PA 15207",15207,Condemned/Dead End Property,2021-10-11,Pass,0,0055H00297000000,Active,40.418739287,-79.9364000986,Hazelwood,5,15
625784,0035H00025000000,"1616 WESTFIELD ST, Pittsburgh, 15216",15216,Condemned/Dead End Property,2025-08-13,Fail,2,0035H00025000000,Active,40.4101377877,-80.0194544731,Beechview,4,19
625785,0035H00025000000,"1616 WESTFIELD ST, Pittsburgh, 15216",15216,Condemned/Dead End Property,2026-08-04,Pass,0,0035H00025000000,Active,40.4101377877,-80.0194544731,Beechview,4,19
625786,0043R00145000000,"215 SAGAMORE ST, Pittsburgh, 15204",15204,Condemned/Dead End Property,2020-08-11,Fail,1,0043R00145000000,Active,40.4631984303,-80.0536883431,Esplen,2,20
625787,0043R00145000000,"215 SAGAMORE ST, Pittsburgh, 15204",15204,Condemned/Dead End Property,2023-10-12,Fail,1,0043R00145000000,Active,40.4631984303,-80.0536883431,Esplen,2,20
625788,0060K00203000000,"1652 MOUNT JOSEPH ST, Pittsburgh, PA 15210",15210,Condemned/Dead End Property,2020-09-04,Fail,2,0060K00203000000,Active,40.3978852868,-79.9913544525,Carrick,4,29
625789,0060K00203000000,"1652 MOUNT JOSEPH ST, Pittsburgh, PA 15210",15210,Condemned/Dead End Property,2024-02-14,Pass,0,0060K00203000000,Active,40.3978852868,-79.9913544525,Carrick,4,29
625790,0029S00044000000,"169 GREENFIELD AVE, Pittsburgh, PA 15207",15207,Condemned/Dead End Property,2020-06-30,Fail,1,0029S00044000000,Active,40.4257950723,-79.950353022,Greenfield,5,15
625791,0174F00060000000,"7216 HERMITAGE ST, Pittsburgh, 15208",15208,Condemned/Dead End Property,2020-08-18,Fail,2,0174F00060000000,Active,40.4598154379,-79.8944597284,Homewood North,9,13
625792,0174F00060000000,"7216 HERMITAGE ST, Pittsburgh, 15208",15208,Condemned/Dead End Property,2023-02-20,,,0174F00060000000,Active,40.4598154379,-79.8944597284,Homewood North,9,13
625793,0138A00146000000,"1 SELDON PL, Pittsburgh, PA 15234",15234,Condemned/Dead End Property,2025-04-07,Fail,2,0138A00146000000,Active,40.3839871411,-79.9981772706,Overbrook,4,32
625794,0138A00146000000,"1 SELDON PL, Pittsburgh, PA 15234",15234,Condemned/Dead End Property,2025-04-07,Fail,2,0138A00146000000,Active,40.3839871411,-79.9981772706,Overbrook,4,32
625795,0138A00146000000,"1 SELDON PL, Pittsburgh, PA 15234",15234,Condemned/Dead End Property,2025-04-15,Pass,0,0138A00146000000,Active,40.3839871411,-79.9981772706,Overbrook,4,32
625796,0014N00099000000,"425 MICHIGAN ST, Pittsburgh, PA 15210",15210,Condemned/Dead End Property,2020-11-24,Fail,2,0014N00099000000,Active,40.41612918,-79.9993427856,Beltzhoover,3,18
625797,0022K00011000000,"1409 COLUMBUS AVE, Pittsburgh, 15233",15233,Condemned/Dead End Property,2025-04-30,Fail,3,0022K00011000000,Active,40.4574061909,-80.0278568781,Manchester,6,21
625798,0022K00011000000,"1409 COLUMBUS AVE, Pittsburgh, 15233",15233,Condemned/Dead End Property,2026-01-28,Pass,0,0022K00011000000,Active,40.4574061909,-80.0278568781,Manchester,6,21
625799,0013L00213000000,"2428 ARLINGTON AVE, Pittsburgh, PA 15210",15210,Condemned/Dead End Property,2021-09-09,Fail,1,0013L00213000000,Active,40.4172879168,-79.9719711044,Arlington,3,16
625800,0125C00069000000,"632 LINCOLN AVE, Pittsburgh, 15206",15206,Condemned/Dead End Property,2020-09-03,Fail,2,0125C00069000000,Active,40.4619720259,-79.9064206824,Larimer,9,12
625801,0107M00040000000,"2108 MAZETTE PL, Pittsburgh, 15205",15205,Condemned/Dead End Property,2020-09-04,Fail,2,0107M00040000000,Active,40.446476597,-80.084238303,Fairywood,2,28
625802,0107M00040000000,"2108 MAZETTE PL, Pittsburgh, 15205",15205,Condemned/Dead End Property,2022-04-08,,,0107M00040000000,Active,40.446476597,-80.084238303,Fairywood,2,28
625803,0011A00172000000,"325 DINWIDDIE ST, Pittsburgh, 15219",15219,Condemned/Dead End Property,2023-03-22,Pass,0,0011A00172000000,Active,40.4420108125,-79.9807123095,Crawford-Roberts,6,3
625804,0057C00160000000,"240 GLENWOOD AVE, Pittsburgh, 15207",15207,Condemned/Dead End Property,2025-11-17,Fail,3,0057C00160000000,Active,40.4018361881,-79.9382861653,Hazelwood,5,15
625805,0174M00391000000,"7739 FRANKSTOWN AVE, Pittsburgh, 15208",15221,Condemned/Dead End Property,2020-08-28,Fail,3,0174M00391000000,Active,40.4554441702,-79.8864964987,Homewood North,9,13
625806,0174M00391000000,"7739 FRANKSTOWN AVE, Pittsburgh, 15208",15221,Condemned/Dead End Property,2025-02-17,Pass,0,0174M00391000000,Active,40.4554441702,-79.8864964987,Homewood North,9,13
625807,0035B00074000000,"1511 BELASCO AVE, Pittsburgh, 15216",15216,Condemned/Dead End Property,2020-09-03,Fail,2,0035B00074000000,Active,40.4118382019,-80.0272475205,Beechview,4,19
625808,0035B00074000000,"1511 BELASCO AVE, Pittsburgh, 15216",15216,Condemned/Dead End Property,2026-01-13,Fail,1,0035B00074000000,Active,40.4118382019,-80.0272475205,Beechview,4,19
625809,0174P00057000000,"564 N DUNFERMLINE ST, Pittsburgh, 15208",15208,Condemned/Dead End Property,2025-06-04,Pass,0,0174P00057000000,Active,40.4534468708,-79.8942719997,Homewood South,9,13
625810,0014N00147000000,No primary address specified,15210,Condemned/Dead End Property,2023-02-16,Pass,0,0014N00147000000,Active,40.4162479631,-79.9955653296,Knoxville,3,30
625811,0114G00054000000,"3963 BRIGHTON RD, Pittsburgh, 15212",15212,Condemned/Dead End Property,2023-02-14,,,0114G00054000000,Active,40.4872725616,-80.0402065443,Brighton Heights,1,27
625812,0174R00196000000,"625 BRUSHTON AVE, Pittsburgh, PA 15208",15221,Condemned/Dead End Property,2020-08-26,Fail,2,0174R00196000000,Active,40.4535953674,-79.889193124,Homewood South,9,13
625813,0172N00060000000,"6909 CHURCHLAND ST, Pittsburgh, PA 15206",15206,Condemned/Dead End Property,2020-08-27,Fail,1,0172N00060000000,Active,40.4731627981,-79.8980420222,Lincoln-Lemington-Belmar,9,12
625814,0045E00331000000,"1254 WOODLAND AVE, Pittsburgh, 15212",15212,Condemned/Dead End Property,2020-09-10,Fail,2,0045E00331000000,Active,40.4694353419,-80.0294731437,Marshall-Shadeland,6,27
625815,0045E00331000000,"1254 WOODLAND AVE, Pittsburgh, 15212",15212,Condemned/Dead End Property,2026-05-26,Pass,0,0045E00331000000,Active,40.4694353419,-80.0294731437,Marshall-Shadeland,6,27
625816,0041H00101000000,No primary address specified,15204,Condemned/Dead End Property,2023-01-18,Fail,1,0041H00101000000,Active,40.4492868384,-80.0522683023,Crafton Heights,2,28
625817,0023F00219000000,"110 ALPINE AVE, Pittsburgh, PA 15212",15212,Condemned/Dead End Property,2024-12-11,Fail,2,0023F00219000000,Active,40.4585846925,-80.0093757587,Central Northside,1,25
625818,0014K00225000000,"216 JUCUNDA ST, Pittsburgh, 15210",15210,Condemned/Dead End Property,2020-09-22,Pass,0,0014K00225000000,Active,40.4170901163,-79.9919430258,Knoxville,3,30
625819,0003L00009000000,"820 NEWTON ST, Pittsburgh, 15203",15203,Condemned/Dead End Property,2024-06-25,Fail,2,0003L00009000000,Active,40.4260967235,-79.990771773,South Side Slopes,3,17
625820,0024C00143000000,"1250 HIGH ST, Pittsburgh, 15212",15212,Condemned/Dead End Property,2024-04-30,Fail,1,0024C00143000000,Active,40.4612825567,-79.9899246857,Spring Garden,1,24
625821,0024G00296000000,"1148 PROVINCE ST, Pittsburgh, PA 15212",15212,Condemned/Dead End Property,2021-09-16,Fail,1,0024G00296000000,Active,40.4576397417,-79.9897267577,Troy Hill,1,24
625822,0173N00233000000,"7102 CHAUCER ST, Pittsburgh, 15208",15208,Condemned/Dead End Property,2025-06-04,Pass,0,0173N00233000000,Active,40.4630998496,-79.8965583193,Homewood North,9,13
625823,0094N00072000000,"2546 BROWNSVILLE RD, Pittsburgh, PA 15210",15210,Condemned/Dead End Property,2020-07-08,Fail,2,0094N00072000000,Active,40.3856368235,-79.9791259795,Carrick,4,29
625824,0124L00146000000,No primary address specified,15206,Condemned/Dead End Property,2023-03-17,Pass,0,0124L00146000000,Active,40.4671417496,-79.9063312312,Lincoln-Lemington-Belmar,9,12
625825,0232A00311000000,"543 SEAGIRT ST, Pittsburgh, 15221",15221,Condemned/Dead End Property,2026-02-25,Fail,2,0232A00311000000,Active,40.451088066,-79.8791892335,East Hills,9,13
625826,0232A00311000000,"543 SEAGIRT ST, Pittsburgh, 15221",15221,Condemned/Dead End Property,2026-02-25,Fail,2,0232A00311000000,Active,40.451088066,-79.8791892335,East Hills,9,13
625827,0020S00063000000,"205 FAIRVIEW AVE, Pittsburgh, PA 15220",15220,Condemned/Dead End Property,2026-05-06,Fail,2,0020S00063000000,Active,40.4442377379,-80.0366337903,Elliott,2,20
625828,0174A00117000000,"7015 KEDRON ST, Pittsburgh, 15208",15208,Condemned/Dead End Property,2020-09-02,Fail,2,0174A00117000000,Active,40.4619792919,-79.8991510538,Homewood North,9,13
625829,0174A00117000000,"7015 KEDRON ST, Pittsburgh, 15208",15208,Condemned/Dead End Property,2026-01-21,Fail,1,0174A00117000000,Active,40.4619792919,-79.8991510538,Homewood North,9,13
625830,0060H00198000000,"130 E MEYERS ST, Pittsburgh, 15210",15210,Condemned/Dead End Property,2026-01-21,Pass,0,0060H00198000000,Active,40.4001678664,-79.9859790987,Carrick,4,29
625831,0060H00198000000,"130 E MEYERS ST, Pittsburgh, 15210",15210,Condemned/Dead End Property,2026-06-03,Fail,1,0060H00198000000,Active,40.4001678664,-79.9859790987,Carrick,4,29
625832,0077P00348000000,No primary address specified,15214,Condemned/Dead End Property,2023-11-06,Pass,0,0077P00348000000,Active,40.4726071858,-80.0115479353,Perry South,6,26
625833,0014F00325000000,No primary address specified,15210,Condemned/Dead End Property,2023-12-06,Pass,0,0014F00325000000,Active,40.4193253849,-79.9918717541,Allentown,3,18
625834,0015M00227000000,"229 CHALFONT ST, Pittsburgh, 15210",15210,Condemned/Dead End Property,2020-11-19,Fail,1,0015M00227000000,Active,40.4168352937,-80.0028282534,Beltzhoover,3,18
625835,0071L00028000000,"1511 SUMMERDALE ST, Pittsburgh, PA 15204",15204,Condemned/Dead End Property,2020-09-10,Fail,1,0071L00028000000,Active,40.456141385,-80.0737434129,Windgap,2,28
625836,0045N00065000000,"1330 MARSHALL AVE, Pittsburgh, 15212",15212,Condemned/Dead End Property,2026-05-21,Pass,0,0045N00065000000,Active,40.4634487937,-80.0293846038,Marshall-Shadeland,6,27
625837,0013M00301000000,"2932 ARLINGTON AVE, Pittsburgh, PA 15210",15210,Condemned/Dead End Property,2023-01-18,Pass,0,0013M00301000000,Active,40.4170768792,-79.9662365631,Arlington,3,16
625838,0024F00372000000,"1109 BRABEC ST, Pittsburgh, 15212",15212,Condemned/Dead End Property,2026-07-07,Fail,2,0024F00372000000,Active,40.4584941597,-79.9917114369,Troy Hill,1,24
625839,0024J00457000000,"837 PERALTA ST, Pittsburgh, 15212",15212,Condemned/Dead End Property,2020-08-04,Fail,1,0024J00457000000,Active,40.4554531574,-79.9958841607,East Allegheny,1,23
625840,0172N00088000000,No primary address specified,15206,Condemned/Dead End Property,2020-11-12,Pass,0,0172N00088000000,Active,40.4726385412,-79.8970706784,Lincoln-Lemington-Belmar,9,12
625841,0057G00301000000,"204 RENOVA ST, Pittsburgh, 15207",15207,Condemned/Dead End Property,2020-07-28,Fail,2,0057G00301000000,Active,40.4010430289,-79.9381479635,Hazelwood,5,15
625842,0015K00134000000,"16 CLIMAX ST, Pittsburgh, 15210",15210,Condemned/Dead End Property,2025-07-30,Fail,1,0015K00134000000,Active,40.4177387243,-80.0093600204,Beltzhoover,3,18
625843,0015K00134000000,"16 CLIMAX ST, Pittsburgh, 15210",15210,Condemned/Dead End Property,2025-07-30,Fail,1,0015K00134000000,Active,40.4177387243,-80.0093600204,Beltzhoover,3,18
625844,0016R00067000000,"1406 DAGMAR AVE, Pittsburgh, 15216",15216,Condemned/Dead End Property,2026-06-05,Fail,1,0016R00067000000,Active,40.4140502545,-80.023300913,Beechview,4,19
625845,0056N00061000B00,"5154 CHAPLAIN Way, Pittsburgh, 15207",15207,Condemned/Dead End Property,2025-08-06,Pass,0,0056N00061000B00,Active,40.4053832778,-79.9457575406,Hazelwood,5,15
625846,0231R00012000000,"2319 PARK HILL DR, Pittsburgh, 15221",15221,Condemned/Dead End Property,2020-09-08,Fail,2,0231R00012000000,Active,40.4547884798,-79.8748738025,East Hills,9,13
625847,0060M00268000000,"219 MEREDITH ST, Pittsburgh, 15210",15210,Condemned/Dead End Property,2021-10-19,Fail,2,0060M00268000000,Active,40.3979766821,-79.9847059194,Carrick,4,29
625848,0060M00268000000,"219 MEREDITH ST, Pittsburgh, 15210",15210,Condemned/Dead End Property,2023-06-29,,,0060M00268000000,Active,40.3979766821,-79.9847059194,Carrick,4,29
625849,0060M00268000000,"219 MEREDITH ST, Pittsburgh, 15210",15210,Condemned/Dead End Property,2026-08-06,Pass,0,0060M00268000000,Active,40.3979766821,-79.9847059194,Carrick,4,29
625850,0075L00284000000,"3316 FLEMING AVE, Pittsburgh, 15212",15212,Condemned/Dead End Property,2020-09-21,Fail,2,0075L00284000000,Active,40.4759093559,-80.0375925307,Brighton Heights,1,27
625851,0174S00069000000,No primary address specified,15221,Condemned/Dead End Property,2022-08-18,Pass,0,0174S00069000000,Active,40.4536664969,-79.8857865351,Homewood South,9,13
625852,0232A00296000000,"603 SEAGIRT ST, Pittsburgh, PA 15221",15221,Condemned/Dead End Property,2023-05-17,Fail,3,0232A00296000000,Active,40.4520357149,-79.8795178044,East Hills,9,13
625853,0232A00296000000,"603 SEAGIRT ST, Pittsburgh, PA 15221",15221,Condemned/Dead End Property,2026-06-08,Pass,0,0232A00296000000,Active,40.4520357149,-79.8795178044,East Hills,9,13
625854,0014L00187000000,"139 CHARLES ST, Pittsburgh, PA 15210",15210,Condemned/Dead End Property,2020-08-26,Fail,2,0014L00187000000,Active,40.4168093415,-79.9901166303,Knoxville,3,30
625855,0046G00202000000,"2327 WURZELL AVE, Pittsburgh, 15214",15214,Condemned/Dead End Property,2020-09-10,Fail,2,0046G00202000000,Active,40.4684340432,-80.0043411398,Perry South,6,26
625856,0046G00202000000,"2327 WURZELL AVE, Pittsburgh, 15214",15214,Condemned/Dead End Property,2023-08-11,Pass,0,0046G00202000000,Active,40.4684340432,-80.0043411398,Perry South,6,26
625857,0033B00354000000,"342 MOORE AVE, Pittsburgh, 15210",15210,Condemned/Dead End Property,2023-11-16,Fail,2,0033B00354000000,Active,40.4119058272,-79.9947831003,Knoxville,3,30
625858,0174K00032000000,"7314 IDLEWILD ST, Pittsburgh, PA 15208",15208,Condemned/Dead End Property,2026-02-12,Fail,1,0174K00032000000,Active,40.4573162338,-79.8931810881,Homewood North,9,13
625859,0124M00292000000,"1215 ARBOR ST, Pittsburgh, 15206",15206,Condemned/Dead End Property,2020-07-30,Fail,2,0124M00292000000,Active,40.4655111715,-79.8996707431,Lincoln-Lemington-Belmar,9,12
625860,0049R00283000000,"4073 LIBERTY AVE, Pittsburgh, 15224",15224,Condemned/Dead End Property,2020-05-26,Fail,1,0049R00283000000,Active,40.4635557603,-79.9544193667,Bloomfield,7,9
625861,0076J00354000000,"179 LECKY AVE, Pittsburgh, 15212",15212,Condemned/Dead End Property,2026-09-14,Fail,2,0076J00354000000,Active,40.4758775659,-80.0322477816,Marshall-Shadeland,6,27
625862,0025S00204000000,"2905 BEDFORD AVE, Pittsburgh, PA 15219",15219,Condemned/Dead End Property,2020-08-20,Fail,2,0025S00204000000,Active,40.4529865775,-79.967723237,Bedford Dwellings,6,5
625863,0054L00105000000,"571 GREENFIELD AVE, Pittsburgh, PA 15207",15207,Condemned/Dead End Property,2021-09-20,Pass,0,0054L00105000000,Active,40.4263503362,-79.9399906998,Greenfield,5,15
625864,0013M00120000000,"2935 ARLINGTON AVE, Pittsburgh, 15210",15210,Condemned/Dead End Property,2023-05-11,Fail,2,0013M00120000000,Active,40.4174485577,-79.9664688989,South Side Slopes,3,16
625865,0094E00288000000,No primary address specified,15210,Condemned/Dead End Property,2020-12-03,Pass,0,0094E00288000000,Active,40.39084374,-79.9792853374,Carrick,4,29
625866,0011J00165000B00,"49 VAN BRAAM ST, Pittsburgh, 15219",15219,Condemned/Dead End Property,2022-04-07,Fail,2,0011J00165000B00,Active,40.4369750647,-79.9825222194,Bluff,6,1
625867,0173P00176000000,"7201 STRANAHAN ST, Pittsburgh, 15206",15206,Condemned/Dead End Property,2024-02-07,,,0173P00176000000,Active,40.4627152704,-79.8936819417,Lincoln-Lemington-Belmar,9,12
625868,0173P00176000000,"7201 STRANAHAN ST, Pittsburgh, 15206",15206,Condemned/Dead End Property,2024-02-07,Fail,1,0173P00176000000,Active,40.4627152704,-79.8936819417,Lincoln-Lemington-Belmar,9,12
625869,0013S00197000000,"221 RINNE ST, Pittsburgh, 15210",15210,Condemned/Dead End Property,2023-01-19,Pass,0,0013S00197000000,Active,40.4149556473,-79.968450678,Arlington,3,16
625870,0013S00197000000,"221 RINNE ST, Pittsburgh, 15210",15210,Condemned/Dead End Property,2023-07-26,Fail,2,0013S00197000000,Active,40.4149556473,-79.968450678,Arlington,3,16
625871,0091F00096000000,"967 GIRDER ST, Pittsburgh, 15120",15207,Condemned/Dead End Property,2024-02-16,Fail,3,0091F00096000000,Active,40.3902538041,-79.9255568931,New Homestead,5,31
625872,0091F00096000000,"967 GIRDER ST, Pittsburgh, 15120",15207,Condemned/Dead End Property,2024-06-05,Fail,1,0091F00096000000,Active,40.3902538041,-79.9255568931,New Homestead,5,31
625873,0033E00214000000,"424 SUNCREST ST, Pittsburgh, PA 15210",15210,Condemned/Dead End Property,2023-04-27,Pass,0,0033E00214000000,Active,40.4112066951,-79.9961026691,Knoxville,3,30
625874,0014E00017000000,No primary address specified,15210,Condemned/Dead End Property,2020-11-16,Pass,0,0014E00017000000,Active,40.4201245142,-79.9992113978,Beltzhoover,3,18
625875,0024A00163000000,"58 ROSTOCK ST, Pittsburgh, PA 15212",15212,Condemned/Dead End Property,2020-08-12,Pass,0,0024A00163000000,Active,40.4623364794,-79.9968920623,Spring Hill-City View,1,24
625876,0042K00010000000,"1000 FAIRDALE ST #2, Pittsburgh, PA 15204",15204,Condemned/Dead End Property,2020-08-28,Fail,2,0042K00010000000,Active,40.4555160212,-80.0613841021,Sheraden,2,20
625877,0175H00127000000,"7933 TIOGA ST, Pittsburgh, 15208",15221,Condemned/Dead End Property,2020-05-20,Fail,3,0175H00127000000,Active,40.4498701164,-79.8855636552,Homewood South,9,13
625878,0014P00234000000,"332 BAUSMAN ST, Pittsburgh, 15210",15210,Condemned/Dead End Property,2023-03-30,Fail,1,0014P00234000000,Active,40.4140411871,-79.9945405614,Knoxville,3,30
625879,0124K00253000000,"653 PAULSON AVE, Pittsburgh, 15206",15206,Condemned/Dead End Property,2020-09-08,Fail,2,0124K00253000000,Active,40.465792477,-79.9090562673,Larimer,9,12
625880,0174K00387000A00,"7307 KELLY ST, Pittsburgh, 15208",15208,Condemned/Dead End Property,2020-09-02,Fail,1,0174K00387000A00,Active,40.4551441317,-79.8945245662,Homewood South,9,13
625881,0174F00302000000,"7229 IDLEWILD ST, Pittsburgh, 15208",15208,Condemned/Dead End Property,2020-09-01,Fail,2,0174F00302000000,Active,40.4580559176,-79.8945767956,Homewood North,9,13
625882,0010D00118000000,No primary address specified,15219,Condemned/Dead End Property,2021-02-18,Pass,0,0010D00118000000,Active,40.4521104507,-79.9674501336,Middle Hill,6,5
625883,0013P00208000000,"2100 BRENT ST, Pittsburgh, 15210",15210,Condemned/Dead End Property,2025-09-24,Pass,0,0013P00208000000,Active,40.4154866743,-79.9777752389,Arlington,3,16
625884,0174B00342000000,"7213 HERMITAGE ST, Pittsburgh, 15208",15208,Condemned/Dead End Property,2020-09-01,Fail,1,0174B00342000000,Active,40.4602386996,-79.8944975379,Homewood North,9,13
625885,0174B00342000000,"7213 HERMITAGE ST, Pittsburgh, 15208",15208,Condemned/Dead End Property,2024-04-09,,,0174B00342000000,Active,40.4602386996,-79.8944975379,Homewood North,9,13
625886,0033E00163000000,"113 DUART ST, Pittsburgh, 15210",15210,Condemned/Dead End Property,2020-08-27,Fail,2,0033E00163000000,Active,40.4097631372,-79.9974045721,Bon Air,4,18
625887,0033E00163000000,"113 DUART ST, Pittsburgh, 15210",15210,Condemned/Dead End Property,2023-06-14,Fail,1,0033E00163000000,Active,40.4097631372,-79.9974045721,Bon Air,4,18
625888,0022L00299000A00,No primary address specified,15233,Condemned/Dead End Property,2026-04-24,Pass,0,0022L00299000A00,Active,40.4555171433,-80.0216621791,Manchester,6,21
625889,0022L00299000A00,No primary address specified,15233,Condemned/Dead End Property,2026-04-30,Pass,0,0022L00299000A00,Active,40.4555171433,-80.0216621791,Manchester,6,21
625890,0013A00221000000,No primary address specified,15203,Condemned/Dead End Property,2023-01-18,Pass,0,0013A00221000000,Active,40.422468744,-79.98044638,South Side Slopes,3,17
625891,0014J00050000000,"423 JUCUNDA ST, Pittsburgh, 15210",15210,Condemned/Dead End Property,2020-09-02,Fail,2,0014J00050000000,Active,40.4173802171,-79.9963613761,Knoxville,3,30
625892,0014J00050000000,"423 JUCUNDA ST, Pittsburgh, 15210",15210,Condemned/Dead End Property,2020-11-16,Pass,0,0014J00050000000,Active,40.4173802171,-79.9963613761,Knoxville,3,30
625893,0095H00205000000,"2140 HAZELDELL ST, Pittsburgh, PA 15210",15210,Condemned/Dead End Property,2025-06-23,Fail,1,0095H00205000000,Active,40.3919698624,-79.9855082105,Carrick,4,29
625894,0095H00205000000,"2140 HAZELDELL ST, Pittsburgh, PA 15210",15210,Condemned/Dead End Property,2025-10-28,Pass,0,0095H00205000000,Active,40.3919698624,-79.9855082105,Carrick,4,29
625895,0054N00079000000,No primary address specified,15207,Condemned/Dead End Property,2021-10-11,Pass,0,0054N00079000000,Active,40.4239817365,-79.9481277986,Greenfield,5,15
625896,0174A00161000000,"7149 KEDRON ST, Pittsburgh, 15208",15208,Condemned/Dead End Property,2024-01-16,,,0174A00161000000,Active,40.4611208694,-79.895348011,Homewood North,9,13
625897,0047E00114000000,"5 SHANK ST, Pittsburgh, 15212",15212,Condemned/Dead End Property,2026-08-18,Fail,3,0047E00114000000,Active,40.4694123244,-79.9976340774,Spring Hill-City View,1,26
625898,0046B00256000000,"2639 SHELTON AVE, Pittsburgh, 15214",15214,Condemned/Dead End Property,2021-05-26,Fail,3,0046B00256000000,Active,40.4718757601,-80.0119327028,Perry South,6,26
625899,0046B00256000000,"2639 SHELTON AVE, Pittsburgh, 15214",15214,Condemned/Dead End Property,2022-03-17,Pass,0,0046B00256000000,Active,40.4718757601,-80.0119327028,Perry South,6,26
625900,0015S00192000000,"827 ELDORA PL, Pittsburgh, 15210",15210,Condemned/Dead End Property,2020-06-22,Fail,1,0015S00192000000,Active,40.4150687035,-80.001033247,Beltzhoover,3,18
625901,0015S00192000000,"827 ELDORA PL, Pittsburgh, 15210",15210,Condemned/Dead End Property,2020-11-30,Fail,1,0015S00192000000,Active,40.4150687035,-80.001033247,Beltzhoover,3,18
625902,0077F00284000000,"339 BOTHWELL ST, Pittsburgh, 15214",15214,Condemned/Dead End Property,2026-04-17,Pass,0,0077F00284000000,Active,40.4773272051,-80.0089372198,Perry North,1,26
625903,0077F00284000000,"339 BOTHWELL ST, Pittsburgh, 15214",15214,Condemned/Dead End Property,2026-04-17,Fail,1,0077F00284000000,Active,40.4773272051,-80.0089372198,Perry North,1,26
625904,0056F00305000000,"162 MARSDEN ST, Pittsburgh, 15207",15207,Condemned/Dead End Property,2021-02-03,Fail,1,0056F00305000000,Active,40.4106397158,-79.942377921,Hazelwood,5,15
625905,0004B00013000001,"301 GRANDVIEW AVE, Pittsburgh, 15211",15211,Condemned/Dead End Property,2024-04-10,Pass,0,0004B00013000001,Active,40.4332849778,-80.0101938744,Mount Washington,2,19
625906,0060L00284000000,"102 E CHERRYHILL ST, Pittsburgh, 15210",15210,Condemned/Dead End Property,2020-12-03,Fail,1,0060L00284000000,Active,40.3985188902,-79.9880503784,Carrick,4,29
625907,0060L00284000000,"102 E CHERRYHILL ST, Pittsburgh, 15210",15210,Condemned/Dead End Property,2026-04-30,Fail,1,0060L00284000000,Active,40.3985188902,-79.9880503784,Carrick,4,29
625908,0060B00087000000,"108 MINOOKA ST, Pittsburgh, 15210",15210,Condemned/Dead End Property,2023-05-26,Fail,1,0060B00087000000,Active,40.4036194959,-79.9928178585,Carrick,4,29
625909,0060B00087000000,"108 MINOOKA ST, Pittsburgh, 15210",15210,Condemned/Dead End Property,2023-05-26,Fail,2,0060B00087000000,Active,40.4036194959,-79.9928178585,Carrick,4,29
625910,0010M00022000000,No primary address specified,15219,Condemned/Dead End Property,2021-08-04,Pass,0,0010M00022000000,Active,40.4466832054,-79.9701689973,Middle Hill,6,5
625911,0125A00209000000,"234 MAYFLOWER ST, Pittsburgh, 15206",15206,Condemned/Dead End Property,2022-04-21,Fail,2,0125A00209000000,Active,40.4614685697,-79.9131382415,Larimer,9,12
625912,0050K00094000000,"5001 BROAD ST, Pittsburgh, PA 15224",15224,Condemned/Dead End Property,2021-07-02,Fail,2,0050K00094000000,Active,40.4668550097,-79.9436928628,Garfield,9,10
625913,0087F00117000000,"5705 MELVIN ST, Pittsburgh, PA 15217",15217,Condemned/Dead End Property,2021-06-25,Fail,1,0087F00117000000,Active,40.4307956458,-79.9245436845,Squirrel Hill South,5,14
625914,0019S00007000000,No primary address specified,15220,Condemned/Dead End Property,2023-04-14,,,0019S00007000000,Active,40.4334848389,-80.0367660961,Ridgemont,2,20
625915,0174H00224000000,No primary address specified,15221,Condemned/Dead End Property,2020-10-16,Pass,0,0174H00224000000,Active,40.4591281712,-79.8847172896,Homewood North,9,13
625916,0076E00027000000,"1101 WOODS RUN AVE, Pittsburgh, PA 15212",15212,Condemned/Dead End Property,2020-09-10,Fail,2,0076E00027000000,Active,40.4777303757,-80.0286634137,Marshall-Shadeland,1,27
625917,0042N00096000000,"1221 FAULKNER ST, Pittsburgh, 15204",15204,Condemned/Dead End Property,2023-01-23,Pass,0,0042N00096000000,Active,40.4544216673,-80.0640916269,Sheraden,2,20
625918,0077P00334000000,"2711 ELLIS ST, Pittsburgh, 15214",15214,Condemned/Dead End Property,2026-08-31,Fail,2,0077P00334000000,Active,40.4729366837,-80.0114302486,Perry South,6,26
625919,0042H00043000000,"3060 MERWYN AVE, Pittsburgh, 15204",15204,Condemned/Dead End Property,2022-08-02,Fail,2,0042H00043000000,Active,40.4587379178,-80.0531792553,Sheraden,2,20
625920,0042H00043000000,"3060 MERWYN AVE, Pittsburgh, 15204",15204,Condemned/Dead End Property,2024-06-27,Fail,1,0042H00043000000,Active,40.4587379178,-80.0531792553,Sheraden,2,20
625921,0056D00179000000,"449 KILBOURNE ST, Pittsburgh, 15207",15207,Condemned/Dead End Property,2020-06-25,Fail,3,0056D00179000000,Active,40.4122275673,-79.9362030001,Hazelwood,5,15
625922,0075G00126000000,"3528 MASSACHUSETTS AVE, Pittsburgh, 15212",15212,Condemned/Dead End Property,2020-09-04,Pass,0,0075G00126000000,Active,40.4790623317,-80.0397126888,Brighton Heights,1,27
625923,0021E00066000000,"2821 W CARSON ST, Pittsburgh, 15204",15204,Condemned/Dead End Property,2020-08-26,Fail,2,0021E00066000000,Active,40.4586684748,-80.0463515226,Esplen,2,20
625924,0030N00135000000,"328 FELMETH ST, Pittsburgh, 15210",15210,Condemned/Dead End Property,2024-04-23,Fail,2,0030N00135000000,Active,40.413946526,-79.9639572144,Arlington,3,16
625925,0011J00300000000,"57 MILTENBERGER ST, Pittsburgh, 15219",15219,Condemned/Dead End Property,2023-03-09,Fail,1,0011J00300000000,Active,40.4362577609,-79.9817515775,Bluff,6,1
625926,0010D00253000000,"641 HOLLACE ST, Pittsburgh, 15219",15219,Condemned/Dead End Property,2020-07-22,Fail,2,0010D00253000000,Active,40.4508505051,-79.9682063061,Middle Hill,6,5
625927,0010D00253000000,"641 HOLLACE ST, Pittsburgh, 15219",15219,Condemned/Dead End Property,2021-02-17,Pass,0,0010D00253000000,Active,40.4508505051,-79.9682063061,Middle Hill,6,5
625928,0174G00325000000,"1313 COLLIER ST, Pittsburgh, 15208",15208,Condemned/Dead End Property,2023-05-02,Fail,3,0174G00325000000,Active,40.4599230262,-79.8908129277,Homewood North,9,13
625929,0174G00325000000,"1313 COLLIER ST, Pittsburgh, 15208",15208,Condemned/Dead End Property,2026-06-08,Fail,1,0174G00325000000,Active,40.4599230262,-79.8908129277,Homewood North,9,13
625930,0045N00221000000,"2342 COLORADO ST, Pittsburgh, 15212",15212,Condemned/Dead End Property,2026-03-24,Fail,1,0045N00221000000,Active,40.4635004469,-80.0309302508,Marshall-Shadeland,6,27
625931,0045N00221000000,"2342 COLORADO ST, Pittsburgh, 15212",15212,Condemned/Dead End Property,2026-04-02,Fail,2,0045N00221000000,Active,40.4635004469,-80.0309302508,Marshall-Shadeland,6,27
625932,0050R00206000000,"232 S PACIFIC AVE, Pittsburgh, 15224",15224,Condemned/Dead End Property,2026-04-15,Fail,3,0050R00206000000,Active,40.4629205102,-79.9406068279,Bloomfield,7,8
625933,0077P00048000000,No primary address specified,15214,Condemned/Dead End Property,2023-06-02,Pass,0,0077P00048000000,Active,40.4745713138,-80.0086647847,Perry South,6,26
625934,0012H00009000000,"58 S 25TH ST, Pittsburgh, 15203",15203,Condemned/Dead End Property,2023-12-12,Fail,1,0012H00009000000,Active,40.4284642454,-79.9697735083,South Side Flats,3,16
625935,0184A00286000000,"4928 LOUGEAN AVE, Pittsburgh, 15207",15207,Condemned/Dead End Property,2025-04-08,Fail,1,0184A00286000000,Active,40.3741328771,-79.9135112211,Lincoln Place,5,31
625936,0071L00218000000,"1443 HASS ST, Pittsburgh, 15204",15204,Condemned/Dead End Property,2026-07-29,,,0071L00218000000,Active,40.4563296054,-80.0712655378,Chartiers City,2,20
625937,0173E00016000000,"7082 LEMINGTON AVE, Pittsburgh, PA 15206",15206,Condemned/Dead End Property,2024-07-08,Fail,2,0173E00016000000,Active,40.4691381555,-79.8967165994,Lincoln-Lemington-Belmar,9,12
625938,0047E00005000000,"909 SOUTH SIDE AVE, Pittsburgh, PA 15212",15212,Condemned/Dead End Property,2020-05-22,Fail,2,0047E00005000000,Active,40.4693905675,-79.9990068498,Spring Hill-City View,1,26
625939,0076B00147000000,"10 RODNEY ST, Pittsburgh, PA 15212",15212,Condemned/Dead End Property,2023-08-14,Fail,2,0076B00147000000,Active,40.4808746902,-80.0261985606,Brighton Heights,1,27
625940,0095N00019000000,"2361 GLENBURY ST, Pittsburgh, 15234",15234,Condemned/Dead End Property,2020-08-31,Fail,2,0095N00019000000,Active,40.3853683308,-79.9992107163,Overbrook,4,32
625941,0014K00003000000,"720 LILLIAN ST, Pittsburgh, 15210",15210,Condemned/Dead End Property,2025-10-02,Pass,0,0014K00003000000,Active,40.4185249207,-79.9949042722,Allentown,3,18
625942,0034H00301000000,"216 FORDYCE ST, Pittsburgh, 15210",15210,Condemned/Dead End Property,2024-03-20,,,0034H00301000000,Active,40.4090629355,-80.000849488,Bon Air,4,18
625943,0116J00233000000,"3612 PERRYSVILLE AVE, Pittsburgh, 15214",15214,Condemned/Dead End Property,2024-02-09,Fail,3,0116J00233000000,Active,40.4848029785,-80.0149932096,Perry North,1,26
625944,0116J00233000000,"3612 PERRYSVILLE AVE, Pittsburgh, 15214",15214,Condemned/Dead End Property,2024-05-29,Pass,0,0116J00233000000,Active,40.4848029785,-80.0149932096,Perry North,1,26
625945,0174K00273000000,"7233 BENNETT ST, Pittsburgh, 15208",15208,Condemned/Dead End Property,2021-11-15,Fail,2,0174K00273000000,Active,40.4564198119,-79.8952274777,Homewood South,9,13
625946,0042H00093000000,"3216 STAFFORD ST, Pittsburgh, 15204",15204,Condemned/Dead End Property,2024-06-21,Pass,0,0042H00093000000,Active,40.459519277,-80.0535690037,Sheraden,2,20
625947,0095H00298000000,"2145 HAZELDELL ST, Pittsburgh, PA 15210",15210,Condemned/Dead End Property,2026-04-09,Fail,2,0095H00298000000,Active,40.3915070702,-79.9851920095,Carrick,4,29
625948,0175G00220000000,"416 ROSEDALE ST, Pittsburgh, 15221",15221,Condemned/Dead End Property,2020-09-09,Fail,2,0175G00220000000,Active,40.4480463421,-79.8876704182,Homewood South,9,13
625949,0175G00220000000,"416 ROSEDALE ST, Pittsburgh, 15221",15221,Condemned/Dead End Property,2026-01-20,Fail,1,0175G00220000000,Active,40.4480463421,-79.8876704182,Homewood South,9,13
625950,0040G00250000000,"114 ELMONT ST, Pittsburgh, 15205",15205,Condemned/Dead End Property,2023-08-30,Fail,2,0040G00250000000,Active,40.4394244575,-80.0545816772,Crafton Heights,2,28
625951,0015F00201000000,"192 BOGGSTON AVE, Pittsburgh, 15210",15210,Condemned/Dead End Property,2020-08-24,Fail,2,0015F00201000000,Active,40.4196414319,-80.0079261287,Beltzhoover,3,18
625952,0175H00240000000,"521 SINGER PL, Pittsburgh, 15221",15221,Condemned/Dead End Property,2020-09-09,Fail,3,0175H00240000000,Active,40.4497428759,-79.8833517102,East Hills,9,13
625953,0175H00240000000,"521 SINGER PL, Pittsburgh, 15221",15221,Condemned/Dead End Property,2024-03-28,Pass,0,0175H00240000000,Active,40.4497428759,-79.8833517102,East Hills,9,13
625954,0056L00286000000,"5021 STEELE CT, Pittsburgh, 15207",15207,Condemned/Dead End Property,2020-09-09,Fail,3,0056L00286000000,Active,40.4088688561,-79.9393848104,Hazelwood,5,15
625955,0050M00213000000,"310 N GRAHAM ST, Pittsburgh, PA 15206",15206,Condemned/Dead End Property,2020-06-17,Fail,1,0050M00213000000,Active,40.4671301455,-79.9335964421,Garfield,9,11
625956,0231K00183000000,No primary address specified,15221,Condemned/Dead End Property,2020-10-14,Pass,0,0231K00183000000,Active,40.4555049675,-79.8776742445,East Hills,9,13
625957,0014R00012000000,"145 ZARA ST, Pittsburgh, 15210",15210,Condemned/Dead End Property,2020-09-21,Pass,0,0014R00012000000,Active,40.4160695104,-79.9903835788,Knoxville,3,30
625958,0047R00054000000,"1612 WALZ ST, Pittsburgh, PA 15212",15212,Condemned/Dead End Property,2021-05-24,Fail,1,0047R00054000000,Active,40.4635412881,-79.9910159953,Spring Hill-City View,1,24
625959,0047N00177000000,"97 OVERBECK ST, Pittsburgh, 15212",15212,Condemned/Dead End Property,2026-01-28,Fail,1,0047N00177000000,Active,40.4649059638,-79.9978689937,Spring Hill-City View,1,24
625960,0125H00337000000,"7011 BENNETT ST, Pittsburgh, 15208",15208,Condemned/Dead End Property,2024-09-27,Pass,0,0125H00337000000,Active,40.4577023071,-79.900840741,Homewood South,9,13
625961,0032A00165000000,No primary address specified,15210,Condemned/Dead End Property,2024-08-29,Pass,0,0032A00165000000,Active,40.4131505571,-79.979019751,Mt. Oliver,3,16
625962,0046J00193000000,"2232 HOLYOKE ST, Pittsburgh, 15214",15214,Condemned/Dead End Property,2020-08-26,Pass,0,0046J00193000000,Active,40.4655965276,-80.0138716544,Perry South,6,26
625963,0125B00336000000,"511 FINLEY ST, Pittsburgh, PA 15206",15206,Condemned/Dead End Property,2022-07-07,Pass,0,0125B00336000000,Active,40.4605774609,-79.9089865094,Larimer,9,12
625964,0022E00311000000,"1446 BELDALE ST, Pittsburgh, 15233",15233,Condemned/Dead End Property,2020-06-30,Fail,1,0022E00311000000,Active,40.4589214741,-80.0294363494,Manchester,6,21
625965,0026R00174000000,"4337 DAKOTA ST, Pittsburgh, PA 15213",15219,Condemned/Dead End Property,2024-09-10,Fail,2,0026R00174000000,Active,40.4529307413,-79.9555218549,Upper Hill,6,5
625966,0026R00174000000,"4337 DAKOTA ST, Pittsburgh, PA 15213",15219,Condemned/Dead End Property,2024-09-10,Fail,2,0026R00174000000,Active,40.4529307413,-79.9555218549,Upper Hill,6,5
625967,0026R00174000000,"4337 DAKOTA ST, Pittsburgh, PA 15213",15219,Condemned/Dead End Property,2024-09-10,Fail,2,0026R00174000000,Active,40.4529307413,-79.9555218549,Upper Hill,6,5
625968,0026R00174000000,"4337 DAKOTA ST, Pittsburgh, PA 15213",15219,Condemned/Dead End Property,2024-09-10,Fail,2,0026R00174000000,Active,40.4529307413,-79.9555218549,Upper Hill,6,5
625969,0046L00066000000,"2322 OSGOOD ST, Pittsburgh, 15214",15214,Condemned/Dead End Property,2026-03-23,Pass,0,0046L00066000000,Active,40.4672186826,-80.0073315251,Perry South,6,26
625970,0046L00066000000,"2322 OSGOOD ST, Pittsburgh, 15214",15214,Condemned/Dead End Property,2026-04-06,Fail,2,0046L00066000000,Active,40.4672186826,-80.0073315251,Perry South,6,26
625971,0231F00049000000,"8436 PARK Way, Pittsburgh, 15235",15221,Condemned/Dead End Property,2026-03-12,Fail,3,0231F00049000000,Active,40.4596047081,-79.8773002121,East Hills,9,13
625972,0023A00096000000,"18 NORMAN ST, Pittsburgh, 15214",15214,Condemned/Dead End Property,2021-09-17,Fail,3,0023A00096000000,Active,40.4620494973,-80.0145055493,Perry South,6,25
625973,0023A00096000000,"18 NORMAN ST, Pittsburgh, 15214",15214,Condemned/Dead End Property,2026-09-14,,,0023A00096000000,Active,40.4620494973,-80.0145055493,Perry South,6,25
625974,0056K00065000000,"41 W ELIZABETH ST, Pittsburgh, 15207",15207,Condemned/Dead End Property,2026-04-08,Fail,2,0056K00065000000,Active,40.4066401562,-79.9448932203,Hazelwood,5,15
625975,0010M00102000000,"2522 ELBA ST, Pittsburgh, 15219",15219,Condemned/Dead End Property,2024-11-04,Fail,2,0010M00102000000,Active,40.4463500268,-79.9698015667,Middle Hill,6,5
625976,0010M00102000000,"2522 ELBA ST, Pittsburgh, 15219",15219,Condemned/Dead End Property,2025-08-04,Fail,1,0010M00102000000,Active,40.4463500268,-79.9698015667,Middle Hill,6,5
625977,0045B00189000000,"2800 MCDOWELL ST, Pittsburgh, 15212",15212,Condemned/Dead End Property,2022-10-31,Pass,0,0045B00189000000,Active,40.4706832919,-80.0264811807,Marshall-Shadeland,6,27
625978,0124G00104000100,"1151 PAULSON AVE, Pittsburgh, PA 15206",15206,Condemned/Dead End Property,2022-05-05,Fail,3,0124G00104000100,Active,40.467919537,-79.904245537,Lincoln-Lemington-Belmar,9,12
625979,0042D00233000000,No primary address specified,15204,Condemned/Dead End Property,2023-02-24,Pass,0,0042D00233000000,Active,40.4615407756,-80.0519488639,Esplen,2,20
625980,0013S00102000000,No primary address specified,15210,Condemned/Dead End Property,2023-06-05,Pass,0,0013S00102000000,Active,40.4150371035,-79.9669651409,Arlington,3,16
625981,0080P00260000000,"4601 PLUMMER ST, Pittsburgh, 15201",15201,Condemned/Dead End Property,2026-04-23,Fail,3,0080P00260000000,Active,40.4739867503,-79.9602898241,Central Lawrenceville,7,9
625982,0046G00325000000,"2330 WURZELL AVE, Pittsburgh, 15214",15214,Condemned/Dead End Property,2021-01-11,Fail,2,0046G00325000000,Active,40.4684611776,-80.0038600319,Perry South,6,26
625983,0046G00325000000,"2330 WURZELL AVE, Pittsburgh, 15214",15214,Condemned/Dead End Property,2023-08-11,Pass,0,0046G00325000000,Active,40.4684611776,-80.0038600319,Perry South,6,26
625984,0077P00372000000,"223 KENNEDY AVE, Pittsburgh, PA 15214",15214,Condemned/Dead End Property,2020-09-02,Fail,2,0077P00372000000,Active,40.4739901307,-80.0113283047,Perry South,6,26
625985,0174N00278000000,"7313 SUSQUEHANNA ST, Pittsburgh, 15208",15208,Condemned/Dead End Property,2020-07-22,Fail,2,0174N00278000000,Active,40.4529762479,-79.8958440683,Homewood South,9,13
625986,0095M00032000000,"19 CARRICK AVE, Pittsburgh, 15210",15210,Condemned/Dead End Property,2024-06-27,Fail,1,0095M00032000000,Active,40.3878133551,-79.9833197209,Carrick,4,29
625987,0045N00229000000,"2325 ATMORE ST, Pittsburgh, 15212",15212,Condemned/Dead End Property,2024-04-11,Pass,0,0045N00229000000,Active,40.4629879824,-80.0307602247,Marshall-Shadeland,6,27
625988,0075M00337000000,"143 LECKY AVE, Pittsburgh, PA 15212",15212,Condemned/Dead End Property,2022-07-19,Fail,2,0075M00337000000,Active,40.4756823814,-80.0330295988,Marshall-Shadeland,6,27
625989,0011E00175000000,"219 LOMBARD ST, Pittsburgh, 15219",15219,Condemned/Dead End Property,2024-01-12,Fail,2,0011E00175000000,Active,40.4396612712,-79.9790487276,Crawford-Roberts,6,3
625990,0023C00159000000,"1708 MEADVILLE ST, Pittsburgh, 15214",15214,Condemned/Dead End Property,2026-04-21,Fail,3,0023C00159000000,Active,40.4614640096,-80.0051058307,Fineview,1,25
625991,0023C00159000000,"1708 MEADVILLE ST, Pittsburgh, 15214",15214,Condemned/Dead End Property,2026-04-21,Fail,2,0023C00159000000,Active,40.4614640096,-80.0051058307,Fineview,1,25
625992,0044D00006000000,"1351 OAKHILL ST, Pittsburgh, 15212",15212,Condemned/Dead End Property,2021-03-19,,,0044D00006000000,Active,40.4720263598,-80.0331576825,Marshall-Shadeland,6,27
625993,0044D00006000000,"1351 OAKHILL ST, Pittsburgh, 15212",15212,Condemned/Dead End Property,2021-03-19,Pass,0,0044D00006000000,Active,40.4720263598,-80.0331576825,Marshall-Shadeland,6,27
625994,0044D00006000000,"1351 OAKHILL ST, Pittsburgh, 15212",15212,Condemned/Dead End Property,2021-04-27,Fail,1,0044D00006000000,Active,40.4720263598,-80.0331576825,Marshall-Shadeland,6,27
625995,0044D00006000000,"1351 OAKHILL ST, Pittsburgh, 15212",15212,Condemned/Dead End Property,2022-08-17,,,0044D00006000000,Active,40.4720263598,-80.0331576825,Marshall-Shadeland,6,27
625996,0174G00167000000,"7350 HERMITAGE ST, Pittsburgh, 15208",15208,Condemned/Dead End Property,2025-01-06,Pass,0,0174G00167000000,Active,40.4590373029,-79.8910272338,Homewood North,9,13
625997,0011K00161000000,"2033 TUSTIN ST, Pittsburgh, 15219",15219,Condemned/Dead End Property,2024-02-29,Fail,1,0011K00161000000,Active,40.4369538805,-79.9764564252,Bluff,6,1
625998,0008H00316000000,"100 ANDERSON ST #7413, Pittsburgh, PA 15212",15212,Condemned/Dead End Property,2026-04-24,Fail,3,0008H00316000000,Active,40.4486171242,-79.9993469637,North Shore,1,23
625999,0095P00076000000,"619 OVERBROOK BLVD, Pittsburgh, PA 15210",15227,Condemned/Dead End Property,2024-01-22,Fail,2,0095P00076000000,Active,40.3848362071,-79.9947489982,Overbrook,4,32
626000,0124M00195000000,"6609 APPLE ST, Pittsburgh, PA 15206",15206,Condemned/Dead End Property,2020-07-15,Fail,3,0124M00195000000,Active,40.4665545078,-79.9024976627,Lincoln-Lemington-Belmar,9,12
626001,0124M00195000000,"6609 APPLE ST, Pittsburgh, PA 15206",15206,Condemned/Dead End Property,2020-10-19,Pass,0,0124M00195000000,Active,40.4665545078,-79.9024976627,Lincoln-Lemington-Belmar,9,12
626002,0077G00167000000,"139 CHICAGO ST, Pittsburgh, PA 15214",15214,Condemned/Dead End Property,2020-07-27,Fail,3,0077G00167000000,Active,40.4774619161,-80.0047670334,Northview Heights,1,26
626003,0014F00322000000,No primary address specified,15210,Condemned/Dead End Property,2020-12-09,,,0014F00322000000,Active,40.419320763,-79.9920928911,Allentown,3,18
626004,0014F00322000000,No primary address specified,15210,Condemned/Dead End Property,2023-02-06,Pass,0,0014F00322000000,Active,40.419320763,-79.9920928911,Allentown,3,18
626005,0024C00150000000,"1238 HIGH ST, Pittsburgh, 15212",15212,Condemned/Dead End Property,2025-09-18,Fail,3,0024C00150000000,Active,40.4611642539,-79.9903527784,Spring Garden,1,24
626006,0050K00333000000,"5011 PENN AVE, Pittsburgh, PA 15224",15224,Condemned/Dead End Property,2020-06-10,Fail,2,0050K00333000000,Active,40.4653013288,-79.9435445589,Garfield,9,10
626007,0174M00317000000,No primary address specified,15221,Condemned/Dead End Property,2026-03-20,,,0174M00317000000,Active,40.4560207108,-79.8868476507,Homewood North,9,13
626008,0046P00109000000,"1942 LITHGOW AVE, Pittsburgh, PA 15214",15214,Condemned/Dead End Property,2023-05-26,Fail,1,0046P00109000000,Active,40.4631338157,-80.0101546436,Perry South,6,25
626009,0046P00109000000,"1942 LITHGOW AVE, Pittsburgh, PA 15214",15214,Condemned/Dead End Property,2026-03-05,Fail,1,0046P00109000000,Active,40.4631338157,-80.0101546436,Perry South,6,25
626010,0174M00169000000,No primary address specified,15221,Condemned/Dead End Property,2020-10-19,Pass,0,0174M00169000000,Active,40.4569946512,-79.8840096176,Homewood North,9,13
626011,0046N00363000000,"611 RIDGEWOOD ST, Pittsburgh, 15214",15214,Condemned/Dead End Property,2026-09-01,,,0046N00363000000,Active,40.4624715671,-80.0159149079,Perry South,6,25
626012,0013L00207000000,"2506 ARLINGTON AVE, Pittsburgh, 15210",15210,Condemned/Dead End Property,2020-08-21,Fail,3,0013L00207000000,Active,40.4173836506,-79.9710076622,Arlington,3,16
626013,0013L00207000000,"2506 ARLINGTON AVE, Pittsburgh, 15210",15210,Condemned/Dead End Property,2023-02-17,Pass,0,0013L00207000000,Active,40.4173836506,-79.9710076622,Arlington,3,16
626014,0049N00170000000,"3437 LIGONIER ST, Pittsburgh, 15201",15201,Condemned/Dead End Property,2026-04-16,Fail,3,0049N00170000000,Active,40.4629829062,-79.9656499746,Lower Lawrenceville,7,6
626015,0026E00214000000,"3326 RUTHVEN ST, Pittsburgh, 15219",15219,Condemned/Dead End Property,2020-05-26,Fail,1,0026E00214000000,Active,40.4594605104,-79.9642046386,Polish Hill,7,6
626016,0019B00210000000,No primary address specified,15220,Condemned/Dead End Property,2024-05-06,Pass,0,0019B00210000000,Active,40.4415507508,-80.0434663588,Elliott,2,20
626017,0010D00053000000,"2710 BEDFORD AVE, Pittsburgh, 15219",15219,Condemned/Dead End Property,2020-07-09,Fail,2,0010D00053000000,Active,40.4516573603,-79.9698826277,Bedford Dwellings,6,5
626018,0077N00329000000,"131 HAWKINS AVE, Pittsburgh, 15214",15214,Condemned/Dead End Property,2025-08-01,Fail,2,0077N00329000000,Active,40.4722189006,-80.014244357,Perry South,6,26
626019,0174F00062000000,"7220 HERMITAGE ST, Pittsburgh, 15208",15208,Condemned/Dead End Property,2020-08-18,Fail,2,0174F00062000000,Active,40.4597763217,-79.8942864476,Homewood North,9,13
626020,0076K00218000000,No primary address specified,15212,Condemned/Dead End Property,2022-06-17,Pass,0,0076K00218000000,Active,40.4767024706,-80.0283792734,Marshall-Shadeland,1,27
626021,0011J00153000000,"1908 FORBES AVE, Pittsburgh, PA 15219",15219,Condemned/Dead End Property,2023-03-24,Pass,0,0011J00153000000,Active,40.4372299231,-79.9791453593,Bluff,6,1
626022,0047N00123000000,"57 LAREDA ST, Pittsburgh, 15212",15212,Condemned/Dead End Property,2021-10-25,Fail,3,0047N00123000000,Active,40.4627228368,-79.9973130668,Spring Hill-City View,1,24
626023,0047N00123000000,"57 LAREDA ST, Pittsburgh, 15212",15212,Condemned/Dead End Property,2023-12-06,Pass,0,0047N00123000000,Active,40.4627228368,-79.9973130668,Spring Hill-City View,1,24
626024,0045B00037000000,"2915 STAYTON ST, Pittsburgh, PA 15212",15212,Condemned/Dead End Property,2025-07-22,Pass,0,0045B00037000000,Active,40.4714500087,-80.0282032444,Marshall-Shadeland,6,27
626025,0175H00128000000,"7935 TIOGA ST, Pittsburgh, 15208",15221,Condemned/Dead End Property,2022-03-21,Fail,3,0175H00128000000,Active,40.4498391126,-79.8854827159,Homewood South,9,13
626026,0014F00272000000,"831 LOYAL Way, Pittsburgh, PA 15210",15210,Condemned/Dead End Property,2020-07-28,Fail,2,0014F00272000000,Active,40.4198118944,-79.9924557316,Allentown,3,18
626027,0014F00272000000,"831 LOYAL Way, Pittsburgh, PA 15210",15210,Condemned/Dead End Property,2023-12-22,Fail,1,0014F00272000000,Active,40.4198118944,-79.9924557316,Allentown,3,18
626028,0124S00143000000,"6812 LYRIC ST, Pittsburgh, 15206",15206,Condemned/Dead End Property,2024-02-09,Fail,2,0124S00143000000,Active,40.4631053325,-79.9030626683,Homewood West,9,12
626029,0010D00156000000,No primary address specified,15219,Condemned/Dead End Property,2022-05-23,,,0010D00156000000,Active,40.4514031376,-79.9689459693,Middle Hill,6,5
626030,0020L00221000000,"1018 UVILLA ST, Pittsburgh, 15220",15220,Condemned/Dead End Property,2022-11-29,Pass,0,0020L00221000000,Active,40.4461698738,-80.0386565171,Elliott,2,20
626031,0020L00052000000,"1206 LAKEWOOD ST, Pittsburgh, PA 15220",15220,Condemned/Dead End Property,2021-06-03,Fail,2,0020L00052000000,Active,40.4470897046,-80.0408085362,Elliott,2,20
626032,0022B00132000000,No primary address specified,15212,Condemned/Dead End Property,2021-01-29,Pass,0,0022B00132000000,Active,40.4614461855,-80.0263815554,California-Kirkbride,6,21
626033,0010F00144000B00,"2239 BLOOMER Way, Pittsburgh, 15219",15219,Condemned/Dead End Property,2026-08-25,Fail,1,0010F00144000B00,Active,40.4485080501,-79.9767481248,Middle Hill,6,5
626034,0042S00016000000,"2791 BERGMAN ST, Pittsburgh, PA 15204",15204,Condemned/Dead End Property,2020-08-21,Fail,1,0042S00016000000,Active,40.4541732803,-80.0528670523,Sheraden,2,20
626035,0014P00116000000,No primary address specified,15210,Condemned/Dead End Property,2024-04-01,Pass,0,0014P00116000000,Active,40.4152758838,-79.9922972575,Knoxville,3,30
626036,0174G00013000000,"7419 RACE ST, Pittsburgh, 15208",15208,Condemned/Dead End Property,2020-09-08,Fail,1,0174G00013000000,Active,40.4578296808,-79.8903534468,Homewood North,9,13
626037,0174G00013000000,"7419 RACE ST, Pittsburgh, 15208",15208,Condemned/Dead End Property,2026-04-17,,,0174G00013000000,Active,40.4578296808,-79.8903534468,Homewood North,9,13
626038,0042C00087000000,"228 OREGON ST, Pittsburgh, 15204",15204,Condemned/Dead End Property,2022-11-10,Fail,1,0042C00087000000,Active,40.4623005792,-80.0542670248,Esplen,2,20
626039,0076P00103000000,No primary address specified,15212,Condemned/Dead End Property,2022-10-03,,,0076P00103000000,Active,40.4743308247,-80.0284795633,Marshall-Shadeland,6,27
626040,0033P00265000000,"35 CEDRICTON ST, Pittsburgh, 15210",15210,Condemned/Dead End Property,2020-08-12,Fail,2,0033P00265000000,Active,40.4046351491,-79.9923218703,Carrick,4,29
626041,0042J00205000000,"1111 STANHOPE ST, Pittsburgh, 15204",15204,Condemned/Dead End Property,2021-02-09,Fail,1,0042J00205000000,Active,40.456184871,-80.064073962,Sheraden,2,20
626042,0042J00205000000,"1111 STANHOPE ST, Pittsburgh, 15204",15204,Condemned/Dead End Property,2022-10-10,Pass,0,0042J00205000000,Active,40.456184871,-80.064073962,Sheraden,2,20
626043,0124C00036000000,"6401 CLIFFORD ST, Pittsburgh, 15206",15206,Condemned/Dead End Property,2026-04-17,,,0124C00036000000,Active,40.4697937731,-79.9050512447,Lincoln-Lemington-Belmar,9,12
626044,0024F00159000A00,"1042 SPRING GARDEN AVE, Pittsburgh, 15212",15212,Condemned/Dead End Property,2026-03-23,Fail,2,0024F00159000A00,Active,40.4595531707,-79.993791745,Spring Garden,1,23
626045,0125L00035000000,"6912 KELLY ST, Pittsburgh, 15208",15208,Condemned/Dead End Property,2022-01-11,Fail,3,0125L00035000000,Active,40.4568159949,-79.9038397809,Homewood West,9,12
626046,0015M00312000000,No primary address specified,15210,Condemned/Dead End Property,2023-01-17,Pass,0,0015M00312000000,Active,40.4164013946,-80.0032425833,Beltzhoover,3,18
626047,0046C00304000000,"2453 LYZELL ST, Pittsburgh, 15214",15214,Condemned/Dead End Property,2020-09-03,Fail,2,0046C00304000000,Active,40.470096916,-80.0061230014,Perry South,6,26
626048,0046C00304000000,"2453 LYZELL ST, Pittsburgh, 15214",15214,Condemned/Dead End Property,2026-04-22,Pass,0,0046C00304000000,Active,40.470096916,-80.0061230014,Perry South,6,26
626049,0013M00218000000,"111 COLOGNE ST, Pittsburgh, 15210",15210,Condemned/Dead End Property,2023-08-31,Fail,2,0013M00218000000,Active,40.4170478275,-79.9693525004,Arlington,3,16
626050,0046N00286000000,"18 DIVINITY ST, Pittsburgh, 15214",15214,Condemned/Dead End Property,2020-08-27,Fail,3,0046N00286000000,Active,40.4630270771,-80.0120741908,Perry South,6,25
626051,0174K00365000000,"708 STERRETT ST, Pittsburgh, 15208",15208,Condemned/Dead End Property,2022-04-07,Fail,2,0174K00365000000,Active,40.4553716979,-79.8945488603,Homewood South,9,13
626052,0174K00365000000,"708 STERRETT ST, Pittsburgh, 15208",15208,Condemned/Dead End Property,2024-04-09,,,0174K00365000000,Active,40.4553716979,-79.8945488603,Homewood South,9,13
626053,0011A00171000000,"327 DINWIDDIE ST, Pittsburgh, PA 15219",15219,Condemned/Dead End Property,2023-03-22,Fail,1,0011A00171000000,Active,40.4420618719,-79.9806872961,Crawford-Roberts,6,3
626054,0060B00104000000,"27 MINOOKA ST, Pittsburgh, 15210",15210,Condemned/Dead End Property,2020-08-12,Fail,2,0060B00104000000,Active,40.403939551,-79.991459461,Carrick,4,29
626055,0060B00104000000,"27 MINOOKA ST, Pittsburgh, 15210",15210,Condemned/Dead End Property,2020-11-20,Pass,0,0060B00104000000,Active,40.403939551,-79.991459461,Carrick,4,29
626056,0047C00003000000,"2322 SPRING GARDEN AVE, Pittsburgh, 15212",15212,Condemned/Dead End Property,2026-07-07,Fail,2,0047C00003000000,Active,40.4719451613,-79.9870478172,Spring Garden,1,26
626057,0009D00015000000,"1700 SMALLMAN ST, Pittsburgh, PA 15222",15222,Condemned/Dead End Property,2026-08-25,Fail,2,0009D00015000000,Active,40.4503175103,-79.9862475072,Strip District,1,2
626058,0015L00084000000,"85 SYLVANIA AVE, Pittsburgh, 15210",15210,Condemned/Dead End Property,2023-11-06,Pass,0,0015L00084000000,Active,40.417361779,-80.0064801388,Beltzhoover,3,18
626059,0173P00071000000,No primary address specified,15206,Condemned/Dead End Property,2026-08-28,,,0173P00071000000,Active,40.4630417694,-79.8914966429,Lincoln-Lemington-Belmar,9,12
626060,0173N00319000000,"7115 UPLAND ST, Pittsburgh, 15208",15208,Condemned/Dead End Property,2020-05-29,Fail,2,0173N00319000000,Active,40.4628248667,-79.8968659355,Homewood North,9,13
626061,0050N00135000000,"252 EDMOND ST, Pittsburgh, 15224",15224,Condemned/Dead End Property,2020-06-25,Fail,1,0050N00135000000,Active,40.4637437561,-79.9478488662,Bloomfield,7,8
626062,0050N00135000000,"252 EDMOND ST, Pittsburgh, 15224",15224,Condemned/Dead End Property,2022-12-08,Pass,0,0050N00135000000,Active,40.4637437561,-79.9478488662,Bloomfield,7,8
626063,0019M00096000000,"400 GREENTREE RD, Pittsburgh, 15220",15220,Condemned/Dead End Property,2024-04-29,Fail,2,0019M00096000000,Active,40.4358827324,-80.034021998,West End,2,20
626064,0075S00146000000,"3140 MCCLURE AVE, Pittsburgh, 15212",15212,Condemned/Dead End Property,2020-09-04,Fail,2,0075S00146000000,Active,40.4727092763,-80.0360108024,Marshall-Shadeland,6,27
626065,0173N00087000000,"7101 APPLE ST, Pittsburgh, PA 15206",15206,Condemned/Dead End Property,2020-07-31,Fail,2,0173N00087000000,Active,40.4639106153,-79.8955166895,Lincoln-Lemington-Belmar,9,12
626066,0020S00171000000,"709 ELKTON ST, Pittsburgh, 15220",15220,Condemned/Dead End Property,2020-08-28,Fail,2,0020S00171000000,Active,40.4448936298,-80.0342044835,Elliott,2,20
626067,0027B00298000000,"820 1/2 CHEROKEE ST, Pittsburgh, 15219",15219,Condemned/Dead End Property,2023-05-26,Fail,3,0027B00298000000,Active,40.4511016333,-79.9602105204,Upper Hill,6,5
626068,0015L00057000B00,"72 LAFFERTY AVE, Pittsburgh, 15210",15210,Condemned/Dead End Property,2025-10-28,Fail,2,0015L00057000B00,Active,40.4176060713,-80.0071261004,Beltzhoover,3,18
626069,0045A00208000000,"3002 SHADELAND AVE, Pittsburgh, 15212",15212,Condemned/Dead End Property,2020-09-09,Fail,2,0045A00208000000,Active,40.4717478668,-80.0305787719,Marshall-Shadeland,6,27
626070,0045A00208000000,"3002 SHADELAND AVE, Pittsburgh, 15212",15212,Condemned/Dead End Property,2025-03-25,Pass,0,0045A00208000000,Active,40.4717478668,-80.0305787719,Marshall-Shadeland,6,27
626071,0010G00213000000,"637 DUFF ST, Pittsburgh, 15219",15219,Condemned/Dead End Property,2021-03-17,Fail,2,0010G00213000000,Active,40.4486991497,-79.9732978011,Middle Hill,6,5
626072,0010G00213000000,"637 DUFF ST, Pittsburgh, 15219",15219,Condemned/Dead End Property,2021-08-04,Fail,1,0010G00213000000,Active,40.4486991497,-79.9732978011,Middle Hill,6,5
626073,0010G00213000000,"637 DUFF ST, Pittsburgh, 15219",15219,Condemned/Dead End Property,2024-05-09,Fail,1,0010G00213000000,Active,40.4486991497,-79.9732978011,Middle Hill,6,5
626074,0024K00037000000,"868 PHINEAS ST, Pittsburgh, 15212",15212,Condemned/Dead End Property,2020-09-08,Fail,1,0024K00037000000,Active,40.4554979464,-79.9949581274,East Allegheny,1,23
626075,0047F00163000000,"1347 ROMANHOFF ST, Pittsburgh, 15212",15212,Condemned/Dead End Property,2026-08-17,Fail,1,0047F00163000000,Active,40.4695135999,-79.9926613005,Spring Hill-City View,1,26
626076,0014P00040000000,No primary address specified,15210,Condemned/Dead End Property,2023-09-01,,,0014P00040000000,Active,40.4160684015,-79.9928548459,Knoxville,3,30
626077,0056G00015000000,"344 FLOWERS AVE, Pittsburgh, 15207",15207,Condemned/Dead End Property,2024-10-18,Fail,2,0056G00015000000,Active,40.4113748956,-79.9392037548,Hazelwood,5,15
626078,0015S00064000000,No primary address specified,15210,Condemned/Dead End Property,2025-07-01,Pass,0,0015S00064000000,Active,40.4157030514,-79.9999174972,Beltzhoover,3,18
626079,0124D00175000000,"1277 NELSON ST, Pittsburgh, 15206",15206,Condemned/Dead End Property,2021-09-16,Fail,2,0124D00175000000,Active,40.4702815282,-79.9016235713,Lincoln-Lemington-Belmar,9,12
626080,0023F00114000000,"257 E JEFFERSON ST, Pittsburgh, 15212",15212,Condemned/Dead End Property,2023-05-26,Pass,0,0023F00114000000,Active,40.4587413853,-80.0118237378,Central Northside,1,25
626081,0023F00114000000,"257 E JEFFERSON ST, Pittsburgh, 15212",15212,Condemned/Dead End Property,2026-02-20,Fail,1,0023F00114000000,Active,40.4587413853,-80.0118237378,Central Northside,1,25
626082,0010K00125000000,"615 PERRY ST, Pittsburgh, 15219",15219,Condemned/Dead End Property,2026-04-14,Fail,3,0010K00125000000,Active,40.4460281774,-79.9778644913,Middle Hill,6,5
626083,0046G00031000000,"214 E MCINTYRE AVE, Pittsburgh, PA 15214",15214,Condemned/Dead End Property,2024-08-23,Pass,0,0046G00031000000,Active,40.4691552321,-80.0074604317,Perry South,6,26
626084,0114P00078000000,"2020 TERMON AVE, Pittsburgh, 15212",15212,Condemned/Dead End Property,2026-04-17,Pass,0,0114P00078000000,Active,40.4831086115,-80.0451553068,Brighton Heights,1,27
626085,0174S00211000000,No primary address specified,15221,Condemned/Dead End Property,2022-07-28,Pass,0,0174S00211000000,Active,40.4550425677,-79.8832567429,East Hills,9,13
626086,0174F00125000000,"7241 MONTICELLO ST, Pittsburgh, 15208",15208,Condemned/Dead End Property,2022-04-25,Fail,2,0174F00125000000,Active,40.4592653383,-79.8934628009,Homewood North,9,13
626087,0174F00125000000,"7241 MONTICELLO ST, Pittsburgh, 15208",15208,Condemned/Dead End Property,2024-04-09,,,0174F00125000000,Active,40.4592653383,-79.8934628009,Homewood North,9,13
626088,0174F00125000000,"7241 MONTICELLO ST, Pittsburgh, 15208",15208,Condemned/Dead End Property,2026-03-23,Pass,0,0174F00125000000,Active,40.4592653383,-79.8934628009,Homewood North,9,13
626089,0042D00039000000,No primary address specified,15204,Condemned/Dead End Property,2022-10-10,Pass,0,0042D00039000000,Active,40.4619122179,-80.052874844,Esplen,2,20
626090,0023E00190000000,"1607 MONTEREY ST, Pittsburgh, PA 15212",15212,Condemned/Dead End Property,2025-02-17,Pass,0,0023E00190000000,Active,40.4584065563,-80.0140232344,Central Northside,1,25
626091,0015K00101000000,"213 BOGGSTON AVE, Pittsburgh, 15210",15210,Condemned/Dead End Property,2020-07-30,Fail,2,0015K00101000000,Active,40.4186846369,-80.0089642357,Beltzhoover,3,18
626092,0046S00223000000,"22 SPRAIN ST, Pittsburgh, 15212",15212,Condemned/Dead End Property,2020-09-09,Fail,3,0046S00223000000,Active,40.4627606944,-80.0009560215,Fineview,1,25
626093,0046S00223000000,"22 SPRAIN ST, Pittsburgh, 15212",15212,Condemned/Dead End Property,2025-10-28,Pass,0,0046S00223000000,Active,40.4627606944,-80.0009560215,Fineview,1,25
626094,0007D00001000000,"1018 BIDWELL ST, Pittsburgh, PA 15233",15233,Condemned/Dead End Property,2023-02-16,Fail,1,0007D00001000000,Active,40.4527117586,-80.0202609895,Manchester,6,21
626095,0056N00061000000,"5150 CHAPLAIN Way, Pittsburgh, 15207",15207,Condemned/Dead End Property,2025-08-06,Pass,0,0056N00061000000,Active,40.4054629213,-79.945774753,Hazelwood,5,15
626096,0173N00288000B00,"1500 N MURTLAND ST, Pittsburgh, 15208",15208,Condemned/Dead End Property,2021-09-10,Pass,0,0173N00288000B00,Active,40.4632065522,-79.8990559725,Homewood North,9,13
626097,0173N00288000B00,"1500 N MURTLAND ST, Pittsburgh, 15208",15208,Condemned/Dead End Property,2026-05-22,Fail,1,0173N00288000B00,Active,40.4632065522,-79.8990559725,Homewood North,9,13
626098,0026N00117000000,No primary address specified,15219,Condemned/Dead End Property,2021-06-14,Pass,0,0026N00117000000,Active,40.4544831098,-79.9631558376,Upper Hill,6,5
626099,0124R00359000000,No primary address specified,15206,Condemned/Dead End Property,2026-02-25,,,0124R00359000000,Active,40.4647900128,-79.9042947632,Lincoln-Lemington-Belmar,9,12
626100,0047E00019000000,"929 SOUTH SIDE AVE, Pittsburgh, PA 15212",15212,Condemned/Dead End Property,2026-08-11,Fail,1,0047E00019000000,Active,40.4696558371,-79.9981884413,Spring Hill-City View,1,26
626101,0173N00376000000,"7019 MOUNT VERNON ST, Pittsburgh, PA 15208",15208,Condemned/Dead End Property,2020-09-04,Fail,2,0173N00376000000,Active,40.4625621881,-79.8987357441,Homewood North,9,13
626102,0173L00084000000,"1521 OBERLIN ST, Pittsburgh, 15206",15206,Condemned/Dead End Property,2020-10-19,Pass,0,0173L00084000000,Active,40.4660765264,-79.8903398094,Lincoln-Lemington-Belmar,9,12
626103,0173L00084000000,"1521 OBERLIN ST, Pittsburgh, 15206",15206,Condemned/Dead End Property,2023-06-07,Fail,3,0173L00084000000,Active,40.4660765264,-79.8903398094,Lincoln-Lemington-Belmar,9,12
626104,0173J00229000000,"1323 GROTTO ST, Pittsburgh, 15206",15206,Condemned/Dead End Property,2021-04-09,Fail,2,0173J00229000000,Active,40.4667214879,-79.8965707354,Lincoln-Lemington-Belmar,9,12
626105,0173J00229000000,"1323 GROTTO ST, Pittsburgh, 15206",15206,Condemned/Dead End Property,2022-07-19,Pass,0,0173J00229000000,Active,40.4667214879,-79.8965707354,Lincoln-Lemington-Belmar,9,12
626106,0056J00136000000,"8 TECUMSEH ST, Pittsburgh, 15207",15207,Condemned/Dead End Property,2025-02-21,Fail,1,0056J00136000000,Active,40.4077123275,-79.9471104678,Hazelwood,5,15
626107,0042P00025000000,"1010 SUTHERLAND ST, Pittsburgh, 15204",15204,Condemned/Dead End Property,2024-12-23,Fail,2,0042P00025000000,Active,40.4548174065,-80.0610470028,Sheraden,2,20
626108,0010G00359000000,No primary address specified,15219,Condemned/Dead End Property,2021-06-16,Pass,0,0010G00359000000,Active,40.4490168593,-79.9744360505,Middle Hill,6,5
626109,0011K00170000000,"210 SENECA ST, Pittsburgh, 15219",15219,Condemned/Dead End Property,2022-03-31,Fail,1,0011K00170000000,Active,40.4369683213,-79.976191062,Bluff,6,1
626110,0060B00100000000,"33 MINOOKA ST, Pittsburgh, 15210",15210,Condemned/Dead End Property,2026-06-10,Fail,1,0060B00100000000,Active,40.403881261,-79.9917422206,Carrick,4,29
626111,0116L00166000000,"3523 COLBY ST, Pittsburgh, 15214",15214,Condemned/Dead End Property,2023-10-09,Pass,0,0116L00166000000,Active,40.4853549733,-80.0049833187,Summer Hill,1,26
626112,0116L00166000000,"3523 COLBY ST, Pittsburgh, 15214",15214,Condemned/Dead End Property,2024-03-21,Fail,3,0116L00166000000,Active,40.4853549733,-80.0049833187,Summer Hill,1,26
626113,0174K00362000000,"718 STERRETT ST, Pittsburgh, PA 15208",15208,Condemned/Dead End Property,2020-09-09,Fail,2,0174K00362000000,Active,40.4556230646,-79.894456048,Homewood South,9,13
626114,0002G00058000000,"1315 5TH AVE, Pittsburgh, PA 15219",15219,Condemned/Dead End Property,2020-06-29,Fail,2,0002G00058000000,Active,40.4388724575,-79.9875493127,Crawford-Roberts,6,3
626115,0046E00070000000,"2622 N CHARLES ST, Pittsburgh, PA 15214",15214,Condemned/Dead End Property,2022-10-31,Pass,0,0046E00070000000,Active,40.4684881588,-80.014938584,Perry South,6,26
626116,0086P00106000000,"5648 BEACON ST, Pittsburgh, 15217",15217,Condemned/Dead End Property,2024-03-14,Fail,1,0086P00106000000,Active,40.4341168303,-79.9256334057,Squirrel Hill South,5,14
626117,0014N00085000000,"454 MICHIGAN ST, Pittsburgh, 15210",15210,Condemned/Dead End Property,2020-06-29,Fail,1,0014N00085000000,Active,40.4157339882,-79.9982812135,Beltzhoover,3,18
626118,0114M00145000A00,"1240 BENTON AVE, Pittsburgh, 15212",15212,Condemned/Dead End Property,2024-03-01,Fail,1,0114M00145000A00,Active,40.4853701634,-80.0348675989,Brighton Heights,1,27
626119,0114M00145000A00,"1240 BENTON AVE, Pittsburgh, 15212",15212,Condemned/Dead End Property,2024-03-01,Fail,1,0114M00145000A00,Active,40.4853701634,-80.0348675989,Brighton Heights,1,27
626120,0019G00104000000,"507 HARKER ST, Pittsburgh, 15220",15220,Condemned/Dead End Property,2026-02-23,,,0019G00104000000,Active,40.4392641836,-80.0375900175,Elliott,2,20
626121,0023J00297000000,"1244 BUENA VISTA ST, Pittsburgh, PA 15212",15212,Condemned/Dead End Property,2020-07-27,Fail,2,0023J00297000000,Active,40.4560074489,-80.0140464422,Central Northside,1,22
626122,0124P00271000000,"6506 SHETLAND ST, Pittsburgh, 15206",15206,Condemned/Dead End Property,2020-06-22,Pass,0,0124P00271000000,Active,40.4631362516,-79.9090741676,Larimer,9,12
626123,0124P00271000000,"6506 SHETLAND ST, Pittsburgh, 15206",15206,Condemned/Dead End Property,2025-10-02,Pass,0,0124P00271000000,Active,40.4631362516,-79.9090741676,Larimer,9,12
626124,0095R00370000000,"2362 ALMONT ST, Pittsburgh, 15210",15210,Condemned/Dead End Property,2020-08-20,Fail,1,0095R00370000000,Active,40.385747408,-79.9871095188,Carrick,4,29
626125,0095R00370000000,"2362 ALMONT ST, Pittsburgh, 15210",15210,Condemned/Dead End Property,2024-01-12,Fail,2,0095R00370000000,Active,40.385747408,-79.9871095188,Carrick,4,29
626126,0076P00042000000,"1039 SMITHTON AVE, Pittsburgh, 15212",15212,Condemned/Dead End Property,2026-04-17,Fail,1,0076P00042000000,Active,40.47395898,-80.0263603945,Marshall-Shadeland,6,27
626127,0012F00127000000,"1925 E CARSON ST, Pittsburgh, PA 15203",15203,Condemned/Dead End Property,2022-12-13,Fail,1,0012F00127000000,Active,40.4288964917,-79.978091203,South Side Flats,3,17
626128,0012F00127000000,"1925 E CARSON ST, Pittsburgh, PA 15203",15203,Condemned/Dead End Property,2023-03-16,Fail,2,0012F00127000000,Active,40.4288964917,-79.978091203,South Side Flats,3,17
626129,0014G00193000000,"911 CLIMAX ST, Pittsburgh, 15210",15210,Condemned/Dead End Property,2024-09-20,Pass,0,0014G00193000000,Active,40.4202692336,-79.9899410341,Allentown,3,18
626130,0050F00130000000,"5120 ROSETTA ST, Pittsburgh, 15224",15224,Condemned/Dead End Property,2020-06-15,Fail,3,0050F00130000000,Active,40.4676534505,-79.9412426522,Garfield,9,10
626131,0076K00077000000,"1047 GRAND AVE, Pittsburgh, PA 15212",15212,Condemned/Dead End Property,2025-03-25,Pass,0,0076K00077000000,Active,40.4746265718,-80.0269726534,Marshall-Shadeland,6,27
626132,0014L00152000000,No primary address specified,15210,Condemned/Dead End Property,2020-11-16,Pass,0,0014L00152000000,Active,40.417176674,-79.9889719415,Knoxville,3,30
626133,0046G00143000000,No primary address specified,15214,Condemned/Dead End Property,2023-08-22,,,0046G00143000000,Active,40.4675529769,-80.0048920234,Perry South,6,26
626134,0046G00238000000,"313 E MCINTYRE AVE, Pittsburgh, PA 15214",15214,Condemned/Dead End Property,2025-05-28,Fail,1,0046G00238000000,Active,40.4688995739,-80.0057667669,Perry South,6,26
626135,0019G00304000000,"508 LOVELACE ST, Pittsburgh, 15220",15220,Condemned/Dead End Property,2020-09-03,Fail,1,0019G00304000000,Active,40.4399720628,-80.0375225505,Elliott,2,20
626136,0173G00127000000,"1642 WORTHINGTON ST, Pittsburgh, 15206",15206,Condemned/Dead End Property,2020-09-10,Fail,1,0173G00127000000,Active,40.468965386,-79.8897807537,Lincoln-Lemington-Belmar,9,12
626137,0044H00087000000,No primary address specified,15212,Condemned/Dead End Property,2026-04-22,Pass,0,0044H00087000000,Active,40.4681322881,-80.0338325567,Marshall-Shadeland,6,27
626138,0124L00264000000,"6546 ROWAN ST, Pittsburgh, 15206",15206,Condemned/Dead End Property,2020-09-09,Fail,2,0124L00264000000,Active,40.4657839033,-79.9056456667,Lincoln-Lemington-Belmar,9,12
626139,0046P00276000000,"1945 LETSCHE ST, Pittsburgh, 15214",15214,Condemned/Dead End Property,2025-11-25,Fail,2,0046P00276000000,Active,40.4637309006,-80.0090111132,Fineview,6,25
626140,0033F00021000000,"220 MOORE AVE, Pittsburgh, 15210",15210,Condemned/Dead End Property,2020-09-04,Fail,2,0033F00021000000,Active,40.4112006863,-79.9914545719,Knoxville,3,30
626141,0033F00021000000,"220 MOORE AVE, Pittsburgh, 15210",15210,Condemned/Dead End Property,2024-06-26,Pass,0,0033F00021000000,Active,40.4112006863,-79.9914545719,Knoxville,3,30
626142,0057G00325000000,"137 ALLUVIAN ST, Pittsburgh, 15207",15207,Condemned/Dead End Property,2025-05-23,Fail,1,0057G00325000000,Active,40.4011742645,-79.9373194459,Hazelwood,5,15
626143,0057G00325000000,"137 ALLUVIAN ST, Pittsburgh, 15207",15207,Condemned/Dead End Property,2025-05-23,Fail,1,0057G00325000000,Active,40.4011742645,-79.9373194459,Hazelwood,5,15
626144,0023J00193000000,"700 N TAYLOR AVE, Pittsburgh, PA 15212",15212,Condemned/Dead End Property,2020-09-09,Fail,1,0023J00193000000,Active,40.4562525036,-80.0144386722,Central Northside,1,22
626145,0076J00381000000,"1315 WOODS RUN AVE, Pittsburgh, 15212",15212,Condemned/Dead End Property,2022-08-03,Fail,3,0076J00381000000,Active,40.4762451988,-80.0322394036,Marshall-Shadeland,6,27
626146,0076J00381000000,"1315 WOODS RUN AVE, Pittsburgh, 15212",15212,Condemned/Dead End Property,2026-04-17,Pass,0,0076J00381000000,Active,40.4762451988,-80.0322394036,Marshall-Shadeland,6,27
626147,0124M00316000000,"6648 HEDGE ST, Pittsburgh, 15206",15206,Condemned/Dead End Property,2020-09-01,Fail,3,0124M00316000000,Active,40.4662546993,-79.9012053946,Lincoln-Lemington-Belmar,9,12
626148,0124M00316000000,"6648 HEDGE ST, Pittsburgh, 15206",15206,Condemned/Dead End Property,2023-07-28,,,0124M00316000000,Active,40.4662546993,-79.9012053946,Lincoln-Lemington-Belmar,9,12
626149,0231B00159000000,"8607 PERSHING ST, Pittsburgh, 15235",15221,Condemned/Dead End Property,2020-09-08,Fail,2,0231B00159000000,Active,40.4610454307,-79.8760030206,East Hills,9,13
626150,0231B00159000000,"8607 PERSHING ST, Pittsburgh, 15235",15221,Condemned/Dead End Property,2024-05-01,,,0231B00159000000,Active,40.4610454307,-79.8760030206,East Hills,9,13
626151,0019L00096000000,"600 NOBLESTOWN RD, Pittsburgh, 15220",15220,Condemned/Dead End Property,2024-05-10,Fail,1,0019L00096000000,Active,40.4372822693,-80.0395418984,Elliott,2,20
626152,0124L00263000000,"6544 ROWAN ST, Pittsburgh, 15206",15206,Condemned/Dead End Property,2020-09-09,Fail,3,0124L00263000000,Active,40.4658242841,-79.9057122638,Lincoln-Lemington-Belmar,9,12
626153,0015M00296000000,"310 CHALFONT ST, Pittsburgh, 15210",15210,Condemned/Dead End Property,2026-06-11,Pass,0,0015M00296000000,Active,40.4164291789,-80.0018037237,Beltzhoover,3,18
626154,0231J00070000000,"1039 LAWNDALE ST, Pittsburgh, 15221",15221,Condemned/Dead End Property,2020-09-02,Fail,4,0231J00070000000,Active,40.4568496435,-79.8820593371,Homewood North,9,13
626155,0231J00070000000,"1039 LAWNDALE ST, Pittsburgh, 15221",15221,Condemned/Dead End Property,2024-08-02,Pass,0,0231J00070000000,Active,40.4568496435,-79.8820593371,Homewood North,9,13
626156,0175H00210000000,No primary address specified,15221,Condemned/Dead End Property,2024-10-28,Pass,0,0175H00210000000,Active,40.4490886895,-79.8837068973,East Hills,9,13
626157,0011E00256000000,"222 DINWIDDIE ST, Pittsburgh, 15219",15219,Condemned/Dead End Property,2025-04-17,Fail,2,0011E00256000000,Active,40.4397540849,-79.9804132498,Crawford-Roberts,6,3
626158,0014A00184000000,"612 EDGEMONT ST, Pittsburgh, 15210",15210,Condemned/Dead End Property,2025-07-22,Pass,0,0014A00184000000,Active,40.4222369838,-79.9968404227,Allentown,3,18
626159,0010D00254000000,"639 HOLLACE ST, Pittsburgh, 15219",15219,Condemned/Dead End Property,2020-07-23,Fail,3,0010D00254000000,Active,40.4508114076,-79.9681831071,Middle Hill,6,5
626160,0010D00254000000,"639 HOLLACE ST, Pittsburgh, 15219",15219,Condemned/Dead End Property,2022-02-15,,,0010D00254000000,Active,40.4508114076,-79.9681831071,Middle Hill,6,5
626161,0125H00335000000,"7007 BENNETT ST, Pittsburgh, 15208",15208,Condemned/Dead End Property,2020-08-21,Fail,2,0125H00335000000,Active,40.457666349,-79.9010469125,Homewood South,9,13
626162,0095C00027000000,"230 PARKFIELD ST, Pittsburgh, 15210",15210,Condemned/Dead End Property,2020-06-15,Fail,2,0095C00027000000,Active,40.3931897167,-79.9907816254,Carrick,4,29
626163,0095C00027000000,"230 PARKFIELD ST, Pittsburgh, 15210",15210,Condemned/Dead End Property,2025-02-28,Pass,0,0095C00027000000,Active,40.3931897167,-79.9907816254,Carrick,4,29
626164,0045N00011000000,No primary address specified,15212,Condemned/Dead End Property,2020-11-13,Pass,0,0045N00011000000,Active,40.4646642813,-80.0292684462,Marshall-Shadeland,6,27
626165,0002G00057000000,"1319 5TH AVE, Pittsburgh, 15219",15219,Condemned/Dead End Property,2020-09-11,Fail,3,0002G00057000000,Active,40.4388682491,-79.9874558208,Crawford-Roberts,6,3
626166,0014L00191000000,"72 KNOX AVE, Pittsburgh, PA 15210",15210,Condemned/Dead End Property,2023-11-21,Fail,1,0014L00191000000,Active,40.4168022582,-79.9904125121,Knoxville,3,30
626167,0056P00013000A00,"5204 LYTLE ST, Pittsburgh, 15207",15207,Condemned/Dead End Property,2024-10-22,Fail,1,0056P00013000A00,Active,40.4049181119,-79.9452468574,Hazelwood,5,15
626168,0010D00265000000,No primary address specified,15219,Condemned/Dead End Property,2020-10-06,Pass,0,0010D00265000000,Active,40.450378488,-79.9679145854,Middle Hill,6,5
626169,0045A00302000000,"2911 BREKER ST, Pittsburgh, 15212",15212,Condemned/Dead End Property,2021-03-19,Pass,0,0045A00302000000,Active,40.4711418133,-80.0296923627,Marshall-Shadeland,6,27
626170,0020L00252000000,"1038 LAKEWOOD ST, Pittsburgh, 15220",15220,Condemned/Dead End Property,2024-02-14,Pass,0,0020L00252000000,Active,40.4461613652,-80.0398526458,Elliott,2,20
626171,0046J00273000000,"212 CHESTER AVE, Pittsburgh, 15214",15214,Condemned/Dead End Property,2020-07-16,Fail,3,0046J00273000000,Active,40.4673205019,-80.0120166584,Perry South,6,26
626172,0077A00118000000,"3331 PERRYSVILLE AVE, Pittsburgh, 15214",15214,Condemned/Dead End Property,2026-04-17,Pass,0,0077A00118000000,Active,40.4801273053,-80.0133471504,Perry North,1,26
626173,0077A00118000000,"3331 PERRYSVILLE AVE, Pittsburgh, 15214",15214,Condemned/Dead End Property,2026-05-14,Fail,2,0077A00118000000,Active,40.4801273053,-80.0133471504,Perry North,1,26
626174,0015L00065000000,"86 LAFFERTY AVE, Pittsburgh, 15210",15210,Condemned/Dead End Property,2020-09-03,Fail,2,0015L00065000000,Active,40.4177418441,-80.006592096,Beltzhoover,3,18
626175,0081C00067000000,"4602 STANTON AVE, Pittsburgh, PA 15201",15201,Condemned/Dead End Property,2020-06-18,Fail,2,0081C00067000000,Active,40.4811012457,-79.9377086001,Stanton Heights,9,10
626176,0026N00163000000,No primary address specified,15219,Condemned/Dead End Property,2020-07-31,Pass,0,0026N00163000000,Active,40.4539485001,-79.9643193991,Upper Hill,6,5
626177,0076A00168000000,"3516 DIPLOMA ST, Pittsburgh, 15212",15212,Condemned/Dead End Property,2025-03-03,Fail,1,0076A00168000000,Active,40.4799258974,-80.0299360145,Brighton Heights,1,27
626178,0076A00168000000,"3516 DIPLOMA ST, Pittsburgh, 15212",15212,Condemned/Dead End Property,2025-03-03,Pass,0,0076A00168000000,Active,40.4799258974,-80.0299360145,Brighton Heights,1,27
626179,0076A00124000000,"3550 CAMPUS ST, Pittsburgh, 15212",15212,Condemned/Dead End Property,2025-04-29,,,0076A00124000000,Active,40.4809449608,-80.0291927419,Brighton Heights,1,27
626180,0095H00197000000,"2154 HAZELDELL ST, Pittsburgh, 15210",15210,Condemned/Dead End Property,2020-09-01,Fail,1,0095H00197000000,Active,40.391512064,-79.985762104,Carrick,4,29
626181,0095H00197000000,"2154 HAZELDELL ST, Pittsburgh, 15210",15210,Condemned/Dead End Property,2022-02-21,,,0095H00197000000,Active,40.391512064,-79.985762104,Carrick,4,29
626182,0095L00119000000,"2255 ALMONT ST, Pittsburgh, 15210",15210,Condemned/Dead End Property,2026-02-02,Pass,0,0095L00119000000,Active,40.3894876422,-79.988725349,Carrick,4,29
626183,0014B00085000000,"731 CARNIVAL Way, Pittsburgh, PA 15210",15210,Condemned/Dead End Property,2020-08-26,Fail,1,0014B00085000000,Active,40.4224385596,-79.9946967361,Allentown,3,18
626184,0023C00157000000,"1712 MEADVILLE ST, Pittsburgh, 15214",15214,Condemned/Dead End Property,2026-04-21,Fail,3,0023C00157000000,Active,40.4615769747,-80.0051494516,Fineview,1,25
626185,0011A00018000000,No primary address specified,15219,Condemned/Dead End Property,2022-11-29,Pass,0,0011A00018000000,Active,40.4416452241,-79.9825473405,Crawford-Roberts,6,3
626186,0124M00002000000,No primary address specified,15206,Condemned/Dead End Property,2020-10-14,Pass,0,0124M00002000000,Active,40.465066026,-79.9035736485,Lincoln-Lemington-Belmar,9,12
626187,0075S00268000000,"1456 GEYER AVE, Pittsburgh, 15212",15212,Condemned/Dead End Property,2024-01-03,Pass,0,0075S00268000000,Active,40.4730255574,-80.0340751016,Marshall-Shadeland,6,27
626188,0075S00268000000,"1456 GEYER AVE, Pittsburgh, 15212",15212,Condemned/Dead End Property,2024-01-03,Fail,2,0075S00268000000,Active,40.4730255574,-80.0340751016,Marshall-Shadeland,6,27
626189,0010H00236000000,"548 MORGAN ST, Pittsburgh, 15219",15219,Condemned/Dead End Property,2020-08-17,Fail,2,0010H00236000000,Active,40.4490509346,-79.9672892304,Middle Hill,6,5
626190,0010H00236000000,"548 MORGAN ST, Pittsburgh, 15219",15219,Condemned/Dead End Property,2021-02-18,Pass,0,0010H00236000000,Active,40.4490509346,-79.9672892304,Middle Hill,6,5
626191,0062L00210000000,"2437 PIONEER AVE, Pittsburgh, 15226",15226,Condemned/Dead End Property,2020-10-16,Pass,0,0062L00210000000,Active,40.3982475633,-80.022001156,Brookline,4,19
626192,0022F00066000000,"1326 ADAMS ST, Pittsburgh, 15233",15233,Condemned/Dead End Property,2020-08-20,Pass,0,0022F00066000000,Active,40.4588635596,-80.0273324273,Manchester,6,21
626193,0033R00337000000,"1138 BROWNSVILLE RD, Pittsburgh, 15210",15210,Condemned/Dead End Property,2020-08-25,Fail,3,0033R00337000000,Active,40.4043062354,-79.9907381369,Carrick,4,29
626194,0033R00337000000,"1138 BROWNSVILLE RD, Pittsburgh, 15210",15210,Condemned/Dead End Property,2024-07-22,Pass,0,0033R00337000000,Active,40.4043062354,-79.9907381369,Carrick,4,29
626195,0116F00316000000,"253 CHAPIN ST, Pittsburgh, 15214",15214,Condemned/Dead End Property,2025-01-22,Pass,0,0116F00316000000,Active,40.4889740299,-80.0079636729,Summer Hill,1,26
626196,0173L00072000000,"1520 OAKDENE ST, Pittsburgh, 15206",15206,Condemned/Dead End Property,2020-09-08,Fail,2,0173L00072000000,Active,40.466067282,-79.8906953638,Lincoln-Lemington-Belmar,9,12
626197,0173L00072000000,"1520 OAKDENE ST, Pittsburgh, 15206",15206,Condemned/Dead End Property,2024-08-14,Pass,0,0173L00072000000,Active,40.466067282,-79.8906953638,Lincoln-Lemington-Belmar,9,12
626198,0010R00021000000,"2430 REED ST, Pittsburgh, 15219",15219,Condemned/Dead End Property,2020-10-30,Fail,1,0010R00021000000,Active,40.4451530699,-79.9708562973,Terrace Village,6,5
626199,0010D00290000000,"628 HOLLACE ST, Pittsburgh, 15219",15219,Condemned/Dead End Property,2020-07-16,Fail,2,0010D00290000000,Active,40.4507247076,-79.9677352575,Middle Hill,6,5
626200,0010D00290000000,"628 HOLLACE ST, Pittsburgh, 15219",15219,Condemned/Dead End Property,2020-11-04,Fail,1,0010D00290000000,Active,40.4507247076,-79.9677352575,Middle Hill,6,5
626201,0013C00136000000,"37 HOLT ST, Pittsburgh, 15203",15203,Condemned/Dead End Property,2025-07-29,Pass,0,0013C00136000000,Active,40.4223880047,-79.9721747223,South Side Slopes,3,16
626202,0013C00136000000,"37 HOLT ST, Pittsburgh, 15203",15203,Condemned/Dead End Property,2025-07-29,Fail,1,0013C00136000000,Active,40.4223880047,-79.9721747223,South Side Slopes,3,16
626203,0020R00092000000,No primary address specified,15220,Condemned/Dead End Property,2023-05-01,,,0020R00092000000,Active,40.4434798747,-80.0404482741,Elliott,2,20
626204,0045E00142000000,No primary address specified,15212,Condemned/Dead End Property,2022-12-23,Pass,0,0045E00142000000,Active,40.4677419469,-80.0328074992,Marshall-Shadeland,6,27
626205,0010D00261000000,"625 HOLLACE ST, Pittsburgh, 15219",15219,Condemned/Dead End Property,2023-03-08,Fail,2,0010D00261000000,Active,40.4505343075,-79.9680106789,Middle Hill,6,5
626206,0011G00144000000,No primary address specified,15213,Condemned/Dead End Property,2022-04-12,,,0011G00144000000,Active,40.438749587,-79.9719460975,West Oakland,6,4
626207,0116J00091000000,"333 DUNLAP ST, Pittsburgh, 15214",15214,Condemned/Dead End Property,2020-08-31,Fail,3,0116J00091000000,Active,40.486116773,-80.0120915355,Perry North,1,26
626208,0116J00091000000,"333 DUNLAP ST, Pittsburgh, 15214",15214,Condemned/Dead End Property,2026-04-17,Pass,0,0116J00091000000,Active,40.486116773,-80.0120915355,Perry North,1,26
626209,0010K00267000000,"2240 WEBSTER AVE, Pittsburgh, 15219",15219,Condemned/Dead End Property,2020-07-23,Fail,2,0010K00267000000,Active,40.4478372643,-79.9762906029,Middle Hill,6,5
626210,0124S00141000000,"6820 LYRIC ST, Pittsburgh, 15206",15206,Condemned/Dead End Property,2020-09-03,Fail,2,0124S00141000000,Active,40.4630077932,-79.9028957214,Homewood West,9,12
626211,0124S00141000000,"6820 LYRIC ST, Pittsburgh, 15206",15206,Condemned/Dead End Property,2026-03-20,Pass,0,0124S00141000000,Active,40.4630077932,-79.9028957214,Homewood West,9,12
626212,0124M00036000000,No primary address specified,15206,Condemned/Dead End Property,2024-10-28,Pass,0,0124M00036000000,Active,40.4651817607,-79.9020634525,Lincoln-Lemington-Belmar,9,12
626213,0060N00162000000,"1721 PARKFIELD ST, Pittsburgh, 15210",15210,Condemned/Dead End Property,2020-08-24,Fail,2,0060N00162000000,Active,40.3954272787,-79.9965211857,Carrick,4,29
626214,0060N00162000000,"1721 PARKFIELD ST, Pittsburgh, 15210",15210,Condemned/Dead End Property,2023-07-07,,,0060N00162000000,Active,40.3954272787,-79.9965211857,Carrick,4,29
626215,0014P00128000000,"311 ROCHELLE ST, Pittsburgh, 15210",15210,Condemned/Dead End Property,2024-04-23,Fail,1,0014P00128000000,Active,40.4152298394,-79.9936605208,Knoxville,3,30
626216,0076K00160000000,"934 GRAND AVE, Pittsburgh, 15212",15212,Condemned/Dead End Property,2020-09-15,Fail,3,0076K00160000000,Active,40.4753970811,-80.0250086025,Marshall-Shadeland,6,27
626217,0076J00382000000,"1317 WOODS RUN AVE, Pittsburgh, 15212",15212,Condemned/Dead End Property,2022-08-03,Fail,1,0076J00382000000,Active,40.4762396453,-80.0322987994,Marshall-Shadeland,6,27
626218,0076J00382000000,"1317 WOODS RUN AVE, Pittsburgh, 15212",15212,Condemned/Dead End Property,2022-09-26,,,0076J00382000000,Active,40.4762396453,-80.0322987994,Marshall-Shadeland,6,27
626219,0030N00287000000,"222 CASTEL ST, Pittsburgh, 15210",15210,Condemned/Dead End Property,2020-12-24,Fail,3,0030N00287000000,Active,40.4158212783,-79.9641118246,Arlington Heights,3,16
626220,0030N00287000000,"222 CASTEL ST, Pittsburgh, 15210",15210,Condemned/Dead End Property,2021-08-23,Fail,1,0030N00287000000,Active,40.4158212783,-79.9641118246,Arlington Heights,3,16
626221,0174K00372000000,"710 STERRETT ST, Pittsburgh, 15208",15208,Condemned/Dead End Property,2022-04-07,Fail,2,0174K00372000000,Active,40.4554095285,-79.8945304206,Homewood South,9,13
626222,0174K00372000000,"710 STERRETT ST, Pittsburgh, 15208",15208,Condemned/Dead End Property,2024-03-28,Pass,0,0174K00372000000,Active,40.4554095285,-79.8945304206,Homewood South,9,13
626223,0174K00372000000,"710 STERRETT ST, Pittsburgh, 15208",15208,Condemned/Dead End Property,2024-04-09,,,0174K00372000000,Active,40.4554095285,-79.8945304206,Homewood South,9,13
626224,0173C00257000000,"7276 VERONA BLVD, Pittsburgh, 15235",15206,Condemned/Dead End Property,2020-09-09,Fail,2,0173C00257000000,Active,40.4708660052,-79.8886984819,Lincoln-Lemington-Belmar,9,12
626225,0055S00056000000,"4 TESLA ST, Pittsburgh, 15207",15207,Condemned/Dead End Property,2024-09-13,Fail,1,0055S00056000000,Active,40.4145242048,-79.9330468192,Hazelwood,5,15
626226,0045E00287000000,"2634 SHADELAND AVE #2, Pittsburgh, PA 15212",15212,Condemned/Dead End Property,2022-11-28,Pass,0,0045E00287000000,Active,40.4682745824,-80.0296704737,Marshall-Shadeland,6,27
626227,0046N00312000000,No primary address specified,15212,Condemned/Dead End Property,2023-07-17,,,0046N00312000000,Active,40.4627817291,-80.0132071649,Perry South,6,25
626228,0020F00122000000,"115 STEM ST, Pittsburgh, 15220",15220,Condemned/Dead End Property,2022-12-12,Fail,1,0020F00122000000,Active,40.44907929,-80.0422896564,Elliott,2,20
626229,0174M00360000000,"920 TYSON ST, Pittsburgh, 15208",15221,Condemned/Dead End Property,2020-09-09,Fail,2,0174M00360000000,Active,40.4556135271,-79.8854353751,Homewood North,9,13
626230,0174M00360000000,"920 TYSON ST, Pittsburgh, 15208",15221,Condemned/Dead End Property,2026-03-02,Pass,0,0174M00360000000,Active,40.4556135271,-79.8854353751,Homewood North,9,13
626231,0046G00256000000,"2444 HAZELTON ST, Pittsburgh, 15214",15214,Condemned/Dead End Property,2023-03-13,,,0046G00256000000,Active,40.4696896008,-80.0064288268,Perry South,6,26
626232,0046G00256000000,"2444 HAZELTON ST, Pittsburgh, 15214",15214,Condemned/Dead End Property,2023-03-13,Fail,2,0046G00256000000,Active,40.4696896008,-80.0064288268,Perry South,6,26
626233,0015S00095000000,"414 ALTHEA ST, Pittsburgh, 15210",15210,Condemned/Dead End Property,2024-02-21,Pass,0,0015S00095000000,Active,40.4141157396,-79.999655029,Beltzhoover,3,18
626234,0128N00202000000,"169 ANITA AVE, Pittsburgh, 15217",15217,Condemned/Dead End Property,2020-10-05,Fail,1,0128N00202000000,Active,40.4247383134,-79.9146405149,Squirrel Hill South,5,14
626235,0014R00235000000,"112 BAUSMAN ST, Pittsburgh, PA 15210",15210,Condemned/Dead End Property,2020-08-25,Pass,0,0014R00235000000,Active,40.4142459305,-79.9889070887,Knoxville,3,30
626236,0062G00301000000,"2316 PIONEER AVE, Pittsburgh, 15226",15226,Condemned/Dead End Property,2020-07-22,Fail,1,0062G00301000000,Active,40.3996722899,-80.0209425902,Brookline,4,19
626237,0050L00050000000,"5215 KINCAID ST, Pittsburgh, 15224",15224,Condemned/Dead End Property,2020-06-05,Fail,3,0050L00050000000,Active,40.4669663358,-79.9389896568,Garfield,9,10
626238,0056F00173000A00,"207 GLEN CALADH ST, Pittsburgh, 15207",15207,Condemned/Dead End Property,2020-08-31,Fail,1,0056F00173000A00,Active,40.4097352938,-79.941919971,Hazelwood,5,15
626239,0115C00084000000,No primary address specified,15214,Condemned/Dead End Property,2023-11-06,Pass,0,0115C00084000000,Active,40.4901724424,-80.023154985,Perry North,1,26
626240,0124S00090000000,No primary address specified,15206,Condemned/Dead End Property,2024-09-11,,,0124S00090000000,Active,40.4641393787,-79.9029953365,Lincoln-Lemington-Belmar,9,12
626241,0056L00143000000,"119 ASHTON AVE, Pittsburgh, PA 15207",15207,Condemned/Dead End Property,2020-07-24,Fail,1,0056L00143000000,Active,40.406797119,-79.9371691984,Hazelwood,5,15
626242,0060E00282000000,"1 ELLENDELL ST, Pittsburgh, PA 15210",15210,Condemned/Dead End Property,2026-01-09,Fail,1,0060E00282000000,Active,40.3994968677,-79.995476123,Carrick,4,29
626243,0042C00177000000,No primary address specified,15204,Condemned/Dead End Property,2025-08-25,Pass,0,0042C00177000000,Active,40.4619181914,-80.0550380768,Esplen,2,20
626244,0124P00100000000,"505 WINFIELD ST, Pittsburgh, 15206",15206,Condemned/Dead End Property,2024-02-08,,,0124P00100000000,Active,40.4630461557,-79.9115795446,Larimer,9,12
626245,0124P00100000000,"505 WINFIELD ST, Pittsburgh, 15206",15206,Condemned/Dead End Property,2024-02-08,Fail,2,0124P00100000000,Active,40.4630461557,-79.9115795446,Larimer,9,12
626246,0013H00071000A00,"2711 BERG ST, Pittsburgh, 15203",15203,Condemned/Dead End Property,2023-10-25,Fail,1,0013H00071000A00,Active,40.4195714905,-79.9702912483,South Side Slopes,3,16
626247,0013H00071000A00,"2711 BERG ST, Pittsburgh, 15203",15203,Condemned/Dead End Property,2026-09-01,Fail,1,0013H00071000A00,Active,40.4195714905,-79.9702912483,South Side Slopes,3,16
626248,0004P00175000000,No primary address specified,15211,Condemned/Dead End Property,2025-10-14,Pass,0,0004P00175000000,Active,40.4247827622,-80.0096759177,Mount Washington,2,19
626249,0042R00230000000,"933 CHETOPA ST, Pittsburgh, 15204",15204,Condemned/Dead End Property,2020-08-27,Fail,1,0042R00230000000,Active,40.4529111359,-80.0572384246,Sheraden,2,20
626250,0042R00230000000,"933 CHETOPA ST, Pittsburgh, 15204",15204,Condemned/Dead End Property,2022-09-07,Pass,0,0042R00230000000,Active,40.4529111359,-80.0572384246,Sheraden,2,20
626251,0033B00355000000,"340 MOORE AVE, Pittsburgh, 15210",15210,Condemned/Dead End Property,2020-09-04,Fail,2,0033B00355000000,Active,40.4118773886,-79.9946994827,Knoxville,3,30
626252,0115B00272000000,"3935 OAKDALE ST, Pittsburgh, 15214",15212,Condemned/Dead End Property,2025-04-08,Pass,0,0115B00272000000,Active,40.4893376399,-80.0271808765,Brighton Heights,1,26
626253,0115B00272000000,"3935 OAKDALE ST, Pittsburgh, 15214",15212,Condemned/Dead End Property,2026-05-14,Fail,2,0115B00272000000,Active,40.4893376399,-80.0271808765,Brighton Heights,1,26
626254,0023A00177000000,"1917 PERRYSVILLE AVE, Pittsburgh, PA 15214",15212,Condemned/Dead End Property,2020-07-08,Fail,1,0023A00177000000,Active,40.4614713652,-80.0139366616,Perry South,6,25
626255,0014L00134000000,"148 JUCUNDA ST, Pittsburgh, PA 15210",15210,Condemned/Dead End Property,2024-04-03,Pass,0,0014L00134000000,Active,40.4171843967,-79.9903338412,Knoxville,3,30
626256,0047E00331000000,"2123 LAPPE LN, Pittsburgh, 15212",15212,Condemned/Dead End Property,2025-03-25,Pass,0,0047E00331000000,Active,40.4678193277,-79.9967272295,Spring Hill-City View,1,26
626257,0055P00044000000,"4610 MONONGAHELA ST, Pittsburgh, 15207",15207,Condemned/Dead End Property,2021-02-03,Fail,1,0055P00044000000,Active,40.4145803974,-79.9446015026,Hazelwood,5,15
626258,0045B00034000000,No primary address specified,15212,Condemned/Dead End Property,2022-09-26,Pass,0,0045B00034000000,Active,40.4716009794,-80.0282527102,Marshall-Shadeland,6,27
626259,0083S00302000000,"132 AUBURN ST, Pittsburgh, 15206",15206,Condemned/Dead End Property,2023-12-04,Pass,0,0083S00302000000,Active,40.4629819063,-79.9161422658,Larimer,9,12
626260,0124G00223000000,"1130 PAULSON AVE, Pittsburgh, 15206",15206,Condemned/Dead End Property,2020-09-08,Fail,2,0124G00223000000,Active,40.4675717738,-79.9041346019,Lincoln-Lemington-Belmar,9,12
626261,0124G00223000000,"1130 PAULSON AVE, Pittsburgh, 15206",15206,Condemned/Dead End Property,2024-04-10,Pass,0,0124G00223000000,Active,40.4675717738,-79.9041346019,Lincoln-Lemington-Belmar,9,12
626262,0010K00260000000,"2228 WEBSTER AVE, Pittsburgh, 15219",15219,Condemned/Dead End Property,2026-07-16,Fail,2,0010K00260000000,Active,40.4476818936,-79.9766539755,Middle Hill,6,5
626263,0002H00076000000,"1505 5TH AVE, Pittsburgh, PA 15219",15219,Condemned/Dead End Property,2020-08-10,Fail,1,0002H00076000000,Active,40.4387527767,-79.9847644686,Crawford-Roberts,6,3
626264,0020L00033000000,"1115 LAKEWOOD ST, Pittsburgh, 15220",15220,Condemned/Dead End Property,2022-11-08,Pass,0,0020L00033000000,Active,40.4462777445,-80.0409802884,Elliott,2,20
626265,0173P00132000000,No primary address specified,15206,Condemned/Dead End Property,2025-03-11,,,0173P00132000000,Active,40.4632084992,-79.8927932172,Lincoln-Lemington-Belmar,9,12
626266,0084K00050000000,"633 COLLEGE ST, Pittsburgh, PA 15232",15232,Condemned/Dead End Property,2025-07-14,Fail,1,0084K00050000000,Active,40.4560476712,-79.9283521015,Shadyside,8,7
626267,0015L00180000000,No primary address specified,15210,Condemned/Dead End Property,2020-09-21,Pass,0,0015L00180000000,Active,40.4171005806,-80.0046339766,Beltzhoover,3,18
626268,0172R00010000000,No primary address specified,15206,Condemned/Dead End Property,2026-01-13,Pass,0,0172R00010000000,Active,40.4724865131,-79.8894716977,Lincoln-Lemington-Belmar,9,12
626269,0039E00095000000,"31 BALDWICK RD, Pittsburgh, 15205",15205,Condemned/Dead End Property,2020-08-21,Fail,2,0039E00095000000,Active,40.4293574037,-80.065135912,Oakwood,2,28
626270,0039E00095000000,"31 BALDWICK RD, Pittsburgh, 15205",15205,Condemned/Dead End Property,2023-05-01,Pass,0,0039E00095000000,Active,40.4293574037,-80.065135912,Oakwood,2,28
626271,0172R00012000000,"1733 LAPORTE ST, Pittsburgh, PA 15206",15206,Condemned/Dead End Property,2021-05-18,Fail,1,0172R00012000000,Active,40.472498061,-79.8892970203,Lincoln-Lemington-Belmar,9,12
626272,0024R00004000000,"1075 PROGRESS ST, Pittsburgh, PA 15212",15212,Condemned/Dead End Property,2026-04-29,Fail,2,0024R00004000000,Active,40.4549459982,-79.9897867279,Troy Hill,1,23
626273,0010R00136000000,No primary address specified,15219,Condemned/Dead End Property,2021-06-16,Pass,0,0010R00136000000,Active,40.4451497866,-79.9735631698,Middle Hill,6,5
626274,0124L00233000000,"6513 ROWAN ST, Pittsburgh, 15206",15206,Condemned/Dead End Property,2026-06-26,Fail,2,0124L00233000000,Active,40.4665886414,-79.9061588065,Lincoln-Lemington-Belmar,9,12
626275,0024B00247000000,No primary address specified,15212,Condemned/Dead End Property,2025-07-22,,,0024B00247000000,Active,40.4612649172,-79.9920688438,Spring Hill-City View,1,24
626276,0173A00012000000,"7107 WILTSIE ST, Pittsburgh, 15206",15206,Condemned/Dead End Property,2026-04-17,Pass,0,0173A00012000000,Active,40.4718030551,-79.8956479115,Lincoln-Lemington-Belmar,9,12
626277,0012N00243000000,"56 GREGORY ST, Pittsburgh, PA 15203",15203,Condemned/Dead End Property,2020-09-01,Fail,1,0012N00243000000,Active,40.4237733294,-79.979492263,South Side Slopes,3,17
626278,0044H00261000000,"2812 CALIFORNIA AVE, Pittsburgh, 15212",15212,Condemned/Dead End Property,2026-08-05,Fail,1,0044H00261000000,Active,40.4691456464,-80.0353600349,Marshall-Shadeland,6,27
626279,0007C00019000A00,"1215 W NORTH AVE, Pittsburgh, PA 15233",15233,Condemned/Dead End Property,2020-07-28,Fail,3,0007C00019000A00,Active,40.4524607064,-80.0229964975,Manchester,6,21
626280,0046P00186000000,"2117 FEDERAL STREET EXT, Pittsburgh, 15214",15214,Condemned/Dead End Property,2021-01-29,Fail,2,0046P00186000000,Active,40.4647403849,-80.0103497667,Perry South,6,25
626281,0045P00091000000,"1223 ISLAND AVE, Pittsburgh, 15212",15212,Condemned/Dead End Property,2020-07-21,Fail,2,0045P00091000000,Active,40.4629069905,-80.0258464567,California-Kirkbride,6,21
626282,0045P00091000000,"1223 ISLAND AVE, Pittsburgh, 15212",15212,Condemned/Dead End Property,2024-04-11,Pass,0,0045P00091000000,Active,40.4629069905,-80.0258464567,California-Kirkbride,6,21
626283,0026H00222000000,"447 CEDARVILLE ST, Pittsburgh, PA 15224",15224,Condemned/Dead End Property,2021-05-04,Fail,1,0026H00222000000,Active,40.4591594034,-79.9505808017,Bloomfield,7,8
626284,0077N00341000000,"2660 NORWOOD AVE, Pittsburgh, 15214",15214,Condemned/Dead End Property,2020-09-08,Fail,3,0077N00341000000,Active,40.4723526735,-80.0130943405,Perry South,6,26
626285,0019F00045000000,"733 WYMORE ST, Pittsburgh, 15220",15220,Condemned/Dead End Property,2020-11-20,Pass,0,0019F00045000000,Active,40.4401995922,-80.0420392132,Elliott,2,20
626286,0020A00106000000,"1461 CHARTIERS AVE, Pittsburgh, PA 15220",15220,Condemned/Dead End Property,2020-08-27,Fail,1,0020A00106000000,Active,40.4503988868,-80.0463015386,Crafton Heights,2,20
626287,0019D00202000000,"195 STEUBEN ST, Pittsburgh, PA 15220",15220,Condemned/Dead End Property,2020-09-09,Fail,2,0019D00202000000,Active,40.4412744377,-80.0357827494,West End,2,20
626288,0045N00320000000,"2415 COLORADO ST, Pittsburgh, 15212",15212,Condemned/Dead End Property,2023-08-11,Fail,1,0045N00320000000,Active,40.4643016677,-80.0320270534,Marshall-Shadeland,6,27
626289,0045N00320000000,"2415 COLORADO ST, Pittsburgh, 15212",15212,Condemned/Dead End Property,2025-08-01,,,0045N00320000000,Active,40.4643016677,-80.0320270534,Marshall-Shadeland,6,27
626290,0174P00287000000,"7340 KELLY ST, Pittsburgh, 15208",15208,Condemned/Dead End Property,2020-09-02,Fail,2,0174P00287000000,Active,40.4544423469,-79.8934610045,Homewood South,9,13
626291,0033J00026000000,"249 CONNISTON AVE, Pittsburgh, 15210",15210,Condemned/Dead End Property,2023-01-31,Pass,0,0033J00026000000,Active,40.4082365211,-79.9990985332,Bon Air,4,18
626292,0015S00136000000,"806 ESTELLA AVE, Pittsburgh, PA 15210",15210,Condemned/Dead End Property,2020-06-18,Fail,1,0015S00136000000,Active,40.4156041082,-80.0006241183,Beltzhoover,3,18
626293,0015S00136000000,"806 ESTELLA AVE, Pittsburgh, PA 15210",15210,Condemned/Dead End Property,2024-04-02,,,0015S00136000000,Active,40.4156041082,-80.0006241183,Beltzhoover,3,18
626294,0023B00065000000,"1912 LITHGOW AVE, Pittsburgh, PA 15214",15214,Condemned/Dead End Property,2023-03-27,Fail,2,0023B00065000000,Active,40.4622613863,-80.009867877,Perry South,6,25
626295,0027B00172000A00,"766 ANAHEIM ST, Pittsburgh, 15219",15219,Condemned/Dead End Property,2025-07-07,Fail,2,0027B00172000A00,Active,40.4519840336,-79.9610677006,Upper Hill,6,5
626296,0014G00342000000,"58 MOUNT OLIVER ST, Pittsburgh, PA 15210",15210,Condemned/Dead End Property,2020-09-04,Fail,1,0014G00342000000,Active,40.4198739915,-79.9877779966,South Side Slopes,3,17
626297,0014G00342000000,"58 MOUNT OLIVER ST, Pittsburgh, PA 15210",15210,Condemned/Dead End Property,2023-05-23,Pass,0,0014G00342000000,Active,40.4198739915,-79.9877779966,South Side Slopes,3,17
626298,0011F00182000000,"2031 DERUAD ST #B, Pittsburgh, PA 15219",15219,Condemned/Dead End Property,2026-06-18,Fail,1,0011F00182000000,Active,40.4386873683,-79.9757206227,West Oakland,6,4
626299,0011F00182000000,"2031 DERUAD ST #B, Pittsburgh, PA 15219",15219,Condemned/Dead End Property,2026-06-18,Fail,1,0011F00182000000,Active,40.4386873683,-79.9757206227,West Oakland,6,4
626300,0011F00182000000,"2031 DERUAD ST #B, Pittsburgh, PA 15219",15219,Condemned/Dead End Property,2026-06-18,Fail,1,0011F00182000000,Active,40.4386873683,-79.9757206227,West Oakland,6,4
626301,0011F00182000000,"2031 DERUAD ST #B, Pittsburgh, PA 15219",15219,Condemned/Dead End Property,2026-06-18,Fail,1,0011F00182000000,Active,40.4386873683,-79.9757206227,West Oakland,6,4
626302,0011F00182000000,"2031 DERUAD ST #B, Pittsburgh, PA 15219",15219,Condemned/Dead End Property,2026-06-18,Fail,1,0011F00182000000,Active,40.4386873683,-79.9757206227,West Oakland,6,4
626303,0011F00182000000,"2031 DERUAD ST #B, Pittsburgh, PA 15219",15219,Condemned/Dead End Property,2026-06-18,Fail,1,0011F00182000000,Active,40.4386873683,-79.9757206227,West Oakland,6,4
626304,0042P00055000000,"3120 UNIVERSAL ST, Pittsburgh, 15204",15204,Condemned/Dead End Property,2020-09-09,Fail,2,0042P00055000000,Active,40.4542513661,-80.0611352875,Sheraden,2,20
626305,0042P00055000000,"3120 UNIVERSAL ST, Pittsburgh, 15204",15204,Condemned/Dead End Property,2025-02-28,Pass,0,0042P00055000000,Active,40.4542513661,-80.0611352875,Sheraden,2,20
626306,0042H00090000000,"3218 STAFFORD ST, Pittsburgh, 15204",15204,Condemned/Dead End Property,2024-10-23,Fail,1,0042H00090000000,Active,40.4595609019,-80.05363582,Sheraden,2,20
626307,0124P00277000000,"532 LOWELL ST, Pittsburgh, 15206",15206,Condemned/Dead End Property,2025-08-19,Fail,2,0124P00277000000,Active,40.4630285759,-79.909425288,Larimer,9,12
626308,0124P00277000000,"532 LOWELL ST, Pittsburgh, 15206",15206,Condemned/Dead End Property,2026-04-14,Pass,0,0124P00277000000,Active,40.4630285759,-79.909425288,Larimer,9,12
626309,0045B00056000000,"2805 STAYTON ST, Pittsburgh, 15212",15212,Condemned/Dead End Property,2020-08-11,Fail,1,0045B00056000000,Active,40.4704422803,-80.027872987,Marshall-Shadeland,6,27
626310,0045B00056000000,"2805 STAYTON ST, Pittsburgh, 15212",15212,Condemned/Dead End Property,2022-08-31,,,0045B00056000000,Active,40.4704422803,-80.027872987,Marshall-Shadeland,6,27
626311,0045B00056000000,"2805 STAYTON ST, Pittsburgh, 15212",15212,Condemned/Dead End Property,2024-04-10,Pass,0,0045B00056000000,Active,40.4704422803,-80.027872987,Marshall-Shadeland,6,27
626312,0047A00186000000,"1134 FABYAN ST, Pittsburgh, PA 15212",15212,Condemned/Dead End Property,2020-11-13,Pass,0,0047A00186000000,Active,40.470761534,-79.9954240906,Spring Hill-City View,1,26
626313,0047A00186000000,"1134 FABYAN ST, Pittsburgh, PA 15212",15212,Condemned/Dead End Property,2026-07-29,Fail,2,0047A00186000000,Active,40.470761534,-79.9954240906,Spring Hill-City View,1,26
626314,0121G00088000000,"7302 BUTLER ST, Pittsburgh, 15206",15201,Condemned/Dead End Property,2021-09-16,Fail,1,0121G00088000000,Active,40.4879438216,-79.9214637006,Morningside,7,10
626315,0041A00174000000,"1403 TYNDALL ST, Pittsburgh, 15204",15204,Condemned/Dead End Property,2021-02-25,Pass,0,0041A00174000000,Active,40.4504304204,-80.0625792616,Sheraden,2,20
626316,0024F00147000000,"1026 SALTER Way, Pittsburgh, PA 15212",15212,Condemned/Dead End Property,2021-08-09,Fail,1,0024F00147000000,Active,40.4590976044,-79.9942149127,Spring Garden,1,23
626317,0124M00041000000,No primary address specified,15206,Condemned/Dead End Property,2020-11-17,Pass,0,0124M00041000000,Active,40.4653657123,-79.9023747428,Lincoln-Lemington-Belmar,9,12
626318,0091K00171000000,"85 GRANGER ST, Pittsburgh, 15207",15207,Condemned/Dead End Property,2024-09-04,Fail,1,0091K00171000000,Active,40.3893830728,-79.9275524677,New Homestead,5,31
626319,0042H00264000000,"308 MINTON ST, Pittsburgh, 15204",15204,Condemned/Dead End Property,2020-09-04,Fail,2,0042H00264000000,Active,40.4582696225,-80.0501808374,Sheraden,2,20
626320,0173E00322000000,No primary address specified,15206,Condemned/Dead End Property,2024-03-27,Pass,0,0173E00322000000,Active,40.4677011735,-79.8963437903,Lincoln-Lemington-Belmar,9,12
626321,0014L00097000000,No primary address specified,15210,Condemned/Dead End Property,2020-11-04,Pass,0,0014L00097000000,Active,40.417688907,-79.9887970384,Knoxville,3,30
626322,0070C00032000000,"3432 CLEARFIELD ST, Pittsburgh, 15204",15204,Condemned/Dead End Property,2024-09-09,Fail,1,0070C00032000000,Active,40.4525510325,-80.0720896146,Windgap,2,28
626323,0174P00175000000,"7345 HAMILTON AVE, Pittsburgh, PA 15208",15208,Condemned/Dead End Property,2020-09-01,Fail,2,0174P00175000000,Active,40.4539869127,-79.8938098346,Homewood South,9,13
626324,0174P00175000000,"7345 HAMILTON AVE, Pittsburgh, PA 15208",15208,Condemned/Dead End Property,2024-04-09,,,0174P00175000000,Active,40.4539869127,-79.8938098346,Homewood South,9,13
626325,0045B00227000000,"2709 BRIGHTON RD, Pittsburgh, 15212",15212,Condemned/Dead End Property,2022-08-17,Fail,2,0045B00227000000,Active,40.4701845584,-80.0259391694,Marshall-Shadeland,6,27
626326,0045B00227000000,"2709 BRIGHTON RD, Pittsburgh, 15212",15212,Condemned/Dead End Property,2023-10-09,Pass,0,0045B00227000000,Active,40.4701845584,-80.0259391694,Marshall-Shadeland,6,27
626327,0019D00167000000,"129 STEUBEN ST, Pittsburgh, 15220",15220,Condemned/Dead End Property,2020-09-09,Fail,2,0019D00167000000,Active,40.4421456021,-80.0333889924,West End,2,20
626328,0019D00167000000,"129 STEUBEN ST, Pittsburgh, 15220",15220,Condemned/Dead End Property,2023-11-06,Pass,0,0019D00167000000,Active,40.4421456021,-80.0333889924,West End,2,20
626329,0027A00126000000,"2952 WYLIE AVE, Pittsburgh, PA 15219",15219,Condemned/Dead End Property,2020-09-10,Pass,0,0027A00126000000,Active,40.4506919544,-79.9652716745,Middle Hill,6,5
626330,0031F00113000000,"975 BECKS RUN RD, Pittsburgh, PA 15210",15210,Condemned/Dead End Property,2022-04-12,Fail,1,0031F00113000000,Active,40.4100649385,-79.9584884896,Arlington,3,16
626331,0124P00011000B00,"172 MAXWELL Way, Pittsburgh, PA 15206",15206,Condemned/Dead End Property,2021-08-12,Fail,1,0124P00011000B00,Active,40.4646942669,-79.9115864537,Larimer,9,12
626332,0060J00142000000,"1530 NOBLES LN, Pittsburgh, PA 15210",15210,Condemned/Dead End Property,2026-05-21,Fail,1,0060J00142000000,Active,40.3977469389,-79.9979171085,Carrick,4,29
626333,0024G00006000000,"1214 VOSKAMP ST, Pittsburgh, 15212",15212,Condemned/Dead End Property,2020-09-10,Fail,1,0024G00006000000,Active,40.4597416331,-79.9909110236,Spring Garden,1,24
626334,0014E00264000000,"320 MILLBRIDGE ST, Pittsburgh, PA 15210",15210,Condemned/Dead End Property,2023-08-30,Fail,1,0014E00264000000,Active,40.4192800726,-79.9960223431,Allentown,3,18
626335,0124L00107000000,No primary address specified,15206,Condemned/Dead End Property,2026-08-27,,,0124L00107000000,Active,40.4657637371,-79.9039147687,Lincoln-Lemington-Belmar,9,12
626336,0077P00050000000,"108 KENNEDY AVE, Pittsburgh, 15214",15214,Condemned/Dead End Property,2026-08-10,Fail,2,0077P00050000000,Active,40.4745783874,-80.0085284204,Perry South,6,26
626337,0174A00001000000,"7151 UPLAND ST, Pittsburgh, 15208",15208,Condemned/Dead End Property,2026-07-29,Fail,1,0174A00001000000,Active,40.4624685362,-79.8953054843,Homewood North,9,13
626338,0174K00021000000,No primary address specified,15208,Condemned/Dead End Property,2022-10-31,Pass,0,0174K00021000000,Active,40.4575560028,-79.8942030784,Homewood North,9,13
626339,0040C00161000000,"512 STRATMORE ST, Pittsburgh, PA 15205",15205,Condemned/Dead End Property,2020-09-10,Fail,2,0040C00161000000,Active,40.4417902722,-80.056903854,Crafton Heights,2,28
626340,0046B00118000000,"2960 N CHARLES ST, Pittsburgh, PA 15214",15214,Condemned/Dead End Property,2026-03-05,Fail,2,0046B00118000000,Active,40.4708599494,-80.0088947385,Perry South,6,26
626341,0137A00378000000,"52 STEWART AVE, Pittsburgh, 15227",15227,Condemned/Dead End Property,2020-09-09,Fail,3,0137A00378000000,Active,40.382722079,-79.979368584,Carrick,4,29
626342,0137A00378000000,"52 STEWART AVE, Pittsburgh, 15227",15227,Condemned/Dead End Property,2023-04-13,Pass,0,0137A00378000000,Active,40.382722079,-79.979368584,Carrick,4,29
626343,0174G00003000000,"7439 RACE ST, Pittsburgh, PA 15208",15208,Condemned/Dead End Property,2022-02-22,Fail,2,0174G00003000000,Active,40.4576144908,-79.8894036931,Homewood North,9,13
626344,0050L00034000B00,"5308 BROWN Way, Pittsburgh, PA 15224",15224,Condemned/Dead End Property,2026-08-13,Fail,1,0050L00034000B00,Active,40.4668376844,-79.9374456746,Garfield,9,10
626345,0035B00153000000,No primary address specified,15216,Condemned/Dead End Property,2022-08-04,Pass,0,0035B00153000000,Active,40.413128069,-80.0264162084,Beechview,4,19
626346,0010G00341000C00,No primary address specified,15219,Condemned/Dead End Property,2020-10-02,Pass,0,0010G00341000C00,Active,40.4495454333,-79.9737107009,Middle Hill,6,5
626347,0232B00017000000,"1729 MAPLEWOOD AVE, Pittsburgh, 15221",15221,Condemned/Dead End Property,2020-09-03,Fail,2,0232B00017000000,Active,40.4503752744,-79.8778991269,East Hills,9,13
626348,0232B00017000000,"1729 MAPLEWOOD AVE, Pittsburgh, 15221",15221,Condemned/Dead End Property,2024-04-09,,,0232B00017000000,Active,40.4503752744,-79.8778991269,East Hills,9,13
626349,0050M00016000A00,"5337 BROWN Way, Pittsburgh, PA 15224",15224,Condemned/Dead End Property,2020-05-27,Fail,2,0050M00016000A00,Active,40.4669281988,-79.9366588148,Garfield,9,10
626350,0095A00260000000,"1935 DARTMORE ST, Pittsburgh, 15210",15210,Condemned/Dead End Property,2026-04-06,Fail,2,0095A00260000000,Active,40.3939494244,-79.9960833965,Overbrook,4,32
626351,0173J00046000000,No primary address specified,15206,Condemned/Dead End Property,2023-11-28,Pass,0,0173J00046000000,Active,40.4664754445,-79.8985031786,Lincoln-Lemington-Belmar,9,12
626352,0050M00264000000,"5452 KINCAID ST, Pittsburgh, 15206",15206,Condemned/Dead End Property,2020-06-05,Fail,2,0050M00264000000,Active,40.4657630463,-79.9330746876,Garfield,9,11
626353,0014L00036000000,"3 AMANDA AVE, Pittsburgh, 15210",15210,Condemned/Dead End Property,2020-11-16,Pass,0,0014L00036000000,Active,40.4183284514,-79.9884855179,Knoxville,3,30
626354,0014L00036000000,"3 AMANDA AVE, Pittsburgh, 15210",15210,Condemned/Dead End Property,2026-07-29,Fail,2,0014L00036000000,Active,40.4183284514,-79.9884855179,Knoxville,3,30
626355,0056N00222000000,"93 COURTLAND ST, Pittsburgh, 15207",15207,Condemned/Dead End Property,2020-06-24,Fail,3,0056N00222000000,Active,40.4050413158,-79.9472437554,Hazelwood,5,15
626356,0027B00161000000,"738 ANAHEIM ST, Pittsburgh, 15219",15219,Condemned/Dead End Property,2020-10-30,Pass,0,0027B00161000000,Active,40.4521697258,-79.9619663772,Upper Hill,6,5
626357,0027B00161000000,"738 ANAHEIM ST, Pittsburgh, 15219",15219,Condemned/Dead End Property,2021-03-22,Fail,2,0027B00161000000,Active,40.4521697258,-79.9619663772,Upper Hill,6,5
626358,0015L00199000000,"613 MONTOOTH ST, Pittsburgh, 15210",15210,Condemned/Dead End Property,2020-09-04,Fail,2,0015L00199000000,Active,40.416840282,-80.0056221861,Beltzhoover,3,18
626359,0015L00199000000,"613 MONTOOTH ST, Pittsburgh, 15210",15210,Condemned/Dead End Property,2023-11-29,,,0015L00199000000,Active,40.416840282,-80.0056221861,Beltzhoover,3,18
626360,0011H00009000000,"3105 TERRACE ST, Pittsburgh, 15213",15213,Condemned/Dead End Property,2023-03-18,Fail,2,0011H00009000000,Active,40.440286115,-79.9674344039,West Oakland,6,4
626361,0010D00053000A00,"2712 BEDFORD AVE, Pittsburgh, 15219",15219,Condemned/Dead End Property,2020-07-09,Fail,2,0010D00053000A00,Active,40.4516762825,-79.9698368488,Bedford Dwellings,6,5
626362,0015D00064000000,"95 HABERMAN AVE #2, Pittsburgh, PA 15211",15211,Condemned/Dead End Property,2020-08-25,Fail,1,0015D00064000000,Active,40.4232045022,-80.0023977284,Mount Washington,3,18
626363,0024C00171000000,"1230 SPRING GARDEN AVE, Pittsburgh, 15212",15212,Condemned/Dead End Property,2020-09-01,Fail,1,0024C00171000000,Active,40.4604794689,-79.9904912588,Spring Garden,1,24
626364,0023S00251000000,"726 CEDAR AVE, Pittsburgh, 15212",15212,Condemned/Dead End Property,2026-09-21,,,0023S00251000000,Active,40.4540212134,-80.0016491807,East Allegheny,1,23
626365,0046J00238000000,"314 W BURGESS ST, Pittsburgh, 15214",15214,Condemned/Dead End Property,2026-04-22,Pass,0,0046J00238000000,Active,40.4663787866,-80.0139729545,Perry South,6,26
626366,0046J00238000000,"314 W BURGESS ST, Pittsburgh, 15214",15214,Condemned/Dead End Property,2026-05-14,Fail,1,0046J00238000000,Active,40.4663787866,-80.0139729545,Perry South,6,26
626367,0055K00224000000,"4511 GLADSTONE ST, Pittsburgh, PA 15207",15207,Condemned/Dead End Property,2023-12-28,Fail,2,0055K00224000000,Active,40.4168543238,-79.9427555502,Hazelwood,5,15
626368,0004F00154000000,"4 GASKEL ST, Pittsburgh, 15211",15211,Condemned/Dead End Property,2020-08-31,Fail,2,0004F00154000000,Active,40.4296817966,-80.0096509431,Mount Washington,2,19
626369,0057G00270000000,No primary address specified,15207,Condemned/Dead End Property,2024-11-21,Pass,0,0057G00270000000,Active,40.4015818051,-79.9398402771,Hazelwood,5,15
626370,0046J00014000000,No primary address specified,15214,Condemned/Dead End Property,2025-08-05,Pass,0,0046J00014000000,Active,40.4672312937,-80.0150991569,Perry South,6,26
626371,0174L00126000000,"7608 FRANKSTOWN AVE, Pittsburgh, PA 15208",15221,Condemned/Dead End Property,2023-12-13,Fail,1,0174L00126000000,Active,40.4556126974,-79.8897046986,Homewood South,9,13
626372,0003R00054000000,"30 WELSH Way, Pittsburgh, PA 15203",15203,Condemned/Dead End Property,2024-11-01,Fail,1,0003R00054000000,Active,40.4247841625,-79.9874904735,South Side Slopes,3,17
626373,0125S00034000000,"7031 SUSQUEHANNA ST, Pittsburgh, 15208",15208,Condemned/Dead End Property,2024-06-18,Fail,3,0125S00034000000,Active,40.4549498023,-79.901435185,Homewood South,9,13
626374,0125S00034000000,"7031 SUSQUEHANNA ST, Pittsburgh, 15208",15208,Condemned/Dead End Property,2025-02-28,Pass,0,0125S00034000000,Active,40.4549498023,-79.901435185,Homewood South,9,13
626375,0125K00094000000,No primary address specified,15208,Condemned/Dead End Property,2023-01-23,Pass,0,0125K00094000000,Active,40.4555107021,-79.9080029842,Point Breeze North,9,14
626376,0050M00304000000,"5468 BROAD ST, Pittsburgh, 15206",15206,Condemned/Dead End Property,2020-05-28,Pass,0,0050M00304000000,Active,40.4651220035,-79.9333330805,Garfield,9,11
626377,0015D00302000000,"422 KINGSBORO ST, Pittsburgh, 15211",15211,Condemned/Dead End Property,2025-03-11,Pass,0,0015D00302000000,Active,40.4215727583,-79.9995520021,Beltzhoover,3,18
626378,0056N00149000000,"5146 BLAIR ST, Pittsburgh, 15207",15207,Condemned/Dead End Property,2020-08-12,Fail,2,0056N00149000000,Active,40.4054183408,-79.9464493978,Hazelwood,5,15
626379,0056N00149000000,"5146 BLAIR ST, Pittsburgh, 15207",15207,Condemned/Dead End Property,2025-02-28,Pass,0,0056N00149000000,Active,40.4054183408,-79.9464493978,Hazelwood,5,15
626380,0173F00088000000,No primary address specified,15206,Condemned/Dead End Property,2023-07-19,,,0173F00088000000,Active,40.467487802,-79.8948010984,Lincoln-Lemington-Belmar,9,12
626381,0027A00127000000,"559 HERRON AVE, Pittsburgh, 15219",15219,Condemned/Dead End Property,2026-09-10,,,0027A00127000000,Active,40.4505098144,-79.9654272733,Middle Hill,6,5
626382,0032H00015000000,"974 PARKWOOD RD, Pittsburgh, 15210",15210,Condemned/Dead End Property,2023-11-06,Pass,0,0032H00015000000,Active,40.4111605924,-79.9669982679,St. Clair,3,16
626383,0023E00322000000,"712 ARMANDALE ST, Pittsburgh, 15212",15212,Condemned/Dead End Property,2020-08-21,Fail,2,0023E00322000000,Active,40.4581524498,-80.0154653048,Central Northside,6,25
626384,0134K00275000000,"15 LEBANON RD, Pittsburgh, PA 15207",15207,Condemned/Dead End Property,2021-02-12,Fail,2,0134K00275000000,Active,40.3774679631,-79.9258234018,Lincoln Place,5,31
626385,0010G00081000000,"634 WATT ST, Pittsburgh, 15219",15219,Condemned/Dead End Property,2020-08-12,Fail,3,0010G00081000000,Active,40.4497441813,-79.9706171684,Middle Hill,6,5
626386,0010G00081000000,"634 WATT ST, Pittsburgh, 15219",15219,Condemned/Dead End Property,2024-09-19,Pass,0,0010G00081000000,Active,40.4497441813,-79.9706171684,Middle Hill,6,5
626387,0033A00010000000,"443 VANDALIA ST, Pittsburgh, PA 15210",15210,Condemned/Dead End Property,2020-09-09,Fail,1,0033A00010000000,Active,40.4138083718,-79.998655521,Beltzhoover,3,18
626388,0040G00203000000,"1310 ELMONT ST, Pittsburgh, 15205",15205,Condemned/Dead End Property,2021-03-03,,,0040G00203000000,Active,40.439262337,-80.0563281842,Crafton Heights,2,28
626389,0014K00058000000,"205 ORCHARD PL, Pittsburgh, PA 15210",15210,Condemned/Dead End Property,2021-12-13,Fail,1,0014K00058000000,Active,40.4182653428,-79.9914641347,Knoxville,3,30
626390,0014K00058000000,"205 ORCHARD PL, Pittsburgh, PA 15210",15210,Condemned/Dead End Property,2024-01-08,Fail,2,0014K00058000000,Active,40.4182653428,-79.9914641347,Knoxville,3,30
626391,0029G00026000000,No primary address specified,15213,Condemned/Dead End Property,2021-01-08,Pass,0,0029G00026000000,Active,40.4290468867,-79.9536986617,South Oakland,3,4
626392,0022P00255000000,"1410 SHEFFIELD ST, Pittsburgh, 15233",15233,Condemned/Dead End Property,2026-06-12,Fail,2,0022P00255000000,Active,40.4532107175,-80.026566439,Manchester,6,21
626393,0055F00043000000,"4345 BRISTOL ST, Pittsburgh, PA 15207",15207,Condemned/Dead End Property,2025-09-22,Fail,1,0055F00043000000,Active,40.4193478925,-79.944539764,Hazelwood,5,15
626394,0174K00118000000,"7315 FRANKSTOWN AVE, Pittsburgh, PA 15208",15208,Condemned/Dead End Property,2020-08-28,Fail,2,0174K00118000000,Active,40.456996715,-79.8933906164,Homewood North,9,13
626395,0076F00053000000,"1043 WOODS RUN AVE, Pittsburgh, 15212",15212,Condemned/Dead End Property,2024-01-29,Fail,2,0076F00053000000,Active,40.4780020321,-80.0278744813,Marshall-Shadeland,1,27
626396,0076F00053000000,"1043 WOODS RUN AVE, Pittsburgh, 15212",15212,Condemned/Dead End Property,2026-04-17,Pass,0,0076F00053000000,Active,40.4780020321,-80.0278744813,Marshall-Shadeland,1,27
626397,0174R00272000000,No primary address specified,15221,Condemned/Dead End Property,2024-01-16,,,0174R00272000000,Active,40.4528535395,-79.8884616506,Homewood South,9,13
626398,0024J00247000000,"816 SPRING GARDEN AVE, Pittsburgh, 15212",15212,Condemned/Dead End Property,2023-02-15,Fail,2,0024J00247000000,Active,40.4575194538,-79.9972047563,East Allegheny,1,23
626399,0050G00243000000,"5143 HILLCREST ST, Pittsburgh, 15224",15224,Condemned/Dead End Property,2021-09-16,Fail,1,0050G00243000000,Active,40.4687776312,-79.9408174156,Garfield,9,10
626400,0034H00198000000,"359 CAPERTON ST, Pittsburgh, 15210",15210,Condemned/Dead End Property,2024-02-12,,,0034H00198000000,Active,40.4099082973,-79.9998238611,Bon Air,4,18
626401,0022G00170000000,"1812 SAINT MARKS PL, Pittsburgh, PA 15212",15212,Condemned/Dead End Property,2022-06-27,Fail,1,0022G00170000000,Active,40.4593492657,-80.021383194,California-Kirkbride,6,25
626402,0022G00170000000,"1812 SAINT MARKS PL, Pittsburgh, PA 15212",15212,Condemned/Dead End Property,2023-11-27,Pass,0,0022G00170000000,Active,40.4593492657,-80.021383194,California-Kirkbride,6,25
626403,0022P00280000000,No primary address specified,15233,Condemned/Dead End Property,2022-11-29,Pass,0,0022P00280000000,Active,40.4535809741,-80.0256252501,Manchester,6,21
626404,0056B00213000000,No primary address specified,15207,Condemned/Dead End Property,2024-11-21,Fail,1,0056B00213000000,Active,40.4130349155,-79.9432077842,Hazelwood,5,15
626405,0011E00203000000,"254 WICK ST, Pittsburgh, 15219",15219,Condemned/Dead End Property,2020-08-24,Fail,1,0011E00203000000,Active,40.4404126287,-79.9799098527,Crawford-Roberts,6,3
626406,0047L00153000000,"1916 BADER ST, Pittsburgh, 15212",15212,Condemned/Dead End Property,2020-07-23,Fail,2,0047L00153000000,Active,40.4663466532,-79.9884949559,Spring Hill-City View,1,26
626407,0047L00153000000,"1916 BADER ST, Pittsburgh, 15212",15212,Condemned/Dead End Property,2022-04-01,Pass,0,0047L00153000000,Active,40.4663466532,-79.9884949559,Spring Hill-City View,1,26
626408,0023L00099000000,"10 E NORTH AVE, Pittsburgh, PA 15212",15212,Condemned/Dead End Property,2026-06-23,Fail,1,0023L00099000000,Active,40.4558623818,-80.0061398043,Central Northside,1,22
626409,0047L00165000000,"1450 DAMAS ST, Pittsburgh, PA 15212",15212,Condemned/Dead End Property,2020-09-10,Fail,1,0047L00165000000,Active,40.4660684375,-79.9878602126,Spring Hill-City View,1,24
626410,0047L00165000000,"1450 DAMAS ST, Pittsburgh, PA 15212",15212,Condemned/Dead End Property,2024-08-05,Pass,0,0047L00165000000,Active,40.4660684375,-79.9878602126,Spring Hill-City View,1,24
626411,0014F00269000000,"837 LOYAL Way, Pittsburgh, 15210",15210,Condemned/Dead End Property,2020-09-03,Fail,2,0014F00269000000,Active,40.4197236796,-79.9922708494,Allentown,3,18
626412,0014F00269000000,"837 LOYAL Way, Pittsburgh, 15210",15210,Condemned/Dead End Property,2022-11-28,,,0014F00269000000,Active,40.4197236796,-79.9922708494,Allentown,3,18
626413,0046N00202000000,No primary address specified,15214,Condemned/Dead End Property,2020-09-21,Pass,0,0046N00202000000,Active,40.4644260974,-80.0128292245,Perry South,6,25
626414,0054R00256000000,"752 GREENFIELD AVE, Pittsburgh, 15207",15207,Condemned/Dead End Property,2020-09-01,Fail,4,0054R00256000000,Active,40.4247962724,-79.9381647072,Greenfield,5,15
626415,0013L00034000000,"2317 ARLINGTON AVE, Pittsburgh, 15210",15210,Condemned/Dead End Property,2025-10-02,Fail,2,0013L00034000000,Active,40.4175179909,-79.9737976979,South Side Slopes,3,16
626416,0057G00227000000,No primary address specified,15207,Condemned/Dead End Property,2024-08-23,Pass,0,0057G00227000000,Active,40.4013636707,-79.939459155,Hazelwood,5,15
626417,0055P00008000000,No primary address specified,15207,Condemned/Dead End Property,2021-10-11,Fail,1,0055P00008000000,Active,40.4141706963,-79.9448334643,Hazelwood,5,15
626418,0033B00102000000,"112 REDLYN ST, Pittsburgh, 15210",15210,Condemned/Dead End Property,2023-07-10,,,0033B00102000000,Active,40.4129768631,-79.9916799097,Knoxville,3,30
626419,0023D00110000000,"4 EDENVALE ST, Pittsburgh, 15212",15212,Condemned/Dead End Property,2026-04-17,Fail,2,0023D00110000000,Active,40.4612422027,-80.002934045,Fineview,1,25
626420,0124K00184000000,"185 SHETLAND ST, Pittsburgh, 15206",15206,Condemned/Dead End Property,2020-06-02,Fail,2,0124K00184000000,Active,40.4651407573,-79.9107072084,Larimer,9,12
626421,0014R00108000000,"106 KNOX AVE, Pittsburgh, 15210",15210,Condemned/Dead End Property,2025-10-16,Pass,0,0014R00108000000,Active,40.4153515343,-79.9903528124,Knoxville,3,30
626422,0046J00244000000,"302 W BURGESS ST, Pittsburgh, 15214",15214,Condemned/Dead End Property,2020-07-16,Fail,2,0046J00244000000,Active,40.4665275299,-80.0134620809,Perry South,6,26
626423,0042C00010000000,"429 PARSON ST, Pittsburgh, 15204",15204,Condemned/Dead End Property,2024-09-10,Pass,0,0042C00010000000,Active,40.4601378458,-80.0551805355,Sheraden,2,20
626424,0056R00131000000,"5315 GERTRUDE ST, Pittsburgh, 15207",15207,Condemned/Dead End Property,2023-06-05,Pass,0,0056R00131000000,Active,40.4042444787,-79.9410474386,Hazelwood,5,15
626425,0173E00221000000,"1344 MANNING ST, Pittsburgh, 15206",15206,Condemned/Dead End Property,2024-02-07,,,0173E00221000000,Active,40.4684562685,-79.8971233123,Lincoln-Lemington-Belmar,9,12
626426,0173E00221000000,"1344 MANNING ST, Pittsburgh, 15206",15206,Condemned/Dead End Property,2024-02-07,Fail,2,0173E00221000000,Active,40.4684562685,-79.8971233123,Lincoln-Lemington-Belmar,9,12
626427,0070E00011000000,"512 W PROSPECT AVE, Pittsburgh, 15205",15205,Condemned/Dead End Property,2021-02-10,Fail,2,0070E00011000000,Active,40.4479662808,-80.0816709021,Fairywood,2,28
626428,0040C00255000000,"216 HOLLYWOOD ST, Pittsburgh, 15205",15205,Condemned/Dead End Property,2020-06-15,Fail,2,0040C00255000000,Active,40.4426146144,-80.0542299599,Crafton Heights,2,28
626429,0040C00255000000,"216 HOLLYWOOD ST, Pittsburgh, 15205",15205,Condemned/Dead End Property,2022-12-12,Pass,0,0040C00255000000,Active,40.4426146144,-80.0542299599,Crafton Heights,2,28
626430,0040R00058000000,"1370 HARRIS AVE, Pittsburgh, PA 15205",15205,Condemned/Dead End Property,2025-06-23,Fail,2,0040R00058000000,Active,40.4336068493,-80.054304355,Westwood,2,28
626431,0056P00175000000,"5230 2ND AVE, Pittsburgh, 15207",15207,Condemned/Dead End Property,2023-07-11,Fail,3,0056P00175000000,Active,40.4051115237,-79.9429929628,Hazelwood,5,15
626432,0091J00032000000,"414 MIFFLIN RD, Pittsburgh, PA 15207",15207,Condemned/Dead End Property,2020-09-04,Fail,2,0091J00032000000,Active,40.3872605683,-79.9321781883,Hays,5,31
626433,0091J00032000000,"414 MIFFLIN RD, Pittsburgh, PA 15207",15207,Condemned/Dead End Property,2023-12-11,Fail,1,0091J00032000000,Active,40.3872605683,-79.9321781883,Hays,5,31
626434,0046P00203000000,"1963 FEDERAL STREET EXT, Pittsburgh, 15214",15214,Condemned/Dead End Property,2025-07-30,Pass,0,0046P00203000000,Active,40.4638069434,-80.0099617464,Perry South,6,25
626435,0046P00203000000,"1963 FEDERAL STREET EXT, Pittsburgh, 15214",15214,Condemned/Dead End Property,2025-07-30,Fail,1,0046P00203000000,Active,40.4638069434,-80.0099617464,Perry South,6,25
626436,0041H00071000000,"802 GREENWAY DR, Pittsburgh, 15204",15204,Condemned/Dead End Property,2023-08-11,Pass,0,0041H00071000000,Active,40.4498453315,-80.052576136,Crafton Heights,2,28
626437,0175C00320000000,No primary address specified,15221,Condemned/Dead End Property,2026-05-06,,,0175C00320000000,Active,40.4511528183,-79.8885368445,Homewood South,9,13
626438,0010G00358000000,"2345 WEBSTER AVE, Pittsburgh, 15219",15219,Condemned/Dead End Property,2020-07-24,Fail,3,0010G00358000000,Active,40.4490444642,-79.9743715089,Middle Hill,6,5
626439,0027A00162000000,No primary address specified,15219,Condemned/Dead End Property,2021-02-17,Pass,0,0027A00162000000,Active,40.4509760805,-79.9645661249,Upper Hill,6,5
626440,0027A00148000000,"3023 VANCROFT ST, Pittsburgh, 15219",15219,Condemned/Dead End Property,2020-08-12,Fail,2,0027A00148000000,Active,40.4506026603,-79.964239522,Upper Hill,6,5
626441,0045N00311000A00,"2349 COLORADO ST, Pittsburgh, 15212",15212,Condemned/Dead End Property,2023-06-14,Pass,0,0045N00311000A00,Active,40.4637352628,-80.0314103938,Marshall-Shadeland,6,27
626442,0045N00311000A00,"2349 COLORADO ST, Pittsburgh, 15212",15212,Condemned/Dead End Property,2026-08-04,Pass,0,0045N00311000A00,Active,40.4637352628,-80.0314103938,Marshall-Shadeland,6,27
626443,0050E00014000000,No primary address specified,15224,Condemned/Dead End Property,2024-02-21,Pass,0,0050E00014000000,Active,40.4678341174,-79.9456854512,Garfield,9,10
626444,0173J00035000000,"1320 POINTVIEW ST, Pittsburgh, PA 15206",15206,Condemned/Dead End Property,2020-09-08,Fail,2,0173J00035000000,Active,40.4670908259,-79.8980818672,Lincoln-Lemington-Belmar,9,12
626445,0173J00035000000,"1320 POINTVIEW ST, Pittsburgh, PA 15206",15206,Condemned/Dead End Property,2026-04-22,,,0173J00035000000,Active,40.4670908259,-79.8980818672,Lincoln-Lemington-Belmar,9,12
626446,0232B00038000000,"194 NIMICK PL, Pittsburgh, 15221",15221,Condemned/Dead End Property,2024-03-15,Fail,2,0232B00038000000,Active,40.4514419892,-79.8783186302,East Hills,9,13
626447,0232B00038000000,"194 NIMICK PL, Pittsburgh, 15221",15221,Condemned/Dead End Property,2024-09-24,Pass,0,0232B00038000000,Active,40.4514419892,-79.8783186302,East Hills,9,13
626448,0044D00055000000,"1547 GEYER AVE, Pittsburgh, 15212",15212,Condemned/Dead End Property,2020-08-31,Fail,2,0044D00055000000,Active,40.4719917722,-80.0351447127,Marshall-Shadeland,6,27
626449,0009S00215000000,"1844 WEBSTER AVE, Pittsburgh, PA 15219",15219,Condemned/Dead End Property,2023-03-31,Fail,2,0009S00215000000,Active,40.4448404816,-79.9832641801,Crawford-Roberts,6,3
626450,0071G00008000000,"1412 ORATOR ST, Pittsburgh, 15204",15204,Condemned/Dead End Property,2020-09-01,Fail,2,0071G00008000000,Active,40.4576191909,-80.0710978673,Chartiers City,2,20
626451,0071G00008000000,"1412 ORATOR ST, Pittsburgh, 15204",15204,Condemned/Dead End Property,2023-08-10,Fail,1,0071G00008000000,Active,40.4576191909,-80.0710978673,Chartiers City,2,20
626452,0046P00057000000,"200 LANGLEY ST, Pittsburgh, 15214",15214,Condemned/Dead End Property,2022-07-07,Fail,2,0046P00057000000,Active,40.4632234776,-80.0110557832,Perry South,6,25
626453,0010G00233000000,"634 CHAUNCEY ST, Pittsburgh, 15219",15219,Condemned/Dead End Property,2020-08-07,Fail,2,0010G00233000000,Active,40.4484219222,-79.9736036826,Middle Hill,6,5
626454,0010G00233000000,"634 CHAUNCEY ST, Pittsburgh, 15219",15219,Condemned/Dead End Property,2024-02-26,Pass,0,0010G00233000000,Active,40.4484219222,-79.9736036826,Middle Hill,6,5
626455,0046A00225000000,"2641 LINWOOD AVE, Pittsburgh, 15214",15214,Condemned/Dead End Property,2022-12-23,Pass,0,0046A00225000000,Active,40.4714273724,-80.0146913474,Perry South,6,26
626456,0046A00225000000,"2641 LINWOOD AVE, Pittsburgh, 15214",15214,Condemned/Dead End Property,2023-04-11,Fail,2,0046A00225000000,Active,40.4714273724,-80.0146913474,Perry South,6,26
626457,0010C00012000000,"715 WATT LN, Pittsburgh, 15219",15219,Condemned/Dead End Property,2026-09-10,,,0010C00012000000,Active,40.4503728253,-79.9722116048,Bedford Dwellings,6,5
626458,0013C00111000000,"2510 MISSION ST, Pittsburgh, 15203",15203,Condemned/Dead End Property,2020-09-04,Fail,2,0013C00111000000,Active,40.4226737995,-79.9717253979,South Side Slopes,3,16
626459,0010C00021000000,"720 WATT LN, Pittsburgh, 15219",15219,Condemned/Dead End Property,2026-07-16,Fail,1,0010C00021000000,Active,40.4505912452,-79.9720310383,Bedford Dwellings,6,5
626460,0009S00214000000,No primary address specified,15219,Condemned/Dead End Property,2020-10-16,Pass,0,0009S00214000000,Active,40.4448642279,-79.9832072952,Crawford-Roberts,6,3
626461,0049M00129000000,"4548 PENN AVE, Pittsburgh, 15224",15224,Condemned/Dead End Property,2026-04-13,Fail,2,0049M00129000000,Active,40.4658428378,-79.950578588,Bloomfield,7,9
626462,0185S00251000000,"5639 OLLIE ST, Pittsburgh, 15207",15207,Condemned/Dead End Property,2020-09-08,Fail,1,0185S00251000000,Active,40.3667649606,-79.9182540042,Lincoln Place,5,31
626463,0011J00165000000,"53 VAN BRAAM ST, Pittsburgh, 15219",15219,Condemned/Dead End Property,2022-04-07,Pass,0,0011J00165000000,Active,40.4368905267,-79.9825246955,Bluff,6,1
626464,0014R00066000000,"128 1/2 ZARA ST, Pittsburgh, 15210",15210,Condemned/Dead End Property,2020-11-16,Pass,0,0014R00066000000,Active,40.4156759657,-79.98957548,Knoxville,3,30
626465,0056F00174000000,"205 GLEN CALADH ST, Pittsburgh, 15207",15207,Condemned/Dead End Property,2020-08-31,Fail,2,0056F00174000000,Active,40.4097266925,-79.9419695669,Hazelwood,5,15
626466,0124J00049000000,"559 LENORA ST, Pittsburgh, 15206",15206,Condemned/Dead End Property,2024-01-22,Fail,2,0124J00049000000,Active,40.4671626343,-79.9135018972,Larimer,9,12
626467,0173E00287000000,"7117 LEMINGTON AVE, Pittsburgh, 15206",15206,Condemned/Dead End Property,2020-09-03,Fail,2,0173E00287000000,Active,40.4683222995,-79.8954145578,Lincoln-Lemington-Belmar,9,12
626468,0011K00271001000,"2005 BLVD OF THE ALLIES, Pittsburgh, PA 15219",15219,Condemned/Dead End Property,2023-09-06,Fail,2,0011K00271001000,Active,40.4363717795,-79.977591317,Bluff,6,1
626469,0057C00352000000,"237 RENOVA ST, Pittsburgh, 15207",15207,Condemned/Dead End Property,2020-09-09,Fail,2,0057C00352000000,Active,40.4020534168,-79.9379117908,Hazelwood,5,15
626470,0033A00340000000,"415 MOORE AVE, Pittsburgh, 15210",15210,Condemned/Dead End Property,2024-02-21,Pass,0,0033A00340000000,Active,40.412225986,-79.9957473605,Knoxville,3,30
626471,0010M00031000000,"2539 ELBA ST, Pittsburgh, 15219",15219,Condemned/Dead End Property,2024-11-04,Fail,2,0010M00031000000,Active,40.446851295,-79.9697058072,Middle Hill,6,5
626472,0042H00143000000,"321 MINTON ST, Pittsburgh, 15204",15204,Condemned/Dead End Property,2020-09-04,Fail,1,0042H00143000000,Active,40.457694598,-80.0505851272,Sheraden,2,20
626473,0042H00143000000,"321 MINTON ST, Pittsburgh, 15204",15204,Condemned/Dead End Property,2024-07-02,Pass,0,0042H00143000000,Active,40.457694598,-80.0505851272,Sheraden,2,20
626474,0019B00117000000,"1031 STEUBEN ST, Pittsburgh, 15220",15220,Condemned/Dead End Property,2024-04-05,Fail,2,0019B00117000000,Active,40.4430151015,-80.0435415772,Elliott,2,20
626475,0019B00117000000,"1031 STEUBEN ST, Pittsburgh, 15220",15220,Condemned/Dead End Property,2024-06-05,Pass,0,0019B00117000000,Active,40.4430151015,-80.0435415772,Elliott,2,20
626476,0022F00115000000,"1417 ADAMS ST, Pittsburgh, PA 15233",15233,Condemned/Dead End Property,2020-06-26,Fail,3,0022F00115000000,Active,40.4582310551,-80.0283718286,Manchester,6,21
626477,0173J00147000000,"1221 LINCOLN AVE, Pittsburgh, 15206",15206,Condemned/Dead End Property,2020-09-03,Fail,2,0173J00147000000,Active,40.4654617008,-79.898583897,Lincoln-Lemington-Belmar,9,12
626478,0056J00190000000,"5025 LANGHORN ST, Pittsburgh, 15207",15207,Condemned/Dead End Property,2020-09-03,Pass,0,0056J00190000000,Active,40.4069094623,-79.9477012939,Hazelwood,5,15
626479,0013L00006000000,"2311 ECCLES ST, Pittsburgh, 15210",15210,Condemned/Dead End Property,2025-06-02,Fail,1,0013L00006000000,Active,40.4184096305,-79.973852118,South Side Slopes,3,16
626480,0004B00101000000,"224 KEARSARGE ST, Pittsburgh, 15211",15211,Condemned/Dead End Property,2020-09-02,Fail,1,0004B00101000000,Active,40.4315501279,-80.0107026859,Mount Washington,2,19
626481,0172N00158000000,"6940 HARTMAN LN, Pittsburgh, 15206",15206,Condemned/Dead End Property,2026-07-29,Fail,1,0172N00158000000,Active,40.4730926074,-79.8963383734,Lincoln-Lemington-Belmar,9,12
626482,0015L00154000000,"138 CHALFONT ST, Pittsburgh, 15210",15210,Condemned/Dead End Property,2020-06-29,Fail,2,0015L00154000000,Active,40.416384613,-80.004274912,Beltzhoover,3,18
626483,0046K00091000000,"2236 PERRYSVILLE AVE, Pittsburgh, PA 15214",15214,Condemned/Dead End Property,2020-09-08,Pass,0,0046K00091000000,Active,40.4662124161,-80.0113356529,Perry South,6,26
626484,0173F00077000000,"7144 LEMINGTON AVE, Pittsburgh, 15206",15206,Condemned/Dead End Property,2025-03-17,Fail,2,0173F00077000000,Active,40.4673412611,-79.8952990853,Lincoln-Lemington-Belmar,9,12
626485,0173F00077000000,"7144 LEMINGTON AVE, Pittsburgh, 15206",15206,Condemned/Dead End Property,2026-04-07,Fail,1,0173F00077000000,Active,40.4673412611,-79.8952990853,Lincoln-Lemington-Belmar,9,12
626486,0045A00313000000,"2817 BREKER ST, Pittsburgh, 15212",15212,Condemned/Dead End Property,2020-07-09,Fail,2,0045A00313000000,Active,40.470571172,-80.029505115,Marshall-Shadeland,6,27
626487,0035F00212000000,"1542 METHYL ST, Pittsburgh, 15216",15216,Condemned/Dead End Property,2026-01-13,Pass,0,0035F00212000000,Active,40.4110650253,-80.0259487779,Beechview,4,19
626488,0011F00138000000,"2041 5TH AVE #4, Pittsburgh, PA 15219",15219,Condemned/Dead End Property,2020-05-20,Fail,3,0011F00138000000,Active,40.438375103,-79.9759113165,West Oakland,6,4
626489,0015L00033000000,No primary address specified,15210,Condemned/Dead End Property,2022-11-14,Pass,0,0015L00033000000,Active,40.4182341177,-80.0066704325,Beltzhoover,3,18
626490,0042N00055000000,"1246 FAULKNER ST, Pittsburgh, 15204",15204,Condemned/Dead End Property,2020-08-28,Fail,2,0042N00055000000,Active,40.4542382517,-80.0651752542,Sheraden,2,20
626491,0042H00138000000,"336 MINTON ST, Pittsburgh, PA 15204",15204,Condemned/Dead End Property,2020-09-04,Fail,2,0042H00138000000,Active,40.4577969993,-80.05103945,Sheraden,2,20
626492,0015B00029000000,"231 SOUTHERN AVE, Pittsburgh, 15211",15211,Condemned/Dead End Property,2026-01-14,Fail,1,0015B00029000000,Active,40.4234196784,-80.0109973791,Mount Washington,2,19
626493,0185S00310000000,"5706 COX AVE, Pittsburgh, 15207",15207,Condemned/Dead End Property,2025-05-29,Fail,2,0185S00310000000,Active,40.3668399359,-79.9177550354,Lincoln Place,5,31
626494,0232B00079000000,No primary address specified,15221,Condemned/Dead End Property,2024-03-18,Pass,0,0232B00079000000,Active,40.45157776,-79.8779802109,East Hills,9,13
626495,0047A00296000000,"1136 SOUTH SIDE AVE, Pittsburgh, PA 15212",15212,Condemned/Dead End Property,2026-09-17,Fail,1,0047A00296000000,Active,40.4703716964,-79.9954139596,Spring Hill-City View,1,26
626496,0026P00015000000,"769 BRYN MAWR RD, Pittsburgh, 15219",15219,Condemned/Dead End Property,2023-04-12,Fail,1,0026P00015000000,Active,40.452841372,-79.9604748653,Upper Hill,6,5
626497,0042N00166000000,"1215 FAIRDALE ST, Pittsburgh, 15204",15204,Condemned/Dead End Property,2022-10-19,Pass,0,0042N00166000000,Active,40.4539401851,-80.0633287514,Sheraden,2,20
626498,0083S00293000000,"112 AUBURN ST, Pittsburgh, 15206",15206,Condemned/Dead End Property,2020-07-31,Fail,2,0083S00293000000,Active,40.4634542834,-79.9166403545,Larimer,9,12
626499,0020R00170000000,"915 GIBSON ST, Pittsburgh, 15220",15220,Condemned/Dead End Property,2024-03-21,Fail,3,0020R00170000000,Active,40.4443584694,-80.0388656729,Elliott,2,20
626500,0050M00020000B00,"5349 BROWN Way, Pittsburgh, PA 15224",15224,Condemned/Dead End Property,2020-05-27,Fail,2,0050M00020000B00,Active,40.4668841432,-79.9363399643,Garfield,9,10
626501,0124S00089000000,"6704 ROWAN ST, Pittsburgh, 15206",15206,Condemned/Dead End Property,2020-09-09,Fail,1,0124S00089000000,Active,40.4641839708,-79.9030669438,Lincoln-Lemington-Belmar,9,12
626502,0124S00089000000,"6704 ROWAN ST, Pittsburgh, 15206",15206,Condemned/Dead End Property,2024-01-16,,,0124S00089000000,Active,40.4641839708,-79.9030669438,Lincoln-Lemington-Belmar,9,12
626503,0095A00264000000,"1943 DARTMORE ST, Pittsburgh, PA 15210",15210,Condemned/Dead End Property,2025-10-20,Fail,1,0095A00264000000,Active,40.3936525116,-79.9960798842,Overbrook,4,32
626504,0173C00059000000,"1634 WESTMORELAND AVE, Pittsburgh, 15206",15206,Condemned/Dead End Property,2020-07-20,Fail,3,0173C00059000000,Active,40.4700452517,-79.8910752782,Lincoln-Lemington-Belmar,9,12
626505,0173C00059000000,"1634 WESTMORELAND AVE, Pittsburgh, 15206",15206,Condemned/Dead End Property,2023-08-22,Pass,0,0173C00059000000,Active,40.4700452517,-79.8910752782,Lincoln-Lemington-Belmar,9,12
626506,0124S00129000000,"809 LAXTON ST, Pittsburgh, 15206",15206,Condemned/Dead End Property,2026-09-16,Fail,2,0124S00129000000,Active,40.4625530573,-79.90273999,Homewood West,9,12
626507,0024E00199000000,"861 VISTA ST, Pittsburgh, 15212",15212,Condemned/Dead End Property,2024-02-14,Pass,0,0024E00199000000,Active,40.4584010728,-79.9961620066,East Allegheny,1,23
626508,0011A00234000000,No primary address specified,15219,Condemned/Dead End Property,2020-10-30,Pass,0,0011A00234000000,Active,40.4412111753,-79.9796441706,Crawford-Roberts,6,3
626509,0023D00072000000,"20 EDENVALE ST, Pittsburgh, 15212",15212,Condemned/Dead End Property,2020-08-27,Fail,2,0023D00072000000,Active,40.4619290507,-80.0033348746,Fineview,1,25
626510,0174P00156000000,"7503 HAMILTON AVE #3, Pittsburgh, PA 15208",15208,Condemned/Dead End Property,2022-02-16,Fail,2,0174P00156000000,Active,40.4536698223,-79.8923123993,Homewood South,9,13
626511,0174P00156000000,"7503 HAMILTON AVE #3, Pittsburgh, PA 15208",15208,Condemned/Dead End Property,2022-02-16,Fail,2,0174P00156000000,Active,40.4536698223,-79.8923123993,Homewood South,9,13
626512,0174P00156000000,"7503 HAMILTON AVE #3, Pittsburgh, PA 15208",15208,Condemned/Dead End Property,2022-02-16,Fail,2,0174P00156000000,Active,40.4536698223,-79.8923123993,Homewood South,9,13
626513,0174P00156000000,"7503 HAMILTON AVE #3, Pittsburgh, PA 15208",15208,Condemned/Dead End Property,2022-02-16,Fail,3,0174P00156000000,Active,40.4536698223,-79.8923123993,Homewood South,9,13
626514,0174P00156000000,"7503 HAMILTON AVE #3, Pittsburgh, PA 15208",15208,Condemned/Dead End Property,2022-02-16,Fail,2,0174P00156000000,Active,40.4536698223,-79.8923123993,Homewood South,9,13
626515,0174P00156000000,"7503 HAMILTON AVE #3, Pittsburgh, PA 15208",15208,Condemned/Dead End Property,2022-02-16,Fail,2,0174P00156000000,Active,40.4536698223,-79.8923123993,Homewood South,9,13
626516,0020R00171000000,"913 GIBSON ST, Pittsburgh, 15220",15220,Condemned/Dead End Property,2022-11-10,Pass,0,0020R00171000000,Active,40.4443068518,-80.0388073699,Elliott,2,20
626517,0024F00225000000,"1005 SPRING GARDEN AVE, Pittsburgh, 15212",15212,Condemned/Dead End Property,2020-09-09,Fail,2,0024F00225000000,Active,40.4583139986,-79.9940771109,Spring Garden,1,24
626518,0049J00006000000,"170 37TH ST, Pittsburgh, 15201",15201,Condemned/Dead End Property,2021-08-11,Fail,1,0049J00006000000,Active,40.4666566918,-79.9661355142,Lower Lawrenceville,7,6
626519,0076J00217000000,"3127 SORENTO ST, Pittsburgh, 15212",15212,Condemned/Dead End Property,2020-09-09,Fail,1,0076J00217000000,Active,40.4746527016,-80.0290984397,Marshall-Shadeland,6,27
626520,0014J00018000000,"427 CHARLES ST, Pittsburgh, 15210",15210,Condemned/Dead End Property,2025-05-15,Pass,0,0014J00018000000,Active,40.4166167569,-79.997064691,Knoxville,3,30
626521,0125M00313000000,"6929 HAMILTON AVE, Pittsburgh, 15208",15208,Condemned/Dead End Property,2026-07-29,Fail,1,0125M00313000000,Active,40.4562820681,-79.9034868987,Homewood West,9,12
626522,0024F00053000000,"1003 HIGH ST, Pittsburgh, 15212",15212,Condemned/Dead End Property,2023-09-29,Fail,1,0024F00053000000,Active,40.4597392252,-79.9943558589,Spring Garden,1,24
626523,0024F00053000000,"1003 HIGH ST, Pittsburgh, 15212",15212,Condemned/Dead End Property,2026-07-16,Fail,1,0024F00053000000,Active,40.4597392252,-79.9943558589,Spring Garden,1,24
626524,0051H00139000000,"5620 BAUM BLVD, Pittsburgh, PA 15232",15232,Condemned/Dead End Property,2020-08-21,Fail,2,0051H00139000000,Active,40.4577907862,-79.9347754386,Friendship,7,8
626525,0055S00058000000,"5 TESLA ST, Pittsburgh, PA 15207",15207,Condemned/Dead End Property,2024-09-13,Fail,2,0055S00058000000,Active,40.414601043,-79.9330869758,Hazelwood,5,15
626526,0050D00043000000,No primary address specified,15224,Condemned/Dead End Property,2023-12-07,Pass,0,0050D00043000000,Active,40.4701569863,-79.9334352519,Garfield,9,10
626527,0174A00099000000,"7026 MOUNT VERNON ST, Pittsburgh, PA 15208",15208,Condemned/Dead End Property,2026-05-27,Fail,2,0174A00099000000,Active,40.4621340819,-79.8986807803,Homewood North,9,13
626528,0138B00085000000,"712 MAYTIDE ST, Pittsburgh, 15227",15210,Condemned/Dead End Property,2026-05-08,Fail,1,0138B00085000000,Active,40.384191426,-79.9919294555,Carrick,4,32
626529,0007B00141000000,"914 MANHATTAN ST, Pittsburgh, PA 15233",15233,Condemned/Dead End Property,2020-06-05,Fail,1,0007B00141000000,Active,40.4509142468,-80.0251526972,Manchester,6,21
626530,0012K00366000000,"158 S 20TH ST, Pittsburgh, PA 15203",15203,Condemned/Dead End Property,2023-03-29,Fail,2,0012K00366000000,Active,40.4260333915,-79.9780921503,South Side Flats,3,17
626531,0010C00003000000,No primary address specified,15219,Condemned/Dead End Property,2020-11-04,Pass,0,0010C00003000000,Active,40.4504212773,-79.9726110608,Bedford Dwellings,6,5
626532,0015R00021000000,"15 FRAMPTON AVE, Pittsburgh, 15210",15210,Condemned/Dead End Property,2026-05-06,Fail,2,0015R00021000000,Active,40.4157365453,-80.0075739058,Beltzhoover,3,18
626533,0015R00187000000,"809 MONTOOTH ST, Pittsburgh, 15210",15210,Condemned/Dead End Property,2020-09-04,Fail,2,0015R00187000000,Active,40.4154281032,-80.0055703408,Beltzhoover,3,18
626534,0076K00132000000,"3102 CENTRAL AVE, Pittsburgh, 15212",15212,Condemned/Dead End Property,2022-07-07,Fail,1,0076K00132000000,Active,40.4751901603,-80.027195356,Marshall-Shadeland,6,27
626535,0076K00132000000,"3102 CENTRAL AVE, Pittsburgh, 15212",15212,Condemned/Dead End Property,2023-01-17,Fail,1,0076K00132000000,Active,40.4751901603,-80.027195356,Marshall-Shadeland,6,27
626536,0010M00030000000,"2537 ELBA ST, Pittsburgh, 15219",15219,Condemned/Dead End Property,2024-11-04,Fail,2,0010M00030000000,Active,40.4468228919,-79.9697510978,Middle Hill,6,5
626537,0023D00079000000,"63 EDENVALE ST, Pittsburgh, 15212",15212,Condemned/Dead End Property,2020-08-27,Fail,2,0023D00079000000,Active,40.4622080673,-80.0033801716,Fineview,1,25
626538,0023M00136000000,"1210 MIDDLE ST, Pittsburgh, 15212",15212,Condemned/Dead End Property,2024-07-17,Fail,2,0023M00136000000,Active,40.457504921,-80.0000872469,East Allegheny,1,23
626539,0045A00390000000,"3006 VENSEL Way, Pittsburgh, 15212",15212,Condemned/Dead End Property,2020-09-17,Fail,2,0045A00390000000,Active,40.4721268634,-80.0286717957,Marshall-Shadeland,6,27
626540,0045A00390000000,"3006 VENSEL Way, Pittsburgh, 15212",15212,Condemned/Dead End Property,2023-05-26,,,0045A00390000000,Active,40.4721268634,-80.0286717957,Marshall-Shadeland,6,27
626541,0045A00390000000,"3006 VENSEL Way, Pittsburgh, 15212",15212,Condemned/Dead End Property,2026-04-17,Pass,0,0045A00390000000,Active,40.4721268634,-80.0286717957,Marshall-Shadeland,6,27
626542,0033K00126000000,"215 REIFERT ST, Pittsburgh, PA 15210",15210,Condemned/Dead End Property,2020-09-09,Fail,2,0033K00126000000,Active,40.4084306948,-79.992735414,Knoxville,3,30
626543,0044D00231000000,"2843 CALIFORNIA AVE, Pittsburgh, 15212",15212,Condemned/Dead End Property,2022-09-09,Fail,1,0044D00231000000,Active,40.4699636455,-80.0362228939,Marshall-Shadeland,6,27
626544,0044D00231000000,"2843 CALIFORNIA AVE, Pittsburgh, 15212",15212,Condemned/Dead End Property,2026-08-05,Pass,0,0044D00231000000,Active,40.4699636455,-80.0362228939,Marshall-Shadeland,6,27
626545,0044D00231000000,"2843 CALIFORNIA AVE, Pittsburgh, 15212",15212,Condemned/Dead End Property,2026-08-10,Fail,1,0044D00231000000,Active,40.4699636455,-80.0362228939,Marshall-Shadeland,6,27
626546,0044D00231000000,"2843 CALIFORNIA AVE, Pittsburgh, 15212",15212,Condemned/Dead End Property,2026-08-10,Fail,3,0044D00231000000,Active,40.4699636455,-80.0362228939,Marshall-Shadeland,6,27
626547,0012J00256000000,"1812 HARCUM Way, Pittsburgh, PA 15203",15203,Condemned/Dead End Property,2020-09-01,Fail,3,0012J00256000000,Active,40.4263758083,-79.9802334321,South Side Flats,3,17
626548,0174F00131000000,No primary address specified,15208,Condemned/Dead End Property,2026-04-22,,,0174F00131000000,Active,40.4593959792,-79.8940399172,Homewood North,9,13
626549,0024F00037000000,No primary address specified,15212,Condemned/Dead End Property,2023-12-11,Pass,0,0024F00037000000,Active,40.4589131075,-79.9948776833,Spring Garden,1,23
626550,0033K00099000000,"238 REIFERT ST, Pittsburgh, 15210",15210,Condemned/Dead End Property,2026-09-10,,,0033K00099000000,Active,40.4080953856,-79.9937102153,Knoxville,3,30
626551,0045A00385000000,"2928 WADLOW ST, Pittsburgh, 15212",15212,Condemned/Dead End Property,2021-04-08,Fail,3,0045A00385000000,Active,40.4717969462,-80.0287931607,Marshall-Shadeland,6,27
626552,0045A00385000000,"2928 WADLOW ST, Pittsburgh, 15212",15212,Condemned/Dead End Property,2023-09-06,Fail,1,0045A00385000000,Active,40.4717969462,-80.0287931607,Marshall-Shadeland,6,27
626553,0115H00187000000,"76 SEMICIR ST, Pittsburgh, 15214",15214,Condemned/Dead End Property,2026-03-02,Fail,2,0115H00187000000,Active,40.4877004084,-80.0189015152,Perry North,1,26
626554,0115H00187000000,"76 SEMICIR ST, Pittsburgh, 15214",15214,Condemned/Dead End Property,2026-03-02,Pass,0,0115H00187000000,Active,40.4877004084,-80.0189015152,Perry North,1,26
626555,0011G00146000000,"18 ALLEQUIPPA ST, Pittsburgh, 15213",15213,Condemned/Dead End Property,2020-08-21,Fail,3,0011G00146000000,Active,40.4387966081,-79.9717757304,West Oakland,6,4
626556,0014J00132000000,"702 LILLIAN ST, Pittsburgh, 15210",15210,Condemned/Dead End Property,2026-07-31,,,0014J00132000000,Active,40.4185128407,-79.9955210007,Allentown,3,18
626557,0014J00132000000,"702 LILLIAN ST, Pittsburgh, 15210",15210,Condemned/Dead End Property,2026-07-31,,,0014J00132000000,Active,40.4185128407,-79.9955210007,Allentown,3,18
626558,0057C00089000000,No primary address specified,15207,Condemned/Dead End Property,2024-01-02,,,0057C00089000000,Active,40.4035546458,-79.9400518266,Hazelwood,5,15
626559,0057C00089000000,No primary address specified,15207,Condemned/Dead End Property,2024-02-26,Pass,0,0057C00089000000,Active,40.4035546458,-79.9400518266,Hazelwood,5,15
626560,0174R00047000000,"716 N BRADDOCK AVE, Pittsburgh, 15208",15221,Condemned/Dead End Property,2025-09-04,Fail,2,0174R00047000000,Active,40.4545718215,-79.8903328059,Homewood South,9,13
626561,0124K00193000000,"616 THOMPSON ST, Pittsburgh, 15206",15206,Condemned/Dead End Property,2020-06-02,Fail,2,0124K00193000000,Active,40.4654453366,-79.9104287151,Larimer,9,12
626562,0024E00204000000,No primary address specified,15212,Condemned/Dead End Property,2022-08-05,Pass,0,0024E00204000000,Active,40.4584991424,-79.995786204,East Allegheny,1,23
626563,0085N00006000000,"5342 BEELER ST, Pittsburgh, 15217",15217,Condemned/Dead End Property,2026-08-06,Fail,2,0085N00006000000,Active,40.4452946668,-79.9324672311,Squirrel Hill North,8,14
626564,0056L00252000000,"5025 GLENWOOD AVE, Pittsburgh, 15207",15207,Condemned/Dead End Property,2020-07-29,Fail,4,0056L00252000000,Active,40.4084529907,-79.9397256488,Hazelwood,5,15
626565,0056L00252000000,"5025 GLENWOOD AVE, Pittsburgh, 15207",15207,Condemned/Dead End Property,2024-08-21,Pass,0,0056L00252000000,Active,40.4084529907,-79.9397256488,Hazelwood,5,15
626566,0057B00066000000,"5327 2ND AVE, Pittsburgh, 15207",15207,Condemned/Dead End Property,2024-03-15,Fail,1,0057B00066000000,Active,40.4036594076,-79.942036811,Hazelwood,5,15
626567,0055M00122000000,"567 FRAYNE ST, Pittsburgh, 15207",15207,Condemned/Dead End Property,2020-08-24,Fail,1,0055M00122000000,Active,40.4172289192,-79.93644986,Hazelwood,5,15
626568,0014C00045000000,"952 EXCELSIOR ST, Pittsburgh, 15210",15210,Condemned/Dead End Property,2020-07-01,Fail,2,0014C00045000000,Active,40.4234761176,-79.9899278924,Allentown,3,18
626569,0026P00032000000,"727 BRYN MAWR RD, Pittsburgh, 15219",15219,Condemned/Dead End Property,2026-07-23,Pass,0,0026P00032000000,Active,40.4533097824,-79.9618072279,Upper Hill,6,5
626570,0054N00061000000,"43 BIGELOW ST, Pittsburgh, 15207",15207,Condemned/Dead End Property,2024-06-12,Fail,2,0054N00061000000,Active,40.4243413418,-79.9487856567,Greenfield,5,15
626571,0057B00097000000,No primary address specified,15207,Condemned/Dead End Property,2024-11-21,Pass,0,0057B00097000000,Active,40.401957498,-79.9414443999,Hazelwood,5,15
626572,0026N00020000000,No primary address specified,15219,Condemned/Dead End Property,2020-12-03,Pass,0,0026N00020000000,Active,40.4535046228,-79.9621466348,Upper Hill,6,5
626573,0014G00227000000,"952 INDUSTRY ST, Pittsburgh, PA 15210",15210,Condemned/Dead End Property,2020-09-01,Fail,2,0014G00227000000,Active,40.420672527,-79.9896886921,Allentown,3,18
626574,0010H00159000000,No primary address specified,15219,Condemned/Dead End Property,2023-03-15,Pass,0,0010H00159000000,Active,40.4492302263,-79.9684195925,Middle Hill,6,5
626575,0174F00037000000,"7313 HERMITAGE ST, Pittsburgh, 15208",15208,Condemned/Dead End Property,2026-07-29,Fail,1,0174F00037000000,Active,40.4598268727,-79.8923838204,Homewood North,9,13
626576,0175H00204000000,"512 OAKWOOD ST, Pittsburgh, 15208",15221,Condemned/Dead End Property,2020-09-08,Fail,3,0175H00204000000,Active,40.4494812491,-79.8838305617,East Hills,9,13
626577,0175H00204000000,"512 OAKWOOD ST, Pittsburgh, 15208",15221,Condemned/Dead End Property,2023-02-15,,,0175H00204000000,Active,40.4494812491,-79.8838305617,East Hills,9,13
626578,0012S00196000000,"2809 EDWARDS Way, Pittsburgh, PA 15203",15203,Condemned/Dead End Property,2021-02-03,Fail,2,0012S00196000000,Active,40.4239478093,-79.9677898268,South Side Slopes,3,16
626579,0174K00343000000,"7308 BENNETT ST, Pittsburgh, PA 15208",15208,Condemned/Dead End Property,2020-08-24,Fail,2,0174K00343000000,Active,40.4556973798,-79.8941859859,Homewood South,9,13
626580,0047N00083000000,"28 SOLAR ST, Pittsburgh, 15212",15212,Condemned/Dead End Property,2026-09-14,,,0047N00083000000,Active,40.4636160466,-79.9984227824,Spring Hill-City View,1,24
626581,0013R00266000000,"2431 SPRING ST, Pittsburgh, 15210",15210,Condemned/Dead End Property,2026-08-06,Fail,2,0013R00266000000,Active,40.4161393629,-79.9719603744,Arlington,3,16
626582,0013R00266000000,"2431 SPRING ST, Pittsburgh, 15210",15210,Condemned/Dead End Property,2026-08-10,Fail,1,0013R00266000000,Active,40.4161393629,-79.9719603744,Arlington,3,16
626583,0015S00157000000,"842 ESTELLA AVE, Pittsburgh, PA 15210",15210,Condemned/Dead End Property,2020-08-28,Fail,2,0015S00157000000,Active,40.4144121554,-80.0005839357,Beltzhoover,3,18
626584,0057B00033000000,No primary address specified,15207,Condemned/Dead End Property,2022-08-05,Pass,0,0057B00033000000,Active,40.4032679839,-79.9413699574,Hazelwood,5,15
626585,0125L00021000000,"708 N DALLAS AVE, Pittsburgh, PA 15208",15208,Condemned/Dead End Property,2026-08-05,Fail,1,0125L00021000000,Active,40.4575627303,-79.9039822806,Homewood West,9,12
626586,0013K00207000000,"2106 SPRING ST, Pittsburgh, 15210",15210,Condemned/Dead End Property,2026-07-23,Fail,2,0013K00207000000,Active,40.4167204783,-79.9773904947,Arlington,3,16
626587,0029G00018000000,No primary address specified,15213,Condemned/Dead End Property,2023-11-21,,,0029G00018000000,Active,40.4287460778,-79.954310906,South Oakland,3,4
626588,0077N00286000000,"116 HAWKINS AVE, Pittsburgh, 15214",15214,Condemned/Dead End Property,2023-12-14,Fail,1,0077N00286000000,Active,40.4725899552,-80.0148395542,Perry South,6,26
626589,0014L00151000000,No primary address specified,15210,Condemned/Dead End Property,2020-11-16,Pass,0,0014L00151000000,Active,40.4171756661,-79.9890640252,Knoxville,3,30
626590,0071S00135000000,"1416 SWANTEK ST, Pittsburgh, PA 15204",15204,Condemned/Dead End Property,2023-10-16,Pass,0,0071S00135000000,Active,40.4533852467,-80.0692405579,Sheraden,2,20
626591,0014B00090000000,"721 CARNIVAL Way, Pittsburgh, PA 15210",15210,Condemned/Dead End Property,2020-08-26,Fail,2,0014B00090000000,Active,40.4224300578,-79.9950266157,Allentown,3,18
626592,0014F00295000000,"319 ALLEN ST, Pittsburgh, 15210",15210,Condemned/Dead End Property,2020-06-16,Pass,0,0014F00295000000,Active,40.4194718359,-79.9934178456,Allentown,3,18
626593,0057B00195000000,"5276 2ND AVE, Pittsburgh, 15207",15207,Condemned/Dead End Property,2023-11-17,Fail,1,0057B00195000000,Active,40.4040946306,-79.9427151255,Hazelwood,5,15
626594,0014R00024000000,"123 ZARA ST, Pittsburgh, 15210",15210,Condemned/Dead End Property,2020-11-04,Fail,1,0014R00024000000,Active,40.416098278,-79.9893377136,Knoxville,3,30
626595,0014R00024000000,"123 ZARA ST, Pittsburgh, 15210",15210,Condemned/Dead End Property,2023-08-23,Fail,2,0014R00024000000,Active,40.416098278,-79.9893377136,Knoxville,3,30
626596,0010D00291000000,"630 HOLLACE ST, Pittsburgh, 15219",15219,Condemned/Dead End Property,2020-07-17,Fail,2,0010D00291000000,Active,40.4507626493,-79.9677604559,Middle Hill,6,5
626597,0010D00291000000,"630 HOLLACE ST, Pittsburgh, 15219",15219,Condemned/Dead End Property,2021-02-17,Fail,1,0010D00291000000,Active,40.4507626493,-79.9677604559,Middle Hill,6,5
626598,0174A00195000000,"7046 KEDRON ST, Pittsburgh, 15208",15208,Condemned/Dead End Property,2020-09-02,Fail,2,0174A00195000000,Active,40.4613600715,-79.8982293886,Homewood North,9,13
626599,0174A00195000000,"7046 KEDRON ST, Pittsburgh, 15208",15208,Condemned/Dead End Property,2023-11-28,,,0174A00195000000,Active,40.4613600715,-79.8982293886,Homewood North,9,13
626600,0027C00012000000,"919 CLARISSA ST, Pittsburgh, 15219",15219,Condemned/Dead End Property,2021-02-04,Pass,0,0027C00012000000,Active,40.4526326075,-79.9575336729,Upper Hill,6,5
626601,0042P00007000000,"1017 FAIRDALE ST, Pittsburgh, PA 15204",15204,Condemned/Dead End Property,2020-08-28,Fail,1,0042P00007000000,Active,40.4549663121,-80.0615092381,Sheraden,2,20
626602,0056P00026000000,"5226 LYTLE ST, Pittsburgh, 15207",15207,Condemned/Dead End Property,2022-04-05,Fail,1,0056P00026000000,Active,40.4042727736,-79.9450992965,Hazelwood,5,15
626603,0056B00345000000,"168 HAZELWOOD AVE, Pittsburgh, 15207",15207,Condemned/Dead End Property,2020-06-01,Fail,2,0056B00345000000,Active,40.4116231453,-79.9418024114,Hazelwood,5,15
626604,0014N00168000000,"433 ZARA ST, Pittsburgh, 15210",15210,Condemned/Dead End Property,2020-09-10,Fail,1,0014N00168000000,Active,40.4158946168,-79.9967642495,Knoxville,3,30
626605,0045S00134000000,No primary address specified,15214,Condemned/Dead End Property,2023-07-17,,,0045S00134000000,Active,40.4641126164,-80.016839376,Perry South,6,25
626606,0042G00348000000,"3213 ASHLYN ST, Pittsburgh, 15204",15204,Condemned/Dead End Property,2020-06-08,Fail,1,0042G00348000000,Active,40.45794555,-80.0566255348,Sheraden,2,20
626607,0033F00147000000,"402 SUNCREST ST, Pittsburgh, 15210",15210,Condemned/Dead End Property,2021-08-23,Fail,1,0033F00147000000,Active,40.4111905249,-79.9950755793,Knoxville,3,30
626608,0033F00147000000,"402 SUNCREST ST, Pittsburgh, 15210",15210,Condemned/Dead End Property,2022-02-14,,,0033F00147000000,Active,40.4111905249,-79.9950755793,Knoxville,3,30
626609,0062P00298000200,"318 AIDYL AVE, Pittsburgh, 15226",15226,Condemned/Dead End Property,2025-11-07,Fail,1,0062P00298000200,Active,40.3948562909,-80.0272243227,Brookline,4,19
626610,0010D00234000000,No primary address specified,15219,Condemned/Dead End Property,2020-12-03,Pass,0,0010D00234000000,Active,40.4506718001,-79.9683662623,Middle Hill,6,5
626611,0115E00070000000,"1121 LAPISH RD, Pittsburgh, 15212",15212,Condemned/Dead End Property,2020-08-11,Fail,2,0115E00070000000,Active,40.4890399433,-80.032259232,Brighton Heights,1,27
626612,0115E00070000000,"1121 LAPISH RD, Pittsburgh, 15212",15212,Condemned/Dead End Property,2022-09-28,,,0115E00070000000,Active,40.4890399433,-80.032259232,Brighton Heights,1,27
626613,0077H00200000000,"101 HAZLETT ST, Pittsburgh, PA 15214",15214,Condemned/Dead End Property,2024-03-21,Fail,1,0077H00200000000,Active,40.4774654277,-80.0025524619,Northview Heights,1,26
626614,0077H00200000000,"101 HAZLETT ST, Pittsburgh, PA 15214",15214,Condemned/Dead End Property,2024-09-20,Pass,0,0077H00200000000,Active,40.4774654277,-80.0025524619,Northview Heights,1,26
626615,0114G00098000000,"3930 BRIGHTON RD, Pittsburgh, 15212",15212,Condemned/Dead End Property,2023-05-31,Fail,2,0114G00098000000,Active,40.4874662465,-80.0386397193,Brighton Heights,1,27
626616,0114G00098000000,"3930 BRIGHTON RD, Pittsburgh, 15212",15212,Condemned/Dead End Property,2026-03-02,Fail,1,0114G00098000000,Active,40.4874662465,-80.0386397193,Brighton Heights,1,27
626617,0003L00007000000,"816 NEWTON ST, Pittsburgh, 15203",15203,Condemned/Dead End Property,2024-06-25,Fail,2,0003L00007000000,Active,40.4261364438,-79.99090234,South Side Slopes,3,17
626618,0162R00208000000,"4041 VINCETON ST, Pittsburgh, PA 15214",15214,Condemned/Dead End Property,2024-11-21,Fail,2,0162R00208000000,Active,40.4917279908,-80.0225703686,Perry North,1,26
626619,0010D00121000000,No primary address specified,15219,Condemned/Dead End Property,2021-02-04,Pass,0,0010D00121000000,Active,40.4520542516,-79.9675577655,Middle Hill,6,5
626620,0124M00045000000,No primary address specified,15206,Condemned/Dead End Property,2020-11-17,Pass,0,0124M00045000000,Active,40.465527624,-79.9026448647,Lincoln-Lemington-Belmar,9,12
626621,0125K00151000000,"6719 HAMILTON AVE, Pittsburgh, PA 15208",15208,Condemned/Dead End Property,2026-03-23,Pass,0,0125K00151000000,Active,40.4573770367,-79.908283474,Homewood West,9,12
626622,0173E00188000000,"1362 MONTEZUMA ST, Pittsburgh, 15206",15206,Condemned/Dead End Property,2022-07-06,Fail,3,0173E00188000000,Active,40.4685571227,-79.8979332419,Lincoln-Lemington-Belmar,9,12
626623,0173E00188000000,"1362 MONTEZUMA ST, Pittsburgh, 15206",15206,Condemned/Dead End Property,2024-06-26,Pass,0,0173E00188000000,Active,40.4685571227,-79.8979332419,Lincoln-Lemington-Belmar,9,12
626624,0076N00316000000,No primary address specified,15212,Condemned/Dead End Property,2026-06-10,Pass,0,0076N00316000000,Active,40.4733287351,-80.0295636154,Marshall-Shadeland,6,27
626625,0014M00076000000,"1789 ARLINGTON AVE, Pittsburgh, 15210",15210,Condemned/Dead End Property,2022-02-01,,,0014M00076000000,Active,40.4179941222,-79.9830955968,South Side Slopes,3,17
626626,0174B00275000000,"7249 KEDRON ST, Pittsburgh, 15208",15208,Condemned/Dead End Property,2024-03-01,Pass,0,0174B00275000000,Active,40.4606145205,-79.8931354845,Homewood North,9,13
626627,0175C00323000000,"308 HALE ST, Pittsburgh, 15208",15221,Condemned/Dead End Property,2024-07-02,Fail,2,0175C00323000000,Active,40.4510875032,-79.8881360057,Homewood South,9,13
626628,0026L00068000000,"3811 BIGELOW BLVD, Pittsburgh, PA 15213",15213,Condemned/Dead End Property,2026-09-10,,,0026L00068000000,Active,40.4566835483,-79.9546810929,North Oakland,6,5
626629,0125M00314000000,"6933 HAMILTON AVE, Pittsburgh, 15208",15208,Condemned/Dead End Property,2025-06-04,Pass,0,0125M00314000000,Active,40.4562649736,-79.9034046402,Homewood West,9,12
626630,0014B00164000000,"119 WALTER ST, Pittsburgh, 15210",15210,Condemned/Dead End Property,2020-09-10,Fail,1,0014B00164000000,Active,40.4211612773,-79.9944879746,Allentown,3,18
626631,0045M00114000000,"2412 N CHARLES ST, Pittsburgh, 15214",15214,Condemned/Dead End Property,2023-12-07,Fail,2,0045M00114000000,Active,40.4656781797,-80.0202554595,Perry South,6,26
626632,0014P00102000000,No primary address specified,15210,Condemned/Dead End Property,2022-02-17,,,0014P00102000000,Active,40.4156233415,-79.9913896995,Knoxville,3,30
626633,0174A00065000000,No primary address specified,15208,Condemned/Dead End Property,2024-02-07,,,0174A00065000000,Active,40.4615010223,-79.8958669242,Homewood North,9,13
626634,0010H00203000000,No primary address specified,15219,Condemned/Dead End Property,2020-10-06,Pass,0,0010H00203000000,Active,40.4502305672,-79.9678177003,Middle Hill,6,5
626635,0015L00189000000,"614 GEARING AVE, Pittsburgh, 15210",15210,Condemned/Dead End Property,2025-11-19,Pass,0,0015L00189000000,Active,40.4168257383,-80.0050755353,Beltzhoover,3,18
626636,0015M00310000000,No primary address specified,15210,Condemned/Dead End Property,2022-11-22,Pass,0,0015M00310000000,Active,40.4164062847,-80.0030624281,Beltzhoover,3,18
626637,0054M00051000000,"864 FLEMINGTON ST, Pittsburgh, 15217",15217,Condemned/Dead End Property,2020-05-20,Fail,3,0054M00051000000,Active,40.4266428977,-79.9335886752,Greenfield,5,15
626638,0054M00051000000,"864 FLEMINGTON ST, Pittsburgh, 15217",15217,Condemned/Dead End Property,2024-09-26,Fail,1,0054M00051000000,Active,40.4266428977,-79.9335886752,Greenfield,5,15
626639,0033R00238000000,No primary address specified,15210,Condemned/Dead End Property,2026-03-03,Pass,0,0033R00238000000,Active,40.4045605196,-79.987268479,Carrick,4,29
626640,0084D00054000001,No primary address specified,15206,Condemned/Dead End Property,2020-06-22,Fail,2,0084D00054000001,Active,40.4622049532,-79.9181806716,East Liberty,9,11
626641,0174K00116000000,"7309 FRANKSTOWN AVE, Pittsburgh, 15208",15208,Condemned/Dead End Property,2021-01-27,Fail,2,0174K00116000000,Active,40.4570403938,-79.8935722744,Homewood North,9,13
626642,0174K00116000000,"7309 FRANKSTOWN AVE, Pittsburgh, 15208",15208,Condemned/Dead End Property,2024-03-27,,,0174K00116000000,Active,40.4570403938,-79.8935722744,Homewood North,9,13
626643,0014G00158000000,"930 CLIMAX ST, Pittsburgh, 15210",15210,Condemned/Dead End Property,2020-08-27,Fail,1,0014G00158000000,Active,40.4198583446,-79.9889765272,Allentown,3,18
626644,0173B00277000000,"7141 ROSS GARDEN RD, Pittsburgh, 15206",15206,Condemned/Dead End Property,2024-01-08,Pass,0,0173B00277000000,Active,40.4716535308,-79.8941408725,Lincoln-Lemington-Belmar,9,12
626645,0057G00188000000,"5526 2ND AVE, Pittsburgh, 15207",15207,Condemned/Dead End Property,2024-04-10,Pass,0,0057G00188000000,Active,40.4009110749,-79.9397682586,Hazelwood,5,15
626646,0057G00188000000,"5526 2ND AVE, Pittsburgh, 15207",15207,Condemned/Dead End Property,2025-09-04,Fail,4,0057G00188000000,Active,40.4009110749,-79.9397682586,Hazelwood,5,15
626647,0022B00218000000,"1241 SIGEL ST, Pittsburgh, PA 15212",15212,Condemned/Dead End Property,2026-09-15,,,0022B00218000000,Active,40.4609468989,-80.025927546,California-Kirkbride,6,21
626648,0057C00224000000,"5400 GLENWOOD AVE, Pittsburgh, 15207",15207,Condemned/Dead End Property,2023-10-10,Fail,1,0057C00224000000,Active,40.4034761181,-79.9386250491,Hazelwood,5,15
626649,0021N00173000000,"2735 STAFFORD ST, Pittsburgh, 15204",15204,Condemned/Dead End Property,2020-09-09,Fail,2,0021N00173000000,Active,40.4549956534,-80.0491692975,Sheraden,2,20
626650,0021N00173000000,"2735 STAFFORD ST, Pittsburgh, 15204",15204,Condemned/Dead End Property,2026-05-21,Pass,0,0021N00173000000,Active,40.4549956534,-80.0491692975,Sheraden,2,20
626651,0024J00454000000,"835 PERALTA ST, Pittsburgh, PA 15212",15212,Condemned/Dead End Property,2020-08-04,Pass,0,0024J00454000000,Active,40.4554456333,-79.9959674047,East Allegheny,1,23
626652,0022C00083000000,"1934 SEDGWICK ST, Pittsburgh, 15212",15212,Condemned/Dead End Property,2020-09-09,Fail,3,0022C00083000000,Active,40.46011534,-80.02397725,California-Kirkbride,6,21
626653,0010F00092000000,"713 CHAUNCEY ST, Pittsburgh, 15219",15219,Condemned/Dead End Property,2025-07-28,Fail,2,0010F00092000000,Active,40.4493089223,-79.9745669682,Middle Hill,6,5
626654,0046C00315000000,No primary address specified,15214,Condemned/Dead End Property,2023-08-08,Pass,0,0046C00315000000,Active,40.4698874082,-80.0064923843,Perry South,6,26
626655,0024C00195000000,"1261 HIGH ST, Pittsburgh, PA 15212",15212,Condemned/Dead End Property,2026-01-29,Fail,1,0024C00195000000,Active,40.4608526715,-79.9894090664,Spring Garden,1,24
626656,0042P00059000000,"1103 SUTHERLAND ST, Pittsburgh, 15204",15204,Condemned/Dead End Property,2020-09-10,Fail,1,0042P00059000000,Active,40.4540793327,-80.0615228191,Sheraden,2,20
626657,0039E00035000000,"140 PENSDALE ST, Pittsburgh, 15205",15205,Condemned/Dead End Property,2020-09-08,Fail,3,0039E00035000000,Active,40.4289028972,-80.0654115214,Oakwood,2,28
626658,0174E00333000000,No primary address specified,15208,Condemned/Dead End Property,2025-08-05,Pass,0,0174E00333000000,Active,40.4578794294,-79.897292244,Homewood North,9,13
626659,0107M00039000000,"2104 MAZETTE PL, Pittsburgh, 15205",15205,Condemned/Dead End Property,2020-09-04,Fail,2,0107M00039000000,Active,40.4465815182,-80.0841176671,Fairywood,2,28
626660,0107M00039000000,"2104 MAZETTE PL, Pittsburgh, 15205",15205,Condemned/Dead End Property,2022-04-08,,,0107M00039000000,Active,40.4465815182,-80.0841176671,Fairywood,2,28
626661,0026N00116000000,"3373 WEBSTER AVE, Pittsburgh, 15219",15219,Condemned/Dead End Property,2020-08-11,Fail,3,0026N00116000000,Active,40.4545239969,-79.9630896154,Upper Hill,6,5
626662,0026N00116000000,"3373 WEBSTER AVE, Pittsburgh, 15219",15219,Condemned/Dead End Property,2021-02-18,Fail,1,0026N00116000000,Active,40.4545239969,-79.9630896154,Upper Hill,6,5
626663,0057C00371000000,"317 RENOVA ST, Pittsburgh, 15207",15207,Condemned/Dead End Property,2020-09-09,Fail,2,0057C00371000000,Active,40.4030076481,-79.9372260028,Hazelwood,5,15
626664,0125D00066000000,"1017 N MURTLAND ST, Pittsburgh, 15208",15208,Condemned/Dead End Property,2021-10-08,Fail,2,0125D00066000000,Active,40.4601349938,-79.900818296,Homewood West,9,12
626665,0014C00094000000,"1105 ARLINGTON AVE, Pittsburgh, PA 15203",15203,Condemned/Dead End Property,2023-01-18,Pass,0,0014C00094000000,Active,40.4224577992,-79.9910005511,Allentown,3,18
626666,0014C00094000000,"1105 ARLINGTON AVE, Pittsburgh, PA 15203",15203,Condemned/Dead End Property,2026-07-28,Fail,2,0014C00094000000,Active,40.4224577992,-79.9910005511,Allentown,3,18
626667,0080H00078000A00,"5148 KENT Way, Pittsburgh, 15201",15201,Condemned/Dead End Property,2021-02-17,Pass,0,0080H00078000A00,Active,40.4787866042,-79.9525597095,Upper Lawrenceville,7,10
626668,0094J00002000000,"61 CARRICK AVE, Pittsburgh, PA 15210",15210,Condemned/Dead End Property,2023-12-13,Fail,1,0094J00002000000,Active,40.3895531601,-79.9827511493,Carrick,4,29
626669,0026K00263000000,No primary address specified,15219,Condemned/Dead End Property,2022-06-15,Pass,0,0026K00263000000,Active,40.4559442608,-79.9600075321,Upper Hill,6,5
626670,0062D00203000000,"1931 WOODWARD AVE, Pittsburgh, 15226",15226,Condemned/Dead End Property,2020-09-10,Fail,2,0062D00203000000,Active,40.4036802684,-80.0171679177,Brookline,4,19
626671,0062D00203000000,"1931 WOODWARD AVE, Pittsburgh, 15226",15226,Condemned/Dead End Property,2020-11-23,Pass,0,0062D00203000000,Active,40.4036802684,-80.0171679177,Brookline,4,19
626672,0010F00025000000,No primary address specified,15219,Condemned/Dead End Property,2022-10-21,,,0010F00025000000,Active,40.4480158456,-79.9758686727,Middle Hill,6,5
626673,0076N00023000000,"3137 SHADELAND AVE, Pittsburgh, 15212",15212,Condemned/Dead End Property,2023-01-18,Pass,0,0076N00023000000,Active,40.4742350797,-80.0319644167,Marshall-Shadeland,6,27
626674,0125B00076000000,"6522 LLEWELLYN PL, Pittsburgh, 15206",15206,Condemned/Dead End Property,2026-07-22,Fail,1,0125B00076000000,Active,40.4617886673,-79.9099160328,Larimer,9,12
626675,0041R00075000000,"1655 STEUBEN ST, Pittsburgh, 15205",15205,Condemned/Dead End Property,2020-10-21,Fail,1,0041R00075000000,Active,40.4431328342,-80.0571806561,Crafton Heights,2,28
626676,0174A00205000000,"7024 KEDRON ST, Pittsburgh, 15208",15208,Condemned/Dead End Property,2020-09-02,Fail,2,0174A00205000000,Active,40.4615112683,-79.8988839998,Homewood North,9,13
626677,0174A00205000000,"7024 KEDRON ST, Pittsburgh, 15208",15208,Condemned/Dead End Property,2024-04-09,,,0174A00205000000,Active,40.4615112683,-79.8988839998,Homewood North,9,13
626678,0174A00205000000,"7024 KEDRON ST, Pittsburgh, 15208",15208,Condemned/Dead End Property,2026-04-22,,,0174A00205000000,Active,40.4615112683,-79.8988839998,Homewood North,9,13
626679,0033C00093000000,"18 GRAPE ST, Pittsburgh, 15210",15210,Condemned/Dead End Property,2020-11-16,Fail,1,0033C00093000000,Active,40.4137949276,-79.9892713678,Knoxville,3,30
626680,0084N00167000000,"633 SUMMERLEA ST #3, Pittsburgh, PA 15232",15232,Condemned/Dead End Property,2025-05-23,Fail,1,0084N00167000000,Active,40.4542141018,-79.9308485107,Shadyside,8,7
626681,0042M00081000000,"2953 GLEN MAWR ST, Pittsburgh, PA 15204",15204,Condemned/Dead End Property,2021-04-14,Fail,2,0042M00081000000,Active,40.4562901029,-80.0526177677,Sheraden,2,20
626682,0175D00301000000,"610 SINGER PL, Pittsburgh, 15221",15221,Condemned/Dead End Property,2020-09-09,Fail,3,0175D00301000000,Active,40.4515359432,-79.8831292251,East Hills,9,13
626683,0077N00082000000,"276 KENNEDY AVE, Pittsburgh, 15214",15214,Condemned/Dead End Property,2020-09-02,Fail,1,0077N00082000000,Active,40.4743176532,-80.0133893265,Perry South,6,26
626684,0091F00160000000,"920 ARMORHILL AVE, Pittsburgh, PA 15120",15207,Condemned/Dead End Property,2024-02-16,Fail,1,0091F00160000000,Active,40.391676017,-79.926081955,New Homestead,5,31
626685,0045M00132000000,No primary address specified,15214,Condemned/Dead End Property,2024-06-27,Fail,2,0045M00132000000,Active,40.4654518622,-80.0201707985,Perry South,6,26
626686,0003L00008000000,"818 NEWTON ST, Pittsburgh, 15203",15203,Condemned/Dead End Property,2024-06-25,Fail,2,0003L00008000000,Active,40.4261142277,-79.9908365579,South Side Slopes,3,17
626687,0024C00033000000,"1330 DIANA ST, Pittsburgh, 15212",15212,Condemned/Dead End Property,2026-08-27,Fail,1,0024C00033000000,Active,40.4621273606,-79.9901866386,Spring Hill-City View,1,24
626688,0056K00066000000,"37 W ELIZABETH ST, Pittsburgh, 15207",15207,Condemned/Dead End Property,2026-08-13,Fail,2,0056K00066000000,Active,40.4066475913,-79.944812702,Hazelwood,5,15
626689,0045A00189000000,No primary address specified,15212,Condemned/Dead End Property,2026-06-10,Pass,0,0045A00189000000,Active,40.4705930914,-80.0302186075,Marshall-Shadeland,6,27
626690,0029G00237000000,"3611 FRAZIER ST, Pittsburgh, 15213",15213,Condemned/Dead End Property,2020-08-28,Fail,2,0029G00237000000,Active,40.4306099745,-79.9551115116,South Oakland,3,4
626691,0029G00237000000,"3611 FRAZIER ST, Pittsburgh, 15213",15213,Condemned/Dead End Property,2022-04-06,,,0029G00237000000,Active,40.4306099745,-79.9551115116,South Oakland,3,4
626692,0019B00096000000,"901 NEIDEL ST, Pittsburgh, 15220",15220,Condemned/Dead End Property,2020-11-01,Fail,1,0019B00096000000,Active,40.441941578,-80.0424701211,Elliott,2,20
626693,0013R00222000000,"2430 SPRING ST, Pittsburgh, 15210",15210,Condemned/Dead End Property,2026-08-06,Fail,1,0013R00222000000,Active,40.4157922374,-79.971936015,Arlington,3,16
626694,0014P00239000000,"322 BAUSMAN ST, Pittsburgh, 15210",15210,Condemned/Dead End Property,2020-11-16,Pass,0,0014P00239000000,Active,40.4140571643,-79.9940901273,Knoxville,3,30
626695,0014P00086000000,No primary address specified,15210,Condemned/Dead End Property,2023-11-06,Pass,0,0014P00086000000,Active,40.4155846028,-79.9929256772,Knoxville,3,30
626696,0047K00062000000,"35 WOESSNER AVE, Pittsburgh, 15212",15212,Condemned/Dead End Property,2020-10-14,Fail,1,0047K00062000000,Active,40.4654844194,-79.9939705427,Spring Hill-City View,1,24
626697,0047K00062000000,"35 WOESSNER AVE, Pittsburgh, 15212",15212,Condemned/Dead End Property,2023-08-23,Pass,0,0047K00062000000,Active,40.4654844194,-79.9939705427,Spring Hill-City View,1,24
626698,0029S00199000000,"124 GREENFIELD AVE, Pittsburgh, PA 15207",15207,Condemned/Dead End Property,2026-05-19,Fail,2,0029S00199000000,Active,40.4247945907,-79.9514374438,Hazelwood,5,15
626699,0046K00159000000,"2201 FEDERAL STREET EXT, Pittsburgh, 15214",15214,Condemned/Dead End Property,2024-09-30,Fail,1,0046K00159000000,Active,40.4651751576,-80.0102850123,Perry South,6,26
626700,0232B00290000000,"619 DORNBUSH ST, Pittsburgh, PA 15221",15221,Condemned/Dead End Property,2020-08-27,Fail,2,0232B00290000000,Active,40.4526990261,-79.877125698,East Hills,9,13
626701,0232B00290000000,"619 DORNBUSH ST, Pittsburgh, PA 15221",15221,Condemned/Dead End Property,2026-04-07,Pass,0,0232B00290000000,Active,40.4526990261,-79.877125698,East Hills,9,13
626702,0077P00314000000,No primary address specified,15214,Condemned/Dead End Property,2023-09-29,Pass,0,0077P00314000000,Active,40.4724422569,-80.0109455163,Perry South,6,26
626703,0042M00016000000,"533 SHERWOOD AVE, Pittsburgh, 15204",15204,Condemned/Dead End Property,2020-10-20,Fail,1,0042M00016000000,Active,40.4554304144,-80.0530880792,Sheraden,2,20
626704,0042M00016000000,"533 SHERWOOD AVE, Pittsburgh, 15204",15204,Condemned/Dead End Property,2023-08-22,Fail,2,0042M00016000000,Active,40.4554304144,-80.0530880792,Sheraden,2,20
626705,0075S00275000000,No primary address specified,15212,Condemned/Dead End Property,2022-02-01,,,0075S00275000000,Active,40.4731745028,-80.0345332389,Marshall-Shadeland,6,27
626706,0014N00193000000,"407 ROCHELLE ST, Pittsburgh, 15210",15210,Condemned/Dead End Property,2023-02-22,Fail,2,0014N00193000000,Active,40.4151761846,-79.9955696306,Knoxville,3,30
626707,0014N00193000000,"407 ROCHELLE ST, Pittsburgh, 15210",15210,Condemned/Dead End Property,2023-05-26,,,0014N00193000000,Active,40.4151761846,-79.9955696306,Knoxville,3,30
626708,0174R00387000000,"7724 FRANKSTOWN AVE, Pittsburgh, 15208",15221,Condemned/Dead End Property,2021-01-07,Fail,2,0174R00387000000,Active,40.455028649,-79.8871072204,Homewood South,9,13
626709,0010G00348000000,No primary address specified,15219,Condemned/Dead End Property,2020-10-02,Pass,0,0010G00348000000,Active,40.4493263183,-79.9736282728,Middle Hill,6,5
626710,0080H00166000000,"5208 LOTUS Way, Pittsburgh, PA 15201",15201,Condemned/Dead End Property,2024-09-27,Pass,0,0080H00166000000,Active,40.4787400956,-79.9513353619,Upper Lawrenceville,7,10
626711,0014F00260000000,"847 LOYAL Way, Pittsburgh, 15210",15210,Condemned/Dead End Property,2026-09-04,Fail,2,0014F00260000000,Active,40.419730611,-79.9918103584,Allentown,3,18
626712,0045B00175000000,No primary address specified,15212,Condemned/Dead End Property,2023-01-30,,,0045B00175000000,Active,40.4700686631,-80.0261678437,Marshall-Shadeland,6,27
626713,0124P00266000000,No primary address specified,15206,Condemned/Dead End Property,2020-11-17,Pass,0,0124P00266000000,Active,40.4635385227,-79.9089106541,Larimer,9,12
626714,0173A00121000000,"7014 CHURCHLAND ST, Pittsburgh, 15206",15206,Condemned/Dead End Property,2020-12-01,Fail,2,0173A00121000000,Active,40.471412264,-79.8973082991,Lincoln-Lemington-Belmar,9,12
626715,0173A00121000000,"7014 CHURCHLAND ST, Pittsburgh, 15206",15206,Condemned/Dead End Property,2023-04-13,,,0173A00121000000,Active,40.471412264,-79.8973082991,Lincoln-Lemington-Belmar,9,12
626716,0021J00032000000,"324 HAMMOND ST, Pittsburgh, 15204",15204,Condemned/Dead End Property,2024-08-30,Fail,1,0021J00032000000,Active,40.4564140391,-80.049224441,Sheraden,2,20
626717,0060P00196000000,"306 PARKFIELD ST, Pittsburgh, PA 15210",15210,Condemned/Dead End Property,2025-03-31,Pass,0,0060P00196000000,Active,40.3944495712,-79.9916920136,Carrick,4,29
626718,0022F00085000000,"1908 MANHATTAN ST, Pittsburgh, PA 15233",15233,Condemned/Dead End Property,2020-08-20,Fail,3,0022F00085000000,Active,40.4589306883,-80.0277611672,Manchester,6,21
626719,0094N00129000000,"2420 BROWNSVILLE RD, Pittsburgh, 15210",15210,Condemned/Dead End Property,2023-12-13,Fail,1,0094N00129000000,Active,40.3866307269,-79.9820723874,Carrick,4,29
626720,0014R00064000000,"130 1/2 ZARA ST, Pittsburgh, PA 15210",15210,Condemned/Dead End Property,2021-08-19,Fail,2,0014R00064000000,Active,40.4156752458,-79.9896649457,Knoxville,3,30
626721,0014R00064000000,"130 1/2 ZARA ST, Pittsburgh, PA 15210",15210,Condemned/Dead End Property,2025-07-17,Fail,1,0014R00064000000,Active,40.4156752458,-79.9896649457,Knoxville,3,30
626722,0174K00343000B00,"7306 BENNETT ST, Pittsburgh, PA 15208",15208,Condemned/Dead End Property,2024-06-26,Pass,0,0174K00343000B00,Active,40.4557279935,-79.8942924412,Homewood South,9,13
626723,0120S00262000000,"11 FAIRFIELD CT, Pittsburgh, 15201",15201,Condemned/Dead End Property,2025-08-01,Pass,0,0120S00262000000,Active,40.4831580334,-79.9349054054,Stanton Heights,7,10
626724,0011K00147000000,"2017 1/2 TUSTIN ST, Pittsburgh, PA 15219",15219,Condemned/Dead End Property,2023-03-14,Fail,1,0011K00147000000,Active,40.4369704652,-79.9770787046,Bluff,6,1
626725,0035L00267000000,"1739 FAIRACRES AVE, Pittsburgh, 15216",15216,Condemned/Dead End Property,2022-09-26,Pass,0,0035L00267000000,Active,40.408021705,-80.0205755019,Beechview,4,19
626726,0184N00288000000,"5754 LAUDER ST, Pittsburgh, 15207",15207,Condemned/Dead End Property,2024-10-15,Fail,1,0184N00288000000,Active,40.3657859939,-79.9142328847,Lincoln Place,5,31
626727,0012J00132000000,"125 S 17TH ST, Pittsburgh, PA 15203",15203,Condemned/Dead End Property,2025-07-22,Fail,2,0012J00132000000,Active,40.427603169,-79.9819882249,South Side Flats,3,17
626728,0015K00126000000,No primary address specified,15210,Condemned/Dead End Property,2020-11-16,Pass,0,0015K00126000000,Active,40.4175707128,-80.0097034699,Beltzhoover,3,18
626729,0042S00331000000,"2739 MERWYN AVE, Pittsburgh, 15204",15204,Condemned/Dead End Property,2020-09-04,Fail,1,0042S00331000000,Active,40.454425009,-80.0497527419,Sheraden,2,20
626730,0010F00137000A00,"2258 BEDFORD AVE, Pittsburgh, 15219",15219,Condemned/Dead End Property,2020-07-20,Fail,2,0010F00137000A00,Active,40.4488412926,-79.9764728628,Middle Hill,6,5
626731,0124R00089000000,"313 RENFREW ST, Pittsburgh, PA 15206",15206,Condemned/Dead End Property,2020-09-09,Fail,3,0124R00089000000,Active,40.464019429,-79.9074522445,Larimer,9,12
626732,0124R00089000000,"313 RENFREW ST, Pittsburgh, PA 15206",15206,Condemned/Dead End Property,2023-12-28,,,0124R00089000000,Active,40.464019429,-79.9074522445,Larimer,9,12
626733,0006M00006000000,"1208 GRANDVIEW AVE, Pittsburgh, PA 15211",15219,Condemned/Dead End Property,2026-02-05,Fail,2,0006M00006000000,Active,40.4380867279,-80.0183593454,Mount Washington,2,19
626734,0027B00251000000,"809 CHEROKEE ST, Pittsburgh, 15219",15219,Condemned/Dead End Property,2020-08-04,Fail,2,0027B00251000000,Active,40.451535272,-79.9604371569,Upper Hill,6,5
626735,0014L00102000000,"125 JUCUNDA ST, Pittsburgh, PA 15210",15210,Condemned/Dead End Property,2020-11-04,Pass,0,0014L00102000000,Active,40.4175801979,-79.9891611128,Knoxville,3,30
626736,0027B00095000A00,"3212 CAMP ST, Pittsburgh, 15219",15219,Condemned/Dead End Property,2020-08-05,Fail,1,0027B00095000A00,Active,40.4517600129,-79.9588066826,Upper Hill,6,5
626737,0076S00032000000,"441 KENNEDY AVE, Pittsburgh, 15214",15214,Condemned/Dead End Property,2020-09-02,Fail,2,0076S00032000000,Active,40.4738976603,-80.0168359926,Perry South,6,26
626738,0076S00032000000,"441 KENNEDY AVE, Pittsburgh, 15214",15214,Condemned/Dead End Property,2023-09-20,Pass,0,0076S00032000000,Active,40.4738976603,-80.0168359926,Perry South,6,26
626739,0075M00078000000,"3317 MCCLURE AVE, Pittsburgh, 15212",15212,Condemned/Dead End Property,2022-10-10,Pass,0,0075M00078000000,Active,40.4762097606,-80.0367525174,Brighton Heights,1,27
626740,0075M00078000000,"3317 MCCLURE AVE, Pittsburgh, 15212",15212,Condemned/Dead End Property,2026-04-21,Fail,1,0075M00078000000,Active,40.4762097606,-80.0367525174,Brighton Heights,1,27
626741,0049C00027000000,"298 45TH ST, Pittsburgh, 15201",15201,Condemned/Dead End Property,2021-06-21,Pass,0,0049C00027000000,Active,40.4701437214,-79.9569021804,Central Lawrenceville,7,9
626742,0023A00102000000,"34 NORMAN ST, Pittsburgh, 15214",15214,Condemned/Dead End Property,2023-06-26,Pass,0,0023A00102000000,Active,40.4618630738,-80.0148481559,Perry South,6,25
626743,0023A00102000000,"34 NORMAN ST, Pittsburgh, 15214",15214,Condemned/Dead End Property,2026-09-01,Fail,3,0023A00102000000,Active,40.4618630738,-80.0148481559,Perry South,6,25
626744,0043S00018000000,No primary address specified,15204,Condemned/Dead End Property,2022-07-27,Fail,1,0043S00018000000,Active,40.4637914866,-80.0533420613,Esplen,2,20
626745,0026N00124000000,"1 OLNEY ST, Pittsburgh, PA 15219",15219,Condemned/Dead End Property,2020-11-04,Fail,1,0026N00124000000,Active,40.4545022316,-79.9635293097,Upper Hill,6,5
626746,0026N00124000000,"1 OLNEY ST, Pittsburgh, PA 15219",15219,Condemned/Dead End Property,2020-11-12,Fail,2,0026N00124000000,Active,40.4545022316,-79.9635293097,Upper Hill,6,5
626747,0056B00012000000,No primary address specified,15207,Condemned/Dead End Property,2024-08-20,Pass,0,0056B00012000000,Active,40.413435776,-79.9448786918,Hazelwood,5,15
626748,0022K00368000000,"1250 LIVERPOOL ST, Pittsburgh, 15233",15233,Condemned/Dead End Property,2025-08-14,Fail,3,0022K00368000000,Active,40.4555568395,-80.0249306602,Manchester,6,21
626749,0174B00327000000,No primary address specified,15208,Condemned/Dead End Property,2022-03-14,,,0174B00327000000,Active,40.4602485661,-79.893070646,Homewood North,9,13
626750,0174B00327000000,No primary address specified,15208,Condemned/Dead End Property,2022-07-27,Pass,0,0174B00327000000,Active,40.4602485661,-79.893070646,Homewood North,9,13
626751,0094F00050000000,"2440 WATERMAN AVE, Pittsburgh, 15227",15210,Condemned/Dead End Property,2024-04-03,Fail,2,0094F00050000000,Active,40.3910401479,-79.978336231,Carrick,4,29
626752,0124S00117000000,No primary address specified,15206,Condemned/Dead End Property,2024-06-05,Pass,0,0124S00117000000,Active,40.4628917355,-79.9035325056,Homewood West,9,12
626753,0061M00025000000,"1504 SAW MILL RUN BLVD, Pittsburgh, PA 15210",15210,Condemned/Dead End Property,2024-01-12,Fail,2,0061M00025000000,Active,40.3988211927,-80.0002646667,Brookline,4,32
626754,0056L00038000000,"214 TIPTON ST, Pittsburgh, PA 15207",15207,Condemned/Dead End Property,2020-09-09,Fail,1,0056L00038000000,Active,40.4080488221,-79.9410505268,Hazelwood,5,15
626755,0014E00202000000,No primary address specified,15210,Condemned/Dead End Property,2023-05-17,Pass,0,0014E00202000000,Active,40.4205486428,-79.9972197763,Allentown,3,18
626756,0174K00315000000,"7519 BENNETT ST, Pittsburgh, 15208",15208,Condemned/Dead End Property,2020-08-24,Fail,2,0174K00315000000,Active,40.4554899966,-79.8911738299,Homewood South,9,13
626757,0082P00283000000,No primary address specified,15206,Condemned/Dead End Property,2020-09-03,Pass,0,0082P00283000000,Active,40.4732192097,-79.9244836363,Highland Park,7,11
626758,0116E00129000000,"3774 EAST ST, Pittsburgh, 15214",15214,Condemned/Dead End Property,2024-01-31,Fail,1,0116E00129000000,Active,40.4882155297,-80.0141139019,Perry North,1,26
626759,0020R00078000000,"804 LORENZ AVE #2, Pittsburgh, PA 15220",15220,Condemned/Dead End Property,2022-08-12,Fail,1,0020R00078000000,Active,40.4440127434,-80.0411034924,Elliott,2,20
626760,0041H00100000000,No primary address specified,15204,Condemned/Dead End Property,2023-01-24,Pass,0,0041H00100000000,Active,40.4493710126,-80.0522005006,Crafton Heights,2,28
626761,0016P00167000000,No primary address specified,15216,Condemned/Dead End Property,2023-09-05,Pass,0,0016P00167000000,Active,40.4161870807,-80.0262204959,Beechview,4,19
626762,0013S00133000000,"315 DENGLER ST, Pittsburgh, 15210",15210,Condemned/Dead End Property,2020-10-20,Pass,0,0013S00133000000,Active,40.4142976904,-79.9674499103,Arlington,3,16
626763,0173F00132000000,"1573 ELROD Way, Pittsburgh, PA 15206",15206,Condemned/Dead End Property,2020-07-20,Fail,2,0173F00132000000,Active,40.4696258244,-79.8930604407,Lincoln-Lemington-Belmar,9,12
626764,0173F00132000000,"1573 ELROD Way, Pittsburgh, PA 15206",15206,Condemned/Dead End Property,2023-03-06,,,0173F00132000000,Active,40.4696258244,-79.8930604407,Lincoln-Lemington-Belmar,9,12
626765,0174S00359000000,"713 SINGER PL, Pittsburgh, 15221",15221,Condemned/Dead End Property,2023-10-19,Fail,2,0174S00359000000,Active,40.4532453866,-79.883622727,East Hills,9,13
626766,0174F00072000000,No primary address specified,15208,Condemned/Dead End Property,2022-07-22,,,0174F00072000000,Active,40.4595817323,-79.8934250068,Homewood North,9,13
626767,0046G00032000000,"208 E MCINTYRE AVE, Pittsburgh, 15214",15214,Condemned/Dead End Property,2024-03-14,Fail,3,0046G00032000000,Active,40.4691448117,-80.0075835091,Perry South,6,26
626768,0046G00032000000,"208 E MCINTYRE AVE, Pittsburgh, 15214",15214,Condemned/Dead End Property,2024-08-26,Pass,0,0046G00032000000,Active,40.4691448117,-80.0075835091,Perry South,6,26
626769,0011E00186000000,"214 WICK ST, Pittsburgh, 15219",15219,Condemned/Dead End Property,2020-08-24,Fail,2,0011E00186000000,Active,40.4395029598,-79.9795263861,Crawford-Roberts,6,3
626770,0011E00186000000,"214 WICK ST, Pittsburgh, 15219",15219,Condemned/Dead End Property,2023-02-09,Fail,1,0011E00186000000,Active,40.4395029598,-79.9795263861,Crawford-Roberts,6,3
626771,0047R00069000000,"1320 ITIN ST, Pittsburgh, 15212",15212,Condemned/Dead End Property,2020-09-02,Fail,1,0047R00069000000,Active,40.4628364758,-79.9900730385,Spring Hill-City View,1,24
626772,0047R00069000000,"1320 ITIN ST, Pittsburgh, 15212",15212,Condemned/Dead End Property,2026-01-12,Fail,1,0047R00069000000,Active,40.4628364758,-79.9900730385,Spring Hill-City View,1,24
626773,0173B00018000000,"1631 WESTMORELAND AVE, Pittsburgh, 15206",15206,Condemned/Dead End Property,2026-04-22,,,0173B00018000000,Active,40.4703812296,-79.8915545405,Lincoln-Lemington-Belmar,9,12
626774,0076L00173000000,"859 SMITHTON AVE, Pittsburgh, 15212",15212,Condemned/Dead End Property,2024-03-18,Fail,1,0076L00173000000,Active,40.4750502108,-80.0231289847,Marshall-Shadeland,6,27
626775,0047N00232000000,"1818 OVERBECK ST, Pittsburgh, 15212",15212,Condemned/Dead End Property,2026-03-05,Fail,1,0047N00232000000,Active,40.464198463,-79.9969612055,Spring Hill-City View,1,24
626776,0014D00277000000,"2513 S 18TH ST, Pittsburgh, 15210",15203,Condemned/Dead End Property,2025-03-25,Fail,2,0014D00277000000,Active,40.421483871,-79.9840503731,South Side Slopes,3,17
626777,0011K00095000100,"2027 FORBES AVE, Pittsburgh, PA 15219",15219,Condemned/Dead End Property,2020-08-31,Fail,2,0011K00095000100,Active,40.4374713182,-79.9766576242,Bluff,6,1
626778,0002G00056000000,"1323 5TH AVE, Pittsburgh, PA 15219",15219,Condemned/Dead End Property,2022-08-11,Fail,3,0002G00056000000,Active,40.4388636089,-79.9873685043,Crawford-Roberts,6,3
626779,0231L00222000000,"2508 PARK HILL DR, Pittsburgh, 15221",15221,Condemned/Dead End Property,2020-09-03,Fail,2,0231L00222000000,Active,40.4558381501,-79.8730854334,East Hills,9,13
626780,0024E00102000000,"820 SPRING GARDEN AVE #2, Pittsburgh, PA 15212",15212,Condemned/Dead End Property,2025-05-13,Fail,2,0024E00102000000,Active,40.4575957304,-79.9970761073,East Allegheny,1,23
626781,0046R00022000000,"1941 MOUNTFORD AVE, Pittsburgh, PA 15214",15214,Condemned/Dead End Property,2020-08-11,Fail,1,0046R00022000000,Active,40.4634022635,-80.0077026774,Fineview,6,25
626782,0009S00414000100,"539 ROBERTS ST, Pittsburgh, 15219",15219,Condemned/Dead End Property,2026-07-29,,,0009S00414000100,Active,40.4430638091,-79.9841005453,Crawford-Roberts,6,3
626783,0137E00155000000,"148 OWENDALE AVE, Pittsburgh, 15227",15227,Condemned/Dead End Property,2024-01-02,,,0137E00155000000,Active,40.3811179859,-79.9812177852,Carrick,4,29
626784,0137E00155000000,"148 OWENDALE AVE, Pittsburgh, 15227",15227,Condemned/Dead End Property,2024-12-18,Pass,0,0137E00155000000,Active,40.3811179859,-79.9812177852,Carrick,4,29
626785,0137E00155000000,"148 OWENDALE AVE, Pittsburgh, 15227",15227,Condemned/Dead End Property,2025-03-11,Pass,0,0137E00155000000,Active,40.3811179859,-79.9812177852,Carrick,4,29
626786,0124H00214000000,No primary address specified,15206,Condemned/Dead End Property,2026-05-22,,,0124H00214000000,Active,40.4678713859,-79.9023023352,Lincoln-Lemington-Belmar,9,12
626787,0077S00135000000,No primary address specified,15212,Condemned/Dead End Property,2025-08-13,Pass,0,0077S00135000000,Active,40.4739987446,-80.0008095237,Northview Heights,1,26
626788,0173J00208000000,No primary address specified,15206,Condemned/Dead End Property,2022-09-14,Pass,0,0173J00208000000,Active,40.4671166888,-79.8972001973,Lincoln-Lemington-Belmar,9,12
626789,0019D00100000000,No primary address specified,15220,Condemned/Dead End Property,2022-12-12,Fail,1,0019D00100000000,Active,40.4415682275,-80.0363137553,Elliott,2,20
626790,0014F00086000000,No primary address specified,15210,Condemned/Dead End Property,2023-12-11,Pass,0,0014F00086000000,Active,40.4188421272,-79.9938852465,Allentown,3,18
626791,0015K00051000000,"507 BOGGSTON AVE, Pittsburgh, 15210",15210,Condemned/Dead End Property,2020-08-24,Fail,2,0015K00051000000,Active,40.4166333132,-80.0097461559,Beltzhoover,3,18
626792,0045N00014000000,"1308 HALSEY PL #2, Pittsburgh, PA 15212",15212,Condemned/Dead End Property,2024-06-21,Fail,2,0045N00014000000,Active,40.4647191388,-80.0289754338,Marshall-Shadeland,6,27
626793,0045N00014000000,"1308 HALSEY PL #2, Pittsburgh, PA 15212",15212,Condemned/Dead End Property,2025-02-28,Fail,1,0045N00014000000,Active,40.4647191388,-80.0289754338,Marshall-Shadeland,6,27
626794,0174M00075000000,"921 BLACKADORE ST, Pittsburgh, 15221",15221,Condemned/Dead End Property,2026-04-17,,,0174M00075000000,Active,40.4562618972,-79.8835772337,Homewood North,9,13
626795,0010L00037000000,"2351 CENTRE AVE, Pittsburgh, 15219",15219,Condemned/Dead End Property,2020-08-25,Fail,2,0010L00037000000,Active,40.4460821367,-79.9725309626,Middle Hill,6,5
626796,0173L00015000000,"7301 LEMINGTON AVE, Pittsburgh, 15235",15206,Condemned/Dead End Property,2026-04-17,Fail,2,0173L00015000000,Active,40.4673163221,-79.8898263894,Lincoln-Lemington-Belmar,9,12
626797,0175C00237000000,No primary address specified,15221,Condemned/Dead End Property,2020-10-20,Pass,0,0175C00237000000,Active,40.4510635173,-79.8890565237,Homewood South,9,13
626798,0019H00021000000,"705 WALBRIDGE ST, Pittsburgh, 15220",15220,Condemned/Dead End Property,2025-02-26,Pass,0,0019H00021000000,Active,40.4395018774,-80.0367252954,Elliott,2,20
626799,0033F00149000000,"406 SUNCREST ST, Pittsburgh, 15210",15210,Condemned/Dead End Property,2020-11-04,Pass,0,0033F00149000000,Active,40.4112196679,-79.9952596636,Knoxville,3,30
626800,0033F00149000000,"406 SUNCREST ST, Pittsburgh, 15210",15210,Condemned/Dead End Property,2021-04-22,Fail,2,0033F00149000000,Active,40.4112196679,-79.9952596636,Knoxville,3,30
626801,0007D00132000000,"934 WESTERN AVE #6, Pittsburgh, PA 15233",15233,Condemned/Dead End Property,2023-03-16,Pass,0,0007D00132000000,Active,40.4519315662,-80.0180446754,Allegheny West,1,22
626802,0010G00125000000,"2510 WEBSTER AVE, Pittsburgh, 15219",15219,Condemned/Dead End Property,2024-03-22,Fail,2,0010G00125000000,Active,40.4495840535,-79.9720362924,Middle Hill,6,5
626803,0040L00103000000,"1424 BARR AVE, Pittsburgh, 15205",15205,Condemned/Dead End Property,2022-08-05,Pass,0,0040L00103000000,Active,40.4370155649,-80.0558749078,Westwood,2,28
626804,0014K00152000000,No primary address specified,15210,Condemned/Dead End Property,2024-11-21,Pass,0,0014K00152000000,Active,40.4175014863,-79.992053492,Knoxville,3,30
626805,0124J00109000000,"6122 MEADOW ST, Pittsburgh, 15206",15206,Condemned/Dead End Property,2020-07-06,Fail,2,0124J00109000000,Active,40.4657083302,-79.9153935552,Larimer,9,12
626806,0124J00109000000,"6122 MEADOW ST, Pittsburgh, 15206",15206,Condemned/Dead End Property,2026-01-20,Pass,0,0124J00109000000,Active,40.4657083302,-79.9153935552,Larimer,9,12
626807,0124M00047000000,No primary address specified,15206,Condemned/Dead End Property,2020-11-17,Pass,0,0124M00047000000,Active,40.4656110218,-79.90278687,Lincoln-Lemington-Belmar,9,12
626808,0243C00350000000,No primary address specified,15207,Condemned/Dead End Property,2021-10-11,Pass,0,0243C00350000000,Active,40.3650162184,-79.9038778549,Lincoln Place,5,31
626809,0010H00140000000,No primary address specified,15219,Condemned/Dead End Property,2021-02-18,Pass,0,0010H00140000000,Active,40.4481102927,-79.9677815753,Middle Hill,6,5
626810,0124M00406000000,"1305 OLIVANT ST, Pittsburgh, 15206",15206,Condemned/Dead End Property,2021-12-16,Fail,2,0124M00406000000,Active,40.4671361254,-79.899754535,Lincoln-Lemington-Belmar,9,12
626811,0174K00365000A00,"706 STERRETT ST, Pittsburgh, 15208",15208,Condemned/Dead End Property,2022-04-07,Fail,2,0174K00365000A00,Active,40.4553366512,-79.8945569844,Homewood South,9,13
626812,0174K00365000A00,"706 STERRETT ST, Pittsburgh, 15208",15208,Condemned/Dead End Property,2024-05-28,Pass,0,0174K00365000A00,Active,40.4553366512,-79.8945569844,Homewood South,9,13
626813,0046A00012000000,"2636 LELAND ST, Pittsburgh, 15214",15214,Condemned/Dead End Property,2026-05-21,,,0046A00012000000,Active,40.4717458938,-80.0123291456,Perry South,6,26
626814,0033B00319000000,No primary address specified,15210,Condemned/Dead End Property,2023-02-09,,,0033B00319000000,Active,40.4117430874,-79.9929838581,Knoxville,3,30
626815,0019D00189000000,"175 STEUBEN ST, Pittsburgh, 15220",15220,Condemned/Dead End Property,2025-11-25,Fail,2,0019D00189000000,Active,40.4415451618,-80.0350436602,West End,2,20
626816,0033J00180000000,"108 ABNER AVE, Pittsburgh, 15210",15210,Condemned/Dead End Property,2024-01-22,Fail,1,0033J00180000000,Active,40.4084509155,-79.9976659112,Bon Air,4,18
626817,0077N00041000000,"302 MARSHALL AVE, Pittsburgh, 15214",15214,Condemned/Dead End Property,2023-09-18,Fail,2,0077N00041000000,Active,40.4740531302,-80.0156807958,Perry South,6,26
626818,0045E00145000000,"1433 TUMBO ST, Pittsburgh, 15212",15212,Condemned/Dead End Property,2026-04-17,Pass,0,0045E00145000000,Active,40.4678306751,-80.0325682341,Marshall-Shadeland,6,27
626819,0046J00303000000,"229 W BURGESS ST, Pittsburgh, 15214",15214,Condemned/Dead End Property,2026-08-17,Fail,2,0046J00303000000,Active,40.46638247,-80.0125292327,Perry South,6,26
626820,0024E00183000000,"829 VISTA ST, Pittsburgh, 15212",15212,Condemned/Dead End Property,2020-09-10,Fail,1,0024E00183000000,Active,40.4582103854,-79.9972154197,East Allegheny,1,23
626821,0024E00183000000,"829 VISTA ST, Pittsburgh, 15212",15212,Condemned/Dead End Property,2023-12-11,Pass,0,0024E00183000000,Active,40.4582103854,-79.9972154197,East Allegheny,1,23
626822,0174B00223000000,"7323 MOUNT VERNON ST, Pittsburgh, PA 15208",15208,Condemned/Dead End Property,2020-09-04,Fail,2,0174B00223000000,Active,40.4606769812,-79.8917765961,Homewood North,9,13
626823,0174B00223000000,"7323 MOUNT VERNON ST, Pittsburgh, PA 15208",15208,Condemned/Dead End Property,2024-01-08,Pass,0,0174B00223000000,Active,40.4606769812,-79.8917765961,Homewood North,9,13
626824,0045A00386000000,No primary address specified,15212,Condemned/Dead End Property,2024-08-26,Pass,0,0045A00386000000,Active,40.4718934024,-80.0288506543,Marshall-Shadeland,6,27
626825,0046G00035000000,"202 E MCINTYRE AVE, Pittsburgh, 15214",15214,Condemned/Dead End Property,2024-03-19,Fail,2,0046G00035000000,Active,40.4690379048,-80.007808417,Perry South,6,26
626826,0046G00035000000,"202 E MCINTYRE AVE, Pittsburgh, 15214",15214,Condemned/Dead End Property,2024-08-26,Pass,0,0046G00035000000,Active,40.4690379048,-80.007808417,Perry South,6,26
626827,0173J00225000000,No primary address specified,15206,Condemned/Dead End Property,2026-04-17,,,0173J00225000000,Active,40.4669921136,-79.8965024667,Lincoln-Lemington-Belmar,9,12
626828,0014L00006000100,"415 KNOX AVE, Pittsburgh, 15210",15210,Condemned/Dead End Property,2020-09-03,Fail,2,0014L00006000100,Active,40.4187443228,-79.9904599998,Allentown,3,18
626829,0014L00006000100,"415 KNOX AVE, Pittsburgh, 15210",15210,Condemned/Dead End Property,2022-02-28,,,0014L00006000100,Active,40.4187443228,-79.9904599998,Allentown,3,18
626830,0013M00005000000,"2845 PATTERSON ST, Pittsburgh, 15203",15203,Condemned/Dead End Property,2020-09-08,Fail,2,0013M00005000000,Active,40.4186263475,-79.9672932143,South Side Slopes,3,16
626831,0047K00107000000,"46 WOESSNER AVE, Pittsburgh, 15212",15212,Condemned/Dead End Property,2026-07-07,Fail,2,0047K00107000000,Active,40.4658984317,-79.9943759777,Spring Hill-City View,1,24
626832,0011K00060000000,"2133 FORBES AVE #2, Pittsburgh, PA 15219",15219,Condemned/Dead End Property,2024-03-06,Fail,1,0011K00060000000,Active,40.4374498893,-79.9746682698,Bluff,6,4
626833,0014R00219000000,"132 BAUSMAN ST, Pittsburgh, 15210",15210,Condemned/Dead End Property,2020-08-21,Fail,2,0014R00219000000,Active,40.4141863175,-79.9896384322,Knoxville,3,30
626834,0044D00060000000,"3007 GEYER AVE, Pittsburgh, 15212",15212,Condemned/Dead End Property,2020-08-31,Fail,2,0044D00060000000,Active,40.4721739608,-80.0357251404,Marshall-Shadeland,6,27
626835,0044D00060000000,"3007 GEYER AVE, Pittsburgh, 15212",15212,Condemned/Dead End Property,2022-04-01,Pass,0,0044D00060000000,Active,40.4721739608,-80.0357251404,Marshall-Shadeland,6,27
626836,0138B00106000000,"715 MAYTIDE ST, Pittsburgh, 15227",15227,Condemned/Dead End Property,2024-10-24,Fail,2,0138B00106000000,Active,40.3837476635,-79.9920562296,Overbrook,4,32
626837,0083K00048000000,"316 N NEGLEY AVE #1, Pittsburgh, PA 15206",15206,Condemned/Dead End Property,2026-04-13,Fail,1,0083K00048000000,Active,40.4658341472,-79.92857692,East Liberty,9,11
626838,0056G00146000000,"5018 ORINOCO ST, Pittsburgh, PA 15207",15207,Condemned/Dead End Property,2024-08-23,Fail,1,0056G00146000000,Active,40.4090349835,-79.9391708155,Hazelwood,5,15
626839,0050L00179000A00,"5137 BROAD ST, Pittsburgh, PA 15224",15224,Condemned/Dead End Property,2020-05-29,Fail,3,0050L00179000A00,Active,40.4664885824,-79.9410443278,Garfield,9,10
626840,0015S00005000000,"213 MICHIGAN ST, Pittsburgh, 15210",15210,Condemned/Dead End Property,2025-12-04,Fail,2,0015S00005000000,Active,40.4160644509,-80.0032333149,Beltzhoover,3,18
626841,0035H00237000000,"1703 SUBURBAN AVE, Pittsburgh, 15216",15216,Condemned/Dead End Property,2020-09-10,Fail,2,0035H00237000000,Active,40.4101394177,-80.0202085855,Beechview,4,19
626842,0056J00138000000,"6 A TECUMSEH ST, Pittsburgh, PA 15207",15207,Condemned/Dead End Property,2022-04-27,Fail,1,0056J00138000000,Active,40.4076901811,-79.9472108246,Hazelwood,5,15
626843,0184N00336000000,"1141 STOCK ST, Pittsburgh, PA 15207",15207,Condemned/Dead End Property,2022-04-27,Pass,0,0184N00336000000,Active,40.3665838819,-79.9158158635,Lincoln Place,5,31
626844,0174A00299000000,"7052 HERMITAGE ST, Pittsburgh, 15208",15208,Condemned/Dead End Property,2021-10-18,Fail,3,0174A00299000000,Active,40.4606871896,-79.8982179847,Homewood North,9,13
626845,0019D00029000000,"610 ATTICA ST, Pittsburgh, 15220",15220,Condemned/Dead End Property,2025-09-18,Fail,3,0019D00029000000,Active,40.4428225768,-80.0359358916,Elliott,2,20
626846,0175D00134000000,"7923 TACOMA ST, Pittsburgh, 15208",15221,Condemned/Dead End Property,2026-07-29,Fail,1,0175D00134000000,Active,40.4507696975,-79.8854573368,Homewood South,9,13
626847,0124L00287000A00,No primary address specified,15206,Condemned/Dead End Property,2026-03-02,,,0124L00287000A00,Active,40.4649537633,-79.9042389402,Lincoln-Lemington-Belmar,9,12
626848,0032N00315000000,"410 LAUGHLIN AVE, Pittsburgh, 15210",15210,Condemned/Dead End Property,2024-02-08,Fail,2,0032N00315000000,Active,40.4050819891,-79.9803431473,Carrick,4,29
626849,0019S00010000000,"322 JUNIUS ST, Pittsburgh, 15220",15220,Condemned/Dead End Property,2024-03-20,Fail,1,0019S00010000000,Active,40.4334026219,-80.0363941718,Ridgemont,2,20
626850,0014J00247000000,No primary address specified,15210,Condemned/Dead End Property,2025-08-01,Pass,0,0014J00247000000,Active,40.4172075898,-79.9985155393,Beltzhoover,3,18
626851,0083E00261000000,"5456 COLUMBO ST, Pittsburgh, PA 15206",15206,Condemned/Dead End Property,2020-09-01,Pass,0,0083E00261000000,Active,40.4683933039,-79.9318355102,Garfield,9,11
626852,0048J00293000000,"1835 LOWRIE ST, Pittsburgh, 15212",15212,Condemned/Dead End Property,2025-03-10,Fail,1,0048J00293000000,Active,40.4654322621,-79.9811722928,Troy Hill,1,24
626853,0048J00293000000,"1835 LOWRIE ST, Pittsburgh, 15212",15212,Condemned/Dead End Property,2025-10-28,Pass,0,0048J00293000000,Active,40.4654322621,-79.9811722928,Troy Hill,1,24
626854,0056D00178000000,"451 KILBOURNE ST, Pittsburgh, 15207",15207,Condemned/Dead End Property,2023-12-06,Fail,1,0056D00178000000,Active,40.4122653897,-79.9361580643,Hazelwood,5,15
626855,0056D00178000000,"451 KILBOURNE ST, Pittsburgh, 15207",15207,Condemned/Dead End Property,2024-09-17,Fail,1,0056D00178000000,Active,40.4122653897,-79.9361580643,Hazelwood,5,15
626856,0174G00004000000,"7437 RACE ST, Pittsburgh, 15208",15208,Condemned/Dead End Property,2026-05-26,Fail,1,0174G00004000000,Active,40.4576297442,-79.8894920194,Homewood North,9,13
626857,0026P00293000000,"3400 WEBSTER AVE, Pittsburgh, 15219",15219,Condemned/Dead End Property,2020-08-18,Pass,0,0026P00293000000,Active,40.454859751,-79.9616077485,Upper Hill,6,5
626858,0014H00051000000,"2653 S 18TH ST #B, Pittsburgh, PA 15210",15210,Condemned/Dead End Property,2025-03-24,Fail,3,0014H00051000000,Active,40.4199931277,-79.9864934154,South Side Slopes,3,17
626859,0021K00022000000,"2649 W CARSON ST, Pittsburgh, 15204",15204,Condemned/Dead End Property,2020-08-26,Fail,2,0021K00022000000,Active,40.4570898358,-80.0444573127,Esplen,2,20
626860,0010F00068000000,"701 SOMERS ST, Pittsburgh, PA 15219",15219,Condemned/Dead End Property,2020-07-24,Fail,2,0010F00068000000,Active,40.448601747,-79.9753647413,Middle Hill,6,5
626861,0010F00068000000,"701 SOMERS ST, Pittsburgh, PA 15219",15219,Condemned/Dead End Property,2026-07-08,Pass,0,0010F00068000000,Active,40.448601747,-79.9753647413,Middle Hill,6,5
626862,0014F00292000000,"307 ALLEN ST, Pittsburgh, 15210",15210,Condemned/Dead End Property,2020-06-16,Fail,1,0014F00292000000,Active,40.4196685143,-79.9934223608,Allentown,3,18
626863,0014F00292000000,"307 ALLEN ST, Pittsburgh, 15210",15210,Condemned/Dead End Property,2022-12-01,,,0014F00292000000,Active,40.4196685143,-79.9934223608,Allentown,3,18
626864,0056P00055000000,"5145 LYTLE ST, Pittsburgh, 15207",15207,Condemned/Dead End Property,2022-04-12,Fail,1,0056P00055000000,Active,40.4055330993,-79.9448035638,Hazelwood,5,15
626865,0045B00036000000,"2917 STAYTON ST, Pittsburgh, 15212",15212,Condemned/Dead End Property,2020-08-11,Fail,2,0045B00036000000,Active,40.4715158774,-80.0282282955,Marshall-Shadeland,6,27
626866,0045B00036000000,"2917 STAYTON ST, Pittsburgh, 15212",15212,Condemned/Dead End Property,2022-08-31,Pass,0,0045B00036000000,Active,40.4715158774,-80.0282282955,Marshall-Shadeland,6,27
626867,0175B00149000000,"7539 SUSQUEHANNA ST, Pittsburgh, PA 15208",15208,Condemned/Dead End Property,2020-09-10,Fail,2,0175B00149000000,Active,40.4515915153,-79.8923047582,Homewood South,9,13
626868,0047H00048000000,"1900 GEBHART ST, Pittsburgh, 15212",15212,Condemned/Dead End Property,2026-07-24,Fail,1,0047H00048000000,Active,40.4687649214,-79.9860806186,Spring Garden,1,26
626869,0091S00182000000,"4540 MARINA DR, Pittsburgh, PA 15120",15207,Condemned/Dead End Property,2025-02-21,Pass,0,0091S00182000000,Active,40.3857670456,-79.9197222907,New Homestead,5,31
626870,0124N00035000000,"119 AUBURN ST, Pittsburgh, 15206",15206,Condemned/Dead End Property,2022-02-22,Fail,2,0124N00035000000,Active,40.4635249761,-79.9160412088,Larimer,9,12
626871,0010K00342000000,"11 MCCLARREN ST, Pittsburgh, 15219",15219,Condemned/Dead End Property,2020-09-28,Fail,3,0010K00342000000,Active,40.4473276972,-79.975216018,Middle Hill,6,5
626872,0044D00260000000,No primary address specified,15212,Condemned/Dead End Property,2026-09-15,Pass,0,0044D00260000000,Active,40.4706593207,-80.0350056531,Marshall-Shadeland,6,27
626873,0035C00242000000,"1409 ALTON ST, Pittsburgh, 15216",15216,Condemned/Dead End Property,2026-07-29,Fail,1,0035C00242000000,Active,40.4129310111,-80.0208373521,Beechview,4,19
626874,0071G00208000000,"3641 HARLOW PL, Pittsburgh, 15204",15204,Condemned/Dead End Property,2021-02-16,Pass,0,0071G00208000000,Active,40.4590254655,-80.0725686096,Chartiers City,2,20
626875,0019H00186000000,"29 NOBLESTOWN RD, Pittsburgh, 15220",15220,Condemned/Dead End Property,2020-07-27,Fail,2,0019H00186000000,Active,40.4396585549,-80.0349889163,West End,2,20
626876,0019H00186000000,"29 NOBLESTOWN RD, Pittsburgh, 15220",15220,Condemned/Dead End Property,2025-03-31,Pass,0,0019H00186000000,Active,40.4396585549,-80.0349889163,West End,2,20
626877,0174R00314000A00,"7743 KELLY ST, Pittsburgh, 15208",15221,Condemned/Dead End Property,2026-04-17,Pass,0,0174R00314000A00,Active,40.4535247167,-79.8872136034,Homewood South,9,13
626878,0027B00171000C00,No primary address specified,15219,Condemned/Dead End Property,2021-06-22,Pass,0,0027B00171000C00,Active,40.4519572584,-79.9609852534,Upper Hill,6,5
626879,0083F00004000000,"429 N NEGLEY AVE, Pittsburgh, 15206",15206,Condemned/Dead End Property,2021-10-14,Fail,1,0083F00004000000,Active,40.4677113742,-79.9284598421,Garfield,9,11
626880,0019H00121000000,"40 NOBLESTOWN RD, Pittsburgh, PA 15220",15220,Condemned/Dead End Property,2020-07-28,Fail,2,0019H00121000000,Active,40.4393935812,-80.0354049075,Elliott,2,20
626881,0019H00121000000,"40 NOBLESTOWN RD, Pittsburgh, PA 15220",15220,Condemned/Dead End Property,2026-03-23,Pass,0,0019H00121000000,Active,40.4393935812,-80.0354049075,Elliott,2,20
626882,0045N00042000000,"2350 MCCOOK ST, Pittsburgh, 15212",15212,Condemned/Dead End Property,2020-09-04,Fail,3,0045N00042000000,Active,40.4640303807,-80.0297054456,Marshall-Shadeland,6,27
626883,0045N00042000000,"2350 MCCOOK ST, Pittsburgh, 15212",15212,Condemned/Dead End Property,2026-04-17,Pass,0,0045N00042000000,Active,40.4640303807,-80.0297054456,Marshall-Shadeland,6,27
626884,0015S00014000000,"235 MICHIGAN ST, Pittsburgh, 15210",15210,Condemned/Dead End Property,2020-09-04,Fail,1,0015S00014000000,Active,40.4160743043,-80.0024702526,Beltzhoover,3,18
626885,0045N00010000000,"1318 HALSEY PL, Pittsburgh, 15212",15212,Condemned/Dead End Property,2026-04-17,Pass,0,0045N00010000000,Active,40.4646487439,-80.0293511477,Marshall-Shadeland,6,27
626886,0026P00127000000,"735 CLARISSA ST, Pittsburgh, 15219",15219,Condemned/Dead End Property,2020-06-01,Pass,0,0026P00127000000,Active,40.4535554209,-79.9604202718,Upper Hill,6,5
626887,0173J00065000000,No primary address specified,15206,Condemned/Dead End Property,2023-02-06,Pass,0,0173J00065000000,Active,40.4655949488,-79.899186833,Lincoln-Lemington-Belmar,9,12
626888,0173J00065000000,No primary address specified,15206,Condemned/Dead End Property,2023-02-06,,,0173J00065000000,Active,40.4655949488,-79.899186833,Lincoln-Lemington-Belmar,9,12
626889,0173A00206000000,"1365 PAULSON AVE, Pittsburgh, 15206",15206,Condemned/Dead End Property,2020-09-08,Fail,2,0173A00206000000,Active,40.4699734193,-79.8985912511,Lincoln-Lemington-Belmar,9,12
626890,0024E00140000000,"860 CONCORD ST, Pittsburgh, 15212",15212,Condemned/Dead End Property,2021-09-20,Fail,2,0024E00140000000,Active,40.4582590525,-79.9957072049,East Allegheny,1,23
626891,0014D00138000000,"33 SAINT THOMAS ST, Pittsburgh, PA 15203",15203,Condemned/Dead End Property,2020-09-09,Fail,1,0014D00138000000,Active,40.4214442421,-79.9850887297,South Side Slopes,3,17
626892,0014D00138000000,"33 SAINT THOMAS ST, Pittsburgh, PA 15203",15203,Condemned/Dead End Property,2023-07-10,,,0014D00138000000,Active,40.4214442421,-79.9850887297,South Side Slopes,3,17
626893,0014L00204000000,No primary address specified,15210,Condemned/Dead End Property,2020-09-21,Pass,0,0014L00204000000,Active,40.4163910134,-79.9902137312,Knoxville,3,30
626894,0027B00096000000,"3214 CAMP ST, Pittsburgh, 15219",15219,Condemned/Dead End Property,2024-05-14,Fail,1,0027B00096000000,Active,40.4517960064,-79.9587843111,Upper Hill,6,5
626895,0175D00179000000,"7905 INGLENOOK PL, Pittsburgh, 15208",15221,Condemned/Dead End Property,2020-09-01,Fail,2,0175D00179000000,Active,40.4514377414,-79.8855208818,Homewood South,9,13
626896,0175D00179000000,"7905 INGLENOOK PL, Pittsburgh, 15208",15221,Condemned/Dead End Property,2023-06-01,,,0175D00179000000,Active,40.4514377414,-79.8855208818,Homewood South,9,13
626897,0042S00243000000,"513 HAMMOND ST, Pittsburgh, 15204",15204,Condemned/Dead End Property,2020-09-01,Fail,3,0042S00243000000,Active,40.4548043939,-80.0515920534,Sheraden,2,20
626898,0042S00243000000,"513 HAMMOND ST, Pittsburgh, 15204",15204,Condemned/Dead End Property,2020-12-09,Pass,0,0042S00243000000,Active,40.4548043939,-80.0515920534,Sheraden,2,20
626899,0056F00141000000,"114 GLEN CALADH ST, Pittsburgh, 15207",15207,Condemned/Dead End Property,2025-09-25,Fail,1,0056F00141000000,Active,40.4092109351,-79.9425548049,Hazelwood,5,15
626900,0057C00335000000,"256 RENOVA ST, Pittsburgh, 15207",15207,Condemned/Dead End Property,2020-09-09,Fail,3,0057C00335000000,Active,40.4023131134,-79.9370755022,Hazelwood,5,15
626901,0057C00335000000,"256 RENOVA ST, Pittsburgh, 15207",15207,Condemned/Dead End Property,2024-02-21,Fail,1,0057C00335000000,Active,40.4023131134,-79.9370755022,Hazelwood,5,15
626902,0013G00087000000,"2514 WELLINGTON ST, Pittsburgh, PA 15203",15203,Condemned/Dead End Property,2020-09-10,Fail,3,0013G00087000000,Active,40.4205496292,-79.9708838376,South Side Slopes,3,16
626903,0045A00135000000,"2906 HARTMAN ST, Pittsburgh, 15212",15212,Condemned/Dead End Property,2021-07-01,Fail,1,0045A00135000000,Active,40.4707098219,-80.031293471,Marshall-Shadeland,6,27
626904,0045A00135000000,"2906 HARTMAN ST, Pittsburgh, 15212",15212,Condemned/Dead End Property,2023-02-23,,,0045A00135000000,Active,40.4707098219,-80.031293471,Marshall-Shadeland,6,27
626905,0045A00135000000,"2906 HARTMAN ST, Pittsburgh, 15212",15212,Condemned/Dead End Property,2026-03-17,Pass,0,0045A00135000000,Active,40.4707098219,-80.031293471,Marshall-Shadeland,6,27
626906,0057C00125000000,No primary address specified,15207,Condemned/Dead End Property,2024-11-21,Pass,0,0057C00125000000,Active,40.4017147815,-79.940065846,Hazelwood,5,15
626907,0013M00220000000,"109 COLOGNE ST, Pittsburgh, 15210",15210,Condemned/Dead End Property,2023-03-16,Fail,2,0013M00220000000,Active,40.4171162603,-79.9693402329,Arlington,3,16
626908,0056F00154000000,No primary address specified,15207,Condemned/Dead End Property,2020-10-25,Pass,0,0056F00154000000,Active,40.4092910066,-79.9417259324,Hazelwood,5,15
626909,0056L00349000000,"5057 AMPERE ST, Pittsburgh, 15207",15207,Condemned/Dead End Property,2023-11-17,Fail,1,0056L00349000000,Active,40.4080129307,-79.937897742,Hazelwood,5,15
626910,0056L00349000000,"5057 AMPERE ST, Pittsburgh, 15207",15207,Condemned/Dead End Property,2026-05-06,Pass,0,0056L00349000000,Active,40.4080129307,-79.937897742,Hazelwood,5,15
626911,0010K00149000C00,"19 PERRY ST, Pittsburgh, 15219",15219,Condemned/Dead End Property,2023-04-13,Fail,2,0010K00149000C00,Active,40.4464616234,-79.9776740889,Middle Hill,6,5
626912,0010K00149000C00,"19 PERRY ST, Pittsburgh, 15219",15219,Condemned/Dead End Property,2023-10-02,Fail,1,0010K00149000C00,Active,40.4464616234,-79.9776740889,Middle Hill,6,5
626913,0124M00352000000,No primary address specified,15206,Condemned/Dead End Property,2025-03-19,Pass,0,0124M00352000000,Active,40.4666568696,-79.9009359989,Lincoln-Lemington-Belmar,9,12
626914,0071H00096000000,"3505 CHARTIERS AVE, Pittsburgh, 15204",15204,Condemned/Dead End Property,2020-06-11,Fail,1,0071H00096000000,Active,40.457686235,-80.0675122746,Chartiers City,2,20
626915,0014J00263000000,"436 CHALFONT ST, Pittsburgh, 15210",15210,Condemned/Dead End Property,2020-06-23,Fail,3,0014J00263000000,Active,40.4164781242,-79.9988568381,Beltzhoover,3,18
626916,0014J00263000000,"436 CHALFONT ST, Pittsburgh, 15210",15210,Condemned/Dead End Property,2023-12-21,Fail,1,0014J00263000000,Active,40.4164781242,-79.9988568381,Beltzhoover,3,18
626917,0014F00252000000,"859 LOYAL Way, Pittsburgh, 15210",15210,Condemned/Dead End Property,2023-01-31,Pass,0,0014F00252000000,Active,40.4197432113,-79.9912524935,Allentown,3,18
626918,0115H00051000000,"3820 PERRYSVILLE AVE, Pittsburgh, 15214",15214,Condemned/Dead End Property,2020-09-08,Fail,1,0115H00051000000,Active,40.4881401219,-80.0162570608,Perry North,1,26
626919,0033B00341000000,"345 MOORE AVE, Pittsburgh, 15210",15210,Condemned/Dead End Property,2020-09-04,Fail,2,0033B00341000000,Active,40.4124026521,-79.9948365072,Knoxville,3,30
626920,0044H00158000000,No primary address specified,15212,Condemned/Dead End Property,2026-08-10,Pass,0,0044H00158000000,Active,40.4685937097,-80.0346541779,Marshall-Shadeland,6,27
626921,0051J00229000000,"4932 YEW ST, Pittsburgh, PA 15224",15224,Condemned/Dead End Property,2020-06-23,Fail,2,0051J00229000000,Active,40.4574601916,-79.9468972014,Bloomfield,7,8
626922,0174B00338000000,"7221 HERMITAGE ST, Pittsburgh, 15208",15208,Condemned/Dead End Property,2024-08-19,Fail,3,0174B00338000000,Active,40.4601589756,-79.8941526501,Homewood North,9,13
626923,0125D00362000000,"6742 ATWELL ST, Pittsburgh, 15206",15206,Condemned/Dead End Property,2020-07-30,Fail,2,0125D00362000000,Active,40.462337915,-79.903458242,Homewood West,9,12
626924,0124M00038000000,No primary address specified,15206,Condemned/Dead End Property,2024-10-28,Pass,0,0124M00038000000,Active,40.4652299658,-79.9021427339,Lincoln-Lemington-Belmar,9,12
626925,0042D00195000000,"115 SAGINAW ST, Pittsburgh, 15204",15204,Condemned/Dead End Property,2024-03-19,Fail,2,0042D00195000000,Active,40.4605276681,-80.0498273189,Esplen,2,20
626926,0042D00195000000,"115 SAGINAW ST, Pittsburgh, 15204",15204,Condemned/Dead End Property,2025-11-19,Pass,0,0042D00195000000,Active,40.4605276681,-80.0498273189,Esplen,2,20
626927,0010K00149000000,No primary address specified,15219,Condemned/Dead End Property,2021-02-18,Pass,0,0010K00149000000,Active,40.4464648049,-79.9775530241,Middle Hill,6,5
626928,0057D00058000000,No primary address specified,15207,Condemned/Dead End Property,2025-06-04,Pass,0,0057D00058000000,Active,40.4027227741,-79.936364404,Hazelwood,5,15
626929,0174F00298000000,"7237 IDLEWILD ST, Pittsburgh, 15208",15208,Condemned/Dead End Property,2026-05-21,,,0174F00298000000,Active,40.4579621586,-79.8941631502,Homewood North,9,13
626930,0050F00141000000,"5107 ROSETTA ST, Pittsburgh, 15224",15224,Condemned/Dead End Property,2020-09-09,Fail,2,0050F00141000000,Active,40.4681319698,-79.94163938,Garfield,9,10
626931,0046G00079000000,"2332 OSGOOD ST, Pittsburgh, 15214",15214,Condemned/Dead End Property,2026-07-15,Fail,2,0046G00079000000,Active,40.4675851198,-80.0074556819,Perry South,6,26
626932,0054N00211000000,"327 KAERCHER ST, Pittsburgh, PA 15207",15207,Condemned/Dead End Property,2022-11-10,Pass,0,0054N00211000000,Active,40.42377461,-79.9461560826,Greenfield,5,15
626933,0054N00211000000,"327 KAERCHER ST, Pittsburgh, PA 15207",15207,Condemned/Dead End Property,2022-12-12,,,0054N00211000000,Active,40.42377461,-79.9461560826,Greenfield,5,15
626934,0054N00211000000,"327 KAERCHER ST, Pittsburgh, PA 15207",15207,Condemned/Dead End Property,2023-04-20,Fail,2,0054N00211000000,Active,40.42377461,-79.9461560826,Greenfield,5,15
626935,0014N00039000000,"443 ALTHEA ST, Pittsburgh, 15210",15210,Condemned/Dead End Property,2020-08-20,Fail,2,0014N00039000000,Active,40.414526225,-79.998676733,Beltzhoover,3,18
626936,0047N00260000000,"83 SOLAR ST, Pittsburgh, 15212",15212,Condemned/Dead End Property,2024-10-15,Fail,1,0047N00260000000,Active,40.463153282,-79.996473325,Spring Hill-City View,1,24
626937,0026G00169000000,"635 MELWOOD AVE, Pittsburgh, 15213",15213,Condemned/Dead End Property,2025-03-10,Fail,2,0026G00169000000,Active,40.4581574814,-79.955146645,North Oakland,6,5
626938,0026G00169000000,"635 MELWOOD AVE, Pittsburgh, 15213",15213,Condemned/Dead End Property,2025-03-10,Pass,0,0026G00169000000,Active,40.4581574814,-79.955146645,North Oakland,6,5
626939,0231N00185000000,"635 SEAGIRT ST, Pittsburgh, PA 15221",15221,Condemned/Dead End Property,2020-09-09,Fail,3,0231N00185000000,Active,40.4528991209,-79.8797943042,East Hills,9,13
626940,0046N00063000000,"110 MELROSE AVE, Pittsburgh, 15214",15214,Condemned/Dead End Property,2025-07-16,Fail,2,0046N00063000000,Active,40.4644316449,-80.0148075231,Perry South,6,25
626941,0077P00346000000,No primary address specified,15214,Condemned/Dead End Property,2025-09-08,Pass,0,0077P00346000000,Active,40.4724428544,-80.0116413706,Perry South,6,26
626942,0010F00143000A00,"2242 BEDFORD AVE, Pittsburgh, 15219",15219,Condemned/Dead End Property,2021-03-04,Fail,2,0010F00143000A00,Active,40.4486833829,-79.9768436359,Middle Hill,6,5
626943,0020R00197000000,No primary address specified,15220,Condemned/Dead End Property,2022-10-12,Pass,0,0020R00197000000,Active,40.4449299993,-80.0384161608,Elliott,2,20
626944,0010P00119000000,"2209 CENTRE AVE, Pittsburgh, 15219",15219,Condemned/Dead End Property,2020-08-27,Fail,2,0010P00119000000,Active,40.4454342446,-79.9755408101,Middle Hill,6,5
626945,0124L00038000000,"1114 PAULSON AVE, Pittsburgh, 15206",15206,Condemned/Dead End Property,2024-07-08,Pass,0,0124L00038000000,Active,40.467197765,-79.9049520794,Lincoln-Lemington-Belmar,9,12
626946,0173C00234000000,"1712 LAPORTE ST, Pittsburgh, 15206",15206,Condemned/Dead End Property,2020-09-03,Fail,1,0173C00234000000,Active,40.4719913348,-79.8897006327,Lincoln-Lemington-Belmar,9,12
626947,0173A00204000000,"1361 PAULSON AVE, Pittsburgh, PA 15206",15206,Condemned/Dead End Property,2020-09-08,Fail,2,0173A00204000000,Active,40.4699413426,-79.8987126178,Lincoln-Lemington-Belmar,9,12
626948,0047F00068000000,"2 BECKFIELD ST, Pittsburgh, 15212",15212,Condemned/Dead End Property,2020-08-21,Fail,2,0047F00068000000,Active,40.4684184679,-79.9925288882,Spring Hill-City View,1,26
626949,0010P00184000000,"2113 ROSE ST, Pittsburgh, 15219",15219,Condemned/Dead End Property,2023-08-14,Fail,1,0010P00184000000,Active,40.4438995371,-79.9774480976,Middle Hill,6,5
626950,0024F00276000000,"1146 VOSKAMP ST, Pittsburgh, PA 15212",15212,Condemned/Dead End Property,2026-03-30,Fail,2,0024F00276000000,Active,40.4595132466,-79.9920957637,Spring Garden,1,24
626951,0020P00240000000,"1102 FREDONIA ST, Pittsburgh, 15220",15220,Condemned/Dead End Property,2023-11-07,Fail,2,0020P00240000000,Active,40.4447547223,-80.0421644235,Crafton Heights,2,20
626952,0020P00240000000,"1102 FREDONIA ST, Pittsburgh, 15220",15220,Condemned/Dead End Property,2024-02-26,Pass,0,0020P00240000000,Active,40.4447547223,-80.0421644235,Crafton Heights,2,20
626953,0056R00281000000,No primary address specified,15207,Condemned/Dead End Property,2024-06-26,Pass,0,0056R00281000000,Active,40.4061392511,-79.9394073996,Hazelwood,5,15
626954,0015L00200000000,"611 MONTOOTH ST, Pittsburgh, 15210",15210,Condemned/Dead End Property,2020-09-04,Fail,2,0015L00200000000,Active,40.4168994186,-80.0056227334,Beltzhoover,3,18
626955,0011K00006000000,"1928 5TH AVE, Pittsburgh, PA 15219",15219,Condemned/Dead End Property,2023-03-17,Fail,2,0011K00006000000,Active,40.4380209313,-79.9783266488,Bluff,6,1
626956,0175D00181000000,"7901 INGLENOOK PL, Pittsburgh, 15208",15221,Condemned/Dead End Property,2023-05-02,Fail,2,0175D00181000000,Active,40.4514685899,-79.8856302635,Homewood South,9,13
626957,0014J00219000000,"522 CEDARHURST ST, Pittsburgh, 15210",15210,Condemned/Dead End Property,2020-08-26,Fail,2,0014J00219000000,Active,40.4181094985,-79.9978353345,Beltzhoover,3,18
626958,0139M00075000000,"2644 LIBRARY RD, Pittsburgh, 15234",15234,Condemned/Dead End Property,2020-09-03,Fail,1,0139M00075000000,Active,40.3796569746,-80.0012162484,Overbrook,4,32
626959,0027B00175000000,"774 ANAHEIM ST, Pittsburgh, 15219",15219,Condemned/Dead End Property,2021-03-16,Fail,2,0027B00175000000,Active,40.4518740062,-79.9608359607,Upper Hill,6,5
626960,0075C00064000000,"3533 FLEMING AVE, Pittsburgh, 15212",15212,Condemned/Dead End Property,2026-04-22,Pass,0,0075C00064000000,Active,40.4794939542,-80.0393218475,Brighton Heights,1,27
626961,0013H00101000000,"2732 BERG ST, Pittsburgh, 15203",15203,Condemned/Dead End Property,2026-05-07,Fail,2,0013H00101000000,Active,40.4190800916,-79.9695778696,South Side Slopes,3,16
626962,0232B00234000000,"132 CRESTLINE PL, Pittsburgh, 15221",15221,Condemned/Dead End Property,2025-10-23,Fail,1,0232B00234000000,Active,40.4513930938,-79.874927385,East Hills,9,13
626963,0071N00282000000,"3673 WINDGAP AVE, Pittsburgh, 15204",15205,Condemned/Dead End Property,2021-04-19,Fail,1,0071N00282000000,Active,40.4545095113,-80.0799260538,Fairywood,2,28
626964,0014F00254000000,"860 CLIMAX ST, Pittsburgh, 15210",15210,Condemned/Dead End Property,2020-08-27,Fail,2,0014F00254000000,Active,40.4198283147,-79.9913535189,Allentown,3,18
626965,0014F00254000000,"860 CLIMAX ST, Pittsburgh, 15210",15210,Condemned/Dead End Property,2023-10-06,,,0014F00254000000,Active,40.4198283147,-79.9913535189,Allentown,3,18
626966,0121B00032000000,"6728 BUTLER ST, Pittsburgh, 15206",15201,Condemned/Dead End Property,2026-07-29,Fail,2,0121B00032000000,Active,40.4892948697,-79.9275288814,Morningside,7,10
626967,0013R00223000000,"2428 SPRING ST, Pittsburgh, PA 15210",15210,Condemned/Dead End Property,2020-09-09,Fail,1,0013R00223000000,Active,40.415802846,-79.9720237339,Arlington,3,16
626968,0041H00195000000,"801 DUBOIS ST, Pittsburgh, 15204",15204,Condemned/Dead End Property,2020-10-26,Fail,2,0041H00195000000,Active,40.4501345351,-80.0507309174,Crafton Heights,2,20
626969,0033S00256000000,"20 LACONA ST, Pittsburgh, 15210",15210,Condemned/Dead End Property,2022-10-19,Pass,0,0033S00256000000,Active,40.404759746,-79.9842344059,Carrick,4,29
626970,0125B00327000000,"519 FINLEY ST, Pittsburgh, 15206",15206,Condemned/Dead End Property,2022-07-28,Pass,0,0125B00327000000,Active,40.4607192268,-79.9083839224,Larimer,9,12
626971,0077N00343000000,"2656 NORWOOD AVE, Pittsburgh, 15214",15214,Condemned/Dead End Property,2023-03-17,Fail,2,0077N00343000000,Active,40.4722254722,-80.0130434925,Perry South,6,26
626972,0048B00120000000,"2148 LOWRIE ST, Pittsburgh, 15212",15212,Condemned/Dead End Property,2025-11-06,Fail,2,0048B00120000000,Active,40.4705620848,-79.9779368118,Troy Hill,1,24
626973,0049S00235000000,"208 TAYLOR ST, Pittsburgh, 15224",15224,Condemned/Dead End Property,2025-12-17,Fail,1,0049S00235000000,Active,40.4637137745,-79.9502966305,Bloomfield,7,9
626974,0013S00229000000,"221 GOLDBACH ST, Pittsburgh, 15210",15210,Condemned/Dead End Property,2026-04-13,Fail,3,0013S00229000000,Active,40.4148805879,-79.9690082904,Arlington,3,16
626975,0174S00360000000,"715 SINGER PL, Pittsburgh, 15221",15221,Condemned/Dead End Property,2020-09-09,Fail,2,0174S00360000000,Active,40.4532567454,-79.8835585894,East Hills,9,13
626976,0174S00360000000,"715 SINGER PL, Pittsburgh, 15221",15221,Condemned/Dead End Property,2023-10-19,,,0174S00360000000,Active,40.4532567454,-79.8835585894,East Hills,9,13
626977,0023D00183000000,"11 CARRIE ST, Pittsburgh, PA 15212",15212,Condemned/Dead End Property,2025-12-04,Fail,2,0023D00183000000,Active,40.4614399763,-80.0021415819,Fineview,1,25
626978,0024N00115000000,"620 E OHIO ST, Pittsburgh, 15212",15212,Condemned/Dead End Property,2024-08-20,Fail,1,0024N00115000000,Active,40.4541514297,-79.9984015909,East Allegheny,1,23
626979,0095N00128000000,"55 BRIGGS ST, Pittsburgh, 15234",15234,Condemned/Dead End Property,2022-09-07,Fail,1,0095N00128000000,Active,40.3859761328,-79.999459718,Overbrook,4,32
626980,0032A00176000000,"504 ORMSBY AVE, Pittsburgh, 15210",15210,Condemned/Dead End Property,2020-09-08,Fail,2,0032A00176000000,Active,40.4125834842,-79.9789217623,Mt. Oliver,3,16
626981,0013P00217000000,"2114 BRENT ST, Pittsburgh, 15210",15210,Condemned/Dead End Property,2023-06-14,Pass,0,0013P00217000000,Active,40.4154168697,-79.9771499601,Arlington,3,16
626982,0124H00062000000,No primary address specified,15206,Condemned/Dead End Property,2020-11-17,Pass,0,0124H00062000000,Active,40.4693310916,-79.9017071211,Lincoln-Lemington-Belmar,9,12
626983,0044D00225000000,"2911 CALIFORNIA AVE, Pittsburgh, 15212",15212,Condemned/Dead End Property,2026-04-17,Pass,0,0044D00225000000,Active,40.4702869894,-80.036332144,Marshall-Shadeland,6,27
626984,0042H00216000000,"3124 SACRAMENTO AVE, Pittsburgh, 15204",15204,Condemned/Dead End Property,2026-09-04,,,0042H00216000000,Active,40.4592406559,-80.0518073259,Sheraden,2,20
626985,0024L00130000000,"1138 RIVER AVE, Pittsburgh, PA 15212",15212,Condemned/Dead End Property,2026-08-14,Fail,2,0024L00130000000,Active,40.456145524,-79.988915774,Troy Hill,1,23
626986,0056F00212000000,"4913 GERTRUDE ST #2, Pittsburgh, PA 15207",15207,Condemned/Dead End Property,2026-03-06,Fail,1,0056F00212000000,Active,40.4098680081,-79.9421243172,Hazelwood,5,15
626987,0175C00369000000,No primary address specified,15221,Condemned/Dead End Property,2020-11-17,Pass,0,0175C00369000000,Active,40.4525281416,-79.8870133736,Homewood South,9,13
626988,0175C00369000000,No primary address specified,15221,Condemned/Dead End Property,2022-08-03,Pass,0,0175C00369000000,Active,40.4525281416,-79.8870133736,Homewood South,9,13
626989,0023E00375000000,No primary address specified,15212,Condemned/Dead End Property,2022-10-03,Pass,0,0023E00375000000,Active,40.4585914059,-80.0158485086,Central Northside,6,25
626990,0023E00375000000,No primary address specified,15212,Condemned/Dead End Property,2023-08-14,Pass,0,0023E00375000000,Active,40.4585914059,-80.0158485086,Central Northside,6,25
626991,0042K00015000000,"1014 FAIRDALE ST, Pittsburgh, 15204",15204,Condemned/Dead End Property,2020-08-28,Fail,2,0042K00015000000,Active,40.4553189153,-80.0617337746,Sheraden,2,20
626992,0042K00015000000,"1014 FAIRDALE ST, Pittsburgh, 15204",15204,Condemned/Dead End Property,2024-09-20,Pass,0,0042K00015000000,Active,40.4553189153,-80.0617337746,Sheraden,2,20
626993,0010M00021000000,No primary address specified,15219,Condemned/Dead End Property,2021-08-04,Pass,0,0010M00021000000,Active,40.4466618321,-79.9702187155,Middle Hill,6,5
626994,0013D00057000000,"75 BARRY ST, Pittsburgh, 15203",15203,Condemned/Dead End Property,2023-12-05,Fail,2,0013D00057000000,Active,40.4228392132,-79.9701095865,South Side Slopes,3,16
626995,0173E00301000000,"7140 LEMINGTON AVE, Pittsburgh, 15206",15206,Condemned/Dead End Property,2025-03-17,Fail,2,0173E00301000000,Active,40.4674614692,-79.895390274,Lincoln-Lemington-Belmar,9,12
626996,0014G00094000000,"1515 ARLINGTON AVE, Pittsburgh, 15210",15210,Condemned/Dead End Property,2022-11-14,Pass,0,0014G00094000000,Active,40.4189984461,-79.9886434485,Allentown,3,18
626997,0174S00077000000,"7812 BENNETT ST, Pittsburgh, 15208",15221,Condemned/Dead End Property,2021-09-16,Fail,2,0174S00077000000,Active,40.4538296792,-79.8862885759,Homewood South,9,13
626998,0174S00077000000,"7812 BENNETT ST, Pittsburgh, 15208",15221,Condemned/Dead End Property,2022-03-10,,,0174S00077000000,Active,40.4538296792,-79.8862885759,Homewood South,9,13
626999,0174S00077000000,"7812 BENNETT ST, Pittsburgh, 15208",15221,Condemned/Dead End Property,2024-05-15,Pass,0,0174S00077000000,Active,40.4538296792,-79.8862885759,Homewood South,9,13
627000,0022G00090000000,"1016 KIRKBRIDE ST, Pittsburgh, 15212",15212,Condemned/Dead End Property,2020-07-13,Fail,3,0022G00090000000,Active,40.4596528058,-80.0221949152,California-Kirkbride,6,21
627001,0184A00325000000,"4900 PLAPORT ST, Pittsburgh, 15207",15207,Condemned/Dead End Property,2026-07-29,Fail,1,0184A00325000000,Active,40.3743823311,-79.9121992357,Lincoln Place,5,31
627002,0010D00280000000,No primary address specified,15219,Condemned/Dead End Property,2022-10-12,Pass,0,0010D00280000000,Active,40.4503668357,-79.9670108307,Middle Hill,6,5
627003,0010K00022000000,"2247 HUMBER Way, Pittsburgh, PA 15219",15219,Condemned/Dead End Property,2020-08-11,Fail,2,0010K00022000000,Active,40.4462690554,-79.9745391782,Middle Hill,6,5
627004,0046F00033000000,"37 KENWOOD AVE, Pittsburgh, PA 15214",15214,Condemned/Dead End Property,2020-09-02,Fail,2,0046F00033000000,Active,40.4693727444,-80.010451867,Perry South,6,26
627005,0014B00087000000,"727 CARNIVAL Way, Pittsburgh, PA 15210",15210,Condemned/Dead End Property,2020-08-26,Fail,2,0014B00087000000,Active,40.42243292,-79.9948090192,Allentown,3,18
627006,0015M00220000000,"215 CHALFONT ST, Pittsburgh, 15210",15210,Condemned/Dead End Property,2020-06-25,Fail,2,0015M00220000000,Active,40.4168210293,-80.0032931686,Beltzhoover,3,18
627007,0076K00227000000,No primary address specified,15212,Condemned/Dead End Property,2026-05-21,Pass,0,0076K00227000000,Active,40.4764338475,-80.0277777217,Marshall-Shadeland,1,27
627008,0004S00288000000,"79 1/2 HABERMAN AVE, Pittsburgh, PA 15211",15211,Condemned/Dead End Property,2023-06-05,Pass,0,0004S00288000000,Active,40.4237452322,-80.0024711898,Mount Washington,3,18
627009,0082P00298000000,"5630 JACKSON ST, Pittsburgh, 15206",15206,Condemned/Dead End Property,2025-02-14,Fail,1,0082P00298000000,Active,40.4722303891,-79.9245627359,Highland Park,7,11
627010,0129J00048000000,"126 BLACKMORE ST, Pittsburgh, 15217",15217,Condemned/Dead End Property,2021-07-08,Fail,3,0129J00048000000,Active,40.4167170963,-79.9147470781,Swisshelm Park,5,14
627011,0080K00265000001,"4749 PLUMMER ST, Pittsburgh, PA 15201",15201,Condemned/Dead End Property,2020-09-08,Pass,0,0080K00265000001,Active,40.4759434606,-79.9580070575,Central Lawrenceville,7,9
627012,0174F00095000000,"7342 HERMITAGE ST, Pittsburgh, 15208",15208,Condemned/Dead End Property,2022-04-07,Fail,3,0174F00095000000,Active,40.4591146093,-79.8913672065,Homewood North,9,13
627013,0174F00095000000,"7342 HERMITAGE ST, Pittsburgh, 15208",15208,Condemned/Dead End Property,2024-02-28,,,0174F00095000000,Active,40.4591146093,-79.8913672065,Homewood North,9,13
627014,0047J00181000000,"141 OVERBECK ST, Pittsburgh, 15212",15212,Condemned/Dead End Property,2026-01-29,Fail,2,0047J00181000000,Active,40.4662695692,-79.9980287583,Spring Hill-City View,1,26
627015,0174A00314000000,"7012 HERMITAGE ST, Pittsburgh, 15208",15208,Condemned/Dead End Property,2021-10-18,Fail,1,0174A00314000000,Active,40.4609855282,-79.8994561075,Homewood North,9,13
627016,0231E00171000000,"1067 SILVERDALE ST, Pittsburgh, 15221",15221,Condemned/Dead End Property,2020-09-10,Fail,2,0231E00171000000,Active,40.4579499193,-79.8810534306,Homewood North,9,13
627017,0231E00171000000,"1067 SILVERDALE ST, Pittsburgh, 15221",15221,Condemned/Dead End Property,2023-06-20,,,0231E00171000000,Active,40.4579499193,-79.8810534306,Homewood North,9,13
627018,0003M00265000000,"129 S 13TH ST, Pittsburgh, PA 15203",15203,Condemned/Dead End Property,2020-07-23,Fail,1,0003M00265000000,Active,40.4263263916,-79.9850310331,South Side Flats,3,17
627019,0014C00259000000,"904 SAINT MARTIN ST, Pittsburgh, PA 15203",15203,Condemned/Dead End Property,2023-11-21,Fail,2,0014C00259000000,Active,40.4221273469,-79.9904462911,Allentown,3,18
627020,0014C00259000000,"904 SAINT MARTIN ST, Pittsburgh, PA 15203",15203,Condemned/Dead End Property,2023-11-21,Pass,0,0014C00259000000,Active,40.4221273469,-79.9904462911,Allentown,3,18
627021,0057C00004000000,"130 MANSION ST, Pittsburgh, PA 15207",15207,Condemned/Dead End Property,2024-02-02,Fail,2,0057C00004000000,Active,40.403748046,-79.9410017238,Hazelwood,5,15
627022,0057C00004000000,"130 MANSION ST, Pittsburgh, PA 15207",15207,Condemned/Dead End Property,2024-03-27,Pass,0,0057C00004000000,Active,40.403748046,-79.9410017238,Hazelwood,5,15
627023,0173P00143000000,"7221 EVERTON ST, Pittsburgh, PA 15206",15206,Condemned/Dead End Property,2020-12-30,Fail,2,0173P00143000000,Active,40.4631100444,-79.8922045021,Lincoln-Lemington-Belmar,9,12
627024,0173E00314000000,No primary address specified,15206,Condemned/Dead End Property,2020-11-17,Pass,0,0173E00314000000,Active,40.4681248169,-79.8960928987,Lincoln-Lemington-Belmar,9,12
627025,0083E00098000000,No primary address specified,15206,Condemned/Dead End Property,2020-08-28,Pass,0,0083E00098000000,Active,40.4695811102,-79.9316347624,Garfield,9,11
627026,0173P00074000000,"1344 SILVERTON AVE, Pittsburgh, PA 15206",15206,Condemned/Dead End Property,2020-08-17,Fail,2,0173P00074000000,Active,40.4632993738,-79.8915019491,Lincoln-Lemington-Belmar,9,12
627027,0010K00204000000,"643 LAWSON ST, Pittsburgh, 15219",15219,Condemned/Dead End Property,2020-08-12,Fail,2,0010K00204000000,Active,40.4474420399,-79.9769277366,Middle Hill,6,5
627028,0033B00211000000,"313 ARABELLA ST, Pittsburgh, 15210",15210,Condemned/Dead End Property,2020-08-21,Fail,2,0033B00211000000,Active,40.4127787704,-79.993504225,Knoxville,3,30
627029,0046N00257000000,No primary address specified,15214,Condemned/Dead End Property,2022-08-29,Pass,0,0046N00257000000,Active,40.4633987294,-80.0124626211,Perry South,6,25
627030,0138H00073000000,"3 ESTHER ST, Pittsburgh, 15227",15227,Condemned/Dead End Property,2025-10-13,Fail,3,0138H00073000000,Active,40.3820131602,-79.9869044913,Overbrook,4,29
627031,0033K00071000000,"828 ROLL ST, Pittsburgh, 15210",15210,Condemned/Dead End Property,2026-01-28,Fail,1,0033K00071000000,Active,40.4077513932,-79.9924990285,Knoxville,3,30
627032,0022P00202000000,"1448 STEDMAN ST, Pittsburgh, 15233",15233,Condemned/Dead End Property,2020-09-09,Fail,1,0022P00202000000,Active,40.4535083991,-80.0278179267,Manchester,6,21
627033,0022L00302000000,No primary address specified,15233,Condemned/Dead End Property,2026-04-30,Pass,0,0022L00302000000,Active,40.455544659,-80.0215835846,Manchester,6,21
627034,0071F00199000000,"3820 WINDGAP AVE, Pittsburgh, 15204",15204,Condemned/Dead End Property,2025-10-28,Fail,2,0071F00199000000,Active,40.4586260856,-80.0781835126,Windgap,2,28
627035,0088H00045000000,"6445 KEMPER ST, Pittsburgh, 15217",15217,Condemned/Dead End Property,2020-09-02,Fail,1,0088H00045000000,Active,40.4204171451,-79.9193195398,Squirrel Hill South,5,14
627036,0056J00135000000,"9 TECUMSEH ST, Pittsburgh, 15207",15207,Condemned/Dead End Property,2025-02-21,Fail,1,0056J00135000000,Active,40.4077198873,-79.94705941,Hazelwood,5,15
627037,0013P00195000000,"2123 WENKE ST, Pittsburgh, 15210",15210,Condemned/Dead End Property,2020-09-10,Fail,2,0013P00195000000,Active,40.4149852208,-79.9768675404,Arlington,3,16
627038,0014L00100000000,No primary address specified,15210,Condemned/Dead End Property,2020-09-21,Pass,0,0014L00100000000,Active,40.4175857777,-79.9889811177,Knoxville,3,30
627039,0174S00340000000,No primary address specified,15221,Condemned/Dead End Property,2023-10-19,Pass,0,0174S00340000000,Active,40.4532547397,-79.883994438,East Hills,9,13
627040,0010H00249000000,"520 MORGAN ST, Pittsburgh, 15219",15219,Condemned/Dead End Property,2020-08-17,Fail,2,0010H00249000000,Active,40.4483793929,-79.966865355,Middle Hill,6,5
627041,0010H00249000000,"520 MORGAN ST, Pittsburgh, 15219",15219,Condemned/Dead End Property,2020-12-03,Pass,0,0010H00249000000,Active,40.4483793929,-79.966865355,Middle Hill,6,5
627042,0172P00094000000,"7072 EBEL ST, Pittsburgh, 15206",15206,Condemned/Dead End Property,2026-03-10,Fail,2,0172P00094000000,Active,40.4731792444,-79.8921077843,Lincoln-Lemington-Belmar,9,12
627043,0016E00122000000,"1150 BANKSVILLE RD, Pittsburgh, PA 15216",15216,Condemned/Dead End Property,2024-10-02,Fail,2,0016E00122000000,Active,40.4191802519,-80.0302133313,Banksville,2,20
627044,0056L00281000000,"5031 STEELE CT, Pittsburgh, 15207",15207,Condemned/Dead End Property,2024-03-08,Fail,1,0056L00281000000,Active,40.4085793955,-79.9393483567,Hazelwood,5,15
627045,0056L00281000000,"5031 STEELE CT, Pittsburgh, 15207",15207,Condemned/Dead End Property,2024-09-11,Fail,1,0056L00281000000,Active,40.4085793955,-79.9393483567,Hazelwood,5,15
627046,0003H00099000000,"1500 BINGHAM ST, Pittsburgh, 15203",15203,Condemned/Dead End Property,2020-07-23,Fail,1,0003H00099000000,Active,40.4293289423,-79.9832600436,South Side Flats,3,17
627047,0173C00320000000,"1810 FUNSTON AVE, Pittsburgh, PA 15235",15206,Condemned/Dead End Property,2022-06-01,Fail,3,0173C00320000000,Active,40.4721269994,-79.8881183271,Lincoln-Lemington-Belmar,9,12
627048,0173C00320000000,"1810 FUNSTON AVE, Pittsburgh, PA 15235",15206,Condemned/Dead End Property,2024-02-02,,,0173C00320000000,Active,40.4721269994,-79.8881183271,Lincoln-Lemington-Belmar,9,12
627049,0057G00365000000,"8 ALLEGHENY TER, Pittsburgh, 15207",15207,Condemned/Dead End Property,2024-03-04,Pass,0,0057G00365000000,Active,40.4005118721,-79.9370790001,Glen Hazel,5,15
627050,0016L00215000000,"1037 LOWENHILL ST, Pittsburgh, PA 15216",15216,Condemned/Dead End Property,2021-10-13,Fail,1,0016L00215000000,Active,40.418104663,-80.0203832202,Beechview,4,19
627051,0022L00352000100,"1020 PENNSYLVANIA AVE, Pittsburgh, 15233",15233,Condemned/Dead End Property,2026-05-06,Pass,0,0022L00352000100,Active,40.4552775848,-80.0210892277,Manchester,6,21
627052,0011K00095000000,"2031 FORBES AVE, Pittsburgh, 15219",15219,Condemned/Dead End Property,2020-08-31,Fail,2,0011K00095000000,Active,40.437466403,-79.9765531429,Bluff,6,1
627053,0009S00200000000,No primary address specified,15219,Condemned/Dead End Property,2020-07-23,Pass,0,0009S00200000000,Active,40.4452504868,-79.9835437242,Crawford-Roberts,6,3
627054,0173R00022000000,"1408 OAKDENE ST, Pittsburgh, 15206",15206,Condemned/Dead End Property,2024-07-02,Pass,0,0173R00022000000,Active,40.4635259254,-79.8906152738,Lincoln-Lemington-Belmar,9,12
627055,0046A00019000000,"2624 LELAND ST, Pittsburgh, 15214",15214,Condemned/Dead End Property,2020-09-03,Fail,2,0046A00019000000,Active,40.4713396991,-80.0121946746,Perry South,6,26
627056,0014K00066000000,"235 ORCHARD PL, Pittsburgh, 15210",15210,Condemned/Dead End Property,2022-02-03,Fail,2,0014K00066000000,Active,40.4182376375,-79.9923910574,Knoxville,3,30
627057,0050H00118000000,No primary address specified,15206,Condemned/Dead End Property,2022-10-04,Pass,0,0050H00118000000,Active,40.4688049913,-79.933681116,Garfield,9,11
627058,0056P00027000000,"5228 LYTLE ST, Pittsburgh, PA 15207",15207,Condemned/Dead End Property,2022-04-05,Fail,3,0056P00027000000,Active,40.4042206545,-79.9450937157,Hazelwood,5,15
627059,0045A00076000000,"3001 CAKE Way, Pittsburgh, 15212",15212,Condemned/Dead End Property,2025-05-12,Fail,2,0045A00076000000,Active,40.4715177521,-80.0315322239,Marshall-Shadeland,6,27
627060,0077S00123000000,No primary address specified,15212,Condemned/Dead End Property,2022-09-06,Pass,0,0077S00123000000,Active,40.4739018945,-80.0017710015,Northview Heights,1,26
627061,0011E00297000000,"1721 COLWELL ST, Pittsburgh, 15219",15219,Condemned/Dead End Property,2023-03-23,Fail,1,0011E00297000000,Active,40.4392225024,-79.9812654756,Crawford-Roberts,6,3
627062,0003N00073000101,"58 1/2 CRAIGHEAD ST, Pittsburgh, 15211",15211,Condemned/Dead End Property,2024-02-28,Fail,2,0003N00073000101,Active,40.4238829759,-79.9987104067,Mount Washington,3,18
627063,0003N00073000101,"58 1/2 CRAIGHEAD ST, Pittsburgh, 15211",15211,Condemned/Dead End Property,2025-02-28,Pass,0,0003N00073000101,Active,40.4238829759,-79.9987104067,Mount Washington,3,18
627064,0014J00298000000,"504 CURTIN AVE, Pittsburgh, 15210",15210,Condemned/Dead End Property,2025-11-17,Fail,1,0014J00298000000,Active,40.4180818382,-79.999087561,Beltzhoover,3,18
627065,0019C00291000000,"721 STEUBEN ST, Pittsburgh, 15220",15220,Condemned/Dead End Property,2026-04-22,Fail,1,0019C00291000000,Active,40.4409176139,-80.039609303,Elliott,2,20
627066,0076A00093000000,No primary address specified,15212,Condemned/Dead End Property,2024-06-05,Pass,0,0076A00093000000,Active,40.4811796916,-80.0316538085,Brighton Heights,1,27
627067,0042J00328000000,No primary address specified,15204,Condemned/Dead End Property,2021-02-16,Pass,0,0042J00328000000,Active,40.4554209133,-80.062318003,Sheraden,2,20
627068,0125B00028000000,"601 LINCOLN AVE, Pittsburgh, PA 15206",15206,Condemned/Dead End Property,2025-09-08,Fail,2,0125B00028000000,Active,40.4618112765,-79.9078965124,Larimer,9,12
627069,0125B00028000000,"601 LINCOLN AVE, Pittsburgh, PA 15206",15206,Condemned/Dead End Property,2026-04-17,Pass,0,0125B00028000000,Active,40.4618112765,-79.9078965124,Larimer,9,12
627070,0035L00063000000,"1812 FALLOWFIELD AVE, Pittsburgh, 15216",15216,Condemned/Dead End Property,2024-07-23,Fail,1,0035L00063000000,Active,40.4071097406,-80.0238709002,Beechview,4,19
627071,0174L00088000000,"811 N BRADDOCK AVE, Pittsburgh, 15208",15208,Condemned/Dead End Property,2024-04-09,,,0174L00088000000,Active,40.4553272529,-79.890452258,Homewood South,9,13
627072,0071L00223000000,"1427 HASS ST, Pittsburgh, 15204",15204,Condemned/Dead End Property,2026-07-29,,,0071L00223000000,Active,40.4564588391,-80.0709119571,Chartiers City,2,20
627073,0134E00014000000,"24 WHEELING ST, Pittsburgh, 15207",15207,Condemned/Dead End Property,2023-05-30,Fail,1,0134E00014000000,Active,40.382072828,-79.9322627774,Hays,5,31
627074,0049M00131000000,"4544 PENN AVE, Pittsburgh, 15224",15224,Condemned/Dead End Property,2026-04-13,Fail,3,0049M00131000000,Active,40.4658695594,-79.9507157118,Bloomfield,7,9
627075,0014A00217000000,"628 EXCELSIOR ST, Pittsburgh, 15210",15210,Condemned/Dead End Property,2020-11-16,Fail,1,0014A00217000000,Active,40.4225855097,-79.9961177265,Allentown,3,18
627076,0076L00163000000,"923 SMITHTON AVE, Pittsburgh, 15212",15212,Condemned/Dead End Property,2020-12-17,Fail,1,0076L00163000000,Active,40.4746663888,-80.0239368933,Marshall-Shadeland,6,27
627077,0076L00163000000,"923 SMITHTON AVE, Pittsburgh, 15212",15212,Condemned/Dead End Property,2025-02-17,Fail,1,0076L00163000000,Active,40.4746663888,-80.0239368933,Marshall-Shadeland,6,27
627078,0024A00133000000,"5 RADNER ST, Pittsburgh, 15212",15212,Condemned/Dead End Property,2025-04-22,Fail,1,0024A00133000000,Active,40.4620443112,-79.998344215,Spring Hill-City View,1,24
627079,0024A00133000000,"5 RADNER ST, Pittsburgh, 15212",15212,Condemned/Dead End Property,2025-11-05,Pass,0,0024A00133000000,Active,40.4620443112,-79.998344215,Spring Hill-City View,1,24
627080,0042R00269000000,"703 HILLSBORO ST, Pittsburgh, PA 15204",15204,Condemned/Dead End Property,2026-02-27,Pass,0,0042R00269000000,Active,40.4529755051,-80.0552851241,Sheraden,2,20
627081,0013L00282000000,"2410 CHARCOT ST, Pittsburgh, 15210",15210,Condemned/Dead End Property,2025-02-25,Pass,0,0013L00282000000,Active,40.4167255099,-79.9725150208,Arlington,3,16
627082,0010K00053000000,No primary address specified,15219,Condemned/Dead End Property,2021-02-18,Pass,0,0010K00053000000,Active,40.4456287013,-79.9770309502,Middle Hill,6,5
627083,0013L00272000000,No primary address specified,15210,Condemned/Dead End Property,2024-07-02,Pass,0,0013L00272000000,Active,40.4167671505,-79.9729328146,Arlington,3,16
627084,0056F00147000000,No primary address specified,15207,Condemned/Dead End Property,2020-10-25,Pass,0,0056F00147000000,Active,40.4090400969,-79.9419065922,Hazelwood,5,15
627085,0046R00196000000,"1932 MEADVILLE ST, Pittsburgh, 15214",15214,Condemned/Dead End Property,2026-07-29,Fail,1,0046R00196000000,Active,40.4634046439,-80.0057486537,Fineview,1,25
627086,0021J00030000000,"328 HAMMOND ST, Pittsburgh, 15204",15204,Condemned/Dead End Property,2024-08-30,Fail,1,0021J00030000000,Active,40.4563396279,-80.0493572426,Sheraden,2,20
627087,0021J00030000000,"328 HAMMOND ST, Pittsburgh, 15204",15204,Condemned/Dead End Property,2026-03-02,Fail,1,0021J00030000000,Active,40.4563396279,-80.0493572426,Sheraden,2,20
627088,0231K00035000000,"8381 FRANKSTOWN AVE, Pittsburgh, PA 15221",15221,Condemned/Dead End Property,2022-07-27,Pass,0,0231K00035000000,Active,40.4572256262,-79.8780279497,Homewood North,9,13
627089,0050M00017000A00,"5339 BROWN Way, Pittsburgh, PA 15224",15224,Condemned/Dead End Property,2020-05-27,Fail,1,0050M00017000A00,Active,40.4669231904,-79.9366072242,Garfield,9,10
627090,0056K00319000000,"5011 GERTRUDE ST, Pittsburgh, 15207",15207,Condemned/Dead End Property,2024-03-15,Pass,0,0056K00319000000,Active,40.4086315127,-79.941757332,Hazelwood,5,15
627091,0023J00001000000,"1521 BRIGHTON RD, Pittsburgh, 15212",15212,Condemned/Dead End Property,2020-09-09,Fail,2,0023J00001000000,Active,40.4573995697,-80.0161167086,California-Kirkbride,1,25
627092,0048E00342000000,"2102 ALROY Way, Pittsburgh, PA 15212",15212,Condemned/Dead End Property,2022-07-12,Fail,1,0048E00342000000,Active,40.4687432294,-79.9787203201,Troy Hill,1,24
627093,0174A00034000000,"7101 MOUNT VERNON ST, Pittsburgh, PA 15208",15208,Condemned/Dead End Property,2024-02-07,,,0174A00034000000,Active,40.4622722596,-79.8974022368,Homewood North,9,13
627094,0174A00034000000,"7101 MOUNT VERNON ST, Pittsburgh, PA 15208",15208,Condemned/Dead End Property,2024-02-07,Fail,2,0174A00034000000,Active,40.4622722596,-79.8974022368,Homewood North,9,13
627095,0174F00031000000,"7325 HERMITAGE ST, Pittsburgh, 15208",15208,Condemned/Dead End Property,2026-07-29,Fail,1,0174F00031000000,Active,40.4597129805,-79.8918855391,Homewood North,9,13
627096,0174C00203000000,"1315 OBERLIN ST, Pittsburgh, 15206",15206,Condemned/Dead End Property,2020-09-08,Fail,2,0174C00203000000,Active,40.4621928989,-79.8902532433,Lincoln-Lemington-Belmar,9,12
627097,0055D00105000000,"850 DEELY ST, Pittsburgh, 15217",15217,Condemned/Dead End Property,2026-04-02,Pass,0,0055D00105000000,Active,40.4234262969,-79.9339094753,Greenfield,5,15
627098,0045F00167000000,"1111 HODGKISS ST, Pittsburgh, PA 15212",15212,Condemned/Dead End Property,2026-07-29,Fail,1,0045F00167000000,Active,40.4675438587,-80.0255836436,Marshall-Shadeland,6,27
627099,0014F00024000000,No primary address specified,15210,Condemned/Dead End Property,2022-08-31,Pass,0,0014F00024000000,Active,40.4202069712,-79.9950186736,Allentown,3,18
627100,0061G00094000000,"1626 EDGEBROOK AVE, Pittsburgh, PA 15226",15226,Condemned/Dead End Property,2026-04-15,Fail,1,0061G00094000000,Active,40.4008016737,-80.0063947646,Brookline,4,19
627101,0050L00025000D00,"5313 BROWN Way, Pittsburgh, PA 15224",15224,Condemned/Dead End Property,2021-01-15,Fail,1,0050L00025000D00,Active,40.4670154979,-79.9372816031,Garfield,9,10
627102,0019S00008000000,"318 JUNIUS ST, Pittsburgh, PA 15220",15220,Condemned/Dead End Property,2024-06-18,Fail,1,0019S00008000000,Active,40.4334365764,-80.0365188467,Ridgemont,2,20
627103,0019S00008000000,"318 JUNIUS ST, Pittsburgh, PA 15220",15220,Condemned/Dead End Property,2024-06-18,Fail,2,0019S00008000000,Active,40.4334365764,-80.0365188467,Ridgemont,2,20
627104,0044H00110000000,"1500 WOODLAND AVE, Pittsburgh, 15212",15212,Condemned/Dead End Property,2022-12-12,Pass,0,0044H00110000000,Active,40.4686565894,-80.0334184823,Marshall-Shadeland,6,27
627105,0033P00333000000,"34 MINOOKA ST, Pittsburgh, 15210",15210,Condemned/Dead End Property,2020-08-12,Fail,1,0033P00333000000,Active,40.4042224624,-79.9920855661,Carrick,4,29
627106,0033P00333000000,"34 MINOOKA ST, Pittsburgh, 15210",15210,Condemned/Dead End Property,2023-06-14,Pass,0,0033P00333000000,Active,40.4042224624,-79.9920855661,Carrick,4,29
627107,0174A00151000000,"7129 KEDRON ST, Pittsburgh, 15208",15208,Condemned/Dead End Property,2022-07-26,Pass,0,0174A00151000000,Active,40.4613209957,-79.8962221219,Homewood North,9,13
627108,0174A00151000000,"7129 KEDRON ST, Pittsburgh, 15208",15208,Condemned/Dead End Property,2023-08-01,Fail,2,0174A00151000000,Active,40.4613209957,-79.8962221219,Homewood North,9,13
627109,0174A00151000000,"7129 KEDRON ST, Pittsburgh, 15208",15208,Condemned/Dead End Property,2026-03-23,Pass,0,0174A00151000000,Active,40.4613209957,-79.8962221219,Homewood North,9,13
627110,0010F00145000000,"2236 BEDFORD AVE, Pittsburgh, 15219",15219,Condemned/Dead End Property,2023-03-21,Fail,1,0010F00145000000,Active,40.4485321937,-79.9769173243,Middle Hill,6,5
627111,0010F00145000000,"2236 BEDFORD AVE, Pittsburgh, 15219",15219,Condemned/Dead End Property,2023-03-21,Fail,2,0010F00145000000,Active,40.4485321937,-79.9769173243,Middle Hill,6,5
627112,0041D00038000000,"725 MUNICIPAL ST, Pittsburgh, 15204",15204,Condemned/Dead End Property,2022-08-17,Fail,2,0041D00038000000,Active,40.4513953,-80.0528992953,Crafton Heights,2,20
627113,0041D00038000000,"725 MUNICIPAL ST, Pittsburgh, 15204",15204,Condemned/Dead End Property,2024-03-08,Pass,0,0041D00038000000,Active,40.4513953,-80.0528992953,Crafton Heights,2,20
627114,0027A00128000000,"557 HERRON AVE, Pittsburgh, 15219",15219,Condemned/Dead End Property,2026-09-10,,,0027A00128000000,Active,40.4504539271,-79.9654880132,Middle Hill,6,5
627115,0125C00110000000,"6627 SHETLAND ST, Pittsburgh, 15206",15206,Condemned/Dead End Property,2020-09-09,Fail,2,0125C00110000000,Active,40.4608924807,-79.9073053365,Larimer,9,12
627116,0044H00256000000,No primary address specified,15212,Condemned/Dead End Property,2022-09-16,Pass,0,0044H00256000000,Active,40.468882395,-80.035281576,Marshall-Shadeland,6,27
627117,0060G00254000000,"1523 AMANDA ST, Pittsburgh, 15210",15210,Condemned/Dead End Property,2025-11-20,Fail,2,0060G00254000000,Active,40.4003393248,-79.9878846564,Carrick,4,29
627118,0010H00257000000,"2807 CENTRE AVE, Pittsburgh, 15219",15219,Condemned/Dead End Property,2020-09-28,Fail,2,0010H00257000000,Active,40.4480974218,-79.9665206792,Middle Hill,6,5
627119,0010H00257000000,"2807 CENTRE AVE, Pittsburgh, 15219",15219,Condemned/Dead End Property,2026-01-09,Fail,1,0010H00257000000,Active,40.4480974218,-79.9665206792,Middle Hill,6,5
627120,0010H00313000000,"2836 WYLIE AVE, Pittsburgh, 15219",15219,Condemned/Dead End Property,2020-07-30,Fail,2,0010H00313000000,Active,40.4500240636,-79.9666120207,Middle Hill,6,5
627121,0015L00228000000,No primary address specified,15210,Condemned/Dead End Property,2023-10-02,Pass,0,0015L00228000000,Active,40.4180435765,-80.0054831135,Beltzhoover,3,18
627122,0174K00344000B00,"722 STERRETT ST, Pittsburgh, 15208",15208,Condemned/Dead End Property,2024-07-10,Fail,2,0174K00344000B00,Active,40.455774172,-79.8944612901,Homewood South,9,13
627123,0174K00327000000,"7340 BENNETT ST, Pittsburgh, 15208",15208,Condemned/Dead End Property,2025-04-08,Pass,0,0174K00327000000,Active,40.4553547466,-79.8930170532,Homewood South,9,13
627124,0173L00005000000,"7283 LEMINGTON AVE, Pittsburgh, 15206",15206,Condemned/Dead End Property,2020-08-20,Fail,2,0173L00005000000,Active,40.4673294285,-79.8907265779,Lincoln-Lemington-Belmar,9,12
627125,0173L00005000000,"7283 LEMINGTON AVE, Pittsburgh, 15206",15206,Condemned/Dead End Property,2024-05-10,Fail,1,0173L00005000000,Active,40.4673294285,-79.8907265779,Lincoln-Lemington-Belmar,9,12
627126,0175C00338000000,"7810 MULFORD ST, Pittsburgh, 15208",15221,Condemned/Dead End Property,2020-09-04,Fail,3,0175C00338000000,Active,40.4518363482,-79.8873697905,Homewood South,9,13
627127,0175C00338000000,"7810 MULFORD ST, Pittsburgh, 15208",15221,Condemned/Dead End Property,2022-12-01,,,0175C00338000000,Active,40.4518363482,-79.8873697905,Homewood South,9,13
627128,0173N00294000000,"7013 UPLAND ST, Pittsburgh, 15208",15208,Condemned/Dead End Property,2024-03-01,Pass,0,0173N00294000000,Active,40.4632440984,-79.898701573,Homewood North,9,13
627129,0173N00294000000,"7013 UPLAND ST, Pittsburgh, 15208",15208,Condemned/Dead End Property,2024-03-01,Fail,2,0173N00294000000,Active,40.4632440984,-79.898701573,Homewood North,9,13
627130,0020M00128000000,"904 VALONIA ST, Pittsburgh, 15220",15220,Condemned/Dead End Property,2020-09-09,Fail,2,0020M00128000000,Active,40.4457906759,-80.0358080879,Elliott,2,20
627131,0077P00005000000,"228 KENNEDY AVE, Pittsburgh, 15214",15214,Condemned/Dead End Property,2020-10-07,Fail,1,0077P00005000000,Active,40.4743608416,-80.0116824091,Perry South,6,26
627132,0022B00195000000,No primary address specified,15212,Condemned/Dead End Property,2025-09-05,Pass,0,0022B00195000000,Active,40.4607030232,-80.0271711352,California-Kirkbride,6,21
627133,0050K00091000000,"4926 JORDAN Way, Pittsburgh, PA 15224",15224,Condemned/Dead End Property,2025-08-28,Pass,0,0050K00091000000,Active,40.4668859554,-79.9439052915,Garfield,9,10
627134,0114K00136000000,"4002 OSWALD ST, Pittsburgh, 15212",15212,Condemned/Dead End Property,2025-04-08,Pass,0,0114K00136000000,Active,40.4858068394,-80.0439914583,Brighton Heights,1,27
627135,0046P00323000000,"2014 LETSCHE ST, Pittsburgh, 15214",15214,Condemned/Dead End Property,2022-07-20,Fail,1,0046P00323000000,Active,40.4639219877,-80.0085143918,Fineview,6,25
627136,0082J00078000000,"928 MORNINGSIDE AVE, Pittsburgh, 15206",15206,Condemned/Dead End Property,2020-06-02,Pass,0,0082J00078000000,Active,40.4760292175,-79.9315519091,Morningside,7,10
627137,0047N00230000000,No primary address specified,15212,Condemned/Dead End Property,2022-12-12,Pass,0,0047N00230000000,Active,40.4642920905,-79.9969892031,Spring Hill-City View,1,24
627138,0033B00010000000,"329 MATHEWS AVE, Pittsburgh, 15210",15210,Condemned/Dead End Property,2020-11-16,Pass,0,0033B00010000000,Active,40.4137267042,-79.9942597526,Knoxville,3,30
627139,0033B00010000000,"329 MATHEWS AVE, Pittsburgh, 15210",15210,Condemned/Dead End Property,2024-04-12,Pass,0,0033B00010000000,Active,40.4137267042,-79.9942597526,Knoxville,3,30
627140,0014L00205000000,No primary address specified,15210,Condemned/Dead End Property,2020-11-16,Pass,0,0014L00205000000,Active,40.4163946684,-79.9901238162,Knoxville,3,30
627141,0013S00104000000,"2923 DEVLIN ST, Pittsburgh, 15210",15210,Condemned/Dead End Property,2020-08-27,Fail,3,0013S00104000000,Active,40.4150392336,-79.9666928275,Arlington,3,16
627142,0013S00104000000,"2923 DEVLIN ST, Pittsburgh, 15210",15210,Condemned/Dead End Property,2024-07-17,Pass,0,0013S00104000000,Active,40.4150392336,-79.9666928275,Arlington,3,16
627143,0004N00137000000,No primary address specified,15211,Condemned/Dead End Property,2025-06-04,Pass,0,0004N00137000000,Active,40.4245621841,-80.0121283878,Mount Washington,2,19
627144,0022F00086000000,"1910 MANHATTAN ST, Pittsburgh, 15233",15233,Condemned/Dead End Property,2023-03-27,Fail,1,0022F00086000000,Active,40.4589783915,-80.0277778248,Manchester,6,21
627145,0231K00089000000,No primary address specified,15221,Condemned/Dead End Property,2024-08-14,Pass,0,0231K00089000000,Active,40.4559054711,-79.8785702899,East Hills,9,13
627146,0026H00063000000,"4726 JUNIPER ST, Pittsburgh, 15224",15224,Condemned/Dead End Property,2025-04-02,Pass,0,0026H00063000000,Active,40.4580637271,-79.9519777973,Bloomfield,7,8
627147,0014N00197000000,"415 ROCHELLE ST, Pittsburgh, 15210",15210,Condemned/Dead End Property,2023-01-17,Pass,0,0014N00197000000,Active,40.4151635759,-79.9959979319,Knoxville,3,30
627148,0011D00127000000,"2514 WYANDOTTE ST, Pittsburgh, 15213",15213,Condemned/Dead End Property,2025-07-28,Fail,2,0011D00127000000,Active,40.4422028006,-79.9675107508,West Oakland,6,5
627149,0011D00127000000,"2514 WYANDOTTE ST, Pittsburgh, 15213",15213,Condemned/Dead End Property,2025-07-28,Fail,1,0011D00127000000,Active,40.4422028006,-79.9675107508,West Oakland,6,5
627150,0173N00246000A00,No primary address specified,15208,Condemned/Dead End Property,2024-03-01,Pass,0,0173N00246000A00,Active,40.4633554487,-79.8973792695,Homewood North,9,13
627151,0124G00059000000,"6405 CLIFFORD ST, Pittsburgh, 15206",15206,Condemned/Dead End Property,2020-12-28,Fail,2,0124G00059000000,Active,40.4696911884,-79.904933221,Lincoln-Lemington-Belmar,9,12
627152,0042M00055000000,No primary address specified,15204,Condemned/Dead End Property,2021-01-08,Pass,0,0042M00055000000,Active,40.4567637483,-80.0535795475,Sheraden,2,20
627153,0231F00233000000,"8520 DERSAM ST, Pittsburgh, 15235",15221,Condemned/Dead End Property,2026-04-17,,,0231F00233000000,Active,40.4595131832,-79.8752626305,East Hills,9,13
627154,0174N00317000000,"524 ALBION ST, Pittsburgh, 15208",15208,Condemned/Dead End Property,2025-04-22,Fail,2,0174N00317000000,Active,40.4527542741,-79.8964534238,Homewood South,9,13
627155,0125D00010000000,"1015 BEECHER ST, Pittsburgh, PA 15208",15208,Condemned/Dead End Property,2020-08-25,Fail,2,0125D00010000000,Active,40.4603310288,-79.9025932358,Homewood West,9,12
627156,0046K00130000000,"2316 PERRYSVILLE AVE, Pittsburgh, PA 15214",15214,Condemned/Dead End Property,2020-09-08,Fail,2,0046K00130000000,Active,40.4666107815,-80.0104345561,Perry South,6,26
627157,0015H00160000000,"412 CLIMAX ST, Pittsburgh, PA 15210",15210,Condemned/Dead End Property,2020-08-27,Fail,2,0015H00160000000,Active,40.4197325882,-79.9998343836,Beltzhoover,3,18
627158,0023C00103000000,No primary address specified,15214,Condemned/Dead End Property,2023-02-09,Pass,0,0023C00103000000,Active,40.4618314613,-80.0057989329,Fineview,1,25
627159,0057C00360000000,"251 RENOVA ST, Pittsburgh, 15207",15207,Condemned/Dead End Property,2023-12-28,Fail,1,0057C00360000000,Active,40.4023957619,-79.9376310349,Hazelwood,5,15
627160,0014H00165000000,"2601 QUARRY ST, Pittsburgh, 15210",15210,Condemned/Dead End Property,2024-03-07,Fail,1,0014H00165000000,Active,40.4206588064,-79.9845761904,South Side Slopes,3,17
627161,0044H00257000000,"2804 CALIFORNIA AVE, Pittsburgh, 15212",15212,Condemned/Dead End Property,2025-04-02,Fail,1,0044H00257000000,Active,40.4689410352,-80.0352983331,Marshall-Shadeland,6,27
627162,0044H00257000000,"2804 CALIFORNIA AVE, Pittsburgh, 15212",15212,Condemned/Dead End Property,2025-04-02,Pass,0,0044H00257000000,Active,40.4689410352,-80.0352983331,Marshall-Shadeland,6,27
627163,0056F00175000000,"203 GLEN CALADH ST, Pittsburgh, 15207",15207,Condemned/Dead End Property,2020-08-31,Fail,1,0056F00175000000,Active,40.4097145835,-79.9420128367,Hazelwood,5,15
627164,0056F00175000000,"203 GLEN CALADH ST, Pittsburgh, 15207",15207,Condemned/Dead End Property,2020-10-20,Pass,0,0056F00175000000,Active,40.4097145835,-79.9420128367,Hazelwood,5,15
627165,0012K00377000000,"1919 MARY ST, Pittsburgh, 15203",15203,Condemned/Dead End Property,2020-08-31,Fail,3,0012K00377000000,Active,40.4261148467,-79.9785128815,South Side Flats,3,17
627166,0173J00226000000,"1329 GROTTO ST, Pittsburgh, 15206",15206,Condemned/Dead End Property,2025-05-28,Fail,2,0173J00226000000,Active,40.4669426786,-79.8965160102,Lincoln-Lemington-Belmar,9,12
627167,0045S00102000000,"630 CHAUTAUQUA ST, Pittsburgh, 15214",15214,Condemned/Dead End Property,2025-08-01,Pass,0,0045S00102000000,Active,40.4642500814,-80.0178050274,Perry South,6,25
627168,0071M00088000000,"3518 OLTMAN ST, Pittsburgh, 15204",15204,Condemned/Dead End Property,2020-12-07,Fail,2,0071M00088000000,Active,40.4571666619,-80.0679478117,Chartiers City,2,20
627169,0071M00088000000,"3518 OLTMAN ST, Pittsburgh, 15204",15204,Condemned/Dead End Property,2024-03-28,Fail,1,0071M00088000000,Active,40.4571666619,-80.0679478117,Chartiers City,2,20
627170,0010G00329000000,No primary address specified,15219,Condemned/Dead End Property,2021-02-17,Pass,0,0010G00329000000,Active,40.4497850695,-79.9733472032,Middle Hill,6,5
627171,0057G00364000000,"9 ALLEGHENY TER, Pittsburgh, 15207",15207,Condemned/Dead End Property,2024-06-03,Pass,0,0057G00364000000,Active,40.4004894852,-79.9370326049,Glen Hazel,5,15
627172,0173N00295000000,"7015 1/2 UPLAND ST, Pittsburgh, 15208",15208,Condemned/Dead End Property,2020-09-09,Fail,3,0173N00295000000,Active,40.4632432444,-79.8985898481,Homewood North,9,13
627173,0015L00144000000,"120 CHALFONT ST, Pittsburgh, 15210",15210,Condemned/Dead End Property,2021-08-23,Fail,2,0015L00144000000,Active,40.416372543,-80.0050178979,Beltzhoover,3,18
627174,0175C00046000000,"7628 MULFORD ST, Pittsburgh, 15208",15221,Condemned/Dead End Property,2026-06-10,,,0175C00046000000,Active,40.4521575176,-79.8903327838,Homewood South,9,13
627175,0050M00305000000,"5466 BROAD ST, Pittsburgh, 15206",15206,Condemned/Dead End Property,2020-05-28,Fail,3,0050M00305000000,Active,40.4651248176,-79.9334422469,Garfield,9,11
627176,0010D00155000000,No primary address specified,15219,Condemned/Dead End Property,2022-05-23,,,0010D00155000000,Active,40.4514290481,-79.9688781247,Middle Hill,6,5
627177,0028H00041000000,"353 OAKLAND AVE, Pittsburgh, PA 15213",15213,Condemned/Dead End Property,2024-10-30,Pass,0,0028H00041000000,Active,40.4391364706,-79.9535757022,Central Oakland,3,4
627178,0026J00265000000,No primary address specified,15219,Condemned/Dead End Property,2021-09-21,Pass,0,0026J00265000000,Active,40.4556915512,-79.9644972816,Upper Hill,6,5
627179,0174E00133000000,"7106 RACE ST, Pittsburgh, PA 15208",15208,Condemned/Dead End Property,2020-09-08,Fail,2,0174E00133000000,Active,40.4590769032,-79.8976643125,Homewood North,9,13
627180,0014E00225000000,"304 MILLBRIDGE ST, Pittsburgh, 15210",15210,Condemned/Dead End Property,2020-09-04,Pass,0,0014E00225000000,Active,40.4197482475,-79.9960388584,Allentown,3,18
627181,0020R00131000000,"735 LORENZ AVE, Pittsburgh, 15220",15220,Condemned/Dead End Property,2021-08-30,Fail,3,0020R00131000000,Active,40.4441579505,-80.0399635002,Elliott,2,20
627182,0173A00168000000,"7033 LEMINGTON AVE, Pittsburgh, PA 15206",15206,Condemned/Dead End Property,2026-09-16,,,0173A00168000000,Active,40.4706638223,-79.8972123437,Lincoln-Lemington-Belmar,9,12
627183,0173A00168000000,"7033 LEMINGTON AVE, Pittsburgh, PA 15206",15206,Condemned/Dead End Property,2026-09-16,,,0173A00168000000,Active,40.4706638223,-79.8972123437,Lincoln-Lemington-Belmar,9,12
627184,0042N00023000000,"1219 TWEED ST, Pittsburgh, PA 15204",15204,Condemned/Dead End Property,2026-04-20,Fail,1,0042N00023000000,Active,40.4549898991,-80.0646195827,Sheraden,2,20
627185,0057B00098000000,No primary address specified,15207,Condemned/Dead End Property,2024-11-21,Pass,0,0057B00098000000,Active,40.4020012775,-79.9415023788,Hazelwood,5,15
627186,0046L00219000000,"320 LAFAYETTE AVE, Pittsburgh, PA 15214",15214,Condemned/Dead End Property,2022-03-30,Fail,2,0046L00219000000,Active,40.4653862306,-80.0071788503,Fineview,6,26
627187,0174L00093000000,"812 N BRADDOCK AVE, Pittsburgh, 15208",15221,Condemned/Dead End Property,2020-08-25,Fail,3,0174L00093000000,Active,40.4553757794,-79.8900260785,Homewood South,9,13
627188,0047J00353000000,"2104 LAPPE LN, Pittsburgh, PA 15212",15212,Condemned/Dead End Property,2024-02-20,Fail,3,0047J00353000000,Active,40.4667021568,-79.9954051196,Spring Hill-City View,1,26
627189,0138F00097000000,"2604 IVYGLEN ST, Pittsburgh, PA 15227",15227,Condemned/Dead End Property,2020-07-21,Fail,1,0138F00097000000,Active,40.3803768264,-79.993389767,Overbrook,4,32
627190,0015K00165000000,"53 LAFFERTY AVE, Pittsburgh, 15210",15210,Condemned/Dead End Property,2021-09-01,Fail,3,0015K00165000000,Active,40.4177452555,-80.0081562917,Beltzhoover,3,18
627191,0015K00165000000,"53 LAFFERTY AVE, Pittsburgh, 15210",15210,Condemned/Dead End Property,2024-03-27,,,0015K00165000000,Active,40.4177452555,-80.0081562917,Beltzhoover,3,18
627192,0022E00343000000,"1414 NIXON ST, Pittsburgh, 15233",15233,Condemned/Dead End Property,2020-09-08,Fail,3,0022E00343000000,Active,40.4596254945,-80.0287772662,Manchester,6,21
627193,0033B00307000000,"225 MOORE AVE, Pittsburgh, 15210",15210,Condemned/Dead End Property,2020-09-04,Fail,2,0033B00307000000,Active,40.4117313075,-79.991917201,Knoxville,3,30
627194,0033B00307000000,"225 MOORE AVE, Pittsburgh, 15210",15210,Condemned/Dead End Property,2023-02-06,,,0033B00307000000,Active,40.4117313075,-79.991917201,Knoxville,3,30
627195,0057C00160000A00,"242 GLENWOOD AVE, Pittsburgh, 15207",15207,Condemned/Dead End Property,2025-11-17,Fail,3,0057C00160000A00,Active,40.4018630981,-79.9382639308,Hazelwood,5,15
627196,0095D00099000000,"118 MADELINE ST, Pittsburgh, 15210",15210,Condemned/Dead End Property,2024-04-18,Fail,1,0095D00099000000,Active,40.3938564963,-79.9842892638,Carrick,4,29
627197,0040L00181000000,"1420 PRESTON ST, Pittsburgh, 15205",15205,Condemned/Dead End Property,2024-10-07,Fail,2,0040L00181000000,Active,40.4362954415,-80.0556832606,Westwood,2,28
627198,0042N00316000000,"1327 JEFFERS ST, Pittsburgh, 15204",15204,Condemned/Dead End Property,2022-08-12,Pass,0,0042N00316000000,Active,40.4530357881,-80.065151485,Sheraden,2,20
627199,0048F00071000000,No primary address specified,15212,Condemned/Dead End Property,2023-06-26,Pass,0,0048F00071000000,Active,40.4691390424,-79.9774551554,Troy Hill,1,24
627200,0046A00069000000,"2612 NORWOOD AVE, Pittsburgh, 15214",15214,Condemned/Dead End Property,2026-05-22,Pass,0,0046A00069000000,Active,40.4708005518,-80.0126801567,Perry South,6,26
627201,0023D00091000000,"1733 WARREN ST, Pittsburgh, 15212",15212,Condemned/Dead End Property,2020-09-10,Fail,2,0023D00091000000,Active,40.4622650957,-80.0029150825,Fineview,1,25
627202,0023D00091000000,"1733 WARREN ST, Pittsburgh, 15212",15212,Condemned/Dead End Property,2025-02-28,Pass,0,0023D00091000000,Active,40.4622650957,-80.0029150825,Fineview,1,25
627203,0125C00046000000,"639 LINCOLN AVE, Pittsburgh, 15206",15206,Condemned/Dead End Property,2020-09-03,Fail,2,0125C00046000000,Active,40.4623268333,-79.9066819225,Larimer,9,12
627204,0076P00079000000,"3114 INGLIS ST, Pittsburgh, 15212",15212,Condemned/Dead End Property,2021-02-04,Fail,3,0076P00079000000,Active,40.4743261388,-80.0279398699,Marshall-Shadeland,6,27
627205,0076P00079000000,"3114 INGLIS ST, Pittsburgh, 15212",15212,Condemned/Dead End Property,2023-09-06,Pass,0,0076P00079000000,Active,40.4743261388,-80.0279398699,Marshall-Shadeland,6,27
627206,0042M00333000000,"2936 SACRAMENTO AVE, Pittsburgh, 15204",15204,Condemned/Dead End Property,2020-09-09,Pass,0,0042M00333000000,Active,40.4573960342,-80.0496954894,Sheraden,2,20
627207,0020R00333000000,"110 COMSTOCK Way, Pittsburgh, 15220",15220,Condemned/Dead End Property,2024-03-11,Fail,1,0020R00333000000,Active,40.4431553826,-80.0382811709,Elliott,2,20
627208,0020R00333000000,"110 COMSTOCK Way, Pittsburgh, 15220",15220,Condemned/Dead End Property,2024-06-06,Fail,1,0020R00333000000,Active,40.4431553826,-80.0382811709,Elliott,2,20
627209,0023B00135000000,No primary address specified,15214,Condemned/Dead End Property,2023-06-26,Pass,0,0023B00135000000,Active,40.4602490475,-80.0117102657,Perry South,1,25
627210,0174F00250000000,"7232 RACE ST, Pittsburgh, 15208",15208,Condemned/Dead End Property,2020-09-08,Fail,3,0174F00250000000,Active,40.4583344309,-79.8943702385,Homewood North,9,13
627211,0174F00250000000,"7232 RACE ST, Pittsburgh, 15208",15208,Condemned/Dead End Property,2024-05-01,,,0174F00250000000,Active,40.4583344309,-79.8943702385,Homewood North,9,13
627212,0015R00023000000,"13 FRAMPTON AVE, Pittsburgh, 15210",15210,Condemned/Dead End Property,2026-05-06,,,0015R00023000000,Active,40.4156585913,-80.0077247775,Beltzhoover,3,18
627213,0015R00023000000,"13 FRAMPTON AVE, Pittsburgh, 15210",15210,Condemned/Dead End Property,2026-05-06,Fail,2,0015R00023000000,Active,40.4156585913,-80.0077247775,Beltzhoover,3,18
627214,0050K00035000000,No primary address specified,15224,Condemned/Dead End Property,2024-01-05,Pass,0,0050K00035000000,Active,40.4671638245,-79.9429240496,Garfield,9,10
627215,0045A00283000000,"3018 FREDERICK ST, Pittsburgh, 15212",15212,Condemned/Dead End Property,2026-07-23,Pass,0,0045A00283000000,Active,40.4721859622,-80.0302045029,Marshall-Shadeland,6,27
627216,0032S00063000000,"632 BECKS RUN RD, Pittsburgh, PA 15210",15210,Condemned/Dead End Property,2024-01-10,Fail,1,0032S00063000000,Active,40.4065528432,-79.9686462945,St. Clair,3,16
627217,0015L00168000000,No primary address specified,15210,Condemned/Dead End Property,2025-07-29,Pass,0,0015L00168000000,Active,40.4170373515,-80.0041998315,Beltzhoover,3,18
627218,0010M00267000000,"2568 BRACKENRIDGE ST, Pittsburgh, PA 15219",15219,Condemned/Dead End Property,2020-08-26,Fail,1,0010M00267000000,Active,40.4456474175,-79.9678292994,Terrace Village,6,5
627219,0010M00267000000,"2568 BRACKENRIDGE ST, Pittsburgh, PA 15219",15219,Condemned/Dead End Property,2021-12-07,Pass,0,0010M00267000000,Active,40.4456474175,-79.9678292994,Terrace Village,6,5
627220,0023J00224000000,"424 N TAYLOR AVE, Pittsburgh, 15212",15212,Condemned/Dead End Property,2025-03-31,Fail,1,0023J00224000000,Active,40.4566993348,-80.0121393577,Central Northside,1,22
627221,0047E00203000000,"99 ROYAL ST, Pittsburgh, 15212",15212,Condemned/Dead End Property,2026-07-29,Fail,2,0047E00203000000,Active,40.4688655453,-79.9973653234,Spring Hill-City View,1,26
627222,0046P00165000000,No primary address specified,15214,Condemned/Dead End Property,2020-09-21,,,0046P00165000000,Active,40.4648209438,-80.0108645483,Perry South,6,25
627223,0046P00165000000,No primary address specified,15214,Condemned/Dead End Property,2022-07-27,Pass,0,0046P00165000000,Active,40.4648209438,-80.0108645483,Perry South,6,25
627224,0231N00133000000,"726 TOKAY ST, Pittsburgh, 15221",15221,Condemned/Dead End Property,2020-09-09,Fail,3,0231N00133000000,Active,40.4539658192,-79.8793701918,East Hills,9,13
627225,0015M00184000000,"332 SYLVANIA AVE, Pittsburgh, 15210",15210,Condemned/Dead End Property,2024-02-09,Fail,2,0015M00184000000,Active,40.4171862326,-80.0010779349,Beltzhoover,3,18
627226,0124P00284000000,"6505 WINSLOW ST, Pittsburgh, PA 15206",15206,Condemned/Dead End Property,2023-06-28,Pass,0,0124P00284000000,Active,40.4627517265,-79.909841568,Larimer,9,12
627227,0047E00180000000,"63 ROYAL ST, Pittsburgh, 15212",15212,Condemned/Dead End Property,2023-09-01,Fail,1,0047E00180000000,Active,40.4678465819,-79.9984592835,Spring Hill-City View,1,26
627228,0057C00084000000,"55 ALMEDA ST, Pittsburgh, 15207",15207,Condemned/Dead End Property,2020-07-17,Fail,1,0057C00084000000,Active,40.4036473394,-79.9396356257,Hazelwood,5,15
627229,0057C00084000000,"55 ALMEDA ST, Pittsburgh, 15207",15207,Condemned/Dead End Property,2024-02-28,Pass,0,0057C00084000000,Active,40.4036473394,-79.9396356257,Hazelwood,5,15
627230,0014J00304000000,"420 CEDARHURST ST, Pittsburgh, 15210",15210,Condemned/Dead End Property,2026-09-14,Pass,0,0014J00304000000,Active,40.4180738633,-79.9994155837,Beltzhoover,3,18
627231,0049B00169000000,"4125 BUTLER ST, Pittsburgh, 15201",15201,Condemned/Dead End Property,2020-05-21,Fail,2,0049B00169000000,Active,40.4701718129,-79.9609057255,Central Lawrenceville,7,9
627232,0014K00289000000,"246 CHARLES ST, Pittsburgh, 15210",15210,Condemned/Dead End Property,2020-06-22,Fail,1,0014K00289000000,Active,40.4163295072,-79.9927408889,Knoxville,3,30
627233,0014K00289000000,"246 CHARLES ST, Pittsburgh, 15210",15210,Condemned/Dead End Property,2020-12-10,Fail,3,0014K00289000000,Active,40.4163295072,-79.9927408889,Knoxville,3,30
627234,0231N00009000000,"8141 CONEMAUGH ST, Pittsburgh, PA 15221",15221,Condemned/Dead End Property,2026-05-29,,,0231N00009000000,Active,40.454864523,-79.8822695351,East Hills,9,13
627235,0057D00055000000,No primary address specified,15207,Condemned/Dead End Property,2024-12-02,Pass,0,0057D00055000000,Active,40.402805984,-79.9362962385,Hazelwood,5,15
627236,0124S00357000000,"1100 LINCOLN AVE, Pittsburgh, 15206",15208,Condemned/Dead End Property,2020-09-03,Fail,2,0124S00357000000,Active,40.4642407834,-79.9000960234,Homewood North,9,12
627237,0014F00359000000,"840 FREELAND ST, Pittsburgh, 15210",15210,Condemned/Dead End Property,2020-08-28,Fail,2,0014F00359000000,Active,40.4189801575,-79.9920534579,Allentown,3,18
627238,0077F00198000000,"44 TRETOW ST, Pittsburgh, 15214",15214,Condemned/Dead End Property,2025-08-27,Fail,1,0077F00198000000,Active,40.4782016603,-80.0091272107,Perry North,1,26
627239,0077F00198000000,"44 TRETOW ST, Pittsburgh, 15214",15214,Condemned/Dead End Property,2026-05-21,Pass,0,0077F00198000000,Active,40.4782016603,-80.0091272107,Perry North,1,26
627240,0024F00211000000,"1037 SPRING GARDEN AVE, Pittsburgh, PA 15212",15212,Condemned/Dead End Property,2020-09-09,Fail,2,0024F00211000000,Active,40.4589533297,-79.9936534529,Spring Garden,1,24
627241,0014C00328000000,"4 SHARON ST, Pittsburgh, 15210",15210,Condemned/Dead End Property,2020-09-09,Fail,1,0014C00328000000,Active,40.421468191,-79.9880981957,South Side Slopes,3,17
627242,0057B00076000000,No primary address specified,15207,Condemned/Dead End Property,2022-08-05,Pass,0,0057B00076000000,Active,40.4031294842,-79.9415312794,Hazelwood,5,15
627243,0046J00295000000,"232 W BURGESS ST, Pittsburgh, 15214",15214,Condemned/Dead End Property,2026-08-17,Fail,2,0046J00295000000,Active,40.4667264481,-80.012819886,Perry South,6,26
627244,0173B00128000000,"1600 LINCOLN AVE, Pittsburgh, 15206",15206,Condemned/Dead End Property,2020-09-03,Fail,2,0173B00128000000,Active,40.4703000582,-79.8925505533,Lincoln-Lemington-Belmar,9,12
627245,0076J00199000000,"3164 BRIGHTON RD, Pittsburgh, 15212",15212,Condemned/Dead End Property,2023-11-06,Fail,1,0076J00199000000,Active,40.4754875817,-80.0301182376,Marshall-Shadeland,6,27
627246,0077K00145000000,"104 MILROY ST, Pittsburgh, 15214",15214,Condemned/Dead End Property,2020-09-04,Fail,2,0077K00145000000,Active,40.4760096456,-80.0112427725,Perry South,6,26
627247,0077K00145000000,"104 MILROY ST, Pittsburgh, 15214",15214,Condemned/Dead End Property,2025-02-28,Pass,0,0077K00145000000,Active,40.4760096456,-80.0112427725,Perry South,6,26
627248,0185S00341000000,No primary address specified,15207,Condemned/Dead End Property,2024-08-23,Pass,0,0185S00341000000,Active,40.3673888089,-79.9161866682,Lincoln Place,5,31
627249,0023P00429000000,"120 W NORTH AVE, Pittsburgh, PA 15212",15212,Condemned/Dead End Property,2026-04-07,Fail,1,0023P00429000000,Active,40.4553645851,-80.0084416909,Central Northside,1,22
627250,0173N00286000000,"1508 1/2 N MURTLAND ST, Pittsburgh, PA 15208",15208,Condemned/Dead End Property,2022-04-25,Fail,2,0173N00286000000,Active,40.4634265984,-79.8989706285,Homewood North,9,13
627251,0070E00016000000,"522 W PROSPECT AVE, Pittsburgh, 15205",15205,Condemned/Dead End Property,2021-02-11,Fail,2,0070E00016000000,Active,40.448243521,-80.0820552849,Fairywood,2,28
627252,0045M00337000000,"627 CHESTER AVE, Pittsburgh, PA 15214",15214,Condemned/Dead End Property,2020-07-16,Fail,2,0045M00337000000,Active,40.465501359,-80.01748497,Perry South,6,26
627253,0125H00151000000,"7020 MONTICELLO ST, Pittsburgh, PA 15208",15208,Condemned/Dead End Property,2026-08-19,Fail,2,0125H00151000000,Active,40.4599261101,-79.8996698959,Homewood North,9,13
627254,0042J00320000000,"3225 ALLENDALE ST, Pittsburgh, 15204",15204,Condemned/Dead End Property,2025-01-06,Pass,0,0042J00320000000,Active,40.4560680147,-80.0619686,Sheraden,2,20
627255,0015M00314000000,No primary address specified,15210,Condemned/Dead End Property,2022-10-11,Pass,0,0015M00314000000,Active,40.4163993931,-80.0034259608,Beltzhoover,3,18
627256,0124S00188000000,"900 LAXTON ST, Pittsburgh, PA 15206",15208,Condemned/Dead End Property,2020-09-03,Fail,3,0124S00188000000,Active,40.4628588724,-79.9019393507,Homewood West,9,12
627257,0124S00188000000,"900 LAXTON ST, Pittsburgh, PA 15206",15208,Condemned/Dead End Property,2026-03-19,Pass,0,0124S00188000000,Active,40.4628588724,-79.9019393507,Homewood West,9,12
627258,0014J00173000000,"706 BERND ST, Pittsburgh, 15210",15210,Condemned/Dead End Property,2020-08-24,Fail,2,0014J00173000000,Active,40.4164448183,-79.9979107332,Beltzhoover,3,18
627259,0014J00173000000,"706 BERND ST, Pittsburgh, 15210",15210,Condemned/Dead End Property,2020-11-16,,,0014J00173000000,Active,40.4164448183,-79.9979107332,Beltzhoover,3,18
627260,0014J00173000000,"706 BERND ST, Pittsburgh, 15210",15210,Condemned/Dead End Property,2020-12-10,,,0014J00173000000,Active,40.4164448183,-79.9979107332,Beltzhoover,3,18
627261,0014J00173000000,"706 BERND ST, Pittsburgh, 15210",15210,Condemned/Dead End Property,2024-12-09,Pass,0,0014J00173000000,Active,40.4164448183,-79.9979107332,Beltzhoover,3,18
627262,0010M00016000000,No primary address specified,15219,Condemned/Dead End Property,2021-06-16,Pass,0,0010M00016000000,Active,40.4471044253,-79.9700031211,Middle Hill,6,5
627263,0029S00068000000,"9 SYLVAN AVE, Pittsburgh, 15207",15207,Condemned/Dead End Property,2021-07-09,Fail,1,0029S00068000000,Active,40.4253046362,-79.950008985,Greenfield,5,15
627264,0013L00308000000,"2436 CHARCOT ST, Pittsburgh, 15210",15210,Condemned/Dead End Property,2022-02-18,Pass,0,0013L00308000000,Active,40.41662816,-79.9715806508,Arlington,3,16
627265,0173J00332000000,No primary address specified,15206,Condemned/Dead End Property,2026-07-23,,,0173J00332000000,Active,40.466297976,-79.8961508738,Lincoln-Lemington-Belmar,9,12
627266,0022L00208000000,No primary address specified,15233,Condemned/Dead End Property,2026-05-12,Pass,0,0022L00208000000,Active,40.4561044707,-80.0212287432,Manchester,6,21
627267,0014B00370000000,"922 MANTON Way, Pittsburgh, PA 15210",15210,Condemned/Dead End Property,2021-08-30,Fail,2,0014B00370000000,Active,40.4212002098,-79.991337302,Allentown,3,18
627268,0077P00190000000,"2719 VETERAN ST, Pittsburgh, 15214",15214,Condemned/Dead End Property,2022-09-08,Pass,0,0077P00190000000,Active,40.4731365518,-80.0096686477,Perry South,6,26
627269,0077P00190000000,"2719 VETERAN ST, Pittsburgh, 15214",15214,Condemned/Dead End Property,2023-04-11,Fail,3,0077P00190000000,Active,40.4731365518,-80.0096686477,Perry South,6,26
627270,0013H00098000000,No primary address specified,15203,Condemned/Dead End Property,2022-10-12,Pass,0,0013H00098000000,Active,40.4190467218,-79.9693640991,South Side Slopes,3,16
627271,0042N00153000000,"1117 FAIRDALE ST, Pittsburgh, 15204",15204,Condemned/Dead End Property,2020-09-30,Fail,2,0042N00153000000,Active,40.4544177525,-80.0624956745,Sheraden,2,20
627272,0042N00153000000,"1117 FAIRDALE ST, Pittsburgh, 15204",15204,Condemned/Dead End Property,2020-12-01,Pass,0,0042N00153000000,Active,40.4544177525,-80.0624956745,Sheraden,2,20
627273,0174N00303000000,"7220 SUSQUEHANNA ST, Pittsburgh, PA 15208",15208,Condemned/Dead End Property,2026-03-23,Pass,0,0174N00303000000,Active,40.4531838612,-79.8975012789,Homewood South,9,13
627274,0042C00208000000,"409 TABOR ST, Pittsburgh, 15204",15204,Condemned/Dead End Property,2020-09-09,Fail,2,0042C00208000000,Active,40.461344116,-80.0553350936,Esplen,2,20
627275,0125G00217000000,"811 INWOOD ST, Pittsburgh, PA 15208",15208,Condemned/Dead End Property,2023-07-27,,,0125G00217000000,Active,40.4587247481,-79.9051134602,Homewood West,9,12
627276,0046K00058000000,"200 CUTLER ST, Pittsburgh, 15214",15214,Condemned/Dead End Property,2023-02-20,Fail,2,0046K00058000000,Active,40.4662665323,-80.0119031739,Perry South,6,26
627277,0046K00058000000,"200 CUTLER ST, Pittsburgh, 15214",15214,Condemned/Dead End Property,2023-12-11,Fail,1,0046K00058000000,Active,40.4662665323,-80.0119031739,Perry South,6,26
627278,0010P00192000E00,No primary address specified,15219,Condemned/Dead End Property,2022-04-12,,,0010P00192000E00,Active,40.4442334136,-79.9767530003,Middle Hill,6,5
627279,0023F00221000000,"208 ALPINE AVE, Pittsburgh, PA 15212",15212,Condemned/Dead End Property,2022-02-24,Fail,1,0023F00221000000,Active,40.4584479714,-80.0101131543,Central Northside,1,25
627280,0056F00306000000,"160 MARSDEN ST, Pittsburgh, 15207",15207,Condemned/Dead End Property,2021-02-03,Fail,1,0056F00306000000,Active,40.4106272781,-79.9424275223,Hazelwood,5,15
627281,0056F00306000000,"160 MARSDEN ST, Pittsburgh, 15207",15207,Condemned/Dead End Property,2023-07-06,Pass,0,0056F00306000000,Active,40.4106272781,-79.9424275223,Hazelwood,5,15
627282,0176A00146000000,"3 FLOTILLA Way, Pittsburgh, PA 15221",15221,Condemned/Dead End Property,2024-05-01,Pass,0,0176A00146000000,Active,40.4424433412,-79.896499123,Point Breeze,9,14
627283,0031E00144000000,"746 BAJO ST, Pittsburgh, 15210",15210,Condemned/Dead End Property,2026-01-20,Fail,2,0031E00144000000,Active,40.4102578557,-79.9642380536,Arlington,3,16
627284,0083S00243000000,"130 LARIMER AVE, Pittsburgh, PA 15206",15206,Condemned/Dead End Property,2020-06-22,Fail,2,0083S00243000000,Active,40.4625824555,-79.9180681895,East Liberty,9,11
627285,0019A00078000000,"1123 BERDELLA ST, Pittsburgh, 15220",15220,Condemned/Dead End Property,2020-08-24,Fail,1,0019A00078000000,Active,40.4427284585,-80.0456370165,Crafton Heights,2,20
627286,0174B00164000000,No primary address specified,15208,Condemned/Dead End Property,2024-06-26,Pass,0,0174B00164000000,Active,40.4614876638,-79.8940189823,Homewood North,9,13
627287,0173G00176000000,No primary address specified,15206,Condemned/Dead End Property,2020-10-20,Pass,0,0173G00176000000,Active,40.4679538137,-79.8902394183,Lincoln-Lemington-Belmar,9,12
627288,0014F00051000000,"215 WALTER ST, Pittsburgh, PA 15210",15210,Condemned/Dead End Property,2020-09-10,Fail,2,0014F00051000000,Active,40.4203334855,-79.9945686774,Allentown,3,18
627289,0077N00104000000,"247 KENNEDY AVE, Pittsburgh, PA 15214",15214,Condemned/Dead End Property,2020-09-02,Fail,3,0077N00104000000,Active,40.4739599035,-80.0122782721,Perry South,6,26
627290,0056J00124000000,"5022 BLAIR ST, Pittsburgh, 15207",15207,Condemned/Dead End Property,2025-09-25,Pass,0,0056J00124000000,Active,40.4070874307,-79.9468964622,Hazelwood,5,15
627291,0026J00258000000,"3354 RIDGWAY ST, Pittsburgh, PA 15213",15219,Condemned/Dead End Property,2023-04-12,Fail,1,0026J00258000000,Active,40.4558584356,-79.9639401546,Upper Hill,6,5
627292,0027A00096000000,"2950 ORBIN ST, Pittsburgh, PA 15219",15219,Condemned/Dead End Property,2021-11-01,Fail,3,0027A00096000000,Active,40.4515568156,-79.9652601398,Middle Hill,6,5
627293,0042N00112000000,"3200 CHARTIERS AVE, Pittsburgh, 15204",15204,Condemned/Dead End Property,2020-08-27,Fail,1,0042N00112000000,Active,40.4539323684,-80.0643158765,Sheraden,2,20
627294,0091K00170000000,"86 GRANGER ST, Pittsburgh, 15207",15207,Condemned/Dead End Property,2024-09-04,Fail,1,0091K00170000000,Active,40.3893340109,-79.9273530158,New Homestead,5,31
627295,0040R00029000000,"1362 KEEVER AVE, Pittsburgh, 15205",15205,Condemned/Dead End Property,2023-04-26,Fail,1,0040R00029000000,Active,40.4350328878,-80.0542124742,Westwood,2,28
627296,0044H00269000000,"2824 CALIFORNIA AVE, Pittsburgh, 15212",15212,Condemned/Dead End Property,2024-04-30,Pass,0,0044H00269000000,Active,40.4696036081,-80.0355917258,Marshall-Shadeland,6,27
627297,0044H00269000000,"2824 CALIFORNIA AVE, Pittsburgh, 15212",15212,Condemned/Dead End Property,2026-09-10,Fail,2,0044H00269000000,Active,40.4696036081,-80.0355917258,Marshall-Shadeland,6,27
627298,0010G00181000000,No primary address specified,15219,Condemned/Dead End Property,2022-10-06,Pass,0,0010G00181000000,Active,40.4491590697,-79.9731733526,Middle Hill,6,5
627299,0124J00190000000,"23 SHETLAND ST, Pittsburgh, 15206",15206,Condemned/Dead End Property,2020-09-09,Fail,2,0124J00190000000,Active,40.466770075,-79.9122411893,Larimer,9,12
627300,0060E00108000000,No primary address specified,15210,Condemned/Dead End Property,2020-05-26,Pass,0,0060E00108000000,Active,40.3999920931,-79.9980839747,Carrick,4,29
627301,0060E00108000000,No primary address specified,15210,Condemned/Dead End Property,2023-03-07,,,0060E00108000000,Active,40.3999920931,-79.9980839747,Carrick,4,29
627302,0056L00293000A00,"5034 ORINOCO ST, Pittsburgh, 15207",15207,Condemned/Dead End Property,2020-09-08,Fail,1,0056L00293000A00,Active,40.4086056451,-79.9391222048,Hazelwood,5,15
627303,0076N00377000000,"3045 STAYTON ST, Pittsburgh, 15212",15212,Condemned/Dead End Property,2026-05-21,Pass,0,0076N00377000000,Active,40.473339453,-80.0289770438,Marshall-Shadeland,6,27
627304,0018A00186000000,"1200 HIGHMAN ST, Pittsburgh, 15205",15205,Condemned/Dead End Property,2023-04-13,Fail,1,0018A00186000000,Active,40.4328635101,-80.0466354855,Westwood,2,28
