Latitude,Longitude,Address,Neighborhood,Council_District,PLI_Score,PLI_Score_Label,Year_Built,Era,Exterior,Stories,Living_Area_sqft,Land_Use,Triage_Group,First_Condemned_Record,Near_Frequent_Transit,Dist_Frequent_Stop_m
40.4381754377,-79.9931684108,"704 WATSON ST, Pittsburgh, PA 15282",Bluff,6,,Not scored,,Unknown,Unknown,,,Owned By College/Univ/Academy,Not scored,2025-03-27,Yes,37.0
40.4384837867,-79.9890377028,"1106 5TH AVE, Pittsburgh, PA 15219",Bluff,6,2.0,"2 - Compromised, possibly dangerous",,Unknown,Unknown,,,Office-Elevator -3 + Stories,Mothball,2026-07-06,Yes,82.0
40.4388636089,-79.9873685043,"1323 5TH AVE, Pittsburgh, PA 15219",Crawford-Roberts,6,3.0,"3 - Compromised, dangerous",,Unknown,Unknown,,,Retl/Apt'S Over,Demolish,2022-08-11,Yes,66.0
40.4388682491,-79.9874558208,"1319 5TH AVE, Pittsburgh, 15219",Crawford-Roberts,6,3.0,"3 - Compromised, dangerous",,Unknown,Unknown,,,Retl/Apt'S Over,Demolish,2020-09-11,Yes,59.0
40.4388724575,-79.9875493127,"1315 5TH AVE, Pittsburgh, PA 15219",Crawford-Roberts,6,2.0,"2 - Compromised, possibly dangerous",,Unknown,Unknown,,,Retl/Apt'S Over,Mothball,2020-06-29,Yes,52.0
40.438755012,-79.9848661118,"1501 5TH AVE, Pittsburgh, 15219",Crawford-Roberts,6,2.0,"2 - Compromised, possibly dangerous",,Unknown,Unknown,,,Retl/Stor Over,Mothball,2020-08-20,Yes,19.0
40.4387527767,-79.9847644686,"1505 5TH AVE, Pittsburgh, PA 15219",Crawford-Roberts,6,1.0,"1 - Intact, no immediate danger",,Unknown,Unknown,,,Retl/Apt'S Over,Mothball,2020-08-10,Yes,20.0
40.4395069916,-79.9842219533,"23 VINE ST, Pittsburgh, 15219",Crawford-Roberts,6,3.0,"3 - Compromised, dangerous",1905.0,1901 to 1939,Masonry,2.0,1912.0,Single Family,Salvage,2022-10-24,Yes,115.0
40.4293289423,-79.9832600436,"1500 BINGHAM ST, Pittsburgh, 15203",South Side Flats,3,1.0,"1 - Intact, no immediate danger",,Unknown,Unknown,,,Office/Warehouse,Mothball,2020-07-23,Yes,78.0
40.4261364438,-79.99090234,"816 NEWTON ST, Pittsburgh, 15203",South Side Slopes,3,2.0,"2 - Compromised, possibly dangerous",1870.0,Before 1900,Frame,3.0,2256.0,Single Family,Mothball,2024-06-25,Yes,284.0
40.4261142277,-79.9908365579,"818 NEWTON ST, Pittsburgh, 15203",South Side Slopes,3,2.0,"2 - Compromised, possibly dangerous",1900.0,1900 (possible default),Frame,3.0,3315.0,Single Family,Mothball,2024-06-25,Yes,289.0
40.4260967235,-79.990771773,"820 NEWTON ST, Pittsburgh, 15203",South Side Slopes,3,2.0,"2 - Compromised, possibly dangerous",1942.0,1940 or later,Frame,2.5,1985.0,Single Family,Mothball,2024-06-25,Yes,292.0
40.4278657996,-79.9873984188,"1101 SARAH ST, Pittsburgh, 15203",South Side Flats,3,3.0,"3 - Compromised, dangerous",1854.0,Before 1900,Masonry,3.0,2560.0,Single Family,Salvage,2026-06-04,Yes,100.0
40.427759143,-79.9829591684,"1515 SARAH ST, Pittsburgh, 15203",South Side Flats,3,,Not scored,1900.0,1900 (possible default),Masonry,2.0,2048.0,Rowhouse,Not scored,2026-03-11,Yes,134.0
40.427158048,-79.9849663029,"99 S 13TH ST, Pittsburgh, PA 15203",South Side Flats,3,2.0,"2 - Compromised, possibly dangerous",1900.0,1900 (possible default),Masonry,2.0,1866.0,Single Family,Save first,2026-08-06,Yes,186.0
40.4263263916,-79.9850310331,"129 S 13TH ST, Pittsburgh, PA 15203",South Side Flats,3,1.0,"1 - Intact, no immediate danger",1900.0,1900 (possible default),Frame,2.0,1692.0,Rowhouse,Mothball,2020-07-23,Yes,275.0
40.4238829759,-79.9987104067,"58 1/2 CRAIGHEAD ST, Pittsburgh, 15211",Mount Washington,3,2.0,"2 - Compromised, possibly dangerous",1920.0,1901 to 1939,Masonry,2.0,1145.0,Rowhouse,Save first,2024-02-28,Yes,345.0
40.4243561535,-79.9871909573,"47 WELSH Way, Pittsburgh, PA 15203",South Side Slopes,3,1.0,"1 - Intact, no immediate danger",1900.0,1900 (possible default),Frame,2.0,1216.0,Single Family,Mothball,2023-10-10,Yes,383.0
40.4247841625,-79.9874904735,"30 WELSH Way, Pittsburgh, PA 15203",South Side Slopes,3,1.0,"1 - Intact, no immediate danger",1885.0,Before 1900,Frame,2.0,1448.0,Single Family,Mothball,2024-11-01,No,436.0
40.4257631819,-79.987905974,"1024 MANOR ST, Pittsburgh, 15203",South Side Slopes,3,4.0,4 - Imminently dangerous,1900.0,1900 (possible default),Frame,2.0,1584.0,Single Family,Salvage,2023-05-15,Yes,333.0
40.4240371558,-79.9910791573,"919 EUREKA ST, Pittsburgh, 15210",Allentown,3,2.0,"2 - Compromised, possibly dangerous",1920.0,1901 to 1939,Frame,2.0,1700.0,Single Family,Mothball,2020-11-30,No,507.0
40.424689223,-79.9861504084,"106 BROSVILLE ST, Pittsburgh, 15203",South Side Slopes,3,2.0,"2 - Compromised, possibly dangerous",1900.0,1900 (possible default),Frame,1.0,633.0,Single Family,Mothball,2020-08-25,Yes,366.0
40.4243144136,-79.9830598343,"40 PIUS ST, Pittsburgh, PA 15203",South Side Slopes,3,2.0,"2 - Compromised, possibly dangerous",,Unknown,Unknown,,,"Churches, Public Worship",Mothball,2020-07-07,Yes,222.0
40.4332849778,-80.0101938744,"301 GRANDVIEW AVE, Pittsburgh, 15211",Mount Washington,2,,Not scored,1900.0,1900 (possible default),Masonry,3.0,2890.0,"Churches, Public Worship",Not scored,2024-04-10,No,407.0
40.4315501279,-80.0107026859,"224 KEARSARGE ST, Pittsburgh, 15211",Mount Washington,2,1.0,"1 - Intact, no immediate danger",1900.0,1900 (possible default),Frame,3.0,2958.0,Single Family,Mothball,2020-09-02,Yes,391.0
40.4300013899,-80.0120316092,"341 GRACE ST, Pittsburgh, 15211",Mount Washington,2,2.0,"2 - Compromised, possibly dangerous",1920.0,1901 to 1939,Frame,2.0,2168.0,Single Family,Mothball,2020-09-14,No,525.0
40.4292854669,-80.0116432983,"315 BELONDA ST, Pittsburgh, 15211",Mount Washington,2,1.0,"1 - Intact, no immediate danger",1910.0,1901 to 1939,Frame,2.0,1200.0,Single Family,Mothball,2026-01-14,No,523.0
40.4290599974,-80.0114547737,"318 NATCHEZ ST, Pittsburgh, PA 15211",Mount Washington,2,2.0,"2 - Compromised, possibly dangerous",1914.0,1901 to 1939,Frame,2.5,1749.0,Two Family,Mothball,2020-09-08,No,521.0
40.4296817966,-80.0096509431,"4 GASKEL ST, Pittsburgh, 15211",Mount Washington,2,2.0,"2 - Compromised, possibly dangerous",1900.0,1900 (possible default),Frame,2.0,1870.0,Single Family,Mothball,2020-08-31,Yes,354.0
40.4280308066,-80.01504873,"504 GRACE ST, Pittsburgh, 15211",Mount Washington,2,2.0,"2 - Compromised, possibly dangerous",1920.0,1901 to 1939,Frame,2.0,1558.0,Single Family,Mothball,2024-06-04,No,844.0
40.4277502551,-80.0145988493,"511 GRACE ST, Pittsburgh, 15211",Mount Washington,2,2.0,"2 - Compromised, possibly dangerous",1925.0,1901 to 1939,Frame,2.0,2148.0,Single Family,Mothball,2025-07-28,No,824.0
40.4272437689,-80.013832802,"477 BELONDA ST, Pittsburgh, 15211",Mount Washington,2,,Not scored,1900.0,1900 (possible default),Frame,2.0,1658.0,Single Family,Not scored,2023-10-26,No,799.0
40.4278176907,-80.0084945441,"67 SOUTHERN AVE, Pittsburgh, 15211",Mount Washington,2,1.0,"1 - Intact, no immediate danger",,Unknown,Unknown,,,"Churches, Public Worship",Mothball,2025-10-21,No,442.0
40.4264391257,-80.0010855958,"333 KAMBACH ST, Pittsburgh, PA 15211",Mount Washington,3,,Not scored,1920.0,1901 to 1939,Frame,3.0,2088.0,Single Family,Not scored,2020-05-26,No,434.0
40.4241669207,-80.0125925562,"287 WADE ST, Pittsburgh, 15211",Mount Washington,2,1.0,"1 - Intact, no immediate danger",1900.0,1900 (possible default),Frame,2.0,1353.0,Single Family,Mothball,2021-04-21,No,559.0
40.4238513444,-80.0129313347,"28 MARNE Way, Pittsburgh, PA 15211",Mount Washington,2,2.0,"2 - Compromised, possibly dangerous",1900.0,1900 (possible default),Masonry,2.0,1232.0,Single Family,Save first,2020-09-03,No,554.0
40.423845974,-80.0128284038,"26 MARNE Way, Pittsburgh, PA 15211",Mount Washington,2,1.0,"1 - Intact, no immediate danger",1900.0,1900 (possible default),Masonry,2.0,1232.0,Single Family,Save first,2024-02-27,No,547.0
40.4258818624,-80.010529567,"80 NORTON ST, Pittsburgh, 15211",Mount Washington,2,2.0,"2 - Compromised, possibly dangerous",1900.0,1900 (possible default),Frame,2.0,2347.0,Single Family,Mothball,2020-09-03,No,612.0
40.4243492006,-80.0079364605,"222 KRAMER Way, Pittsburgh, PA 15211",Mount Washington,2,1.0,"1 - Intact, no immediate danger",1910.0,1901 to 1939,Frame,2.0,1024.0,Single Family,Mothball,2022-03-22,Yes,371.0
40.425156907,-80.0061270842,"124 TUSCOLA ST, Pittsburgh, PA 15211",Mount Washington,2,2.0,"2 - Compromised, possibly dangerous",1920.0,1901 to 1939,Frame,2.0,1320.0,Single Family,Mothball,2020-08-06,No,454.0
40.4246835561,-80.004538168,"67 CUSHMAN ST, Pittsburgh, PA 15211",Mount Washington,3,1.0,"1 - Intact, no immediate danger",1925.0,1901 to 1939,Frame,2.0,840.0,Single Family,Mothball,2023-04-27,Yes,358.0
40.4242313496,-80.0002093571,"416 IBERIA ST, Pittsburgh, 15211",Mount Washington,3,2.0,"2 - Compromised, possibly dangerous",1926.0,1901 to 1939,Masonry,2.0,1202.0,Single Family,Save first,2021-02-17,Yes,350.0
40.4239490357,-79.9997546164,"425 EUREKA ST, Pittsburgh, 15211",Mount Washington,3,,Not scored,1920.0,1901 to 1939,Masonry,2.0,1828.0,Single Family,Not scored,2023-07-05,Yes,324.0
40.4237452322,-80.0024711898,"79 1/2 HABERMAN AVE, Pittsburgh, PA 15211",Mount Washington,3,,Not scored,1910.0,1901 to 1939,Masonry,2.0,1380.0,Rowhouse,Not scored,2023-06-05,Yes,259.0
40.4268369499,-80.0215001848,"921 SAW MILL RUN BLVD, Pittsburgh, PA 15220",Duquesne Heights,2,,Not scored,,Unknown,Unknown,,,Office/Warehouse,Not scored,2020-09-09,No,1302.0
40.4380867279,-80.0183593454,"1208 GRANDVIEW AVE, Pittsburgh, PA 15211",Mount Washington,2,2.0,"2 - Compromised, possibly dangerous",,Unknown,Unknown,,,Retl/Apt'S Over,Mothball,2026-02-05,Yes,105.0
40.4509142468,-80.0251526972,"914 MANHATTAN ST, Pittsburgh, PA 15233",Manchester,6,1.0,"1 - Intact, no immediate danger",1898.0,Before 1900,Masonry,2.0,1230.0,Single Family,Save first,2020-06-05,No,587.0
40.4509595335,-80.02516873,"916 MANHATTAN ST, Pittsburgh, PA 15233",Manchester,6,1.0,"1 - Intact, no immediate danger",1898.0,Before 1900,Masonry,2.0,1230.0,Single Family,Save first,2020-06-05,No,582.0
40.4524588722,-80.023049453,"1217 W NORTH AVE, Pittsburgh, PA 15233",Manchester,6,3.0,"3 - Compromised, dangerous",1905.0,1901 to 1939,Masonry,2.0,1202.0,Rowhouse,Salvage,2020-07-28,No,586.0
40.4524607064,-80.0229964975,"1215 W NORTH AVE, Pittsburgh, PA 15233",Manchester,6,3.0,"3 - Compromised, dangerous",1905.0,1901 to 1939,Masonry,2.0,1202.0,Rowhouse,Salvage,2020-07-28,No,590.0
40.4527117586,-80.0202609895,"1018 BIDWELL ST, Pittsburgh, PA 15233",Manchester,6,1.0,"1 - Intact, no immediate danger",,Unknown,Unknown,,,"Churches, Public Worship",Mothball,2023-02-16,No,519.0
40.4519315662,-80.0180446754,"934 WESTERN AVE #6, Pittsburgh, PA 15233",Allegheny West,1,,Not scored,,Unknown,Unknown,,,Apart: 5-19 Units,Not scored,2023-03-16,Yes,365.0
40.4437098603,-80.0317537789,"236 ELLIOTT ST, Pittsburgh, PA 15220",Elliott,2,2.0,"2 - Compromised, possibly dangerous",1890.0,Before 1900,Frame,2.0,1224.0,Single Family,Mothball,2020-08-18,Yes,180.0
40.4486171242,-79.9993469637,"100 ANDERSON ST #7413, Pittsburgh, PA 15212",North Shore,1,3.0,"3 - Compromised, dangerous",,Unknown,Unknown,,,Apart:40+ Units,Demolish,2026-04-24,Yes,238.0
40.4503175103,-79.9862475072,"1700 SMALLMAN ST, Pittsburgh, PA 15222",Strip District,1,2.0,"2 - Compromised, possibly dangerous",,Unknown,Unknown,,,Office/Warehouse,Mothball,2026-08-25,Yes,142.0
40.4456512076,-79.9854557664,"713 CASSATT ST, Pittsburgh, 15219",Crawford-Roberts,6,1.0,"1 - Intact, no immediate danger",1890.0,Before 1900,Masonry,2.0,1144.0,Rowhouse,Save first,2020-10-19,Yes,345.0
40.4459155589,-79.9847441726,"8 MONACA PL, Pittsburgh, 15219",Crawford-Roberts,6,2.0,"2 - Compromised, possibly dangerous",1898.0,Before 1900,Masonry,2.0,810.0,Single Family,Save first,2020-08-11,Yes,357.0
40.4447135596,-79.9871257767,"1613 BEDFORD AVE, Pittsburgh, 15219",Crawford-Roberts,6,2.0,"2 - Compromised, possibly dangerous",1900.0,1900 (possible default),Masonry,2.0,1152.0,Rowhouse,Save first,2020-10-26,Yes,233.0
40.4452403301,-79.9860533224,"1711 BEDFORD AVE, Pittsburgh, 15219",Crawford-Roberts,6,2.0,"2 - Compromised, possibly dangerous",1920.0,1901 to 1939,Masonry,3.0,2166.0,Single Family,Save first,2020-10-26,Yes,310.0
40.4452897868,-79.9859385993,"1715 BEDFORD AVE, Pittsburgh, 15219",Crawford-Roberts,6,1.0,"1 - Intact, no immediate danger",1920.0,1901 to 1939,Masonry,3.0,3792.0,Three Family,Save first,2020-07-20,Yes,318.0
40.4448404816,-79.9832641801,"1844 WEBSTER AVE, Pittsburgh, PA 15219",Crawford-Roberts,6,2.0,"2 - Compromised, possibly dangerous",1900.0,1900 (possible default),Masonry,2.0,1746.0,Single Family,Save first,2023-03-31,Yes,259.0
40.4430638091,-79.9841005453,"539 ROBERTS ST, Pittsburgh, 15219",Crawford-Roberts,6,,Not scored,1900.0,1900 (possible default),Masonry,2.0,1196.0,Rowhouse,Not scored,2026-07-29,Yes,118.0
40.4430973206,-79.9841242204,"539 1/2 ROBERTS ST, Pittsburgh, 15219",Crawford-Roberts,6,,Not scored,1900.0,1900 (possible default),Masonry,2.0,1196.0,Rowhouse,Not scored,2026-07-29,Yes,122.0
40.4503728253,-79.9722116048,"715 WATT LN, Pittsburgh, 15219",Bedford Dwellings,6,,Not scored,1900.0,1900 (possible default),Masonry,2.0,960.0,Rowhouse,Not scored,2026-09-10,No,642.0
40.4505912452,-79.9720310383,"720 WATT LN, Pittsburgh, 15219",Bedford Dwellings,6,1.0,"1 - Intact, no immediate danger",1900.0,1900 (possible default),Masonry,2.0,1342.0,Rowhouse,Save first,2026-07-16,No,633.0
40.4505154555,-79.971835177,"2526 BEDFORD AVE, Pittsburgh, PA 15219",Bedford Dwellings,6,2.0,"2 - Compromised, possibly dangerous",1954.0,1940 or later,Masonry,2.0,1008.0,Single Family,Mothball,2020-07-10,No,650.0
40.4504533992,-79.9710594742,"2603 WEBSTER AVE, Pittsburgh, 15219",Bedford Dwellings,6,3.0,"3 - Compromised, dangerous",1900.0,1900 (possible default),Masonry,2.0,3060.0,Three Family,Salvage,2020-07-27,No,696.0
40.4515784561,-79.9700589311,"2702 BEDFORD AVE, Pittsburgh, 15219",Bedford Dwellings,6,2.0,"2 - Compromised, possibly dangerous",1930.0,1901 to 1939,Masonry,2.0,868.0,Rowhouse,Save first,2020-07-13,No,670.0
40.4516357267,-79.9699278346,"2708 BEDFORD AVE, Pittsburgh, 15219",Bedford Dwellings,6,2.0,"2 - Compromised, possibly dangerous",1930.0,1901 to 1939,Masonry,2.0,868.0,Rowhouse,Save first,2020-07-09,No,672.0
40.4516573603,-79.9698826277,"2710 BEDFORD AVE, Pittsburgh, 15219",Bedford Dwellings,6,2.0,"2 - Compromised, possibly dangerous",1930.0,1901 to 1939,Masonry,2.0,868.0,Rowhouse,Save first,2020-07-09,No,673.0
40.4516762825,-79.9698368488,"2712 BEDFORD AVE, Pittsburgh, 15219",Bedford Dwellings,6,2.0,"2 - Compromised, possibly dangerous",1930.0,1901 to 1939,Masonry,2.0,1054.0,Rowhouse,Save first,2020-07-09,No,674.0
40.4517843314,-79.9695795617,"2724 BEDFORD AVE, Pittsburgh, 15219",Bedford Dwellings,6,2.0,"2 - Compromised, possibly dangerous",1930.0,1901 to 1939,Masonry,2.0,868.0,Rowhouse,Save first,2020-07-13,No,678.0
40.451808291,-79.9695341147,"2726 BEDFORD AVE, Pittsburgh, 15219",Bedford Dwellings,6,2.0,"2 - Compromised, possibly dangerous",1930.0,1901 to 1939,Masonry,2.0,868.0,Rowhouse,Save first,2020-07-13,No,679.0
40.4518263433,-79.9694845641,"2728 BEDFORD AVE, Pittsburgh, 15219",Bedford Dwellings,6,2.0,"2 - Compromised, possibly dangerous",1930.0,1901 to 1939,Masonry,2.0,868.0,Rowhouse,Save first,2020-07-09,No,680.0
40.4517551378,-79.969026463,"716 MORGAN ST, Pittsburgh, 15219",Middle Hill,6,1.0,"1 - Intact, no immediate danger",1918.0,1901 to 1939,Frame,2.0,1160.0,Rowhouse,Mothball,2020-08-17,No,713.0
40.4522269046,-79.9681399332,"2828 1/2 BEDFORD AVE, Pittsburgh, PA 15219",Middle Hill,6,3.0,"3 - Compromised, dangerous",1932.0,1901 to 1939,Masonry,2.0,1680.0,Single Family,Salvage,2020-06-10,No,717.0
40.4519990552,-79.9680598209,"713 WEBSTER TER, Pittsburgh, 15219",Middle Hill,6,2.0,"2 - Compromised, possibly dangerous",1926.0,1901 to 1939,Masonry,2.0,1328.0,Rowhouse,Save first,2020-07-30,No,741.0
40.4517428002,-79.9678750208,"701 WEBSTER TER, Pittsburgh, 15219",Middle Hill,6,2.0,"2 - Compromised, possibly dangerous",1926.0,1901 to 1939,Masonry,2.0,1416.0,Rowhouse,Save first,2020-07-30,No,773.0
40.4511034588,-79.9694507205,"2713 WEBSTER AVE, Pittsburgh, 15219",Bedford Dwellings,6,2.0,"2 - Compromised, possibly dangerous",1928.0,1901 to 1939,Frame,2.0,1204.0,Single Family,Mothball,2020-07-28,No,743.0
40.4510944312,-79.9702338455,"705 FRANCIS ST, Pittsburgh, 15219",Bedford Dwellings,6,,Not scored,1928.0,1901 to 1939,Frame,2.0,1056.0,Rowhouse,Not scored,2021-09-29,No,696.0
40.4510540396,-79.9702132444,"703 FRANCIS ST, Pittsburgh, 15219",Bedford Dwellings,6,1.0,"1 - Intact, no immediate danger",1928.0,1901 to 1939,Frame,2.0,1024.0,Rowhouse,Mothball,2020-08-14,No,700.0
40.4509654233,-79.9682785245,"647 HOLLACE ST, Pittsburgh, 15219",Middle Hill,6,2.0,"2 - Compromised, possibly dangerous",1920.0,1901 to 1939,Masonry,2.0,992.0,Rowhouse,Save first,2020-07-23,No,820.0
40.4508895911,-79.9682306852,"643 HOLLACE ST, Pittsburgh, 15219",Middle Hill,6,2.0,"2 - Compromised, possibly dangerous",1920.0,1901 to 1939,Masonry,2.0,930.0,Rowhouse,Save first,2020-07-17,No,828.0
40.4508505051,-79.9682063061,"641 HOLLACE ST, Pittsburgh, 15219",Middle Hill,6,2.0,"2 - Compromised, possibly dangerous",1920.0,1901 to 1939,Masonry,2.0,868.0,Rowhouse,Save first,2020-07-22,No,833.0
40.4508114076,-79.9681831071,"639 HOLLACE ST, Pittsburgh, 15219",Middle Hill,6,3.0,"3 - Compromised, dangerous",1900.0,1900 (possible default),Masonry,2.0,1020.0,Rowhouse,Salvage,2020-07-23,No,838.0
40.4505343075,-79.9680106789,"625 HOLLACE ST, Pittsburgh, 15219",Middle Hill,6,2.0,"2 - Compromised, possibly dangerous",1920.0,1901 to 1939,Masonry,2.0,992.0,Rowhouse,Save first,2023-03-08,No,870.0
40.4504169248,-79.9679378744,"619 HOLLACE ST, Pittsburgh, 15219",Middle Hill,6,,Not scored,1920.0,1901 to 1939,Masonry,2.0,992.0,Rowhouse,Not scored,2020-11-04,No,884.0
40.4503396094,-79.9678899636,"615 HOLLACE ST, Pittsburgh, 15219",Middle Hill,6,1.0,"1 - Intact, no immediate danger",1920.0,1901 to 1939,Masonry,2.0,996.0,Single Family,Save first,2025-08-22,No,893.0
40.4507247076,-79.9677352575,"628 HOLLACE ST, Pittsburgh, 15219",Middle Hill,6,2.0,"2 - Compromised, possibly dangerous",1928.0,1901 to 1939,Masonry,2.0,1114.0,Rowhouse,Save first,2020-07-16,No,870.0
40.4507626493,-79.9677604559,"630 HOLLACE ST, Pittsburgh, 15219",Middle Hill,6,2.0,"2 - Compromised, possibly dangerous",1928.0,1901 to 1939,Masonry,2.0,1132.0,Rowhouse,Save first,2020-07-17,No,866.0
40.4507970413,-79.9668604605,"603 WANDLESS ST, Pittsburgh, 15219",Middle Hill,6,2.0,"2 - Compromised, possibly dangerous",1928.0,1901 to 1939,Masonry,2.0,1154.0,Rowhouse,Save first,2020-09-10,No,908.0
40.448601747,-79.9753647413,"701 SOMERS ST, Pittsburgh, PA 15219",Middle Hill,6,2.0,"2 - Compromised, possibly dangerous",,Unknown,Unknown,,,Coal Rights Sep. Royalty Interest,Mothball,2020-07-24,Yes,379.0
40.4487513135,-79.9755253344,"707 SOMERS ST, Pittsburgh, 15219",Middle Hill,6,2.0,"2 - Compromised, possibly dangerous",1900.0,1900 (possible default),Frame,2.0,1320.0,Single Family,Mothball,2023-08-09,Yes,393.0
40.4492769989,-79.9745476617,"711 CHAUNCEY ST, Pittsburgh, 15219",Middle Hill,6,2.0,"2 - Compromised, possibly dangerous",1900.0,1900 (possible default),Frame,2.0,660.0,Single Family,Mothball,2026-09-21,No,470.0
40.4493089223,-79.9745669682,"713 CHAUNCEY ST, Pittsburgh, 15219",Middle Hill,6,2.0,"2 - Compromised, possibly dangerous",1900.0,1900 (possible default),Frame,2.0,744.0,Single Family,Mothball,2025-07-28,No,473.0
40.4494947496,-79.9749037318,"2348 BEDFORD AVE, Pittsburgh, 15219",Middle Hill,6,3.0,"3 - Compromised, dangerous",1910.0,1901 to 1939,Masonry,3.0,1392.0,Rowhouse,Salvage,2020-07-14,No,484.0
40.4494061035,-79.9749412889,"2344 BEDFORD AVE, Pittsburgh, 15219",Middle Hill,6,3.0,"3 - Compromised, dangerous",1910.0,1901 to 1939,Masonry,3.0,1296.0,Rowhouse,Salvage,2023-02-21,No,474.0
40.4493871846,-79.9749808238,"2342 BEDFORD AVE, Pittsburgh, PA 15219",Middle Hill,6,3.0,"3 - Compromised, dangerous",1910.0,1901 to 1939,Masonry,3.0,1260.0,Rowhouse,Salvage,2023-02-21,No,471.0
40.4492272302,-79.9755919164,"2292 BEDFORD AVE, Pittsburgh, 15219",Middle Hill,6,,Not scored,1910.0,1901 to 1939,Masonry,2.0,748.0,Rowhouse,Not scored,2026-09-10,No,444.0
40.4490839895,-79.9756946272,"2284 BEDFORD AVE, Pittsburgh, 15219",Middle Hill,6,2.0,"2 - Compromised, possibly dangerous",1910.0,1901 to 1939,Masonry,2.0,1248.0,Rowhouse,Save first,2025-02-14,No,427.0
40.4488412926,-79.9764728628,"2258 BEDFORD AVE, Pittsburgh, 15219",Middle Hill,6,2.0,"2 - Compromised, possibly dangerous",1910.0,1901 to 1939,Masonry,2.0,1036.0,Single Family,Save first,2020-07-20,Yes,397.0
40.4486833829,-79.9768436359,"2242 BEDFORD AVE, Pittsburgh, 15219",Middle Hill,6,2.0,"2 - Compromised, possibly dangerous",1910.0,1901 to 1939,Masonry,2.0,1016.0,Single Family,Save first,2021-03-04,Yes,381.0
40.4485292662,-79.9766912575,"2241 BLOOMER Way, Pittsburgh, 15219",Middle Hill,6,2.0,"2 - Compromised, possibly dangerous",1900.0,1900 (possible default),Masonry,2.0,1504.0,Single Family,Save first,2026-08-25,Yes,363.0
40.4485080501,-79.9767481248,"2239 BLOOMER Way, Pittsburgh, 15219",Middle Hill,6,1.0,"1 - Intact, no immediate danger",1900.0,1900 (possible default),Masonry,2.0,1598.0,Single Family,Save first,2026-08-25,Yes,361.0
40.4485321937,-79.9769173243,"2236 BEDFORD AVE, Pittsburgh, 15219",Middle Hill,6,2.0,"2 - Compromised, possibly dangerous",1910.0,1901 to 1939,Masonry,3.0,2115.0,Single Family,Save first,2023-03-21,Yes,366.0
40.4480687302,-79.9724050476,"2431 WYLIE AVE, Pittsburgh, 15219",Middle Hill,6,2.0,"2 - Compromised, possibly dangerous",1915.0,1901 to 1939,Masonry,3.0,2798.0,Two Family,Save first,2020-07-30,No,456.0
40.4502949687,-79.9705483488,"2612 WEBSTER AVE, Pittsburgh, 15219",Middle Hill,6,1.0,"1 - Intact, no immediate danger",1910.0,1901 to 1939,Masonry,2.0,1024.0,Single Family,Save first,2023-02-28,No,738.0
40.4497441813,-79.9706171684,"634 WATT ST, Pittsburgh, 15219",Middle Hill,6,3.0,"3 - Compromised, dangerous",1915.0,1901 to 1939,Frame,2.0,1176.0,Single Family,Salvage,2020-08-12,No,694.0
40.4495840535,-79.9720362924,"2510 WEBSTER AVE, Pittsburgh, 15219",Middle Hill,6,2.0,"2 - Compromised, possibly dangerous",1925.0,1901 to 1939,Frame,2.0,1600.0,Single Family,Mothball,2024-03-22,No,602.0
40.4486991497,-79.9732978011,"637 DUFF ST, Pittsburgh, 15219",Middle Hill,6,2.0,"2 - Compromised, possibly dangerous",1915.0,1901 to 1939,Frame,2.0,1488.0,Single Family,Mothball,2021-03-17,No,460.0
40.4484219222,-79.9736036826,"634 CHAUNCEY ST, Pittsburgh, 15219",Middle Hill,6,2.0,"2 - Compromised, possibly dangerous",1915.0,1901 to 1939,Frame,2.0,1272.0,Single Family,Mothball,2020-08-07,No,420.0
40.4501940245,-79.9721179338,"705 WATT LN, Pittsburgh, 15219",Bedford Dwellings,6,3.0,"3 - Compromised, dangerous",1920.0,1901 to 1939,Masonry,2.0,896.0,Rowhouse,Salvage,2020-08-07,No,653.0
40.4501440411,-79.973270572,"2448 BEDFORD AVE, Pittsburgh, 15219",Middle Hill,6,2.0,"2 - Compromised, possibly dangerous",1920.0,1901 to 1939,Frame,2.0,1440.0,Single Family,Mothball,2020-07-14,No,595.0
40.449610244,-79.9737295946,"713 DUFF ST, Pittsburgh, 15219",Middle Hill,6,1.0,"1 - Intact, no immediate danger",1915.0,1901 to 1939,Masonry,2.0,806.0,Single Family,Save first,2020-08-19,No,530.0
40.4490444642,-79.9743715089,"2345 WEBSTER AVE, Pittsburgh, 15219",Middle Hill,6,3.0,"3 - Compromised, dangerous",1920.0,1901 to 1939,Masonry,2.0,1344.0,Single Family,Salvage,2020-07-24,No,451.0
40.4481749678,-79.9702652797,"2535 MAHON ST, Pittsburgh, 15219",Middle Hill,6,2.0,"2 - Compromised, possibly dangerous",1920.0,1901 to 1939,Frame,2.0,1152.0,Single Family,Mothball,2020-08-14,No,608.0
40.4481915109,-79.9678276046,"532 FRANCIS ST, Pittsburgh, 15219",Middle Hill,6,1.0,"1 - Intact, no immediate danger",1930.0,1901 to 1939,Masonry,2.0,2940.0,Two Family,Save first,2020-08-14,No,791.0
40.4488187779,-79.9682029016,"556 FRANCIS ST, Pittsburgh, 15219",Middle Hill,6,3.0,"3 - Compromised, dangerous",1910.0,1901 to 1939,Frame,2.5,2802.0,Single Family,Salvage,2020-08-14,No,794.0
40.4489634632,-79.9682880382,"566 FRANCIS ST, Pittsburgh, 15219",Middle Hill,6,2.0,"2 - Compromised, possibly dangerous",1920.0,1901 to 1939,Frame,2.0,2767.0,Two Family,Mothball,2020-08-14,No,796.0
40.4488969013,-79.9677835013,"545 MORGAN ST, Pittsburgh, 15219",Middle Hill,6,3.0,"3 - Compromised, dangerous",1916.0,1901 to 1939,Masonry,2.0,1078.0,Single Family,Salvage,2026-07-20,No,829.0
40.448811467,-79.96772797,"541 MORGAN ST, Pittsburgh, 15219",Middle Hill,6,2.0,"2 - Compromised, possibly dangerous",1900.0,1900 (possible default),Masonry,2.0,1008.0,Single Family,Save first,2020-08-17,No,829.0
40.4502997136,-79.9678653715,"613 HOLLACE ST, Pittsburgh, 15219",Middle Hill,6,1.0,"1 - Intact, no immediate danger",1920.0,1901 to 1939,Masonry,2.0,992.0,Single Family,Save first,2021-02-18,No,898.0
40.450070102,-79.9675837555,"2815 WYLIE AVE, Pittsburgh, 15219",Middle Hill,6,3.0,"3 - Compromised, dangerous",1900.0,1900 (possible default),Masonry,2.0,1792.0,Two Family,Salvage,2020-07-30,No,913.0
40.4490509346,-79.9672892304,"548 MORGAN ST, Pittsburgh, 15219",Middle Hill,6,2.0,"2 - Compromised, possibly dangerous",1935.0,1901 to 1939,Frame,2.0,2000.0,Single Family,Mothball,2020-08-17,No,874.0
40.4483793929,-79.966865355,"520 MORGAN ST, Pittsburgh, 15219",Middle Hill,6,2.0,"2 - Compromised, possibly dangerous",1930.0,1901 to 1939,Other,1.0,740.0,Single Family,Mothball,2020-08-17,No,874.0
40.4480974218,-79.9665206792,"2807 CENTRE AVE, Pittsburgh, 15219",Middle Hill,6,2.0,"2 - Compromised, possibly dangerous",1920.0,1901 to 1939,Masonry,2.0,1242.0,Single Family,Save first,2020-09-28,No,889.0
40.448213304,-79.9663423694,"2815 CENTRE AVE, Pittsburgh, 15219",Middle Hill,6,2.0,"2 - Compromised, possibly dangerous",1930.0,1901 to 1939,Masonry,2.0,1740.0,Three Family,Save first,2026-01-13,No,908.0
40.4500240636,-79.9666120207,"2836 WYLIE AVE, Pittsburgh, 15219",Middle Hill,6,2.0,"2 - Compromised, possibly dangerous",1924.0,1901 to 1939,Masonry,1.0,1266.0,Single Family,Save first,2020-07-30,No,978.0
40.4499234356,-79.9668447235,"2830 WYLIE AVE, Pittsburgh, 15219",Middle Hill,6,2.0,"2 - Compromised, possibly dangerous",1924.0,1901 to 1939,Masonry,3.0,2240.0,Three Family,Save first,2020-09-10,No,956.0
40.4458920678,-79.9795583797,"129 TRENT ST, Pittsburgh, 15219",Middle Hill,6,1.0,"1 - Intact, no immediate danger",1900.0,1900 (possible default),Masonry,2.0,1040.0,Single Family,Save first,2020-08-26,Yes,173.0
40.4462522139,-79.9786577914,"632 WOOSTER ST, Pittsburgh, PA 15219",Middle Hill,6,2.0,"2 - Compromised, possibly dangerous",1920.0,1901 to 1939,Masonry,2.0,1880.0,Single Family,Save first,2025-11-14,Yes,173.0
40.4462690554,-79.9745391782,"2247 HUMBER Way, Pittsburgh, PA 15219",Middle Hill,6,2.0,"2 - Compromised, possibly dangerous",1910.0,1901 to 1939,Frame,2.0,1934.0,Single Family,Mothball,2020-08-11,Yes,189.0
40.445548088,-79.9772162727,"2158 WYLIE AVE, Pittsburgh, 15219",Middle Hill,6,1.0,"1 - Intact, no immediate danger",,Unknown,Unknown,,,Retl/Apt'S Over,Mothball,2026-07-17,Yes,62.0
40.4456008522,-79.9770909368,"2162 WYLIE AVE, Pittsburgh, 15219",Middle Hill,6,1.0,"1 - Intact, no immediate danger",,Unknown,Unknown,,,Retl/Apt'S Over,Mothball,2020-11-18,Yes,71.0
40.4460281774,-79.9778644913,"615 PERRY ST, Pittsburgh, 15219",Middle Hill,6,3.0,"3 - Compromised, dangerous",,Unknown,Unknown,,,"Churches, Public Worship",Demolish,2026-04-14,Yes,118.0
40.4463237289,-79.97745318,"618 PERRY ST, Pittsburgh, 15219",Middle Hill,6,1.0,"1 - Intact, no immediate danger",,Unknown,Unknown,,,Apart: 5-19 Units,Mothball,2025-12-10,Yes,145.0
40.4464616234,-79.9776740889,"19 PERRY ST, Pittsburgh, 15219",Middle Hill,6,2.0,"2 - Compromised, possibly dangerous",1910.0,1901 to 1939,Masonry,2.0,1164.0,Rowhouse,Save first,2023-04-13,Yes,162.0
40.4467240811,-79.9776356672,"635 KIRKPATRICK ST, Pittsburgh, 15219",Middle Hill,6,2.0,"2 - Compromised, possibly dangerous",1920.0,1901 to 1939,Masonry,2.0,1164.0,Rowhouse,Save first,2020-08-20,Yes,190.0
40.4472442501,-79.9775833333,"2202 WEBSTER AVE, Pittsburgh, 15219",Middle Hill,6,2.0,"2 - Compromised, possibly dangerous",1900.0,1900 (possible default),Masonry,2.0,1616.0,Single Family,Save first,2021-01-21,Yes,244.0
40.4474420399,-79.9769277366,"643 LAWSON ST, Pittsburgh, 15219",Middle Hill,6,2.0,"2 - Compromised, possibly dangerous",,Unknown,Unknown,,,Apart: 5-19 Units,Mothball,2020-08-12,Yes,247.0
40.4476314719,-79.9767762404,"2224 WEBSTER AVE, Pittsburgh, 15219",Middle Hill,6,1.0,"1 - Intact, no immediate danger",1930.0,1901 to 1939,Masonry,2.0,1928.0,Rowhouse,Save first,2020-08-13,Yes,265.0
40.4476818936,-79.9766539755,"2228 WEBSTER AVE, Pittsburgh, 15219",Middle Hill,6,2.0,"2 - Compromised, possibly dangerous",1915.0,1901 to 1939,Masonry,2.0,1490.0,Rowhouse,Save first,2026-07-16,Yes,270.0
40.4478372643,-79.9762906029,"2240 WEBSTER AVE, Pittsburgh, 15219",Middle Hill,6,2.0,"2 - Compromised, possibly dangerous",1915.0,1901 to 1939,Masonry,2.0,1600.0,Single Family,Save first,2020-07-23,Yes,285.0
40.4473276972,-79.975216018,"11 MCCLARREN ST, Pittsburgh, 15219",Middle Hill,6,3.0,"3 - Compromised, dangerous",1910.0,1901 to 1939,Frame,2.0,1504.0,Single Family,Salvage,2020-09-28,Yes,248.0
40.4458871034,-79.9727946774,"2341 CENTRE AVE, Pittsburgh, 15219",Middle Hill,6,,Not scored,1920.0,1901 to 1939,Masonry,2.0,1624.0,Single Family,Not scored,2020-08-25,Yes,308.0
40.4460588519,-79.9725921516,"2349 CENTRE AVE, Pittsburgh, 15219",Middle Hill,6,,Not scored,1920.0,1901 to 1939,Masonry,2.0,2256.0,Two Family,Not scored,2020-08-25,Yes,330.0
40.4460821367,-79.9725309626,"2351 CENTRE AVE, Pittsburgh, 15219",Middle Hill,6,2.0,"2 - Compromised, possibly dangerous",1920.0,1901 to 1939,Masonry,2.0,2256.0,Two Family,Save first,2020-08-25,Yes,336.0
40.4476550531,-79.9732033041,"2405 WYLIE AVE, Pittsburgh, 15219",Middle Hill,6,2.0,"2 - Compromised, possibly dangerous",,Unknown,Unknown,,,Small Detached Ret(Under 10000),Mothball,2024-03-22,Yes,376.0
40.4471471029,-79.9698811666,"2516 1/2 HALLETT ST, Pittsburgh, PA 15219",Middle Hill,6,2.0,"2 - Compromised, possibly dangerous",1900.0,1900 (possible default),Masonry,2.0,1050.0,Single Family,Save first,2020-08-19,No,586.0
40.4468080904,-79.9698022122,"2535 ELBA ST, Pittsburgh, 15219",Middle Hill,6,2.0,"2 - Compromised, possibly dangerous",1920.0,1901 to 1939,Masonry,2.0,1280.0,Rowhouse,Save first,2026-09-10,No,580.0
40.4468228919,-79.9697510978,"2537 ELBA ST, Pittsburgh, 15219",Middle Hill,6,2.0,"2 - Compromised, possibly dangerous",1920.0,1901 to 1939,Masonry,2.0,1280.0,Rowhouse,Save first,2024-11-04,No,585.0
40.446851295,-79.9697058072,"2539 ELBA ST, Pittsburgh, 15219",Middle Hill,6,2.0,"2 - Compromised, possibly dangerous",1920.0,1901 to 1939,Masonry,2.0,1280.0,Rowhouse,Save first,2024-11-04,No,589.0
40.4477326402,-79.9681879799,"519 FRANCIS ST, Pittsburgh, 15219",Middle Hill,6,2.0,"2 - Compromised, possibly dangerous",1930.0,1901 to 1939,Masonry,2.0,2090.0,Two Family,Save first,2021-07-14,No,743.0
40.4478820182,-79.9676451445,"522 FRANCIS ST, Pittsburgh, 15219",Middle Hill,6,1.0,"1 - Intact, no immediate danger",1930.0,1901 to 1939,Masonry,2.0,1834.0,Single Family,Save first,2023-03-09,No,792.0
40.4463500268,-79.9698015667,"2522 ELBA ST, Pittsburgh, 15219",Middle Hill,6,2.0,"2 - Compromised, possibly dangerous",1920.0,1901 to 1939,Masonry,2.0,896.0,Single Family,Save first,2024-11-04,No,567.0
40.4466785848,-79.9670046341,"2633 BRACKENRIDGE ST, Pittsburgh, 15219",Terrace Village,6,1.0,"1 - Intact, no immediate danger",1930.0,1901 to 1939,Masonry,2.0,1080.0,Rowhouse,Save first,2024-07-25,No,807.0
40.4455464571,-79.9679893446,"2560 BRACKENRIDGE ST, Pittsburgh, PA 15219",Terrace Village,6,2.0,"2 - Compromised, possibly dangerous",1945.0,1940 or later,Masonry,2.0,1160.0,Single Family,Mothball,2026-07-29,No,708.0
40.4456474175,-79.9678292994,"2568 BRACKENRIDGE ST, Pittsburgh, PA 15219",Terrace Village,6,1.0,"1 - Intact, no immediate danger",1950.0,1940 or later,Masonry,2.0,1456.0,Single Family,Mothball,2020-08-26,No,722.0
40.4441473484,-79.9802268694,"2007 CENTRE AVE, Pittsburgh, 15219",Middle Hill,6,1.0,"1 - Intact, no immediate danger",,Unknown,Unknown,,,Community Urban Renewal,Mothball,2020-08-26,Yes,46.0
40.4430981443,-79.9791956448,"403 GROVE ST, Pittsburgh, PA 15219",Middle Hill,6,,Not scored,1915.0,1901 to 1939,Frame,2.0,1520.0,Single Family,Not scored,2023-04-05,Yes,116.0
40.4450357395,-79.9766528763,"2164 CENTRE AVE, Pittsburgh, 15219",Middle Hill,6,2.0,"2 - Compromised, possibly dangerous",,Unknown,Unknown,,,Retl/Apt'S Over,Mothball,2020-08-27,Yes,36.0
40.4454342446,-79.9755408101,"2209 CENTRE AVE, Pittsburgh, 15219",Middle Hill,6,2.0,"2 - Compromised, possibly dangerous",,Unknown,Unknown,,,Retl/Apt'S Over,Mothball,2020-08-27,Yes,71.0
40.4438995371,-79.9774480976,"2113 ROSE ST, Pittsburgh, 15219",Middle Hill,6,1.0,"1 - Intact, no immediate danger",1910.0,1901 to 1939,Masonry,3.0,1980.0,Single Family,Save first,2023-08-14,Yes,116.0
40.4451530699,-79.9708562973,"2430 REED ST, Pittsburgh, 15219",Terrace Village,6,1.0,"1 - Intact, no immediate danger",1902.0,1901 to 1939,Masonry,3.0,2704.0,Single Family,Save first,2020-10-30,No,465.0
40.445099309,-79.9722179165,"2337 REED ST, Pittsburgh, PA 15219",Middle Hill,6,1.0,"1 - Intact, no immediate danger",,Unknown,Unknown,,,Apart: 5-19 Units,Mothball,2024-03-21,Yes,350.0
40.4451690246,-79.973273383,"2312 CENTRE AVE, Pittsburgh, PA 15219",Middle Hill,6,,Not scored,,Unknown,Unknown,,,"Churches, Public Worship",Not scored,2025-10-02,Yes,260.0
40.4417373384,-79.9822239573,"20 HELDMAN ST, Pittsburgh, PA 15219",Crawford-Roberts,6,2.0,"2 - Compromised, possibly dangerous",,Unknown,Unknown,,,Apart: 5-19 Units,Mothball,2023-07-06,Yes,83.0
40.4420618719,-79.9806872961,"327 DINWIDDIE ST, Pittsburgh, PA 15219",Crawford-Roberts,6,1.0,"1 - Intact, no immediate danger",1900.0,1900 (possible default),Masonry,3.0,2226.0,Two Family,Save first,2023-03-22,Yes,124.0
40.4420108125,-79.9807123095,"325 DINWIDDIE ST, Pittsburgh, 15219",Crawford-Roberts,6,,Not scored,1900.0,1900 (possible default),Masonry,2.0,1696.0,Single Family,Not scored,2023-03-22,Yes,128.0
40.4419818833,-79.9679315008,"28 SEINE Way, Pittsburgh, PA 15213",West Oakland,6,2.0,"2 - Compromised, possibly dangerous",1900.0,1900 (possible default),Masonry,2.0,1360.0,Single Family,Save first,2025-07-28,No,566.0
40.4422028006,-79.9675107508,"2514 WYANDOTTE ST, Pittsburgh, 15213",West Oakland,6,2.0,"2 - Compromised, possibly dangerous",1900.0,1900 (possible default),Frame,2.0,1400.0,Single Family,Mothball,2025-07-28,No,565.0
40.4386157546,-79.980080108,"1817 5TH AVE, Pittsburgh, 15219",Crawford-Roberts,6,2.0,"2 - Compromised, possibly dangerous",1910.0,1901 to 1939,Masonry,2.0,2176.0,Single Family,Save first,2020-05-20,Yes,55.0
40.4397551877,-79.9791096051,"223 LOMBARD ST, Pittsburgh, 15219",Crawford-Roberts,6,2.0,"2 - Compromised, possibly dangerous",1895.0,Before 1900,Masonry,2.0,1268.0,Single Family,Save first,2020-09-01,Yes,157.0
40.4396612712,-79.9790487276,"219 LOMBARD ST, Pittsburgh, 15219",Crawford-Roberts,6,2.0,"2 - Compromised, possibly dangerous",1895.0,Before 1900,Masonry,2.0,1056.0,Single Family,Save first,2024-01-12,Yes,148.0
40.4394385111,-79.9794910558,"212 WICK ST, Pittsburgh, 15219",Crawford-Roberts,6,2.0,"2 - Compromised, possibly dangerous",1910.0,1901 to 1939,Masonry,2.0,960.0,Single Family,Save first,2020-08-24,Yes,121.0
40.4395029598,-79.9795263861,"214 WICK ST, Pittsburgh, 15219",Crawford-Roberts,6,2.0,"2 - Compromised, possibly dangerous",1900.0,1900 (possible default),Masonry,2.0,1512.0,Single Family,Save first,2020-08-24,Yes,129.0
40.4395661668,-79.9795240665,"216 WICK ST, Pittsburgh, 15219",Crawford-Roberts,6,2.0,"2 - Compromised, possibly dangerous",1900.0,1900 (possible default),Masonry,2.0,1752.0,Single Family,Save first,2020-08-20,Yes,136.0
40.4404126287,-79.9799098527,"254 WICK ST, Pittsburgh, 15219",Crawford-Roberts,6,1.0,"1 - Intact, no immediate danger",1900.0,1900 (possible default),Masonry,3.0,1836.0,Single Family,Save first,2020-08-24,Yes,233.0
40.4397540849,-79.9804132498,"222 DINWIDDIE ST, Pittsburgh, 15219",Crawford-Roberts,6,2.0,"2 - Compromised, possibly dangerous",1900.0,1900 (possible default),Masonry,3.0,2679.0,Rowhouse,Save first,2025-04-17,Yes,154.0
40.4392225024,-79.9812654756,"1721 COLWELL ST, Pittsburgh, 15219",Crawford-Roberts,6,1.0,"1 - Intact, no immediate danger",1890.0,Before 1900,Masonry,2.0,952.0,Single Family,Save first,2023-03-23,Yes,108.0
40.438375103,-79.9759113165,"2041 5TH AVE #4, Pittsburgh, PA 15219",West Oakland,6,3.0,"3 - Compromised, dangerous",,Unknown,Unknown,,,Apart: 5-19 Units,Demolish,2020-05-20,Yes,23.0
40.4385708678,-79.9746394292,"116 OLD KIRKPATRICK ST, Pittsburgh, 15219",West Oakland,6,1.0,"1 - Intact, no immediate danger",1905.0,1901 to 1939,Masonry,2.0,1080.0,Rowhouse,Save first,2026-06-17,Yes,55.0
40.4386048053,-79.9745842845,"118 OLD KIRKPATRICK ST, Pittsburgh, 15219",West Oakland,6,1.0,"1 - Intact, no immediate danger",1905.0,1901 to 1939,Masonry,2.0,1080.0,Rowhouse,Save first,2026-07-29,Yes,58.0
40.43890648,-79.9744985953,"128 OLD KIRKPATRICK ST, Pittsburgh, PA 15219",West Oakland,6,1.0,"1 - Intact, no immediate danger",1905.0,1901 to 1939,Masonry,2.0,1080.0,Rowhouse,Save first,2026-07-29,Yes,91.0
40.4386873683,-79.9757206227,"2031 DERUAD ST #B, Pittsburgh, PA 15219",West Oakland,6,1.0,"1 - Intact, no immediate danger",,Unknown,Unknown,,,Apart: 5-19 Units,Mothball,2026-06-18,Yes,55.0
40.4386966451,-79.9720642801,"12 ALLEQUIPPA ST, Pittsburgh, 15213",West Oakland,6,1.0,"1 - Intact, no immediate danger",1910.0,1901 to 1939,Frame,2.0,1771.0,Single Family,Mothball,2020-08-21,Yes,123.0
40.4387966081,-79.9717757304,"18 ALLEQUIPPA ST, Pittsburgh, 15213",West Oakland,6,3.0,"3 - Compromised, dangerous",1900.0,1900 (possible default),Frame,2.0,1886.0,Two Family,Salvage,2020-08-21,Yes,148.0
40.440286115,-79.9674344039,"3105 TERRACE ST, Pittsburgh, 15213",West Oakland,6,2.0,"2 - Compromised, possibly dangerous",1920.0,1901 to 1939,Masonry,2.0,958.0,Rowhouse,Save first,2023-03-18,Yes,381.0
40.4379381107,-79.9796379191,"110 GIST ST #102, Pittsburgh, PA 15219",Bluff,6,1.0,"1 - Intact, no immediate danger",1920.0,1901 to 1939,Masonry,3.0,1764.0,Rowhouse,Save first,2023-03-17,Yes,51.0
40.4379874071,-79.9796327902,"108 GIST ST #102, Pittsburgh, PA 15219",Bluff,6,1.0,"1 - Intact, no immediate danger",1920.0,1901 to 1939,Masonry,3.0,1764.0,Rowhouse,Save first,2023-03-17,Yes,46.0
40.4380370134,-79.9796277114,"106 GIST ST #102, Pittsburgh, PA 15219",Bluff,6,1.0,"1 - Intact, no immediate danger",1920.0,1901 to 1939,Masonry,3.0,1764.0,Rowhouse,Save first,2023-03-17,Yes,41.0
40.4370894683,-79.9792589306,No primary address specified,Bluff,6,1.0,"1 - Intact, no immediate danger",,Unknown,Unknown,,,Warehouse,Mothball,2022-03-17,Yes,46.0
40.4372299231,-79.9791453593,"1908 FORBES AVE, Pittsburgh, PA 15219",Bluff,6,,Not scored,1910.0,1901 to 1939,Masonry,2.0,1303.0,Rowhouse,Not scored,2023-03-24,Yes,45.0
40.4368905267,-79.9825246955,"53 VAN BRAAM ST, Pittsburgh, 15219",Bluff,6,,Not scored,1910.0,1901 to 1939,Masonry,3.0,1632.0,Rowhouse,Not scored,2022-04-07,Yes,75.0
40.4369327002,-79.9825246753,"51 VAN BRAAM ST, Pittsburgh, 15219",Bluff,6,,Not scored,1910.0,1901 to 1939,Masonry,2.0,1088.0,Rowhouse,Not scored,2022-04-07,Yes,71.0
40.4369750647,-79.9825222194,"49 VAN BRAAM ST, Pittsburgh, 15219",Bluff,6,2.0,"2 - Compromised, possibly dangerous",1910.0,1901 to 1939,Masonry,2.0,1088.0,Rowhouse,Save first,2022-04-07,Yes,67.0
40.4369268968,-79.9811497228,"1806 TUSTIN ST, Pittsburgh, 15219",Bluff,6,,Not scored,1945.0,1940 or later,Masonry,2.0,1050.0,Single Family,Not scored,2024-02-05,Yes,76.0
40.4362577609,-79.9817515775,"57 MILTENBERGER ST, Pittsburgh, 15219",Bluff,6,1.0,"1 - Intact, no immediate danger",1910.0,1901 to 1939,Masonry,2.0,1752.0,Two Family,Save first,2023-03-09,Yes,135.0
40.436365439,-79.9817421747,"53 MILTENBERGER ST, Pittsburgh, 15219",Bluff,6,1.0,"1 - Intact, no immediate danger",1910.0,1901 to 1939,Masonry,3.0,2632.0,Rowhouse,Save first,2023-03-09,Yes,123.0
40.4380209313,-79.9783266488,"1928 5TH AVE, Pittsburgh, PA 15219",Bluff,6,2.0,"2 - Compromised, possibly dangerous",1920.0,1901 to 1939,Masonry,2.0,2944.0,Rowhouse,Save first,2023-03-17,Yes,81.0
40.4379404104,-79.9764464863,"2028 5TH AVE, Pittsburgh, 15219",Bluff,6,1.0,"1 - Intact, no immediate danger",,Unknown,Unknown,,,Retl/Apt'S Over,Mothball,2023-03-17,Yes,62.0
40.4378717243,-79.9753922132,"2112 5TH AVE, Pittsburgh, 15219",Bluff,6,2.0,"2 - Compromised, possibly dangerous",1910.0,1901 to 1939,Masonry,3.0,1884.0,Rowhouse,Save first,2024-07-19,Yes,49.0
40.4378874725,-79.9746262243,"2134 5TH AVE, Pittsburgh, PA 15219",Bluff,6,1.0,"1 - Intact, no immediate danger",,Unknown,Unknown,,,Retl/Apt'S Over,Mothball,2020-09-21,Yes,23.0
40.4374498893,-79.9746682698,"2133 FORBES AVE #2, Pittsburgh, PA 15219",Bluff,6,1.0,"1 - Intact, no immediate danger",1900.0,1900 (possible default),Masonry,3.0,2712.0,Two Family,Save first,2024-03-06,Yes,32.0
40.4374240176,-79.9757100997,"4 SENECA ST, Pittsburgh, PA 15219",Bluff,6,2.0,"2 - Compromised, possibly dangerous",1900.0,1900 (possible default),Masonry,2.0,5284.0,Three Family,Save first,2021-01-13,Yes,41.0
40.4375797037,-79.9756992139,"2 SENECA ST, Pittsburgh, PA 15219",Bluff,6,2.0,"2 - Compromised, possibly dangerous",1890.0,Before 1900,Masonry,2.0,1708.0,Rowhouse,Save first,2020-09-09,Yes,53.0
40.4375282017,-79.9757056701,"3 SENECA ST, Pittsburgh, PA 15219",Bluff,6,2.0,"2 - Compromised, possibly dangerous",1900.0,1900 (possible default),Masonry,2.0,1966.0,Rowhouse,Save first,2020-09-09,Yes,48.0
40.437466403,-79.9765531429,"2031 FORBES AVE, Pittsburgh, 15219",Bluff,6,2.0,"2 - Compromised, possibly dangerous",1910.0,1901 to 1939,Masonry,2.0,1120.0,Rowhouse,Save first,2020-08-31,Yes,43.0
40.4374713182,-79.9766576242,"2027 FORBES AVE, Pittsburgh, PA 15219",Bluff,6,2.0,"2 - Compromised, possibly dangerous",1910.0,1901 to 1939,Masonry,2.0,1120.0,Rowhouse,Save first,2020-08-31,Yes,51.0
40.437466286,-79.9766076683,"2029 FORBES AVE, Pittsburgh, 15219",Bluff,6,1.0,"1 - Intact, no immediate danger",1910.0,1901 to 1939,Masonry,2.0,1312.0,Rowhouse,Save first,2020-08-31,Yes,47.0
40.4375734384,-79.9771866467,"2011 FORBES AVE, Pittsburgh, 15219",Bluff,6,,Not scored,1920.0,1901 to 1939,Masonry,2.0,1719.0,Single Family,Not scored,2020-10-20,Yes,73.0
40.4369704652,-79.9770787046,"2017 1/2 TUSTIN ST, Pittsburgh, PA 15219",Bluff,6,1.0,"1 - Intact, no immediate danger",1920.0,1901 to 1939,Masonry,2.0,1232.0,Single Family,Save first,2023-03-14,Yes,85.0
40.4369662642,-79.9769985539,"2019 TUSTIN ST, Pittsburgh, 15219",Bluff,6,1.0,"1 - Intact, no immediate danger",1920.0,1901 to 1939,Masonry,2.0,1232.0,Municipal Government,Save first,2022-03-17,Yes,79.0
40.4370406839,-79.9765148144,"2030 FORBES AVE, Pittsburgh, 15219",Bluff,6,2.0,"2 - Compromised, possibly dangerous",1910.0,1901 to 1939,Masonry,2.0,3062.0,Single Family,Save first,2025-05-09,Yes,39.0
40.4369538805,-79.9764564252,"2033 TUSTIN ST, Pittsburgh, 15219",Bluff,6,1.0,"1 - Intact, no immediate danger",1910.0,1901 to 1939,Masonry,2.0,1220.0,Rowhouse,Save first,2024-02-29,Yes,42.0
40.4369683213,-79.976191062,"210 SENECA ST, Pittsburgh, 15219",Bluff,6,1.0,"1 - Intact, no immediate danger",1910.0,1901 to 1939,Masonry,2.0,1200.0,Rowhouse,Save first,2022-03-31,Yes,31.0
40.4364452857,-79.9773988286,"2013 BLVD OF THE ALLIES, Pittsburgh, PA 15219",Bluff,6,2.0,"2 - Compromised, possibly dangerous",1900.0,1900 (possible default),Masonry,2.0,1009.0,Rowhouse,Save first,2020-09-03,Yes,110.0
40.4363717795,-79.977591317,"2005 BLVD OF THE ALLIES, Pittsburgh, PA 15219",Bluff,6,2.0,"2 - Compromised, possibly dangerous",1900.0,1900 (possible default),Masonry,2.0,964.0,Rowhouse,Save first,2023-09-06,Yes,112.0
40.4379390956,-79.9722634996,"2312 BEELEN ST, Pittsburgh, PA 15213",West Oakland,6,1.0,"1 - Intact, no immediate danger",1900.0,1900 (possible default),Masonry,2.0,1600.0,Rowhouse,Save first,2020-08-21,Yes,66.0
40.4356580151,-79.9672530036,"2610 FORBES AVE, Pittsburgh, 15213",South Oakland,6,2.0,"2 - Compromised, possibly dangerous",1920.0,1901 to 1939,Frame,2.0,1224.0,Single Family,Mothball,2020-08-31,Yes,144.0
40.4291237039,-79.9817236436,"1705 E CARSON ST, Pittsburgh, PA 15203",South Side Flats,3,2.0,"2 - Compromised, possibly dangerous",,Unknown,Unknown,,,Retl/Apt'S Over,Mothball,2025-12-15,Yes,31.0
40.4292017887,-79.9780257805,"1925 WRIGHTS Way, Pittsburgh, PA 15203",South Side Flats,3,2.0,"2 - Compromised, possibly dangerous",1900.0,1900 (possible default),Frame,2.0,2400.0,Single Family,Mothball,2020-09-10,Yes,74.0
40.4288964917,-79.978091203,"1925 E CARSON ST, Pittsburgh, PA 15203",South Side Flats,3,2.0,"2 - Compromised, possibly dangerous",,Unknown,Unknown,,,Retl/Apt'S Over,Mothball,2022-12-13,Yes,44.0
40.4284642454,-79.9697735083,"58 S 25TH ST, Pittsburgh, 15203",South Side Flats,3,1.0,"1 - Intact, no immediate danger",1900.0,1900 (possible default),Frame,2.0,1584.0,Rowhouse,Mothball,2023-12-12,Yes,73.0
40.428079441,-79.9816398274,"1711 SARAH ST, Pittsburgh, PA 15203",South Side Flats,3,2.0,"2 - Compromised, possibly dangerous",1900.0,1900 (possible default),Masonry,2.0,1264.0,Rowhouse,Save first,2025-11-25,Yes,82.0
40.427603169,-79.9819882249,"125 S 17TH ST, Pittsburgh, PA 15203",South Side Flats,3,2.0,"2 - Compromised, possibly dangerous",1900.0,1900 (possible default),Frame,2.5,2305.0,Single Family,Mothball,2025-07-22,Yes,117.0
40.4263758083,-79.9802334321,"1812 HARCUM Way, Pittsburgh, PA 15203",South Side Flats,3,3.0,"3 - Compromised, dangerous",1900.0,1900 (possible default),Frame,2.0,1418.0,Rowhouse,Salvage,2020-09-01,Yes,66.0
40.4274056097,-79.9794958375,"122 S 19TH ST, Pittsburgh, PA 15203",South Side Flats,3,1.0,"1 - Intact, no immediate danger",1903.0,1901 to 1939,Masonry,2.0,1824.0,Two Family,Save first,2020-08-20,Yes,117.0
40.4267289588,-79.9745842564,"133 S 22ND ST, Pittsburgh, 15203",South Side Flats,3,1.0,"1 - Intact, no immediate danger",1899.0,Before 1900,Masonry,3.0,2880.0,Two Family,Save first,2024-04-09,Yes,183.0
40.4260333915,-79.9780921503,"158 S 20TH ST, Pittsburgh, PA 15203",South Side Flats,3,2.0,"2 - Compromised, possibly dangerous",1862.0,Before 1900,Frame,2.0,1680.0,Single Family,Mothball,2023-03-29,Yes,176.0
40.4261148467,-79.9785128815,"1919 MARY ST, Pittsburgh, 15203",South Side Flats,3,3.0,"3 - Compromised, dangerous",,Unknown,Unknown,,,Commercial Garage,Demolish,2020-08-31,Yes,163.0
40.4277334587,-79.9742722263,"2209 SARAH ST, Pittsburgh, 15203",South Side Flats,3,1.0,"1 - Intact, no immediate danger",1890.0,Before 1900,Masonry,3.0,2872.0,Single Family,Save first,2026-03-11,Yes,83.0
40.4270216028,-79.9696939286,"2511 SARAH ST, Pittsburgh, 15203",South Side Flats,3,1.0,"1 - Intact, no immediate danger",1950.0,1940 or later,Masonry,3.0,2401.0,Two Family,Mothball,2022-05-16,Yes,91.0
40.4237590067,-79.9794271155,"58 GREGORY ST, Pittsburgh, PA 15203",South Side Slopes,3,1.0,"1 - Intact, no immediate danger",1900.0,1900 (possible default),Frame,2.5,1694.0,Single Family,Mothball,2020-09-01,Yes,116.0
40.4237733294,-79.979492263,"56 GREGORY ST, Pittsburgh, PA 15203",South Side Slopes,3,1.0,"1 - Intact, no immediate danger",1900.0,1900 (possible default),Frame,2.5,1566.0,Single Family,Mothball,2020-09-01,Yes,115.0
40.4239478093,-79.9677898268,"2809 EDWARDS Way, Pittsburgh, PA 15203",South Side Slopes,3,2.0,"2 - Compromised, possibly dangerous",1890.0,Before 1900,Masonry,2.0,1685.0,Two Family,Save first,2021-02-03,No,466.0
40.4235960146,-79.9787640328,"2010 GREGORY ST, Pittsburgh, 15203",South Side Slopes,3,,Not scored,1900.0,1900 (possible default),Frame,2.0,1080.0,Single Family,Not scored,2022-10-21,Yes,96.0
40.4220351643,-79.9811684926,"1901 SAINT PAUL ST, Pittsburgh, PA 15203",South Side Slopes,3,3.0,"3 - Compromised, dangerous",1890.0,Before 1900,Frame,2.0,2358.0,Single Family,Salvage,2025-11-25,Yes,129.0
40.4227371091,-79.9796047709,"1932 BALDAUF ST, Pittsburgh, 15203",South Side Slopes,3,3.0,"3 - Compromised, dangerous",1945.0,1940 or later,Frame,2.0,1346.0,Single Family,Demolish,2021-03-10,Yes,112.0
40.4234195017,-79.9817626547,"1806 BALDAUF ST, Pittsburgh, PA 15203",South Side Slopes,3,2.0,"2 - Compromised, possibly dangerous",1880.0,Before 1900,Frame,2.5,2512.0,Single Family,Mothball,2024-04-17,Yes,221.0
40.423347474,-79.9724769754,"43 ELEANOR ST, Pittsburgh, 15203",South Side Slopes,3,1.0,"1 - Intact, no immediate danger",1900.0,1900 (possible default),Frame,1.5,814.0,Single Family,Mothball,2026-02-20,No,439.0
40.4232498548,-79.9725040208,"2401 MISSION ST, Pittsburgh, 15203",South Side Slopes,3,1.0,"1 - Intact, no immediate danger",1900.0,1900 (possible default),Frame,1.0,1080.0,Single Family,Mothball,2024-02-26,No,438.0
40.4226737995,-79.9717253979,"2510 MISSION ST, Pittsburgh, 15203",South Side Slopes,3,2.0,"2 - Compromised, possibly dangerous",1900.0,1900 (possible default),Frame,3.0,3720.0,Two Family,Mothball,2020-09-04,No,513.0
40.4223880047,-79.9721747223,"37 HOLT ST, Pittsburgh, 15203",South Side Slopes,3,1.0,"1 - Intact, no immediate danger",1900.0,1900 (possible default),Frame,1.5,1170.0,Single Family,Mothball,2025-07-29,No,484.0
40.4233112331,-79.9693901288,"2616 MCCORD ST, Pittsburgh, 15203",South Side Slopes,3,,Not scored,1890.0,Before 1900,Frame,2.0,1152.0,Single Family,Not scored,2024-12-16,No,501.0
40.4228392132,-79.9701095865,"75 BARRY ST, Pittsburgh, 15203",South Side Slopes,3,2.0,"2 - Compromised, possibly dangerous",1901.0,1901 to 1939,Frame,2.0,1956.0,Single Family,Mothball,2023-12-05,No,551.0
40.4210232756,-79.9723554331,"941 ELEANOR ST, Pittsburgh, 15203",South Side Slopes,3,2.0,"2 - Compromised, possibly dangerous",1890.0,Before 1900,Frame,2.0,1192.0,Single Family,Mothball,2020-08-28,No,535.0
40.4205496292,-79.9708838376,"2514 WELLINGTON ST, Pittsburgh, PA 15203",South Side Slopes,3,3.0,"3 - Compromised, dangerous",1890.0,Before 1900,Frame,2.0,1520.0,Single Family,Salvage,2020-09-10,No,668.0
40.4192104936,-79.9703579602,"2708 BERG ST, Pittsburgh, 15203",South Side Slopes,3,1.0,"1 - Intact, no immediate danger",1880.0,Before 1900,Frame,2.0,1428.0,Single Family,Mothball,2021-03-10,No,790.0
40.4195714905,-79.9702912483,"2711 BERG ST, Pittsburgh, 15203",South Side Slopes,3,1.0,"1 - Intact, no immediate danger",1900.0,1900 (possible default),Frame,1.0,756.0,Single Family,Mothball,2023-10-25,No,770.0
40.4190800916,-79.9695778696,"2732 BERG ST, Pittsburgh, 15203",South Side Slopes,3,2.0,"2 - Compromised, possibly dangerous",1935.0,1901 to 1939,Frame,2.0,1336.0,Single Family,Mothball,2026-05-07,No,851.0
40.4174997767,-79.9796361,"1924 ARLINGTON AVE, Pittsburgh, 15210",Arlington,3,3.0,"3 - Compromised, dangerous",,Unknown,Unknown,,,Retl/Apt'S Over,Demolish,2020-07-23,No,462.0
40.4173599002,-79.9794564083,"1825 WAITE ST, Pittsburgh, PA 15210",Arlington,3,3.0,"3 - Compromised, dangerous",1900.0,1900 (possible default),Frame,2.0,1088.0,Single Family,Salvage,2020-09-10,No,477.0
40.4173296516,-79.9775987407,"2025 SPRING ST, Pittsburgh, 15210",Arlington,3,1.0,"1 - Intact, no immediate danger",1900.0,1900 (possible default),Frame,2.0,1440.0,Single Family,Mothball,2024-01-10,No,501.0
40.4163325496,-79.9763557307,"2126 SPRING ST, Pittsburgh, 15210",Arlington,3,2.0,"2 - Compromised, possibly dangerous",,Unknown,Unknown,,,Warehouse,Mothball,2025-07-29,No,641.0
40.4167204783,-79.9773904947,"2106 SPRING ST, Pittsburgh, 15210",Arlington,3,2.0,"2 - Compromised, possibly dangerous",1900.0,1900 (possible default),Frame,2.0,1485.0,Single Family,Mothball,2026-07-23,No,571.0
40.416714961,-79.9758001191,"2206 ELSIE ST, Pittsburgh, 15210",Arlington,3,1.0,"1 - Intact, no immediate danger",1900.0,1900 (possible default),Frame,1.0,880.0,Single Family,Mothball,2024-01-30,No,623.0
40.4173910155,-79.9747218504,"2231 ARLINGTON AVE, Pittsburgh, 15210",South Side Slopes,3,1.0,"1 - Intact, no immediate danger",1925.0,1901 to 1939,Masonry,2.0,1760.0,Single Family,Save first,2025-11-25,No,612.0
40.4184096305,-79.973852118,"2311 ECCLES ST, Pittsburgh, 15210",South Side Slopes,3,1.0,"1 - Intact, no immediate danger",1910.0,1901 to 1939,Masonry,2.0,1140.0,Single Family,Save first,2025-06-02,No,586.0
40.4175179909,-79.9737976979,"2317 ARLINGTON AVE, Pittsburgh, 15210",South Side Slopes,3,2.0,"2 - Compromised, possibly dangerous",,Unknown,Unknown,,,Small Detached Ret(Under 10000),Mothball,2025-10-02,No,654.0
40.4175059552,-79.9733073989,"2327 ARLINGTON AVE, Pittsburgh, 15210",South Side Slopes,3,3.0,"3 - Compromised, dangerous",,Unknown,Unknown,,,Office - 1-2 Stories,Demolish,2026-04-15,No,685.0
40.418305883,-79.9729281015,"2331 ECCLES ST, Pittsburgh, 15210",South Side Slopes,3,2.0,"2 - Compromised, possibly dangerous",1910.0,1901 to 1939,Frame,2.0,1452.0,Single Family,Mothball,2020-08-27,No,655.0
40.4176697769,-79.9723924022,"2407 ARLINGTON AVE, Pittsburgh, PA 15210",South Side Slopes,3,1.0,"1 - Intact, no immediate danger",,Unknown,Unknown,,,County Government,Mothball,2026-01-08,No,733.0
40.4178500567,-79.9713675182,"2439 ARLINGTON AVE, Pittsburgh, 15210",South Side Slopes,3,1.0,"1 - Intact, no immediate danger",1927.0,1901 to 1939,Masonry,2.0,2160.0,Single Family,Save first,2024-07-22,No,794.0
40.418237012,-79.9717854528,"2419 ECCLES ST, Pittsburgh, PA 15210",South Side Slopes,3,1.0,"1 - Intact, no immediate danger",1910.0,1901 to 1939,Frame,2.0,2060.0,Single Family,Mothball,2024-04-17,No,741.0
40.4173836506,-79.9710076622,"2506 ARLINGTON AVE, Pittsburgh, 15210",Arlington,3,3.0,"3 - Compromised, dangerous",1897.0,Before 1900,Frame,2.0,1532.0,Single Family,Salvage,2020-08-21,No,847.0
40.4172879168,-79.9719711044,"2428 ARLINGTON AVE, Pittsburgh, PA 15210",Arlington,3,1.0,"1 - Intact, no immediate danger",1923.0,1901 to 1939,Masonry,2.0,4229.0,Single Family,Save first,2021-09-09,No,787.0
40.4172879168,-79.9719711044,"2428 ARLINGTON AVE, Pittsburgh, PA 15210",Arlington,3,1.0,"1 - Intact, no immediate danger",,Unknown,Unknown,,,Owned By Board Of Education,Mothball,2023-06-15,No,787.0
40.4167255099,-79.9725150208,"2410 CHARCOT ST, Pittsburgh, 15210",Arlington,3,,Not scored,1920.0,1901 to 1939,Frame,2.0,1810.0,Single Family,Not scored,2025-02-25,No,793.0
40.41662816,-79.9715806508,"2436 CHARCOT ST, Pittsburgh, 15210",Arlington,3,,Not scored,1876.0,Before 1900,Frame,2.0,1056.0,Single Family,Not scored,2022-02-18,No,859.0
40.4186263475,-79.9672932143,"2845 PATTERSON ST, Pittsburgh, 15203",South Side Slopes,3,2.0,"2 - Compromised, possibly dangerous",1900.0,1900 (possible default),Frame,1.5,1270.0,Single Family,Mothball,2020-09-08,No,1039.0
40.4174485577,-79.9664688989,"2935 ARLINGTON AVE, Pittsburgh, 15210",South Side Slopes,3,2.0,"2 - Compromised, possibly dangerous",1895.0,Before 1900,Frame,2.0,1152.0,Single Family,Mothball,2023-05-11,No,1170.0
40.4173347173,-79.967043422,"2915 ARLINGTON AVE, Pittsburgh, 15210",South Side Slopes,3,1.0,"1 - Intact, no immediate danger",1918.0,1901 to 1939,Frame,2.0,1670.0,Single Family,Mothball,2023-07-25,No,1139.0
40.4176850019,-79.968784983,"2815 ARLINGTON AVE, Pittsburgh, 15210",South Side Slopes,3,,Not scored,1922.0,1901 to 1939,Masonry,2.0,1690.0,Single Family,Not scored,2023-02-09,No,994.0
40.4170478275,-79.9693525004,"111 COLOGNE ST, Pittsburgh, 15210",Arlington,3,2.0,"2 - Compromised, possibly dangerous",1890.0,Before 1900,Frame,2.0,1376.0,Single Family,Mothball,2023-08-31,No,985.0
40.4171162603,-79.9693402329,"109 COLOGNE ST, Pittsburgh, 15210",Arlington,3,2.0,"2 - Compromised, possibly dangerous",1890.0,Before 1900,Frame,2.0,1376.0,Single Family,Mothball,2023-03-16,No,982.0
40.4167143713,-79.9683559816,"119 RINNE ST, Pittsburgh, 15210",Arlington,3,1.0,"1 - Intact, no immediate danger",1900.0,1900 (possible default),Frame,2.0,1680.0,Two Family,Mothball,2020-09-08,No,1077.0
40.4151101564,-79.9805091402,"444 DAWES ST, Pittsburgh, 15210",Arlington,3,,Not scored,1920.0,1901 to 1939,Frame,2.0,1773.0,Single Family,Not scored,2022-10-28,No,566.0
40.414531981,-79.9805777173,"429 PARKWOOD RD, Pittsburgh, 15210",Arlington,3,2.0,"2 - Compromised, possibly dangerous",1910.0,1901 to 1939,Frame,2.0,812.0,Single Family,Mothball,2023-10-19,No,576.0
40.4145243152,-79.9801140449,"435 PARKWOOD RD, Pittsburgh, 15210",Arlington,3,2.0,"2 - Compromised, possibly dangerous",1920.0,1901 to 1939,Frame,1.5,954.0,Single Family,Mothball,2023-10-11,No,613.0
40.4145333781,-79.9796709368,"445 PARKWOOD RD, Pittsburgh, 15210",Arlington,3,,Not scored,1920.0,1901 to 1939,Frame,1.5,1236.0,Single Family,Not scored,2023-03-09,No,649.0
40.4161300994,-79.9765730778,"2125 JONQUIL Way, Pittsburgh, PA 15210",Arlington,3,1.0,"1 - Intact, no immediate danger",1905.0,1901 to 1939,Frame,2.0,1192.0,Single Family,Mothball,2020-08-27,No,655.0
40.414501328,-79.9747184931,"309 STERLING ST, Pittsburgh, 15210",Arlington,3,2.0,"2 - Compromised, possibly dangerous",1909.0,1901 to 1939,Frame,2.0,1528.0,Single Family,Mothball,2020-09-09,No,883.0
40.4150531033,-79.9752696654,"236 STERLING ST, Pittsburgh, 15210",Arlington,3,,Not scored,1920.0,1901 to 1939,Masonry,2.0,1732.0,Single Family,Not scored,2023-01-10,No,807.0
40.4149852208,-79.9768675404,"2123 WENKE ST, Pittsburgh, 15210",Arlington,3,2.0,"2 - Compromised, possibly dangerous",1900.0,1900 (possible default),Frame,1.0,1162.0,Single Family,Mothball,2020-09-10,No,768.0
40.4154866743,-79.9777752389,"2100 BRENT ST, Pittsburgh, 15210",Arlington,3,,Not scored,1930.0,1901 to 1939,Frame,1.0,1056.0,Single Family,Not scored,2025-09-24,No,696.0
40.4154168697,-79.9771499601,"2114 BRENT ST, Pittsburgh, 15210",Arlington,3,,Not scored,1930.0,1901 to 1939,Frame,2.0,1040.0,Single Family,Not scored,2023-06-14,No,715.0
40.4153236209,-79.9725291457,"221 ROTHMAN ST, Pittsburgh, 15210",Arlington,3,1.0,"1 - Intact, no immediate danger",1923.0,1901 to 1939,Frame,2.0,2127.0,Single Family,Mothball,2020-09-09,No,906.0
40.4157922374,-79.971936015,"2430 SPRING ST, Pittsburgh, 15210",Arlington,3,1.0,"1 - Intact, no immediate danger",1910.0,1901 to 1939,Frame,1.5,928.0,Single Family,Mothball,2026-08-06,No,901.0
40.415802846,-79.9720237339,"2428 SPRING ST, Pittsburgh, PA 15210",Arlington,3,1.0,"1 - Intact, no immediate danger",1910.0,1901 to 1939,Frame,2.5,2340.0,Single Family,Mothball,2020-09-09,No,895.0
40.4161393629,-79.9719603744,"2431 SPRING ST, Pittsburgh, 15210",Arlington,3,2.0,"2 - Compromised, possibly dangerous",1909.0,1901 to 1939,Frame,2.5,1517.0,Single Family,Mothball,2026-08-06,No,872.0
40.4162106649,-79.971798236,"2435 SPRING ST, Pittsburgh, 15210",Arlington,3,1.0,"1 - Intact, no immediate danger",1904.0,1901 to 1939,Frame,2.5,1517.0,Single Family,Mothball,2026-08-20,No,876.0
40.4161432145,-79.9717366145,"2437 SPRING ST, Pittsburgh, 15210",Arlington,3,2.0,"2 - Compromised, possibly dangerous",1904.0,1901 to 1939,Frame,3.0,2590.0,Single Family,Mothball,2020-09-09,No,885.0
40.4161573758,-79.9714726935,"2501 SPRING ST, Pittsburgh, 15210",Arlington,3,2.0,"2 - Compromised, possibly dangerous",1904.0,1901 to 1939,Masonry,2.5,2667.0,Single Family,Save first,2025-11-17,No,901.0
40.4157909396,-79.9691482982,"2807 SPRING ST, Pittsburgh, 15210",Arlington,3,,Not scored,1920.0,1901 to 1939,Frame,1.0,754.0,Single Family,Not scored,2026-02-19,No,1078.0
40.4162660625,-79.9689446757,"134 RINNE ST, Pittsburgh, 15210",Arlington,3,2.0,"2 - Compromised, possibly dangerous",1910.0,1901 to 1939,Frame,2.0,1986.0,Two Family,Mothball,2024-03-25,No,1061.0
40.4150392336,-79.9666928275,"2923 DEVLIN ST, Pittsburgh, 15210",Arlington,3,3.0,"3 - Compromised, dangerous",1900.0,1900 (possible default),Frame,3.0,2560.0,Single Family,Salvage,2020-08-27,No,1295.0
40.4142976904,-79.9674499103,"315 DENGLER ST, Pittsburgh, 15210",Arlington,3,,Not scored,1921.0,1901 to 1939,Masonry,2.0,1478.0,Single Family,Not scored,2020-10-20,No,1293.0
40.4149556473,-79.968450678,"221 RINNE ST, Pittsburgh, 15210",Arlington,3,2.0,"2 - Compromised, possibly dangerous",1900.0,1900 (possible default),Frame,2.0,1544.0,Single Family,Mothball,2023-01-19,No,1181.0
40.4148805879,-79.9690082904,"221 GOLDBACH ST, Pittsburgh, 15210",Arlington,3,3.0,"3 - Compromised, dangerous",1880.0,Before 1900,Frame,2.0,1260.0,Single Family,Salvage,2026-04-13,No,1150.0
40.4218884667,-79.9982615295,"109 CRAIGHEAD ST, Pittsburgh, 15211",Mount Washington,3,2.0,"2 - Compromised, possibly dangerous",1926.0,1901 to 1939,Masonry,2.0,1638.0,Single Family,Save first,2020-08-27,Yes,207.0
40.4220971345,-79.9982652161,"103 CRAIGHEAD ST, Pittsburgh, 15211",Mount Washington,3,2.0,"2 - Compromised, possibly dangerous",1920.0,1901 to 1939,Masonry,2.5,2020.0,Single Family,Save first,2020-08-27,Yes,218.0
40.4222369838,-79.9968404227,"612 EDGEMONT ST, Pittsburgh, 15210",Allentown,3,,Not scored,1890.0,Before 1900,Frame,2.0,1272.0,Single Family,Not scored,2025-07-22,Yes,332.0
40.4218995427,-79.9970791311,"605 E WARRINGTON AVE, Pittsburgh, 15210",Allentown,3,,Not scored,,Unknown,Unknown,,,Retl/Apt'S Over,Not scored,2026-06-18,Yes,300.0
40.4225855097,-79.9961177265,"628 EXCELSIOR ST, Pittsburgh, 15210",Allentown,3,1.0,"1 - Intact, no immediate danger",1900.0,1900 (possible default),Frame,2.0,1216.0,Single Family,Mothball,2020-11-16,No,404.0
40.4212959745,-79.9982089154,"520 E WARRINGTON AVE, Pittsburgh, 15210",Beltzhoover,3,2.0,"2 - Compromised, possibly dangerous",1900.0,1900 (possible default),Frame,2.0,786.0,Single Family,Mothball,2020-09-10,Yes,192.0
40.4224385596,-79.9946967361,"731 CARNIVAL Way, Pittsburgh, PA 15210",Allentown,3,1.0,"1 - Intact, no immediate danger",,Unknown,Unknown,,,Commercial Garage,Mothball,2020-08-26,No,511.0
40.42243292,-79.9948090192,"727 CARNIVAL Way, Pittsburgh, PA 15210",Allentown,3,2.0,"2 - Compromised, possibly dangerous",1922.0,1901 to 1939,Frame,2.0,1414.0,Single Family,Mothball,2020-08-26,No,502.0
40.4224300578,-79.9950266157,"721 CARNIVAL Way, Pittsburgh, PA 15210",Allentown,3,2.0,"2 - Compromised, possibly dangerous",1925.0,1901 to 1939,Frame,2.0,1312.0,Single Family,Mothball,2020-08-26,No,484.0
40.4211612773,-79.9944879746,"119 WALTER ST, Pittsburgh, 15210",Allentown,3,1.0,"1 - Intact, no immediate danger",1900.0,1900 (possible default),Frame,2.0,1404.0,Two Family,Mothball,2020-09-10,No,506.0
40.4235179882,-79.9924240003,"836 EUREKA ST, Pittsburgh, 15210",Allentown,3,,Not scored,1900.0,1900 (possible default),Frame,2.0,1056.0,Single Family,Not scored,2025-11-05,No,560.0
40.4212002098,-79.991337302,"922 MANTON Way, Pittsburgh, PA 15210",Allentown,3,2.0,"2 - Compromised, possibly dangerous",1900.0,1900 (possible default),Frame,2.0,1740.0,Single Family,Mothball,2021-08-30,No,446.0
40.4234761176,-79.9899278924,"952 EXCELSIOR ST, Pittsburgh, 15210",Allentown,3,2.0,"2 - Compromised, possibly dangerous",1899.0,Before 1900,Frame,1.0,672.0,Single Family,Mothball,2020-07-01,No,450.0
40.4224577992,-79.9910005511,"1105 ARLINGTON AVE, Pittsburgh, PA 15203",Allentown,3,2.0,"2 - Compromised, possibly dangerous",1895.0,Before 1900,Masonry,2.0,1392.0,Single Family,Save first,2023-01-18,No,460.0
40.4221273469,-79.9904462911,"904 SAINT MARTIN ST, Pittsburgh, PA 15203",Allentown,3,2.0,"2 - Compromised, possibly dangerous",1920.0,1901 to 1939,Frame,2.0,3110.0,Single Family,Mothball,2023-11-21,No,402.0
40.421468191,-79.9880981957,"4 SHARON ST, Pittsburgh, 15210",South Side Slopes,3,1.0,"1 - Intact, no immediate danger",1900.0,1900 (possible default),Frame,2.0,1225.0,Single Family,Mothball,2020-09-09,Yes,191.0
40.4212205373,-79.9909259791,"932 MANTON Way, Pittsburgh, 15210",Allentown,3,2.0,"2 - Compromised, possibly dangerous",1900.0,1900 (possible default),Frame,2.0,1552.0,Single Family,Mothball,2023-12-04,No,412.0
40.4223641456,-79.9856969965,"1120 E WARRINGTON AVE, Pittsburgh, 15210",South Side Slopes,3,2.0,"2 - Compromised, possibly dangerous",1900.0,1900 (possible default),Frame,2.0,1368.0,Single Family,Mothball,2023-09-20,Yes,140.0
40.4223391811,-79.9860890446,"1110 E WARRINGTON AVE, Pittsburgh, PA 15210",South Side Slopes,3,2.0,"2 - Compromised, possibly dangerous",1900.0,1900 (possible default),Frame,2.0,1238.0,Single Family,Mothball,2023-05-09,Yes,165.0
40.4214442421,-79.9850887297,"33 SAINT THOMAS ST, Pittsburgh, PA 15203",South Side Slopes,3,1.0,"1 - Intact, no immediate danger",1900.0,1900 (possible default),Frame,2.0,1170.0,Single Family,Mothball,2020-09-09,Yes,42.0
40.4224501875,-79.9847613651,"172 MONASTERY AVE, Pittsburgh, PA 15203",South Side Slopes,3,2.0,"2 - Compromised, possibly dangerous",1900.0,1900 (possible default),Frame,3.0,2226.0,Two Family,Mothball,2025-11-06,Yes,92.0
40.421960666,-79.9832812583,"2424 S 18TH ST, Pittsburgh, 15203",South Side Slopes,3,2.0,"2 - Compromised, possibly dangerous",1900.0,1900 (possible default),Frame,3.0,1787.0,Single Family,Mothball,2023-06-08,Yes,84.0
40.4215883105,-79.9838795506,"2507 S 18TH ST, Pittsburgh, 15210",South Side Slopes,3,1.0,"1 - Intact, no immediate danger",1900.0,1900 (possible default),Frame,2.0,1280.0,Single Family,Mothball,2020-08-20,Yes,37.0
40.421483871,-79.9840503731,"2513 S 18TH ST, Pittsburgh, 15210",South Side Slopes,3,2.0,"2 - Compromised, possibly dangerous",1900.0,1900 (possible default),Frame,2.0,1152.0,Single Family,Mothball,2025-03-25,Yes,31.0
40.4201571759,-79.998659997,"503 CLIMAX ST, Pittsburgh, 15210",Beltzhoover,3,3.0,"3 - Compromised, dangerous",,Unknown,Unknown,,,Retl/Apt'S Over,Demolish,2020-08-27,Yes,182.0
40.4209548941,-79.9978806182,"527 INDUSTRY ST, Pittsburgh, 15210",Beltzhoover,3,1.0,"1 - Intact, no immediate danger",1900.0,1900 (possible default),Frame,2.0,1069.0,Single Family,Mothball,2020-09-01,Yes,218.0
40.4209563745,-79.9964485849,"621 INDUSTRY ST, Pittsburgh, 15210",Allentown,3,1.0,"1 - Intact, no immediate danger",1900.0,1900 (possible default),Frame,2.0,1128.0,Single Family,Mothball,2026-01-08,Yes,340.0
40.4197482475,-79.9960388584,"304 MILLBRIDGE ST, Pittsburgh, 15210",Allentown,3,,Not scored,1910.0,1901 to 1939,Frame,2.0,1480.0,Single Family,Not scored,2020-09-04,No,402.0
40.4192361618,-79.9967459966,"613 FREELAND ST, Pittsburgh, 15210",Allentown,3,2.0,"2 - Compromised, possibly dangerous",1915.0,1901 to 1939,Frame,2.0,1510.0,Single Family,Mothball,2020-08-28,Yes,374.0
40.4192408834,-79.9964157443,"621 FREELAND ST, Pittsburgh, PA 15210",Allentown,3,2.0,"2 - Compromised, possibly dangerous",1925.0,1901 to 1939,Frame,2.0,1510.0,Single Family,Mothball,2020-08-28,Yes,397.0
40.4192800726,-79.9960223431,"320 MILLBRIDGE ST, Pittsburgh, PA 15210",Allentown,3,1.0,"1 - Intact, no immediate danger",1907.0,1901 to 1939,Frame,2.0,1464.0,Single Family,Mothball,2023-08-30,No,424.0
40.4209503921,-79.9955216801,"127 MILLBRIDGE ST, Pittsburgh, 15210",Allentown,3,2.0,"2 - Compromised, possibly dangerous",1906.0,1901 to 1939,Frame,2.0,1616.0,Single Family,Mothball,2023-02-08,No,418.0
40.4210167472,-79.9955265535,"125 MILLBRIDGE ST, Pittsburgh, 15210",Allentown,3,2.0,"2 - Compromised, possibly dangerous",1910.0,1901 to 1939,Frame,2.0,1456.0,Single Family,Mothball,2020-09-04,No,418.0
40.4203334855,-79.9945686774,"215 WALTER ST, Pittsburgh, PA 15210",Allentown,3,2.0,"2 - Compromised, possibly dangerous",1910.0,1901 to 1939,Masonry,2.0,1142.0,Single Family,Save first,2020-09-10,No,505.0
40.4189579554,-79.9939554865,"404 ALLEN ST, Pittsburgh, 15210",Allentown,3,2.0,"2 - Compromised, possibly dangerous",1910.0,1901 to 1939,Masonry,2.5,2894.0,Two Family,Save first,2020-08-20,No,588.0
40.4205571831,-79.9921170729,"841 PROCTOR Way, Pittsburgh, PA 15210",Allentown,3,2.0,"2 - Compromised, possibly dangerous",1900.0,1900 (possible default),Frame,2.0,1936.0,Single Family,Mothball,2020-09-08,No,508.0
40.4205495692,-79.992840448,"821 PROCTOR Way, Pittsburgh, 15210",Allentown,3,2.0,"2 - Compromised, possibly dangerous",1880.0,Before 1900,Frame,2.0,1280.0,Single Family,Mothball,2020-09-08,No,562.0
40.4206894012,-79.993085502,"814 INDUSTRY ST, Pittsburgh, 15210",Allentown,3,2.0,"2 - Compromised, possibly dangerous",1920.0,1901 to 1939,Frame,3.0,2793.0,Single Family,Mothball,2021-03-10,No,588.0
40.4203401966,-79.991572081,"854 PROCTOR Way, Pittsburgh, 15210",Allentown,3,1.0,"1 - Intact, no immediate danger",1920.0,1901 to 1939,Frame,2.0,1306.0,Single Family,Mothball,2023-11-21,No,459.0
40.4197432113,-79.9912524935,"859 LOYAL Way, Pittsburgh, 15210",Allentown,3,,Not scored,1910.0,1901 to 1939,Frame,2.0,796.0,Single Family,Not scored,2023-01-31,No,401.0
40.4198283147,-79.9913535189,"860 CLIMAX ST, Pittsburgh, 15210",Allentown,3,2.0,"2 - Compromised, possibly dangerous",1900.0,1900 (possible default),Frame,1.5,1091.0,Single Family,Mothball,2020-08-27,No,413.0
40.419730611,-79.9918103584,"847 LOYAL Way, Pittsburgh, 15210",Allentown,3,2.0,"2 - Compromised, possibly dangerous",1900.0,1900 (possible default),Frame,2.0,1105.0,Single Family,Mothball,2026-09-04,No,442.0
40.4197236796,-79.9922708494,"837 LOYAL Way, Pittsburgh, 15210",Allentown,3,2.0,"2 - Compromised, possibly dangerous",1905.0,1901 to 1939,Frame,2.0,1280.0,Single Family,Mothball,2020-09-03,No,477.0
40.4198118944,-79.9924557316,"831 LOYAL Way, Pittsburgh, PA 15210",Allentown,3,2.0,"2 - Compromised, possibly dangerous",1900.0,1900 (possible default),Masonry,2.5,2160.0,Three Family,Save first,2020-07-28,No,495.0
40.4197956165,-79.9933077227,"304 ASTEROID Way, Pittsburgh, PA 15210",Allentown,3,1.0,"1 - Intact, no immediate danger",1900.0,1900 (possible default),Frame,2.0,980.0,Single Family,Mothball,2024-02-02,No,561.0
40.4196685143,-79.9934223608,"307 ALLEN ST, Pittsburgh, 15210",Allentown,3,1.0,"1 - Intact, no immediate danger",1900.0,1900 (possible default),Masonry,2.0,1654.0,Single Family,Save first,2020-06-16,No,565.0
40.4194718359,-79.9934178456,"319 ALLEN ST, Pittsburgh, 15210",Allentown,3,,Not scored,1900.0,1900 (possible default),Frame,2.0,2148.0,Single Family,Not scored,2020-06-16,No,558.0
40.4194918096,-79.9920262875,"842 LOYAL Way, Pittsburgh, PA 15210",Allentown,3,2.0,"2 - Compromised, possibly dangerous",1900.0,1900 (possible default),Frame,2.0,896.0,Single Family,Mothball,2020-09-03,No,448.0
40.4189741762,-79.9922420964,"836 FREELAND ST, Pittsburgh, 15210",Allentown,3,2.0,"2 - Compromised, possibly dangerous",1910.0,1901 to 1939,Frame,2.0,1476.0,Single Family,Mothball,2020-08-28,No,447.0
40.4189801575,-79.9920534579,"840 FREELAND ST, Pittsburgh, 15210",Allentown,3,2.0,"2 - Compromised, possibly dangerous",1910.0,1901 to 1939,Frame,2.0,1230.0,Single Family,Mothball,2020-08-28,No,431.0
40.4188893853,-79.9911418575,"867 LILLIAN ST, Pittsburgh, 15210",Allentown,3,2.0,"2 - Compromised, possibly dangerous",1903.0,1901 to 1939,Frame,2.0,928.0,Single Family,Mothball,2020-09-03,Yes,354.0
40.419362263,-79.990178904,"913 FREELAND ST, Pittsburgh, 15210",Allentown,3,1.0,"1 - Intact, no immediate danger",1910.0,1901 to 1939,Frame,2.0,1274.0,Single Family,Mothball,2026-07-10,Yes,301.0
40.4189984461,-79.9886434485,"1515 ARLINGTON AVE, Pittsburgh, 15210",Allentown,3,,Not scored,1900.0,1900 (possible default),Frame,2.0,1804.0,Single Family,Not scored,2022-11-14,Yes,172.0
40.4197667126,-79.9898430172,"1415 ARLINGTON AVE, Pittsburgh, PA 15210",Allentown,3,2.0,"2 - Compromised, possibly dangerous",1900.0,1900 (possible default),Frame,2.0,1421.0,Single Family,Mothball,2023-11-20,Yes,304.0
40.4199247234,-79.9897485549,No primary address specified,Allentown,3,,Not scored,,Unknown,Unknown,,,State Government,Not scored,2020-11-04,Yes,311.0
40.4198583446,-79.9889765272,"930 CLIMAX ST, Pittsburgh, 15210",Allentown,3,1.0,"1 - Intact, no immediate danger",1900.0,1900 (possible default),Frame,2.0,2020.0,Single Family,Mothball,2020-08-27,Yes,256.0
40.4202991931,-79.9882990612,"945 CLIMAX ST, Pittsburgh, 15210",Allentown,3,1.0,"1 - Intact, no immediate danger",1900.0,1900 (possible default),Frame,2.0,1312.0,Single Family,Mothball,2023-05-26,Yes,188.0
40.4202692336,-79.9899410341,"911 CLIMAX ST, Pittsburgh, 15210",Allentown,3,,Not scored,1910.0,1901 to 1939,Frame,2.0,1628.0,Single Family,Not scored,2024-09-20,Yes,326.0
40.420672527,-79.9896886921,"952 INDUSTRY ST, Pittsburgh, PA 15210",Allentown,3,2.0,"2 - Compromised, possibly dangerous",1910.0,1901 to 1939,Frame,2.0,1930.0,Single Family,Mothball,2020-09-01,Yes,302.0
40.4206766254,-79.9895987754,"954 INDUSTRY ST, Pittsburgh, 15210",Allentown,3,2.0,"2 - Compromised, possibly dangerous",1910.0,1901 to 1939,Masonry,2.0,1584.0,Single Family,Save first,2020-09-01,Yes,294.0
40.4211259415,-79.990036205,"952 MANTON Way, Pittsburgh, 15210",Allentown,3,,Not scored,1900.0,1900 (possible default),Frame,2.0,1272.0,Single Family,Not scored,2024-02-21,Yes,336.0
40.4198739915,-79.9877779966,"58 MOUNT OLIVER ST, Pittsburgh, PA 15210",South Side Slopes,3,1.0,"1 - Intact, no immediate danger",1900.0,1900 (possible default),Frame,3.0,1728.0,Single Family,Mothball,2020-09-04,Yes,163.0
40.4199931277,-79.9864934154,"2653 S 18TH ST #B, Pittsburgh, PA 15210",South Side Slopes,3,3.0,"3 - Compromised, dangerous",1900.0,1900 (possible default),Frame,2.0,924.0,Three Family,Salvage,2025-03-24,Yes,77.0
40.4206588064,-79.9845761904,"2601 QUARRY ST, Pittsburgh, 15210",South Side Slopes,3,1.0,"1 - Intact, no immediate danger",1910.0,1901 to 1939,Frame,1.0,678.0,Single Family,Mothball,2024-03-07,Yes,74.0
40.4166167569,-79.997064691,"427 CHARLES ST, Pittsburgh, 15210",Knoxville,3,,Not scored,1902.0,1901 to 1939,Masonry,2.0,3190.0,Two Family,Not scored,2025-05-15,No,570.0
40.4169721285,-79.9960787041,"416 JUCUNDA ST, Pittsburgh, 15210",Knoxville,3,,Not scored,1890.0,Before 1900,Masonry,2.5,1701.0,Single Family,Not scored,2022-09-15,No,585.0
40.4173802171,-79.9963613761,"423 JUCUNDA ST, Pittsburgh, 15210",Knoxville,3,2.0,"2 - Compromised, possibly dangerous",1890.0,Before 1900,Masonry,1.5,1297.0,Single Family,Save first,2020-09-02,No,535.0
40.4173665265,-79.996853666,"433 JUCUNDA ST, Pittsburgh, 15210",Knoxville,3,1.0,"1 - Intact, no immediate danger",1902.0,1901 to 1939,Masonry,2.0,1920.0,Single Family,Save first,2025-04-08,No,510.0
40.4181463378,-79.9956293197,"407 ORCHARD PL, Pittsburgh, 15210",Knoxville,3,,Not scored,1907.0,1901 to 1939,Masonry,2.5,2448.0,Single Family,Not scored,2020-09-08,No,521.0
40.4185128407,-79.9955210007,"702 LILLIAN ST, Pittsburgh, 15210",Allentown,3,,Not scored,1900.0,1900 (possible default),Frame,2.0,1895.0,Single Family,Not scored,2026-07-31,No,504.0
40.4179147332,-79.9975447832,"512 BELTZHOOVER AVE, Pittsburgh, 15210",Beltzhoover,3,2.0,"2 - Compromised, possibly dangerous",1900.0,1900 (possible default),Frame,2.0,1460.0,Single Family,Mothball,2022-02-25,No,427.0
40.4173633921,-79.9975290405,"600 BELTZHOOVER AVE, Pittsburgh, 15210",Beltzhoover,3,2.0,"2 - Compromised, possibly dangerous",,Unknown,Unknown,,,Retl/Apt'S Over,Mothball,2020-08-21,No,479.0
40.4168138604,-79.997501616,"618 BELTZHOOVER AVE, Pittsburgh, PA 15210",Beltzhoover,3,2.0,"2 - Compromised, possibly dangerous",,Unknown,Unknown,,,Retl/Apt'S Over,Mothball,2020-08-21,No,533.0
40.4164448183,-79.9979107332,"706 BERND ST, Pittsburgh, 15210",Beltzhoover,3,2.0,"2 - Compromised, possibly dangerous",1900.0,1900 (possible default),Frame,2.0,1591.0,Single Family,Mothball,2020-08-24,No,555.0
40.4180969578,-79.9982930644,"510 CEDARHURST ST, Pittsburgh, PA 15210",Beltzhoover,3,2.0,"2 - Compromised, possibly dangerous",1906.0,1901 to 1939,Frame,2.0,1296.0,Single Family,Mothball,2021-08-31,Yes,376.0
40.4181071036,-79.9979225385,"520 CEDARHURST ST, Pittsburgh, 15210",Beltzhoover,3,2.0,"2 - Compromised, possibly dangerous",1929.0,1901 to 1939,Masonry,2.0,1302.0,Single Family,Save first,2021-08-31,Yes,391.0
40.4181094985,-79.9978353345,"522 CEDARHURST ST, Pittsburgh, 15210",Beltzhoover,3,2.0,"2 - Compromised, possibly dangerous",1900.0,1900 (possible default),Frame,2.0,1535.0,Single Family,Mothball,2020-08-26,Yes,395.0
40.418566331,-79.9980225682,"519 CEDARHURST ST, Pittsburgh, 15210",Beltzhoover,3,1.0,"1 - Intact, no immediate danger",1910.0,1901 to 1939,Frame,2.0,1688.0,Single Family,Mothball,2026-07-29,Yes,345.0
40.4180913746,-79.9985478414,"505 CURTIN AVE, Pittsburgh, 15210",Beltzhoover,3,2.0,"2 - Compromised, possibly dangerous",1900.0,1900 (possible default),Frame,2.0,1064.0,Single Family,Mothball,2020-08-27,Yes,366.0
40.4177519617,-79.9985390863,"515 CURTIN AVE, Pittsburgh, 15210",Beltzhoover,3,1.0,"1 - Intact, no immediate danger",1900.0,1900 (possible default),Frame,2.0,2289.0,Single Family,Mothball,2026-07-29,No,401.0
40.4171398277,-79.9985199343,"607 CURTIN AVE, Pittsburgh, 15210",Beltzhoover,3,2.0,"2 - Compromised, possibly dangerous",1900.0,1900 (possible default),Frame,2.0,1166.0,Single Family,Mothball,2021-02-01,No,464.0
40.4164781242,-79.9988568381,"436 CHALFONT ST, Pittsburgh, 15210",Beltzhoover,3,3.0,"3 - Compromised, dangerous",1915.0,1901 to 1939,Frame,1.0,850.0,Single Family,Salvage,2020-06-23,No,523.0
40.416898535,-79.9989096956,"437 CHALFONT ST, Pittsburgh, 15210",Beltzhoover,3,2.0,"2 - Compromised, possibly dangerous",,Unknown,Unknown,,,Retl/Apt'S Over,Mothball,2020-11-30,No,478.0
40.4180818382,-79.999087561,"504 CURTIN AVE, Pittsburgh, 15210",Beltzhoover,3,1.0,"1 - Intact, no immediate danger",1900.0,1900 (possible default),Frame,2.0,1402.0,Single Family,Mothball,2025-11-17,Yes,350.0
40.4180738633,-79.9994155837,"420 CEDARHURST ST, Pittsburgh, 15210",Beltzhoover,3,,Not scored,1910.0,1901 to 1939,Frame,2.0,1514.0,Single Family,Not scored,2026-09-14,Yes,341.0
40.4185249207,-79.9949042722,"720 LILLIAN ST, Pittsburgh, 15210",Allentown,3,,Not scored,1915.0,1901 to 1939,Frame,2.0,1530.0,Single Family,Not scored,2025-10-02,No,548.0
40.4185245209,-79.9948180418,"722 LILLIAN ST, Pittsburgh, 15210",Allentown,3,2.0,"2 - Compromised, possibly dangerous",1912.0,1901 to 1939,Masonry,2.0,1522.0,Single Family,Save first,2020-09-03,No,554.0
40.4185793181,-79.9922966119,"834 LILLIAN ST, Pittsburgh, 15210",Allentown,3,2.0,"2 - Compromised, possibly dangerous",1900.0,1900 (possible default),Frame,2.0,1854.0,Single Family,Mothball,2020-12-23,No,442.0
40.4185931708,-79.9918494359,"846 LILLIAN ST, Pittsburgh, 15210",Allentown,3,2.0,"2 - Compromised, possibly dangerous",1910.0,1901 to 1939,Frame,2.0,1458.0,Single Family,Mothball,2020-09-03,No,405.0
40.4182653428,-79.9914641347,"205 ORCHARD PL, Pittsburgh, PA 15210",Knoxville,3,2.0,"2 - Compromised, possibly dangerous",,Unknown,Unknown,,,"Churches, Public Worship",Mothball,2021-12-13,Yes,368.0
40.4182376375,-79.9923910574,"235 ORCHARD PL, Pittsburgh, 15210",Knoxville,3,2.0,"2 - Compromised, possibly dangerous",1880.0,Before 1900,Masonry,2.0,2362.0,Single Family,Save first,2022-02-03,No,446.0
40.4181991013,-79.9936798678,"309 ORCHARD PL, Pittsburgh, 15210",Knoxville,3,2.0,"2 - Compromised, possibly dangerous",1898.0,Before 1900,Masonry,2.0,3359.0,Two Family,Save first,2021-04-09,No,555.0
40.4181965806,-79.9937793821,"311 ORCHARD PL, Pittsburgh, 15210",Knoxville,3,2.0,"2 - Compromised, possibly dangerous",1900.0,1900 (possible default),Masonry,2.0,1523.0,Single Family,Save first,2026-05-05,No,563.0
40.4177623912,-79.9943962539,"326 ORCHARD PL, Pittsburgh, PA 15210",Knoxville,3,,Not scored,1902.0,1901 to 1939,Masonry,2.5,1845.0,Single Family,Not scored,2023-07-14,No,590.0
40.4177762417,-79.9938995783,"314 ORCHARD PL, Pittsburgh, PA 15210",Knoxville,3,2.0,"2 - Compromised, possibly dangerous",1890.0,Before 1900,Masonry,2.0,1960.0,Single Family,Save first,2023-04-05,No,552.0
40.4177864607,-79.9936814997,"308 ORCHARD PL, Pittsburgh, 15210",Knoxville,3,3.0,"3 - Compromised, dangerous",1888.0,Before 1900,Masonry,2.0,1606.0,Single Family,Salvage,2023-11-06,No,536.0
40.4174166284,-79.9950506229,"337 JUCUNDA ST, Pittsburgh, 15210",Knoxville,3,2.0,"2 - Compromised, possibly dangerous",1900.0,1900 (possible default),Masonry,2.5,2387.0,Single Family,Save first,2020-09-02,No,610.0
40.4170901163,-79.9919430258,"216 JUCUNDA ST, Pittsburgh, 15210",Knoxville,3,,Not scored,1898.0,Before 1900,Masonry,2.0,2284.0,Single Family,Not scored,2020-09-22,Yes,370.0
40.4163295072,-79.9927408889,"246 CHARLES ST, Pittsburgh, 15210",Knoxville,3,3.0,"3 - Compromised, dangerous",1900.0,1900 (possible default),Masonry,2.0,2638.0,Two Family,Salvage,2020-06-22,No,406.0
40.4163677377,-79.9913978927,"214 CHARLES ST, Pittsburgh, 15210",Knoxville,3,1.0,"1 - Intact, no immediate danger",1902.0,1901 to 1939,Masonry,2.0,2700.0,Single Family,Save first,2021-05-14,Yes,297.0
40.4187443228,-79.9904599998,"415 KNOX AVE, Pittsburgh, 15210",Allentown,3,2.0,"2 - Compromised, possibly dangerous",1900.0,1900 (possible default),Frame,2.0,1795.0,Two Family,Mothball,2020-09-03,Yes,295.0
40.4183284514,-79.9884855179,"3 AMANDA AVE, Pittsburgh, 15210",Knoxville,3,2.0,"2 - Compromised, possibly dangerous",1880.0,Before 1900,Frame,2.0,1310.0,Single Family,Mothball,2020-11-16,Yes,121.0
40.4175801979,-79.9891611128,"125 JUCUNDA ST, Pittsburgh, PA 15210",Knoxville,3,,Not scored,1890.0,Before 1900,Frame,2.0,1273.0,Single Family,Not scored,2020-11-04,Yes,176.0
40.4171843967,-79.9903338412,"148 JUCUNDA ST, Pittsburgh, PA 15210",Knoxville,3,,Not scored,,Unknown,Unknown,,,"Churches, Public Worship",Not scored,2024-04-03,Yes,263.0
40.4171682738,-79.9892848327,"130 JUCUNDA ST, Pittsburgh, 15210",Knoxville,3,1.0,"1 - Intact, no immediate danger",1876.0,Before 1900,Frame,2.0,1088.0,Single Family,Mothball,2020-09-02,Yes,201.0
40.4171852058,-79.9884375961,"108 JUCUNDA ST, Pittsburgh, 15210",Knoxville,3,1.0,"1 - Intact, no immediate danger",1900.0,1900 (possible default),Masonry,2.0,912.0,Rowhouse,Save first,2020-09-02,Yes,139.0
40.4168093415,-79.9901166303,"139 CHARLES ST, Pittsburgh, PA 15210",Knoxville,3,2.0,"2 - Compromised, possibly dangerous",1905.0,1901 to 1939,Masonry,3.0,2280.0,Three Family,Save first,2020-08-26,Yes,222.0
40.4168022582,-79.9904125121,"72 KNOX AVE, Pittsburgh, PA 15210",Knoxville,3,1.0,"1 - Intact, no immediate danger",,Unknown,Unknown,,,"Churches, Public Worship",Mothball,2023-11-21,Yes,242.0
40.4179941222,-79.9830955968,"1789 ARLINGTON AVE, Pittsburgh, 15210",South Side Slopes,3,,Not scored,1920.0,1901 to 1939,Frame,2.0,1560.0,Single Family,Not scored,2022-02-01,Yes,278.0
40.4142402631,-79.9983461064,"910 BERND ST, Pittsburgh, 15210",Beltzhoover,3,2.0,"2 - Compromised, possibly dangerous",1900.0,1900 (possible default),Frame,2.0,1690.0,Single Family,Mothball,2020-08-24,No,773.0
40.4145187512,-79.9989492682,"435 ALTHEA ST, Pittsburgh, 15210",Beltzhoover,3,,Not scored,1900.0,1900 (possible default),Frame,2.0,1526.0,Single Family,Not scored,2023-11-21,No,731.0
40.414526225,-79.998676733,"443 ALTHEA ST, Pittsburgh, 15210",Beltzhoover,3,2.0,"2 - Compromised, possibly dangerous",1900.0,1900 (possible default),Frame,2.0,1782.0,Single Family,Mothball,2020-08-20,No,735.0
40.4157339882,-79.9982812135,"454 MICHIGAN ST, Pittsburgh, 15210",Beltzhoover,3,1.0,"1 - Intact, no immediate danger",1915.0,1901 to 1939,Frame,1.0,612.0,Single Family,Mothball,2020-06-29,No,617.0
40.41612918,-79.9993427856,"425 MICHIGAN ST, Pittsburgh, PA 15210",Beltzhoover,3,2.0,"2 - Compromised, possibly dangerous",1900.0,1900 (possible default),Frame,2.0,1576.0,Single Family,Mothball,2020-11-24,No,550.0
40.4160903349,-79.9979016538,"503 MICHIGAN ST, Pittsburgh, PA 15210",Beltzhoover,3,1.0,"1 - Intact, no immediate danger",1900.0,1900 (possible default),Frame,2.0,1144.0,Single Family,Mothball,2023-05-10,No,591.0
40.4162148551,-79.9967732392,"422 CHARLES ST, Pittsburgh, PA 15210",Knoxville,3,,Not scored,1880.0,Before 1900,Masonry,2.5,2311.0,Single Family,Not scored,2026-09-11,No,620.0
40.4158946168,-79.9967642495,"433 ZARA ST, Pittsburgh, 15210",Knoxville,3,1.0,"1 - Intact, no immediate danger",1905.0,1901 to 1939,Masonry,2.5,2020.0,Single Family,Save first,2020-09-10,No,652.0
40.4151761846,-79.9955696306,"407 ROCHELLE ST, Pittsburgh, 15210",Knoxville,3,2.0,"2 - Compromised, possibly dangerous",1911.0,1901 to 1939,Masonry,2.5,2102.0,Single Family,Save first,2023-02-22,No,605.0
40.4151635759,-79.9959979319,"415 ROCHELLE ST, Pittsburgh, 15210",Knoxville,3,,Not scored,1911.0,1901 to 1939,Masonry,2.0,1871.0,Single Family,Not scored,2023-01-17,No,635.0
40.4147411769,-79.9965167011,"422 1/2 ROCHELLE ST, Pittsburgh, PA 15210",Knoxville,3,2.0,"2 - Compromised, possibly dangerous",1900.0,1900 (possible default),Masonry,2.0,1071.0,Rowhouse,Save first,2020-09-09,No,651.0
40.4140081071,-79.9965147316,"432 BAUSMAN ST, Pittsburgh, 15210",Knoxville,3,,Not scored,1955.0,1940 or later,Masonry,1.0,1120.0,Single Family,Not scored,2024-03-28,No,619.0
40.4155487124,-79.9941834542,"322 ZARA ST, Pittsburgh, 15210",Knoxville,3,2.0,"2 - Compromised, possibly dangerous",1911.0,1901 to 1939,Masonry,2.5,3380.0,Single Family,Save first,2020-09-10,No,520.0
40.4156026694,-79.9922824192,"236 ZARA ST, Pittsburgh, 15210",Knoxville,3,,Not scored,1894.0,Before 1900,Masonry,2.0,1958.0,Single Family,Not scored,2023-01-17,Yes,359.0
40.4156043812,-79.992144286,"232 ZARA ST, Pittsburgh, 15210",Knoxville,3,2.0,"2 - Compromised, possibly dangerous",1892.0,Before 1900,Masonry,2.0,1282.0,Single Family,Save first,2023-04-28,Yes,347.0
40.4156123964,-79.9918746487,"226 ZARA ST, Pittsburgh, PA 15210",Knoxville,3,,Not scored,1900.0,1900 (possible default),Frame,2.0,1448.0,Single Family,Not scored,2022-06-27,Yes,324.0
40.4156169791,-79.9916969621,"222 ZARA ST, Pittsburgh, PA 15210",Knoxville,3,,Not scored,1897.0,Before 1900,Masonry,2.0,1329.0,Single Family,Not scored,2022-06-27,Yes,309.0
40.4152919488,-79.9916718158,"221 ROCHELLE ST, Pittsburgh, 15210",Knoxville,3,,Not scored,1892.0,Before 1900,Masonry,2.0,1424.0,Single Family,Not scored,2024-03-20,Yes,309.0
40.4153387067,-79.9928939748,"410 GRIMES AVE, Pittsburgh, 15210",Knoxville,3,2.0,"2 - Compromised, possibly dangerous",1900.0,1900 (possible default),Masonry,2.0,1860.0,Single Family,Save first,2020-12-08,No,412.0
40.4152298394,-79.9936605208,"311 ROCHELLE ST, Pittsburgh, 15210",Knoxville,3,1.0,"1 - Intact, no immediate danger",1945.0,1940 or later,Masonry,2.0,1680.0,Single Family,Mothball,2024-04-23,No,469.0
40.4144765694,-79.9939297264,"319 BAUSMAN ST, Pittsburgh, 15210",Knoxville,3,,Not scored,1918.0,1901 to 1939,Masonry,2.0,1323.0,Single Family,Not scored,2024-11-21,No,447.0
40.4144748435,-79.9940200541,"321 BAUSMAN ST, Pittsburgh, 15210",Knoxville,3,,Not scored,1935.0,1901 to 1939,Masonry,2.0,1120.0,Single Family,Not scored,2025-10-23,No,453.0
40.4144620569,-79.9944700396,"331 BAUSMAN ST, Pittsburgh, 15210",Knoxville,3,,Not scored,1918.0,1901 to 1939,Masonry,2.0,1176.0,Single Family,Not scored,2025-10-23,No,484.0
40.4140411871,-79.9945405614,"332 BAUSMAN ST, Pittsburgh, 15210",Knoxville,3,1.0,"1 - Intact, no immediate danger",1917.0,1901 to 1939,Masonry,2.0,1194.0,Single Family,Save first,2023-03-30,No,466.0
40.4140571643,-79.9940901273,"322 BAUSMAN ST, Pittsburgh, 15210",Knoxville,3,,Not scored,1915.0,1901 to 1939,Masonry,2.0,1323.0,Single Family,Not scored,2020-11-16,No,434.0
40.4141003301,-79.9927387898,"248 BAUSMAN ST, Pittsburgh, 15210",Knoxville,3,,Not scored,1918.0,1901 to 1939,Masonry,2.0,1424.0,Single Family,Not scored,2025-04-08,Yes,342.0
40.4141063978,-79.9923918851,"238 BAUSMAN ST, Pittsburgh, 15210",Knoxville,3,2.0,"2 - Compromised, possibly dangerous",1916.0,1901 to 1939,Masonry,2.0,1226.0,Single Family,Save first,2020-08-21,Yes,320.0
40.4141129678,-79.9921357895,"232 BAUSMAN ST, Pittsburgh, 15210",Knoxville,3,2.0,"2 - Compromised, possibly dangerous",1918.0,1901 to 1939,Masonry,2.0,948.0,Single Family,Save first,2021-05-04,Yes,305.0
40.4141289564,-79.9917188263,"224 BAUSMAN ST, Pittsburgh, 15210",Knoxville,3,2.0,"2 - Compromised, possibly dangerous",1902.0,1901 to 1939,Masonry,2.0,1467.0,Single Family,Save first,2020-08-21,Yes,271.0
40.4160695104,-79.9903835788,"145 ZARA ST, Pittsburgh, 15210",Knoxville,3,,Not scored,1897.0,Before 1900,Frame,2.0,1696.0,Single Family,Not scored,2020-09-21,Yes,205.0
40.4160710918,-79.9903028028,"143 ZARA ST, Pittsburgh, 15210",Knoxville,3,,Not scored,1897.0,Before 1900,Frame,2.0,1568.0,Single Family,Not scored,2024-03-11,Yes,199.0
40.416098278,-79.9893377136,"123 ZARA ST, Pittsburgh, 15210",Knoxville,3,2.0,"2 - Compromised, possibly dangerous",1890.0,Before 1900,Frame,2.0,1344.0,Single Family,Mothball,2020-11-04,Yes,124.0
40.4160989177,-79.9892463649,"121 ZARA ST, Pittsburgh, 15210",Knoxville,3,2.0,"2 - Compromised, possibly dangerous",1912.0,1901 to 1939,Masonry,2.5,1830.0,Single Family,Save first,2020-09-10,Yes,117.0
40.4161012041,-79.9891566148,"119 ZARA ST, Pittsburgh, 15210",Knoxville,3,1.0,"1 - Intact, no immediate danger",1900.0,1900 (possible default),Frame,2.0,1526.0,Single Family,Mothball,2020-11-04,Yes,111.0
40.4156659232,-79.9899965067,"138 ZARA ST, Pittsburgh, 15210",Knoxville,3,2.0,"2 - Compromised, possibly dangerous",1930.0,1901 to 1939,Masonry,2.0,1468.0,Single Family,Save first,2020-09-10,Yes,166.0
40.4156752458,-79.9896649457,"130 1/2 ZARA ST, Pittsburgh, PA 15210",Knoxville,3,2.0,"2 - Compromised, possibly dangerous",1897.0,Before 1900,Frame,2.0,816.0,Rowhouse,Mothball,2021-08-19,Yes,138.0
40.4156735202,-79.9896212012,"130 ZARA ST, Pittsburgh, PA 15210",Knoxville,3,2.0,"2 - Compromised, possibly dangerous",1897.0,Before 1900,Frame,2.0,816.0,Rowhouse,Mothball,2024-03-11,Yes,134.0
40.4156759657,-79.98957548,"128 1/2 ZARA ST, Pittsburgh, 15210",Knoxville,3,,Not scored,1897.0,Before 1900,Frame,2.0,1008.0,Rowhouse,Not scored,2020-11-16,Yes,130.0
40.4157435573,-79.9883834294,"65 AMANDA AVE, Pittsburgh, PA 15210",Knoxville,3,2.0,"2 - Compromised, possibly dangerous",1880.0,Before 1900,Frame,2.5,1758.0,Single Family,Mothball,2021-09-30,Yes,34.0
40.4153515343,-79.9903528124,"106 KNOX AVE, Pittsburgh, 15210",Knoxville,3,,Not scored,1900.0,1900 (possible default),Masonry,2.0,1048.0,Rowhouse,Not scored,2025-10-16,Yes,197.0
40.4146814981,-79.9902724508,"128 KNOX AVE, Pittsburgh, 15210",Knoxville,3,2.0,"2 - Compromised, possibly dangerous",1890.0,Before 1900,Masonry,3.0,1344.0,Rowhouse,Save first,2020-09-03,Yes,179.0
40.4149538689,-79.9887683002,"112 ROCHELLE ST, Pittsburgh, 15210",Knoxville,3,2.0,"2 - Compromised, possibly dangerous",1900.0,1900 (possible default),Frame,2.0,1152.0,Single Family,Mothball,2023-02-24,Yes,92.0
40.4141765804,-79.9899116626,"138 BAUSMAN ST #2, Pittsburgh, PA 15210",Knoxville,3,1.0,"1 - Intact, no immediate danger",1907.0,1901 to 1939,Frame,2.0,1901.0,Two Family,Mothball,2020-08-21,Yes,135.0
40.4141863175,-79.9896384322,"132 BAUSMAN ST, Pittsburgh, 15210",Knoxville,3,2.0,"2 - Compromised, possibly dangerous",1890.0,Before 1900,Frame,2.0,1932.0,Single Family,Mothball,2020-08-21,Yes,114.0
40.4142459305,-79.9889070887,"112 BAUSMAN ST, Pittsburgh, PA 15210",Knoxville,3,,Not scored,1890.0,Before 1900,Frame,2.0,1536.0,Single Family,Not scored,2020-08-25,Yes,54.0
40.4235563459,-80.0115881698,"244 SOUTHERN AVE, Pittsburgh, 15211",Mount Washington,2,1.0,"1 - Intact, no immediate danger",1850.0,Before 1900,Frame,2.0,1056.0,Single Family,Mothball,2023-10-23,No,453.0
40.4234196784,-80.0109973791,"231 SOUTHERN AVE, Pittsburgh, 15211",Mount Washington,2,1.0,"1 - Intact, no immediate danger",1900.0,1900 (possible default),Frame,2.0,1024.0,Single Family,Mothball,2026-01-14,No,410.0
40.4234584116,-80.0109681683,"229 SOUTHERN AVE, Pittsburgh, 15211",Mount Washington,2,2.0,"2 - Compromised, possibly dangerous",1900.0,1900 (possible default),Frame,2.0,1024.0,Single Family,Mothball,2026-01-14,No,413.0
40.423512335,-80.0024393269,"87 HABERMAN AVE, Pittsburgh, PA 15211",Mount Washington,3,,Not scored,1910.0,1901 to 1939,Masonry,2.0,1575.0,Single Family,Not scored,2025-11-03,Yes,236.0
40.4232045022,-80.0023977284,"95 HABERMAN AVE #2, Pittsburgh, PA 15211",Mount Washington,3,1.0,"1 - Intact, no immediate danger",1900.0,1900 (possible default),Masonry,2.0,2425.0,Two Family,Save first,2020-08-25,Yes,206.0
40.422614947,-79.9995264499,"427 EDGEMONT ST, Pittsburgh, 15211",Mount Washington,3,2.0,"2 - Compromised, possibly dangerous",1913.0,1901 to 1939,Masonry,2.0,1650.0,Single Family,Save first,2022-03-17,Yes,188.0
40.4215762023,-79.9999177194,"414 KINGSBORO ST, Pittsburgh, 15211",Beltzhoover,3,3.0,"3 - Compromised, dangerous",1920.0,1901 to 1939,Frame,2.5,1848.0,Single Family,Salvage,2023-12-01,Yes,72.0
40.4215727583,-79.9995520021,"422 KINGSBORO ST, Pittsburgh, 15211",Beltzhoover,3,,Not scored,1920.0,1901 to 1939,Masonry,2.5,1758.0,Single Family,Not scored,2025-03-11,Yes,95.0
40.4196414319,-80.0079261287,"192 BOGGSTON AVE, Pittsburgh, 15210",Beltzhoover,3,2.0,"2 - Compromised, possibly dangerous",1910.0,1901 to 1939,Masonry,2.0,1064.0,Single Family,Save first,2020-08-24,Yes,85.0
40.4205758406,-80.005076009,"156 W WARRINGTON AVE, Pittsburgh, PA 15210",Beltzhoover,3,2.0,"2 - Compromised, possibly dangerous",1900.0,1900 (possible default),Frame,2.0,1724.0,Single Family,Mothball,2020-08-20,Yes,95.0
40.420030384,-80.0041705212,"210 INDUSTRY ST, Pittsburgh, 15210",Beltzhoover,3,1.0,"1 - Intact, no immediate danger",1915.0,1901 to 1939,Frame,2.0,1240.0,Single Family,Mothball,2026-07-29,Yes,171.0
40.4194035146,-80.0066027914,"92 INDUSTRY ST, Pittsburgh, 15210",Beltzhoover,3,2.0,"2 - Compromised, possibly dangerous",1920.0,1901 to 1939,Frame,2.0,1320.0,Single Family,Mothball,2020-09-01,Yes,158.0
40.4190815277,-80.0067509611,"85 CLIMAX ST, Pittsburgh, 15210",Beltzhoover,3,2.0,"2 - Compromised, possibly dangerous",1900.0,1900 (possible default),Frame,2.0,1212.0,Single Family,Mothball,2023-08-16,Yes,190.0
40.419100984,-80.0066594654,"87 CLIMAX ST, Pittsburgh, 15210",Beltzhoover,3,2.0,"2 - Compromised, possibly dangerous",1900.0,1900 (possible default),Frame,2.0,971.0,Single Family,Mothball,2023-08-16,Yes,190.0
40.4192030373,-80.0020363738,"307 FREELAND ST, Pittsburgh, 15210",Beltzhoover,3,2.0,"2 - Compromised, possibly dangerous",1920.0,1901 to 1939,Frame,2.0,1664.0,Single Family,Mothball,2020-08-28,Yes,226.0
40.4197325882,-79.9998343836,"412 CLIMAX ST, Pittsburgh, PA 15210",Beltzhoover,3,2.0,"2 - Compromised, possibly dangerous",1910.0,1901 to 1939,Frame,2.5,4406.0,Two Family,Mothball,2020-08-27,Yes,157.0
40.4201887078,-79.9994266454,"425 CLIMAX ST, Pittsburgh, PA 15210",Beltzhoover,3,2.0,"2 - Compromised, possibly dangerous",1910.0,1901 to 1939,Frame,2.0,2534.0,Single Family,Mothball,2020-07-29,Yes,130.0
40.4202105876,-80.0002221186,"211 ESTELLA AVE, Pittsburgh, PA 15210",Beltzhoover,3,1.0,"1 - Intact, no immediate danger",1890.0,Before 1900,Frame,3.0,1741.0,Single Family,Mothball,2024-12-11,Yes,96.0
40.4201844986,-80.0035795213,"226 INDUSTRY ST, Pittsburgh, 15210",Beltzhoover,3,2.0,"2 - Compromised, possibly dangerous",1920.0,1901 to 1939,Frame,2.5,1766.0,Single Family,Mothball,2022-03-21,Yes,148.0
40.4202262591,-80.0033984092,"232 INDUSTRY ST, Pittsburgh, PA 15210",Beltzhoover,3,3.0,"3 - Compromised, dangerous",1924.0,1901 to 1939,Frame,2.0,1268.0,Two Family,Salvage,2022-03-21,Yes,144.0
40.4166333132,-80.0097461559,"507 BOGGSTON AVE, Pittsburgh, 15210",Beltzhoover,3,2.0,"2 - Compromised, possibly dangerous",1935.0,1901 to 1939,Frame,2.0,1760.0,Single Family,Mothball,2020-08-24,Yes,47.0
40.4186846369,-80.0089642357,"213 BOGGSTON AVE, Pittsburgh, 15210",Beltzhoover,3,2.0,"2 - Compromised, possibly dangerous",1910.0,1901 to 1939,Frame,2.0,1035.0,Single Family,Mothball,2020-07-30,Yes,196.0
40.4176583779,-80.0095266619,"10 CLIMAX ST, Pittsburgh, 15210",Beltzhoover,3,2.0,"2 - Compromised, possibly dangerous",1920.0,1901 to 1939,Frame,2.0,1404.0,Single Family,Mothball,2025-07-30,Yes,124.0
40.4177387243,-80.0093600204,"16 CLIMAX ST, Pittsburgh, 15210",Beltzhoover,3,1.0,"1 - Intact, no immediate danger",1910.0,1901 to 1939,Frame,2.0,1376.0,Single Family,Mothball,2025-07-30,Yes,139.0
40.4177452555,-80.0081562917,"53 LAFFERTY AVE, Pittsburgh, 15210",Beltzhoover,3,3.0,"3 - Compromised, dangerous",1910.0,1901 to 1939,Frame,2.0,1260.0,Single Family,Salvage,2021-09-01,Yes,214.0
40.4174140647,-80.0076376141,"56 LAFFERTY AVE, Pittsburgh, 15210",Beltzhoover,3,,Not scored,1925.0,1901 to 1939,Masonry,2.0,1456.0,Single Family,Not scored,2020-09-03,Yes,238.0
40.4174795294,-80.0074362055,"62 LAFFERTY AVE, Pittsburgh, 15210",Beltzhoover,3,2.0,"2 - Compromised, possibly dangerous",1905.0,1901 to 1939,Frame,2.0,1252.0,Single Family,Mothball,2023-05-17,Yes,257.0
40.4174644375,-80.0071029588,"70 LAFFERTY AVE, Pittsburgh, 15210",Beltzhoover,3,2.0,"2 - Compromised, possibly dangerous",1915.0,1901 to 1939,Masonry,2.0,888.0,Single Family,Save first,2021-05-20,Yes,283.0
40.4176060713,-80.0071261004,"72 LAFFERTY AVE, Pittsburgh, 15210",Beltzhoover,3,2.0,"2 - Compromised, possibly dangerous",1915.0,1901 to 1939,Masonry,2.0,962.0,Rowhouse,Save first,2025-10-28,Yes,286.0
40.4177418441,-80.006592096,"86 LAFFERTY AVE, Pittsburgh, 15210",Beltzhoover,3,2.0,"2 - Compromised, possibly dangerous",1905.0,1901 to 1939,Frame,2.0,1584.0,Single Family,Mothball,2020-09-03,Yes,322.0
40.417361779,-80.0064801388,"85 SYLVANIA AVE, Pittsburgh, 15210",Beltzhoover,3,,Not scored,1910.0,1901 to 1939,Masonry,2.0,1927.0,Single Family,Not scored,2023-11-06,Yes,331.0
40.416372543,-80.0050178979,"120 CHALFONT ST, Pittsburgh, 15210",Beltzhoover,3,2.0,"2 - Compromised, possibly dangerous",1920.0,1901 to 1939,Masonry,2.0,1650.0,Single Family,Save first,2021-08-23,No,448.0
40.416384613,-80.004274912,"138 CHALFONT ST, Pittsburgh, 15210",Beltzhoover,3,2.0,"2 - Compromised, possibly dangerous",1920.0,1901 to 1939,Frame,2.0,1310.0,Single Family,Mothball,2020-06-29,No,511.0
40.4168257383,-80.0050755353,"614 GEARING AVE, Pittsburgh, 15210",Beltzhoover,3,,Not scored,1900.0,1900 (possible default),Frame,2.0,1518.0,Single Family,Not scored,2025-11-19,No,442.0
40.4167898832,-80.0053012272,"113 CHALFONT ST, Pittsburgh, 15210",Beltzhoover,3,,Not scored,1920.0,1901 to 1939,Frame,2.0,1488.0,Single Family,Not scored,2024-01-04,No,423.0
40.416840282,-80.0056221861,"613 MONTOOTH ST, Pittsburgh, 15210",Beltzhoover,3,2.0,"2 - Compromised, possibly dangerous",1930.0,1901 to 1939,Frame,2.0,1416.0,Single Family,Mothball,2020-09-04,Yes,396.0
40.4168994186,-80.0056227334,"611 MONTOOTH ST, Pittsburgh, 15210",Beltzhoover,3,2.0,"2 - Compromised, possibly dangerous",1930.0,1901 to 1939,Frame,2.0,1584.0,Single Family,Mothball,2020-09-04,Yes,396.0
40.4176483027,-80.0008519436,"339 SYLVANIA AVE, Pittsburgh, 15210",Beltzhoover,3,2.0,"2 - Compromised, possibly dangerous",1910.0,1901 to 1939,Frame,2.0,2064.0,Single Family,Mothball,2020-09-09,Yes,370.0
40.417682802,-79.9994949467,"423 SYLVANIA AVE, Pittsburgh, 15210",Beltzhoover,3,3.0,"3 - Compromised, dangerous",1920.0,1901 to 1939,Frame,3.0,2992.0,Three Family,Salvage,2026-08-21,Yes,380.0
40.4171862326,-80.0010779349,"332 SYLVANIA AVE, Pittsburgh, 15210",Beltzhoover,3,2.0,"2 - Compromised, possibly dangerous",1920.0,1901 to 1939,Frame,2.0,1704.0,Single Family,Mothball,2024-02-09,No,421.0
40.4168210293,-80.0032931686,"215 CHALFONT ST, Pittsburgh, 15210",Beltzhoover,3,2.0,"2 - Compromised, possibly dangerous",1910.0,1901 to 1939,Masonry,2.0,1584.0,Single Family,Save first,2020-06-25,No,509.0
40.4168352937,-80.0028282534,"229 CHALFONT ST, Pittsburgh, 15210",Beltzhoover,3,1.0,"1 - Intact, no immediate danger",1920.0,1901 to 1939,Frame,2.0,1585.0,Single Family,Mothball,2020-11-19,No,492.0
40.4164291789,-80.0018037237,"310 CHALFONT ST, Pittsburgh, 15210",Beltzhoover,3,,Not scored,1920.0,1901 to 1939,Masonry,2.0,567.0,Single Family,Not scored,2026-06-11,No,512.0
40.4164273832,-80.0019401377,"306 CHALFONT ST, Pittsburgh, 15210",Beltzhoover,3,2.0,"2 - Compromised, possibly dangerous",1920.0,1901 to 1939,Frame,2.0,1344.0,Single Family,Mothball,2023-09-05,No,515.0
40.4163994057,-80.0035329918,"208 CHALFONT ST, Pittsburgh, 15210",Beltzhoover,3,2.0,"2 - Compromised, possibly dangerous",,Unknown,Unknown,,,"Churches, Public Worship",Mothball,2020-06-25,No,554.0
40.4142387986,-80.0145915947,"97 DAWN AVE, Pittsburgh, PA 15226",Beechview,4,1.0,"1 - Intact, no immediate danger",1920.0,1901 to 1939,Frame,2.0,850.0,Single Family,Mothball,2025-10-16,Yes,309.0
40.4160105957,-80.0084196218,"32 SYLVANIA AVE, Pittsburgh, 15210",Beltzhoover,3,2.0,"2 - Compromised, possibly dangerous",1910.0,1901 to 1939,Frame,2.0,1440.0,Single Family,Mothball,2020-09-10,Yes,171.0
40.4157365453,-80.0075739058,"15 FRAMPTON AVE, Pittsburgh, 15210",Beltzhoover,3,2.0,"2 - Compromised, possibly dangerous",1900.0,1900 (possible default),Frame,2.0,1256.0,Single Family,Mothball,2026-05-06,Yes,249.0
40.4156979215,-80.0076530825,"14 FRAMPTON AVE, Pittsburgh, 15210",Beltzhoover,3,2.0,"2 - Compromised, possibly dangerous",1900.0,1900 (possible default),Frame,1.0,941.0,Single Family,Mothball,2026-05-06,Yes,244.0
40.4156585913,-80.0077247775,"13 FRAMPTON AVE, Pittsburgh, 15210",Beltzhoover,3,2.0,"2 - Compromised, possibly dangerous",1920.0,1901 to 1939,Frame,2.0,1156.0,Single Family,Mothball,2026-05-06,Yes,240.0
40.4152177044,-80.0075706413,"29 BIGGER ST, Pittsburgh, 15210",Beltzhoover,3,,Not scored,1900.0,1900 (possible default),Masonry,2.0,1239.0,Single Family,Not scored,2024-04-16,Yes,274.0
40.4143539704,-80.0059750432,"922 MONTOOTH ST, Pittsburgh, 15210",Beltzhoover,3,2.0,"2 - Compromised, possibly dangerous",1910.0,1901 to 1939,Masonry,3.0,3494.0,Single Family,Save first,2020-08-03,Yes,347.0
40.4159528935,-80.0062210861,"730 MONTOOTH ST, Pittsburgh, PA 15210",Beltzhoover,3,2.0,"2 - Compromised, possibly dangerous",,Unknown,Unknown,,,Owned By Metro Housing Au,Mothball,2023-07-05,Yes,354.0
40.4154281032,-80.0055703408,"809 MONTOOTH ST, Pittsburgh, 15210",Beltzhoover,3,2.0,"2 - Compromised, possibly dangerous",1935.0,1901 to 1939,Masonry,2.0,1040.0,Single Family,Save first,2020-09-04,No,421.0
40.4159217559,-80.0050902643,"716 GEARING AVE, Pittsburgh, 15210",Beltzhoover,3,2.0,"2 - Compromised, possibly dangerous",1900.0,1900 (possible default),Frame,2.0,1380.0,Single Family,Mothball,2023-12-13,No,449.0
40.4147537094,-80.0051025817,"828 GEARING AVE, Pittsburgh, 15210",Beltzhoover,3,2.0,"2 - Compromised, possibly dangerous",1922.0,1901 to 1939,Masonry,2.0,1169.0,Single Family,Save first,2020-08-31,No,428.0
40.4160644509,-80.0032333149,"213 MICHIGAN ST, Pittsburgh, 15210",Beltzhoover,3,2.0,"2 - Compromised, possibly dangerous",1920.0,1901 to 1939,Frame,2.0,1628.0,Single Family,Mothball,2025-12-04,No,584.0
40.4160743043,-80.0024702526,"235 MICHIGAN ST, Pittsburgh, 15210",Beltzhoover,3,1.0,"1 - Intact, no immediate danger",1925.0,1901 to 1939,Masonry,2.0,1572.0,Single Family,Save first,2020-09-04,No,563.0
40.4141157396,-79.999655029,"414 ALTHEA ST, Pittsburgh, 15210",Beltzhoover,3,,Not scored,1900.0,1900 (possible default),Frame,2.0,1820.0,Single Family,Not scored,2024-02-21,No,715.0
40.4141112138,-79.9997405744,"412 ALTHEA ST, Pittsburgh, 15210",Beltzhoover,3,,Not scored,1900.0,1900 (possible default),Frame,2.0,1808.0,Single Family,Not scored,2023-11-21,No,712.0
40.4156041082,-80.0006241183,"806 ESTELLA AVE, Pittsburgh, PA 15210",Beltzhoover,3,1.0,"1 - Intact, no immediate danger",1900.0,1900 (possible default),Frame,2.0,1310.0,Single Family,Mothball,2020-06-18,No,595.0
40.4153403978,-80.0006173787,"814 ESTELLA AVE, Pittsburgh, PA 15210",Beltzhoover,3,2.0,"2 - Compromised, possibly dangerous",1900.0,1900 (possible default),Frame,2.0,1650.0,Single Family,Mothball,2020-06-18,No,625.0
40.4146809559,-80.000594273,"834 ESTELLA AVE, Pittsburgh, PA 15210",Beltzhoover,3,,Not scored,1900.0,1900 (possible default),Frame,2.0,1642.0,Single Family,Not scored,2023-07-12,No,698.0
40.4144121554,-80.0005839357,"842 ESTELLA AVE, Pittsburgh, PA 15210",Beltzhoover,3,2.0,"2 - Compromised, possibly dangerous",1890.0,Before 1900,Frame,2.0,1855.0,Single Family,Mothball,2020-08-28,No,718.0
40.4148781728,-80.0010277334,"835 ELDORA PL, Pittsburgh, PA 15210",Beltzhoover,3,,Not scored,1910.0,1901 to 1939,Frame,3.0,2436.0,Single Family,Not scored,2020-11-30,No,676.0
40.4150687035,-80.001033247,"827 ELDORA PL, Pittsburgh, 15210",Beltzhoover,3,1.0,"1 - Intact, no immediate danger",1900.0,1900 (possible default),Frame,2.0,1495.0,Single Family,Mothball,2020-06-22,No,655.0
40.4151358457,-80.0010352388,"825 ELDORA PL, Pittsburgh, 15210",Beltzhoover,3,1.0,"1 - Intact, no immediate danger",1900.0,1900 (possible default),Frame,2.0,1530.0,Single Family,Mothball,2020-06-22,No,648.0
40.415202632,-80.0010349711,"821 ELDORA PL, Pittsburgh, 15210",Beltzhoover,3,1.0,"1 - Intact, no immediate danger",1910.0,1901 to 1939,Frame,2.0,1994.0,Single Family,Mothball,2020-06-22,No,640.0
40.4191802519,-80.0302133313,"1150 BANKSVILLE RD, Pittsburgh, PA 15216",Banksville,2,2.0,"2 - Compromised, possibly dangerous",,Unknown,Unknown,,,Motel & Tourist Cabins,Mothball,2024-10-02,No,1587.0
40.418104663,-80.0203832202,"1037 LOWENHILL ST, Pittsburgh, PA 15216",Beechview,4,1.0,"1 - Intact, no immediate danger",1910.0,1901 to 1939,Masonry,2.0,2153.0,Single Family,Save first,2021-10-13,No,748.0
40.4154057385,-80.027429592,"1319 BELASCO AVE, Pittsburgh, 15216",Beechview,4,2.0,"2 - Compromised, possibly dangerous",1925.0,1901 to 1939,Frame,1.0,1187.0,Single Family,Mothball,2020-08-21,No,1322.0
40.414613948,-80.0255904371,"1339 METHYL ST, Pittsburgh, PA 15216",Beechview,4,,Not scored,1920.0,1901 to 1939,Masonry,2.0,1144.0,Single Family,Not scored,2021-01-26,No,1175.0
40.4140502545,-80.023300913,"1406 DAGMAR AVE, Pittsburgh, 15216",Beechview,4,1.0,"1 - Intact, no immediate danger",1900.0,1900 (possible default),Masonry,2.0,1188.0,Single Family,Save first,2026-06-05,No,996.0
40.4140764642,-80.016369163,"1305 LETTIE HILL ST, Pittsburgh, 15216",Beechview,4,1.0,"1 - Intact, no immediate danger",1916.0,1901 to 1939,Frame,2.0,2093.0,Two Family,Mothball,2024-02-06,No,443.0
40.4328635101,-80.0466354855,"1200 HIGHMAN ST, Pittsburgh, 15205",Westwood,2,1.0,"1 - Intact, no immediate danger",1966.0,1940 or later,Masonry,2.0,1328.0,Single Family,Mothball,2023-04-13,No,1215.0
40.4310627609,-80.0380734335,"540 RIDGEMONT DR, Pittsburgh, 15220",Ridgemont,2,,Not scored,1950.0,1940 or later,Masonry,1.5,1333.0,Single Family,Not scored,2021-01-14,No,1132.0
40.4427284585,-80.0456370165,"1123 BERDELLA ST, Pittsburgh, 15220",Crafton Heights,2,1.0,"1 - Intact, no immediate danger",1930.0,1901 to 1939,Frame,1.0,1047.0,Single Family,Mothball,2020-08-24,No,708.0
40.4425765955,-80.0417601153,"904 STEUBEN ST, Pittsburgh, 15220",Elliott,2,,Not scored,1930.0,1901 to 1939,Masonry,2.0,1200.0,Single Family,Not scored,2021-04-29,Yes,388.0
40.4414573237,-80.0412303173,"8 ELBON ST, Pittsburgh, PA 15220",Elliott,2,2.0,"2 - Compromised, possibly dangerous",1920.0,1901 to 1939,Frame,2.0,1086.0,Single Family,Mothball,2024-05-03,Yes,318.0
40.441941578,-80.0424701211,"901 NEIDEL ST, Pittsburgh, 15220",Elliott,2,1.0,"1 - Intact, no immediate danger",1900.0,1900 (possible default),Frame,2.0,2024.0,Single Family,Mothball,2020-11-01,No,428.0
40.4430151015,-80.0435415772,"1031 STEUBEN ST, Pittsburgh, 15220",Elliott,2,2.0,"2 - Compromised, possibly dangerous",1920.0,1901 to 1939,Masonry,2.0,2274.0,Single Family,Save first,2024-04-05,No,547.0
40.4425548405,-80.0440389789,"1016 WYMORE ST, Pittsburgh, 15220",Elliott,2,1.0,"1 - Intact, no immediate danger",1900.0,1900 (possible default),Frame,2.0,1660.0,Single Family,Mothball,2020-07-30,No,572.0
40.4428030244,-80.039054457,"811 FURLEY ST, Pittsburgh, 15220",Elliott,2,2.0,"2 - Compromised, possibly dangerous",1900.0,1900 (possible default),Frame,2.0,1296.0,Two Family,Mothball,2022-08-05,Yes,211.0
40.4423607134,-80.0382833822,"133 FURLEY ST, Pittsburgh, PA 15220",Elliott,2,2.0,"2 - Compromised, possibly dangerous",1900.0,1900 (possible default),Frame,1.0,512.0,Single Family,Mothball,2024-09-10,Yes,133.0
40.4416556398,-80.0382190221,"716 LINHART ST, Pittsburgh, PA 15220",Elliott,2,3.0,"3 - Compromised, dangerous",1900.0,1900 (possible default),Frame,2.0,1098.0,Single Family,Salvage,2020-06-08,Yes,73.0
40.4419579052,-80.0394964485,"211 AMHERST ST, Pittsburgh, 15220",Elliott,2,1.0,"1 - Intact, no immediate danger",1865.0,Before 1900,Frame,2.0,1704.0,Single Family,Mothball,2023-10-10,Yes,185.0
40.4418701881,-80.0393354152,"735 JANEWOOD Way, Pittsburgh, 15220",Elliott,2,,Not scored,1900.0,1900 (possible default),Frame,2.0,824.0,Single Family,Not scored,2021-02-16,Yes,168.0
40.4418221745,-80.0392617001,"111 CRUCIBLE ST, Pittsburgh, 15220",Elliott,2,1.0,"1 - Intact, no immediate danger",1900.0,1900 (possible default),Frame,2.0,1440.0,Single Family,Mothball,2026-04-22,Yes,161.0
40.4411586179,-80.040592131,"757 STEUBEN ST, Pittsburgh, 15220",Elliott,2,2.0,"2 - Compromised, possibly dangerous",1900.0,1900 (possible default),Masonry,2.0,1186.0,Rowhouse,Save first,2020-09-09,Yes,264.0
40.4409176139,-80.039609303,"721 STEUBEN ST, Pittsburgh, 15220",Elliott,2,1.0,"1 - Intact, no immediate danger",1900.0,1900 (possible default),Frame,2.0,3072.0,Single Family,Mothball,2026-04-22,Yes,186.0
40.4410253994,-80.0393016349,"719 STEUBEN ST, Pittsburgh, 15220",Elliott,2,3.0,"3 - Compromised, dangerous",1930.0,1901 to 1939,Frame,2.0,1344.0,Single Family,Salvage,2023-02-03,Yes,158.0
40.4428225768,-80.0359358916,"610 ATTICA ST, Pittsburgh, 15220",Elliott,2,3.0,"3 - Compromised, dangerous",1900.0,1900 (possible default),Frame,2.0,1856.0,Two Family,Salvage,2025-09-18,Yes,130.0
40.4421456021,-80.0333889924,"129 STEUBEN ST, Pittsburgh, 15220",West End,2,2.0,"2 - Compromised, possibly dangerous",1900.0,1900 (possible default),Masonry,2.0,1628.0,Single Family,Save first,2020-09-09,Yes,31.0
40.4415451618,-80.0350436602,"175 STEUBEN ST, Pittsburgh, 15220",West End,2,2.0,"2 - Compromised, possibly dangerous",1900.0,1900 (possible default),Frame,2.0,2640.0,Four Family,Mothball,2025-11-25,Yes,32.0
40.4412744377,-80.0357827494,"195 STEUBEN ST, Pittsburgh, PA 15220",West End,2,2.0,"2 - Compromised, possibly dangerous",1900.0,1900 (possible default),Frame,1.5,1520.0,Single Family,Mothball,2020-09-09,Yes,52.0
40.4401995922,-80.0420392132,"733 WYMORE ST, Pittsburgh, 15220",Elliott,2,,Not scored,1890.0,Before 1900,Frame,2.0,928.0,Single Family,Not scored,2020-11-20,No,406.0
40.4383347361,-80.039984882,"609 HERSCHEL ST, Pittsburgh, 15220",Elliott,2,1.0,"1 - Intact, no immediate danger",1907.0,1901 to 1939,Frame,2.0,1868.0,Single Family,Mothball,2022-05-03,Yes,393.0
40.4392641836,-80.0375900175,"507 HARKER ST, Pittsburgh, 15220",Elliott,2,,Not scored,1910.0,1901 to 1939,Frame,2.0,1224.0,Single Family,Not scored,2026-02-23,Yes,228.0
40.4399720628,-80.0375225505,"508 LOVELACE ST, Pittsburgh, 15220",Elliott,2,1.0,"1 - Intact, no immediate danger",1932.0,1901 to 1939,Frame,2.0,3171.0,Three Family,Mothball,2020-09-03,Yes,150.0
40.4401437506,-80.03852472,"532 LOVELACE ST, Pittsburgh, 15220",Elliott,2,1.0,"1 - Intact, no immediate danger",1865.0,Before 1900,Frame,2.0,1736.0,Two Family,Mothball,2022-11-08,Yes,158.0
40.4395018774,-80.0367252954,"705 WALBRIDGE ST, Pittsburgh, 15220",Elliott,2,,Not scored,1870.0,Before 1900,Masonry,3.0,3964.0,Single Family,Not scored,2025-02-26,Yes,192.0
40.4389259523,-80.0364318696,"400 SPARTA ST, Pittsburgh, 15220",Elliott,2,,Not scored,1900.0,1900 (possible default),Frame,2.0,1744.0,Single Family,Not scored,2024-03-18,Yes,257.0
40.4393935812,-80.0354049075,"40 NOBLESTOWN RD, Pittsburgh, PA 15220",Elliott,2,2.0,"2 - Compromised, possibly dangerous",1920.0,1901 to 1939,Frame,2.0,960.0,Single Family,Mothball,2020-07-28,Yes,231.0
40.4396585549,-80.0349889163,"29 NOBLESTOWN RD, Pittsburgh, 15220",West End,2,2.0,"2 - Compromised, possibly dangerous",,Unknown,Unknown,,,Retl/Stor Over,Mothball,2020-07-27,Yes,222.0
40.4395901083,-80.0349529634,"31 NOBLESTOWN RD, Pittsburgh, 15220",West End,2,2.0,"2 - Compromised, possibly dangerous",1900.0,1900 (possible default),Frame,2.0,1344.0,Two Family,Mothball,2020-07-27,Yes,230.0
40.4372822693,-80.0395418984,"600 NOBLESTOWN RD, Pittsburgh, 15220",Elliott,2,1.0,"1 - Intact, no immediate danger",1900.0,1900 (possible default),Masonry,2.0,2498.0,Single Family,Save first,2024-05-10,No,480.0
40.4367412239,-80.0347813467,"138 WABASH ST, Pittsburgh, 15220",West End,2,3.0,"3 - Compromised, dangerous",1910.0,1901 to 1939,Masonry,3.0,2289.0,Single Family,Salvage,2023-11-13,No,523.0
40.4358827324,-80.034021998,"400 GREENTREE RD, Pittsburgh, 15220",West End,2,2.0,"2 - Compromised, possibly dangerous",,Unknown,Unknown,,,Retl/Stor Over,Mothball,2024-04-29,No,633.0
40.4355642516,-80.0388042911,"1159 MCCARTNEY ST, Pittsburgh, 15220",Westwood,2,2.0,"2 - Compromised, possibly dangerous",1900.0,1900 (possible default),Frame,1.0,912.0,Single Family,Mothball,2022-05-19,No,647.0
40.4340194047,-80.03806515,"225 KEARNS AVE, Pittsburgh, PA 15220",Westwood,2,2.0,"2 - Compromised, possibly dangerous",1890.0,Before 1900,Frame,2.0,1188.0,Single Family,Mothball,2020-09-02,No,807.0
40.4334848389,-80.0367660961,No primary address specified,Ridgemont,2,,Not scored,,Unknown,Unknown,,,R.R. - Not Used In Operation,Not scored,2023-04-14,No,858.0
40.4334365764,-80.0365188467,"318 JUNIUS ST, Pittsburgh, PA 15220",Ridgemont,2,2.0,"2 - Compromised, possibly dangerous",1890.0,Before 1900,Frame,2.0,1432.0,Single Family,Mothball,2024-06-18,No,863.0
40.4334026219,-80.0363941718,"322 JUNIUS ST, Pittsburgh, 15220",Ridgemont,2,1.0,"1 - Intact, no immediate danger",1910.0,1901 to 1939,Frame,2.0,1240.0,Single Family,Mothball,2024-03-20,No,867.0
40.4503988868,-80.0463015386,"1461 CHARTIERS AVE, Pittsburgh, PA 15220",Crafton Heights,2,1.0,"1 - Intact, no immediate danger",,Unknown,Unknown,,,"Restaurant, Cafet And/Or Bar",Mothball,2020-08-27,No,611.0
40.44907929,-80.0422896564,"115 STEM ST, Pittsburgh, 15220",Elliott,2,1.0,"1 - Intact, no immediate danger",1900.0,1900 (possible default),Frame,2.5,3647.0,Two Family,Mothball,2022-12-12,No,493.0
40.4482627163,-80.0438788623,"1318 CHARTIERS AVE, Pittsburgh, 15220",Elliott,2,2.0,"2 - Compromised, possibly dangerous",1900.0,1900 (possible default),Frame,2.0,1122.0,Single Family,Mothball,2020-08-19,No,640.0
40.4459587543,-80.0404535319,"1047 LAKEWOOD ST, Pittsburgh, 15220",Elliott,2,,Not scored,1940.0,1940 or later,Frame,2.0,1440.0,Single Family,Not scored,2020-12-03,No,571.0
40.4462777445,-80.0409802884,"1115 LAKEWOOD ST, Pittsburgh, 15220",Elliott,2,,Not scored,1898.0,Before 1900,Masonry,2.0,1353.0,Single Family,Not scored,2022-11-08,No,621.0
40.4470897046,-80.0408085362,"1206 LAKEWOOD ST, Pittsburgh, PA 15220",Elliott,2,2.0,"2 - Compromised, possibly dangerous",1930.0,1901 to 1939,Frame,2.0,1787.0,Two Family,Mothball,2021-06-03,No,539.0
40.4469400321,-80.0383417242,"1038 MARENA ST, Pittsburgh, 15220",Elliott,2,1.0,"1 - Intact, no immediate danger",1910.0,1901 to 1939,Frame,2.0,1926.0,Single Family,Mothball,2026-04-22,No,464.0
40.4461698738,-80.0386565171,"1018 UVILLA ST, Pittsburgh, 15220",Elliott,2,,Not scored,1920.0,1901 to 1939,Frame,2.0,1471.0,Single Family,Not scored,2022-11-29,No,545.0
40.4461613652,-80.0398526458,"1038 LAKEWOOD ST, Pittsburgh, 15220",Elliott,2,,Not scored,1935.0,1901 to 1939,Frame,2.0,1530.0,Single Family,Not scored,2024-02-14,No,571.0
40.445511112,-80.0379125282,"513 LORENZ AVE, Pittsburgh, 15220",Elliott,2,,Not scored,1900.0,1900 (possible default),Frame,2.0,2134.0,Single Family,Not scored,2022-06-08,No,464.0
40.4465795127,-80.0354510094,"920 ELKTON ST, Pittsburgh, 15220",Elliott,2,2.0,"2 - Compromised, possibly dangerous",1900.0,1900 (possible default),Frame,2.0,1191.0,Single Family,Mothball,2021-04-28,No,490.0
40.4462421428,-80.0357441731,"915 ELKTON ST, Pittsburgh, 15220",Elliott,2,2.0,"2 - Compromised, possibly dangerous",1907.0,1901 to 1939,Frame,2.0,1476.0,Single Family,Mothball,2020-08-28,No,464.0
40.4457906759,-80.0358080879,"904 VALONIA ST, Pittsburgh, 15220",Elliott,2,2.0,"2 - Compromised, possibly dangerous",1900.0,1900 (possible default),Frame,1.0,656.0,Single Family,Mothball,2020-09-09,No,422.0
40.4470066506,-80.0365726577,"304 LORENZ AVE, Pittsburgh, 15220",Elliott,2,2.0,"2 - Compromised, possibly dangerous",1911.0,1901 to 1939,Frame,2.0,1488.0,Single Family,Mothball,2020-09-03,No,445.0
40.4447547223,-80.0421644235,"1102 FREDONIA ST, Pittsburgh, 15220",Crafton Heights,2,2.0,"2 - Compromised, possibly dangerous",1879.0,Before 1900,Frame,2.0,1267.0,Single Family,Mothball,2023-11-07,No,549.0
40.4454104442,-80.0409543295,"728 RUDOLPH ST, Pittsburgh, 15220",Elliott,2,3.0,"3 - Compromised, dangerous",1945.0,1940 or later,Frame,1.5,1008.0,Single Family,Demolish,2020-09-09,No,539.0
40.4452804257,-80.0405838436,"726 BUCYRUS ST, Pittsburgh, 15220",Elliott,2,2.0,"2 - Compromised, possibly dangerous",1918.0,1901 to 1939,Frame,2.0,2131.0,Single Family,Mothball,2023-01-24,No,510.0
40.4451926199,-80.0407174653,"730 BUCYRUS ST, Pittsburgh, PA 15220",Elliott,2,1.0,"1 - Intact, no immediate danger",1880.0,Before 1900,Frame,2.0,1495.0,Single Family,Mothball,2025-12-15,No,508.0
40.4445781677,-80.0409508856,"1012 CHARTIERS AVE #2, Pittsburgh, PA 15220",Elliott,2,2.0,"2 - Compromised, possibly dangerous",1900.0,1900 (possible default),Frame,2.0,1862.0,Two Family,Mothball,2020-08-18,No,465.0
40.4440127434,-80.0411034924,"804 LORENZ AVE #2, Pittsburgh, PA 15220",Elliott,2,1.0,"1 - Intact, no immediate danger",1937.0,1901 to 1939,Frame,2.0,2164.0,Two Family,Mothball,2022-08-12,No,427.0
40.4437379093,-80.0407429903,"807 LORENZ AVE, Pittsburgh, 15220",Elliott,2,1.0,"1 - Intact, no immediate danger",,Unknown,Unknown,,,Municipal Government,Mothball,2020-09-03,Yes,384.0
40.4435389115,-80.0405168922,"923 CHARTIERS AVE, Pittsburgh, PA 15220",Elliott,2,1.0,"1 - Intact, no immediate danger",,Unknown,Unknown,,,Retl/Apt'S Over,Mothball,2023-04-17,Yes,355.0
40.4441579505,-80.0399635002,"735 LORENZ AVE, Pittsburgh, 15220",Elliott,2,3.0,"3 - Compromised, dangerous",,Unknown,Unknown,,,Small Detached Ret(Under 10000),Demolish,2021-08-30,Yes,377.0
40.4444065176,-80.0396031822,"723 LORENZ AVE, Pittsburgh, 15220",Elliott,2,1.0,"1 - Intact, no immediate danger",1910.0,1901 to 1939,Masonry,2.0,1280.0,Single Family,Save first,2023-10-04,Yes,385.0
40.4443584694,-80.0388656729,"915 GIBSON ST, Pittsburgh, 15220",Elliott,2,3.0,"3 - Compromised, dangerous",1919.0,1901 to 1939,Masonry,2.0,2100.0,Single Family,Salvage,2024-03-21,Yes,355.0
40.4443068518,-80.0388073699,"913 GIBSON ST, Pittsburgh, 15220",Elliott,2,,Not scored,1909.0,1901 to 1939,Frame,2.0,1440.0,Single Family,Not scored,2022-11-10,Yes,348.0
40.4446844744,-80.0375710986,"900 WILHELM ST, Pittsburgh, PA 15220",Elliott,2,,Not scored,1910.0,1901 to 1939,Masonry,2.0,1598.0,Two Family,Not scored,2024-04-11,Yes,371.0
40.4431553826,-80.0382811709,"110 COMSTOCK Way, Pittsburgh, 15220",Elliott,2,1.0,"1 - Intact, no immediate danger",1916.0,1901 to 1939,Frame,2.0,1156.0,Single Family,Mothball,2024-03-11,Yes,213.0
40.4442377379,-80.0366337903,"205 FAIRVIEW AVE, Pittsburgh, PA 15220",Elliott,2,2.0,"2 - Compromised, possibly dangerous",1965.0,1940 or later,Frame,2.0,2856.0,Three Family,Mothball,2026-05-06,Yes,297.0
40.4444415661,-80.035570672,"302 FAIRVIEW AVE, Pittsburgh, 15220",Elliott,2,1.0,"1 - Intact, no immediate danger",1908.0,1901 to 1939,Frame,2.0,1958.0,Three Family,Mothball,2020-08-28,Yes,285.0
40.4432859051,-80.0366372937,"207 HERNDON ST, Pittsburgh, 15220",Elliott,2,2.0,"2 - Compromised, possibly dangerous",1900.0,1900 (possible default),Masonry,3.0,2140.0,Two Family,Save first,2021-07-12,Yes,202.0
40.4448936298,-80.0342044835,"709 ELKTON ST, Pittsburgh, 15220",Elliott,2,2.0,"2 - Compromised, possibly dangerous",1890.0,Before 1900,Frame,1.0,1026.0,Two Family,Mothball,2020-08-28,Yes,281.0
40.4586684748,-80.0463515226,"2821 W CARSON ST, Pittsburgh, 15204",Esplen,2,2.0,"2 - Compromised, possibly dangerous",1920.0,1901 to 1939,Frame,2.0,1960.0,Single Family,Mothball,2020-08-26,Yes,239.0
40.4578809531,-80.0458620606,"1007 POWELL AVE, Pittsburgh, PA 15204",Esplen,2,3.0,"3 - Compromised, dangerous",1900.0,1900 (possible default),Frame,2.0,1280.0,Single Family,Salvage,2024-05-03,Yes,332.0
40.4559390028,-80.0495190971,"2762 STAFFORD ST, Pittsburgh, 15204",Sheraden,2,1.0,"1 - Intact, no immediate danger",1930.0,1901 to 1939,Frame,2.0,2002.0,Single Family,Mothball,2020-09-09,No,472.0
40.4563396279,-80.0493572426,"328 HAMMOND ST, Pittsburgh, 15204",Sheraden,2,1.0,"1 - Intact, no immediate danger",1920.0,1901 to 1939,Frame,2.0,1200.0,Single Family,Mothball,2024-08-30,No,436.0
40.4564140391,-80.049224441,"324 HAMMOND ST, Pittsburgh, 15204",Sheraden,2,1.0,"1 - Intact, no immediate danger",1920.0,1901 to 1939,Frame,2.0,1068.0,Single Family,Mothball,2024-08-30,No,426.0
40.4566682332,-80.0490339065,"2904 SACRAMENTO AVE, Pittsburgh, 15204",Sheraden,2,2.0,"2 - Compromised, possibly dangerous",1900.0,1900 (possible default),Frame,2.0,1453.0,Single Family,Mothball,2024-12-19,Yes,395.0
40.4570898358,-80.0444573127,"2649 W CARSON ST, Pittsburgh, 15204",Esplen,2,2.0,"2 - Compromised, possibly dangerous",1930.0,1901 to 1939,Frame,2.0,2122.0,Single Family,Mothball,2020-08-26,No,418.0
40.4570523363,-80.0442601975,"2645 W CARSON ST, Pittsburgh, 15204",Esplen,2,1.0,"1 - Intact, no immediate danger",1930.0,1901 to 1939,Frame,2.5,1782.0,Single Family,Mothball,2020-08-26,No,404.0
40.4538048987,-80.0491791184,"2713 MERWYN AVE, Pittsburgh, 15204",Sheraden,2,,Not scored,1900.0,1900 (possible default),Frame,2.0,2076.0,Single Family,Not scored,2024-06-26,Yes,346.0
40.4544175917,-80.0491345971,"2726 MERWYN AVE, Pittsburgh, 15204",Sheraden,2,1.0,"1 - Intact, no immediate danger",1900.0,1900 (possible default),Frame,2.0,1440.0,Single Family,Mothball,2023-01-24,Yes,382.0
40.4549956534,-80.0491692975,"2735 STAFFORD ST, Pittsburgh, 15204",Sheraden,2,2.0,"2 - Compromised, possibly dangerous",1930.0,1901 to 1939,Frame,2.0,1672.0,Single Family,Mothball,2020-09-09,No,417.0
40.4624466345,-80.0258316405,"1225 SUCCESS ST, Pittsburgh, 15212",California-Kirkbride,6,1.0,"1 - Intact, no immediate danger",1901.0,1901 to 1939,Frame,2.5,2403.0,Single Family,Mothball,2020-07-21,No,531.0
40.4620536999,-80.0254868508,"1219 COLFAX ST, Pittsburgh, 15212",California-Kirkbride,6,2.0,"2 - Compromised, possibly dangerous",1902.0,1901 to 1939,Masonry,2.0,2132.0,Single Family,Save first,2022-07-11,No,572.0
40.4614316159,-80.0257755451,"1223 MARVISTA ST, Pittsburgh, 15212",California-Kirkbride,6,2.0,"2 - Compromised, possibly dangerous",1886.0,Before 1900,Frame,2.0,1332.0,Single Family,Mothball,2020-09-03,No,625.0
40.4609468989,-80.025927546,"1241 SIGEL ST, Pittsburgh, PA 15212",California-Kirkbride,6,,Not scored,1887.0,Before 1900,Frame,2.0,1400.0,Single Family,Not scored,2026-09-15,No,572.0
40.4603527661,-80.024554654,"1208 KUNKLE AVE, Pittsburgh, 15212",California-Kirkbride,6,1.0,"1 - Intact, no immediate danger",1900.0,1900 (possible default),Frame,2.0,1394.0,Single Family,Mothball,2026-01-12,No,584.0
40.46011534,-80.02397725,"1934 SEDGWICK ST, Pittsburgh, 15212",California-Kirkbride,6,3.0,"3 - Compromised, dangerous",1910.0,1901 to 1939,Masonry,2.0,1579.0,Rowhouse,Salvage,2020-09-09,No,598.0
40.460895034,-80.0190873379,"1927 BRIGHTON RD, Pittsburgh, 15212",California-Kirkbride,6,2.0,"2 - Compromised, possibly dangerous",1900.0,1900 (possible default),Frame,2.0,1602.0,Single Family,Mothball,2020-08-25,Yes,235.0
40.4585038206,-80.0293053115,"1438 ADAMS ST, Pittsburgh, 15233",Manchester,6,2.0,"2 - Compromised, possibly dangerous",1880.0,Before 1900,Frame,1.0,876.0,Single Family,Mothball,2023-10-11,Yes,236.0
40.4586345862,-80.0286727584,"1420 ADAMS ST, Pittsburgh, 15233",Manchester,6,1.0,"1 - Intact, no immediate danger",1877.0,Before 1900,Frame,2.0,1076.0,Rowhouse,Mothball,2020-06-26,Yes,252.0
40.4589214741,-80.0294363494,"1446 BELDALE ST, Pittsburgh, 15233",Manchester,6,1.0,"1 - Intact, no immediate danger",1891.0,Before 1900,Frame,2.0,1224.0,Single Family,Mothball,2020-06-30,Yes,283.0
40.4593841911,-80.0298193774,"1442 NIXON ST, Pittsburgh, 15233",Manchester,6,2.0,"2 - Compromised, possibly dangerous",1877.0,Before 1900,Masonry,2.0,3105.0,Rowhouse,Save first,2025-04-01,Yes,339.0
40.4596254945,-80.0287772662,"1414 NIXON ST, Pittsburgh, 15233",Manchester,6,3.0,"3 - Compromised, dangerous",1887.0,Before 1900,Frame,2.0,1440.0,Single Family,Salvage,2020-09-08,Yes,361.0
40.4589378425,-80.0270904962,"1320 ADAMS ST, Pittsburgh, 15233",Manchester,6,3.0,"3 - Compromised, dangerous",1885.0,Before 1900,Frame,2.0,1100.0,Single Family,Salvage,2020-08-20,Yes,330.0
40.4588635596,-80.0273324273,"1326 ADAMS ST, Pittsburgh, 15233",Manchester,6,,Not scored,1877.0,Before 1900,Frame,2.0,2002.0,Rowhouse,Not scored,2020-08-20,Yes,313.0
40.4588499098,-80.0274032828,"1328 ADAMS ST, Pittsburgh, 15233",Manchester,6,2.0,"2 - Compromised, possibly dangerous",1877.0,Before 1900,Frame,2.0,1360.0,Rowhouse,Mothball,2020-08-20,Yes,309.0
40.4589306883,-80.0277611672,"1908 MANHATTAN ST, Pittsburgh, PA 15233",Manchester,6,3.0,"3 - Compromised, dangerous",1876.0,Before 1900,Masonry,2.5,2090.0,Two Family,Salvage,2020-08-20,Yes,304.0
40.4589783915,-80.0277778248,"1910 MANHATTAN ST, Pittsburgh, 15233",Manchester,6,1.0,"1 - Intact, no immediate danger",1877.0,Before 1900,Masonry,2.5,2318.0,Rowhouse,Save first,2023-03-27,Yes,309.0
40.4590272747,-80.0277932656,"1912 MANHATTAN ST, Pittsburgh, 15233",Manchester,6,2.0,"2 - Compromised, possibly dangerous",1880.0,Before 1900,Masonry,2.5,2318.0,Rowhouse,Save first,2020-08-20,Yes,313.0
40.4582310551,-80.0283718286,"1417 ADAMS ST, Pittsburgh, PA 15233",Manchester,6,3.0,"3 - Compromised, dangerous",,Unknown,Unknown,,,Retl/Apt'S Over,Demolish,2020-06-26,Yes,214.0
40.4586356543,-80.0266366295,"1311 ADAMS ST, Pittsburgh, 15233",Manchester,6,3.0,"3 - Compromised, dangerous",1896.0,Before 1900,Masonry,2.0,1776.0,Single Family,Salvage,2026-01-09,Yes,325.0
40.4586530792,-80.0263581912,"1301 ADAMS ST, Pittsburgh, 15233",Manchester,6,2.0,"2 - Compromised, possibly dangerous",,Unknown,Unknown,,,Light Manufacturing,Mothball,2020-05-19,Yes,342.0
40.4578870975,-80.0277286341,"1402 COLUMBUS AVE, Pittsburgh, PA 15233",Manchester,6,2.0,"2 - Compromised, possibly dangerous",1890.0,Before 1900,Masonry,2.5,3261.0,Two Family,Save first,2026-07-08,Yes,203.0
40.4576887701,-80.0267656415,"1321 COLUMBUS AVE, Pittsburgh, PA 15233",Manchester,6,1.0,"1 - Intact, no immediate danger",1920.0,1901 to 1939,Frame,2.0,1302.0,Rowhouse,Mothball,2020-08-27,Yes,244.0
40.4596528058,-80.0221949152,"1016 KIRKBRIDE ST, Pittsburgh, 15212",California-Kirkbride,6,3.0,"3 - Compromised, dangerous",1897.0,Before 1900,Masonry,3.0,2227.0,Single Family,Salvage,2020-07-13,No,451.0
40.459506269,-80.0212806538,"961 KIRKBRIDE ST, Pittsburgh, PA 15212",California-Kirkbride,6,1.0,"1 - Intact, no immediate danger",1900.0,1900 (possible default),Masonry,2.5,1415.0,Single Family,Save first,2022-06-27,Yes,374.0
40.4593492657,-80.021383194,"1812 SAINT MARKS PL, Pittsburgh, PA 15212",California-Kirkbride,6,1.0,"1 - Intact, no immediate danger",1900.0,1900 (possible default),Frame,2.0,852.0,Single Family,Mothball,2022-06-27,Yes,383.0
40.4591894649,-80.0168001746,"1730 MCCULLOUGH ST, Pittsburgh, 15212",California-Kirkbride,1,2.0,"2 - Compromised, possibly dangerous",1900.0,1900 (possible default),Masonry,3.0,1530.0,Single Family,Save first,2020-09-04,Yes,26.0
40.4587791476,-80.0180155258,"1716 MARQUIS Way, Pittsburgh, PA 15212",California-Kirkbride,6,1.0,"1 - Intact, no immediate danger",1900.0,1900 (possible default),Masonry,2.0,1088.0,Single Family,Save first,2026-08-20,Yes,129.0
40.4574061909,-80.0278568781,"1409 COLUMBUS AVE, Pittsburgh, 15233",Manchester,6,3.0,"3 - Compromised, dangerous",1900.0,1900 (possible default),Masonry,2.0,2092.0,Rowhouse,Salvage,2025-04-30,Yes,154.0
40.4572187382,-80.0264371032,"1316 JUNIATA ST, Pittsburgh, 15233",Manchester,6,,Not scored,1910.0,1901 to 1939,Frame,2.0,1496.0,Single Family,Not scored,2023-02-06,Yes,243.0
40.456190083,-80.0272361617,"1609 MANHATTAN ST, Pittsburgh, 15233",Manchester,6,2.0,"2 - Compromised, possibly dangerous",1891.0,Before 1900,Masonry,3.0,2451.0,Single Family,Save first,2020-08-20,Yes,155.0
40.456123724,-80.0272172606,"1607 MANHATTAN ST, Pittsburgh, 15233",Manchester,6,3.0,"3 - Compromised, dangerous",1900.0,1900 (possible default),Masonry,2.0,1484.0,Two Family,Salvage,2021-03-17,Yes,152.0
40.4558795624,-80.025949352,"1315 N FRANKLIN ST, Pittsburgh, 15233",Manchester,6,2.0,"2 - Compromised, possibly dangerous",1900.0,1900 (possible default),Masonry,2.0,2541.0,Single Family,Save first,2020-07-09,Yes,244.0
40.4559511741,-80.0256391878,"1307 N FRANKLIN ST, Pittsburgh, 15233",Manchester,6,2.0,"2 - Compromised, possibly dangerous",1910.0,1901 to 1939,Frame,2.0,1508.0,Single Family,Mothball,2020-07-09,Yes,272.0
40.455910668,-80.0253970833,"1301 N FRANKLIN ST, Pittsburgh, 15233",Manchester,6,1.0,"1 - Intact, no immediate danger",1910.0,1901 to 1939,Masonry,3.0,5731.0,Four Family,Save first,2020-07-07,Yes,291.0
40.4555568395,-80.0249306602,"1250 LIVERPOOL ST, Pittsburgh, 15233",Manchester,6,3.0,"3 - Compromised, dangerous",,Unknown,Unknown,,,"Churches, Public Worship",Demolish,2025-08-14,Yes,326.0
40.4567899737,-80.0235248364,"1210 N FRANKLIN ST, Pittsburgh, PA 15233",Manchester,6,2.0,"2 - Compromised, possibly dangerous",1920.0,1901 to 1939,Frame,2.0,1583.0,Single Family,Mothball,2025-07-01,No,469.0
40.4559200536,-80.0226227818,"1122 LIVERPOOL ST, Pittsburgh, 15233",Manchester,6,2.0,"2 - Compromised, possibly dangerous",1915.0,1901 to 1939,Masonry,2.0,2496.0,Single Family,Save first,2023-03-29,No,524.0
40.4552775848,-80.0210892277,"1020 PENNSYLVANIA AVE, Pittsburgh, 15233",Manchester,6,,Not scored,1983.0,1940 or later,Masonry,2.0,1260.0,Townhouse,Not scored,2026-05-06,No,488.0
40.4552632428,-80.021165782,"1022 PENNSYLVANIA AVE, Pittsburgh, 15233",Manchester,6,1.0,"1 - Intact, no immediate danger",1983.0,1940 or later,Masonry,2.0,1412.0,Townhouse,Mothball,2023-05-30,No,495.0
40.4535083991,-80.0278179267,"1448 STEDMAN ST, Pittsburgh, 15233",Manchester,6,1.0,"1 - Intact, no immediate danger",1900.0,1900 (possible default),Frame,2.0,1594.0,Single Family,Mothball,2020-09-09,Yes,228.0
40.4532111489,-80.0276071687,"1447 STEDMAN ST, Pittsburgh, 15233",Manchester,6,1.0,"1 - Intact, no immediate danger",1900.0,1900 (possible default),Masonry,2.0,1260.0,Single Family,Save first,2020-09-09,Yes,265.0
40.4532107175,-80.026566439,"1410 SHEFFIELD ST, Pittsburgh, 15233",Manchester,6,2.0,"2 - Compromised, possibly dangerous",1887.0,Before 1900,Masonry,2.0,1692.0,Single Family,Save first,2026-06-12,Yes,309.0
40.4532229301,-80.0264224664,"1406 SHEFFIELD ST, Pittsburgh, 15233",Manchester,6,2.0,"2 - Compromised, possibly dangerous",1882.0,Before 1900,Masonry,2.0,1516.0,Single Family,Save first,2020-06-08,Yes,316.0
40.4533646212,-80.0227500746,"1204 HAMLIN ST, Pittsburgh, 15233",Manchester,6,2.0,"2 - Compromised, possibly dangerous",1970.0,1940 or later,Masonry,2.0,1250.0,Townhouse,Mothball,2025-12-04,No,559.0
40.4540940591,-80.0169604331,"1112 GALVESTON AVE, Pittsburgh, PA 15233",Central Northside,1,2.0,"2 - Compromised, possibly dangerous",,Unknown,Unknown,,,Light Manufacturing,Mothball,2023-02-01,Yes,217.0
40.4620663716,-80.014440111,"16 NORMAN ST, Pittsburgh, 15214",Perry South,6,1.0,"1 - Intact, no immediate danger",1890.0,Before 1900,Frame,2.0,1440.0,Rowhouse,Mothball,2020-09-08,Yes,96.0
40.4620494973,-80.0145055493,"18 NORMAN ST, Pittsburgh, 15214",Perry South,6,3.0,"3 - Compromised, dangerous",1890.0,Before 1900,Frame,2.0,1500.0,Rowhouse,Salvage,2021-09-17,Yes,99.0
40.4619860144,-80.0146262369,"22 NORMAN ST, Pittsburgh, 15214",Perry South,6,2.0,"2 - Compromised, possibly dangerous",1890.0,Before 1900,Frame,2.0,1460.0,Rowhouse,Mothball,2021-09-17,Yes,102.0
40.4618630738,-80.0148481559,"34 NORMAN ST, Pittsburgh, 15214",Perry South,6,3.0,"3 - Compromised, dangerous",1890.0,Before 1900,Frame,2.0,1296.0,Rowhouse,Salvage,2023-06-26,Yes,112.0
40.4613987242,-80.0153189329,"29 GERANIUM ST, Pittsburgh, 15214",Perry South,6,1.0,"1 - Intact, no immediate danger",1900.0,1900 (possible default),Frame,2.0,1066.0,Single Family,Mothball,2025-06-24,Yes,142.0
40.4614165801,-80.0152827336,"27 GERANIUM ST, Pittsburgh, 15214",Perry South,6,,Not scored,1900.0,1900 (possible default),Frame,2.0,1066.0,Single Family,Not scored,2025-06-24,Yes,139.0
40.4614713652,-80.0139366616,"1917 PERRYSVILLE AVE, Pittsburgh, PA 15214",Perry South,6,1.0,"1 - Intact, no immediate danger",,Unknown,Unknown,,,Apart: 5-19 Units,Mothball,2020-07-08,Yes,25.0
40.4620878551,-80.0102993002,"1909 LITHGOW AVE, Pittsburgh, PA 15214",Perry South,6,2.0,"2 - Compromised, possibly dangerous",1900.0,1900 (possible default),Frame,2.0,1700.0,Single Family,Mothball,2020-09-03,Yes,158.0
40.4622613863,-80.009867877,"1912 LITHGOW AVE, Pittsburgh, PA 15214",Perry South,6,2.0,"2 - Compromised, possibly dangerous",1903.0,1901 to 1939,Frame,2.0,1424.0,Single Family,Mothball,2023-03-27,Yes,148.0
40.4620142628,-80.0097778037,"1902 LITHGOW AVE, Pittsburgh, PA 15214",Perry South,6,,Not scored,1900.0,1900 (possible default),Frame,2.0,1280.0,Single Family,Not scored,2026-02-26,Yes,121.0
40.4606620935,-80.0091951824,"1683 PERRYSVILLE AVE #3, Pittsburgh, PA 15212",Central Northside,1,2.0,"2 - Compromised, possibly dangerous",1880.0,Before 1900,Frame,2.5,2210.0,Three Family,Mothball,2020-09-08,Yes,60.0
40.4623186674,-80.0080130761,"6 LETSCHE ST, Pittsburgh, 15214",Fineview,1,2.0,"2 - Compromised, possibly dangerous",1900.0,1900 (possible default),Frame,2.0,1110.0,Single Family,Mothball,2020-09-03,Yes,149.0
40.4623744067,-80.0077287558,"11 BELLEAU ST, Pittsburgh, 15214",Fineview,1,1.0,"1 - Intact, no immediate danger",1900.0,1900 (possible default),Frame,1.0,1338.0,Single Family,Mothball,2026-07-29,Yes,167.0
40.4615769747,-80.0051494516,"1712 MEADVILLE ST, Pittsburgh, 15214",Fineview,1,3.0,"3 - Compromised, dangerous",1929.0,1901 to 1939,Masonry,2.0,1504.0,Single Family,Salvage,2026-04-21,Yes,321.0
40.4614640096,-80.0051058307,"1708 MEADVILLE ST, Pittsburgh, 15214",Fineview,1,3.0,"3 - Compromised, dangerous",1890.0,Before 1900,Frame,2.0,1845.0,Single Family,Salvage,2026-04-21,Yes,323.0
40.461035721,-80.0027677973,"436 CATOMA ST, Pittsburgh, 15212",Fineview,1,3.0,"3 - Compromised, dangerous",1900.0,1900 (possible default),Frame,2.5,2609.0,Single Family,Salvage,2026-05-04,No,482.0
40.4611430837,-80.0030665696,"2 EDENVALE ST, Pittsburgh, 15212",Fineview,1,1.0,"1 - Intact, no immediate danger",1935.0,1901 to 1939,Frame,2.0,1416.0,Single Family,Mothball,2026-04-17,No,467.0
40.4619290507,-80.0033348746,"20 EDENVALE ST, Pittsburgh, 15212",Fineview,1,2.0,"2 - Compromised, possibly dangerous",1942.0,1940 or later,Frame,2.0,1752.0,Two Family,Mothball,2020-08-27,No,479.0
40.4622080673,-80.0033801716,"63 EDENVALE ST, Pittsburgh, 15212",Fineview,1,2.0,"2 - Compromised, possibly dangerous",1900.0,1900 (possible default),Frame,2.0,1958.0,Single Family,Mothball,2020-08-27,No,481.0
40.4622650957,-80.0029150825,"1733 WARREN ST, Pittsburgh, 15212",Fineview,1,2.0,"2 - Compromised, possibly dangerous",1900.0,1900 (possible default),Frame,2.5,1602.0,Single Family,Mothball,2020-09-10,No,521.0
40.4622043982,-80.0029139105,"1731 WARREN ST, Pittsburgh, 15212",Fineview,1,1.0,"1 - Intact, no immediate danger",1900.0,1900 (possible default),Frame,2.0,1514.0,Single Family,Mothball,2022-05-16,No,520.0
40.4619500888,-80.0029240671,"1723 WARREN ST, Pittsburgh, 15212",Fineview,1,1.0,"1 - Intact, no immediate danger",1900.0,1900 (possible default),Frame,2.0,1555.0,Single Family,Mothball,2026-07-29,No,513.0
40.4612850409,-80.0029333735,"6 EDENVALE ST, Pittsburgh, 15212",Fineview,1,2.0,"2 - Compromised, possibly dangerous",1900.0,1900 (possible default),Frame,2.0,1015.0,Rowhouse,Mothball,2022-04-06,No,485.0
40.4613259427,-80.0029330825,"8 EDENVALE ST, Pittsburgh, 15212",Fineview,1,2.0,"2 - Compromised, possibly dangerous",1900.0,1900 (possible default),Frame,2.0,974.0,Rowhouse,Mothball,2026-04-17,No,488.0
40.4612422027,-80.002934045,"4 EDENVALE ST, Pittsburgh, 15212",Fineview,1,2.0,"2 - Compromised, possibly dangerous",1900.0,1900 (possible default),Frame,2.0,1406.0,Rowhouse,Mothball,2026-04-17,No,482.0
40.4611453024,-80.0022582287,"8 CARRIE ST, Pittsburgh, 15212",Fineview,1,2.0,"2 - Compromised, possibly dangerous",1900.0,1900 (possible default),Frame,2.0,1422.0,Single Family,Mothball,2021-10-06,No,525.0
40.4614399763,-80.0021415819,"11 CARRIE ST, Pittsburgh, PA 15212",Fineview,1,2.0,"2 - Compromised, possibly dangerous",,Unknown,Unknown,,,Bars,Mothball,2025-12-04,No,551.0
40.4623071774,-80.0015399633,"9 PILSEN ST, Pittsburgh, 15212",Fineview,1,1.0,"1 - Intact, no immediate danger",1900.0,1900 (possible default),Frame,2.0,1190.0,Single Family,Mothball,2026-07-29,No,636.0
40.4585569158,-80.0132050394,"514 ARMANDALE ST, Pittsburgh, 15212",Central Northside,1,3.0,"3 - Compromised, dangerous",1900.0,1900 (possible default),Frame,2.0,1522.0,Single Family,Salvage,2026-05-07,Yes,194.0
40.4584065563,-80.0140232344,"1607 MONTEREY ST, Pittsburgh, PA 15212",Central Northside,1,,Not scored,1900.0,1900 (possible default),Masonry,2.0,3390.0,Four Family,Not scored,2025-02-17,Yes,169.0
40.4582424401,-80.0129615586,"511 ARMANDALE ST, Pittsburgh, 15212",Central Northside,1,2.0,"2 - Compromised, possibly dangerous",1900.0,1900 (possible default),Frame,3.0,2016.0,Rowhouse,Mothball,2026-06-11,Yes,230.0
40.4581794523,-80.0135756949,"1536 MONTEREY ST, Pittsburgh, 15212",Central Northside,1,1.0,"1 - Intact, no immediate danger",1865.0,Before 1900,Frame,2.0,1104.0,Rowhouse,Mothball,2024-07-16,Yes,208.0
40.457864566,-80.0155056556,"719 ARMANDALE ST, Pittsburgh, PA 15212",Central Northside,1,1.0,"1 - Intact, no immediate danger",1900.0,1900 (possible default),Frame,2.0,896.0,Single Family,Mothball,2020-08-21,Yes,50.0
40.4581524498,-80.0154653048,"712 ARMANDALE ST, Pittsburgh, 15212",Central Northside,6,2.0,"2 - Compromised, possibly dangerous",1900.0,1900 (possible default),Masonry,2.0,1962.0,Rowhouse,Save first,2020-08-21,Yes,51.0
40.4590463903,-80.0159888117,"1720 BRIGHTON RD, Pittsburgh, 15212",Central Northside,6,3.0,"3 - Compromised, dangerous",1900.0,1900 (possible default),Masonry,3.0,2592.0,Two Family,Salvage,2020-08-25,Yes,77.0
40.4587413853,-80.0118237378,"257 E JEFFERSON ST, Pittsburgh, 15212",Central Northside,1,1.0,"1 - Intact, no immediate danger",1930.0,1901 to 1939,Masonry,2.0,1008.0,Single Family,Save first,2023-05-26,Yes,209.0
40.4588229195,-80.0112707426,"241 E JEFFERSON ST, Pittsburgh, 15212",Central Northside,1,1.0,"1 - Intact, no immediate danger",1900.0,1900 (possible default),Frame,2.5,1944.0,Rowhouse,Mothball,2025-08-11,Yes,232.0
40.4592631658,-80.008909153,"115 E JEFFERSON ST, Pittsburgh, PA 15212",Central Northside,1,2.0,"2 - Compromised, possibly dangerous",1930.0,1901 to 1939,Frame,2.5,1639.0,Single Family,Mothball,2022-07-14,Yes,96.0
40.4588848005,-80.0087000587,"111 CARRINGTON ST, Pittsburgh, 15212",Central Northside,1,2.0,"2 - Compromised, possibly dangerous",1890.0,Before 1900,Masonry,2.0,1406.0,Single Family,Save first,2020-07-02,Yes,72.0
40.4585846925,-80.0093757587,"110 ALPINE AVE, Pittsburgh, PA 15212",Central Northside,1,2.0,"2 - Compromised, possibly dangerous",1900.0,1900 (possible default),Frame,2.0,1450.0,Single Family,Mothball,2024-12-11,Yes,134.0
40.4584479714,-80.0101131543,"208 ALPINE AVE, Pittsburgh, PA 15212",Central Northside,1,1.0,"1 - Intact, no immediate danger",1900.0,1900 (possible default),Masonry,2.0,1064.0,Single Family,Save first,2022-02-24,Yes,199.0
40.4583717458,-80.0114886558,"245 CARRINGTON ST, Pittsburgh, 15212",Central Northside,1,3.0,"3 - Compromised, dangerous",1876.0,Before 1900,Frame,2.0,1190.0,Single Family,Salvage,2020-07-09,Yes,259.0
40.4578343187,-80.0066708184,"1413 BOYLE ST, Pittsburgh, 15212",Central Northside,1,1.0,"1 - Intact, no immediate danger",1900.0,1900 (possible default),Masonry,2.0,1528.0,Rowhouse,Save first,2020-08-24,Yes,67.0
40.4577604922,-80.0058848127,"1402 LORAINE ST, Pittsburgh, PA 15212",Central Northside,1,,Not scored,1900.0,1900 (possible default),Frame,2.0,1276.0,Single Family,Not scored,2022-06-07,Yes,120.0
40.4585177342,-80.005623671,"1435 SANDUSKY ST, Pittsburgh, 15212",Central Northside,1,1.0,"1 - Intact, no immediate danger",1900.0,1900 (possible default),Masonry,2.0,1694.0,Rowhouse,Save first,2022-03-10,Yes,171.0
40.4584748187,-80.0047974126,"1423 PORTERFIELD ST, Pittsburgh, 15212",Central Northside,1,2.0,"2 - Compromised, possibly dangerous",1900.0,1900 (possible default),Frame,2.0,1884.0,Single Family,Mothball,2024-12-11,Yes,239.0
40.4591959657,-80.0075704576,"1534 FEDERAL ST, Pittsburgh, PA 15212",Fineview,1,1.0,"1 - Intact, no immediate danger",1900.0,1900 (possible default),Frame,2.0,1303.0,Single Family,Mothball,2020-08-28,Yes,37.0
40.4590886176,-80.007535614,"1532 FEDERAL ST, Pittsburgh, PA 15212",Fineview,1,,Not scored,1900.0,1900 (possible default),Frame,2.0,1122.0,Single Family,Not scored,2020-08-28,Yes,32.0
40.4587917396,-80.0031886321,"67 FOUNTAIN ST, Pittsburgh, 15212",Fineview,1,3.0,"3 - Compromised, dangerous",1950.0,1940 or later,Frame,2.0,812.0,Single Family,Demolish,2020-07-07,Yes,297.0
40.4592028478,-80.0029710739,"132 HENDERSON ST, Pittsburgh, 15212",Fineview,1,1.0,"1 - Intact, no immediate danger",1942.0,1940 or later,Frame,2.0,1485.0,Single Family,Mothball,2025-03-04,Yes,341.0
40.4573995697,-80.0161167086,"1521 BRIGHTON RD, Pittsburgh, 15212",California-Kirkbride,1,2.0,"2 - Compromised, possibly dangerous",1900.0,1900 (possible default),Frame,3.0,3124.0,Single Family,Mothball,2020-09-09,Yes,53.0
40.4562525036,-80.0144386722,"700 N TAYLOR AVE, Pittsburgh, PA 15212",Central Northside,1,1.0,"1 - Intact, no immediate danger",,Unknown,Unknown,,,Retl/Apt'S Over,Mothball,2020-09-09,Yes,80.0
40.4566993348,-80.0121393577,"424 N TAYLOR AVE, Pittsburgh, 15212",Central Northside,1,1.0,"1 - Intact, no immediate danger",1900.0,1900 (possible default),Masonry,2.0,1518.0,Rowhouse,Save first,2025-03-31,Yes,253.0
40.4560074489,-80.0140464422,"1244 BUENA VISTA ST, Pittsburgh, PA 15212",Central Northside,1,2.0,"2 - Compromised, possibly dangerous",1840.0,Before 1900,Masonry,2.0,3030.0,Rowhouse,Save first,2020-07-27,Yes,98.0
40.4574047556,-80.0111911307,"319 JACKSONIA ST, Pittsburgh, 15212",Central Northside,1,1.0,"1 - Intact, no immediate danger",1910.0,1901 to 1939,Masonry,3.0,2160.0,Two Family,Save first,2020-08-06,Yes,319.0
40.4558623818,-80.0061398043,"10 E NORTH AVE, Pittsburgh, PA 15212",Central Northside,1,1.0,"1 - Intact, no immediate danger",,Unknown,Unknown,,,Charitable Exemption/Hos/Homes,Mothball,2026-06-23,Yes,48.0
40.4561119008,-80.0061186579,"1201 BOYLE ST, Pittsburgh, PA 15212",Central Northside,1,1.0,"1 - Intact, no immediate danger",1900.0,1900 (possible default),Masonry,3.0,3090.0,Rowhouse,Save first,2026-05-27,Yes,55.0
40.4573668331,-80.005199882,"1311 SANDUSKY ST, Pittsburgh, 15212",Central Northside,1,1.0,"1 - Intact, no immediate danger",1900.0,1900 (possible default),Masonry,3.0,2040.0,Rowhouse,Save first,2020-09-09,Yes,164.0
40.457504921,-80.0000872469,"1210 MIDDLE ST, Pittsburgh, 15212",East Allegheny,1,2.0,"2 - Compromised, possibly dangerous",1900.0,1900 (possible default),Frame,2.0,2628.0,Single Family,Mothball,2024-07-17,Yes,281.0
40.4553645851,-80.0084416909,"120 W NORTH AVE, Pittsburgh, PA 15212",Central Northside,1,1.0,"1 - Intact, no immediate danger",,Unknown,Unknown,,,Comm Aux Building,Mothball,2026-04-07,Yes,21.0
40.4540212134,-80.0016491807,"726 CEDAR AVE, Pittsburgh, 15212",East Allegheny,1,,Not scored,1880.0,Before 1900,Masonry,2.0,2660.0,Two Family,Not scored,2026-09-21,Yes,64.0
40.4545967569,-80.0007262963,"806 JAMES ST, Pittsburgh, 15212",East Allegheny,1,2.0,"2 - Compromised, possibly dangerous",1870.0,Before 1900,Frame,2.0,1226.0,Single Family,Mothball,2025-02-11,Yes,116.0
40.4620443112,-79.998344215,"5 RADNER ST, Pittsburgh, 15212",Spring Hill-City View,1,1.0,"1 - Intact, no immediate danger",1900.0,1900 (possible default),Frame,2.0,1602.0,Rowhouse,Mothball,2025-04-22,No,759.0
40.4623364794,-79.9968920623,"58 ROSTOCK ST, Pittsburgh, PA 15212",Spring Hill-City View,1,,Not scored,1850.0,Before 1900,Frame,1.5,1003.0,Single Family,Not scored,2020-08-12,No,853.0
40.4606746914,-79.9932132585,"1112 HIGH ST, Pittsburgh, 15212",Spring Garden,1,1.0,"1 - Intact, no immediate danger",1900.0,1900 (possible default),Frame,1.5,691.0,Single Family,Mothball,2020-09-01,No,697.0
40.4612818605,-79.9928027042,"1133 ITIN ST #2, Pittsburgh, PA 15212",Spring Garden,1,2.0,"2 - Compromised, possibly dangerous",1900.0,1900 (possible default),Frame,3.0,1488.0,Two Family,Mothball,2026-07-07,No,771.0
40.4605865686,-79.9922827239,"1134 HIGH ST, Pittsburgh, 15212",Spring Garden,1,2.0,"2 - Compromised, possibly dangerous",1890.0,Before 1900,Frame,2.0,784.0,Single Family,Mothball,2026-07-16,No,711.0
40.4604472451,-79.9934586338,"1104 HIGH ST, Pittsburgh, 15212",Spring Garden,1,2.0,"2 - Compromised, possibly dangerous",1900.0,1900 (possible default),Frame,2.0,1400.0,Single Family,Mothball,2026-07-27,No,667.0
40.4621273606,-79.9901866386,"1330 DIANA ST, Pittsburgh, 15212",Spring Hill-City View,1,1.0,"1 - Intact, no immediate danger",1890.0,Before 1900,Frame,1.5,954.0,Single Family,Mothball,2026-08-27,No,940.0
40.4615044589,-79.9908723127,"1305 DIANA ST, Pittsburgh, 15212",Spring Garden,1,,Not scored,1930.0,1901 to 1939,Frame,3.0,2303.0,Two Family,Not scored,2020-08-27,No,852.0
40.4615618739,-79.989291924,"1266 HIGH ST, Pittsburgh, PA 15212",Spring Garden,1,1.0,"1 - Intact, no immediate danger",1900.0,1900 (possible default),Frame,1.0,855.0,Single Family,Mothball,2020-09-01,No,924.0
40.4614252068,-79.9894098269,"1264 HIGH ST, Pittsburgh, PA 15212",Spring Garden,1,1.0,"1 - Intact, no immediate danger",1925.0,1901 to 1939,Frame,2.0,1701.0,Single Family,Mothball,2025-05-28,No,906.0
40.4613236512,-79.9897528822,"1254 HIGH ST, Pittsburgh, 15212",Spring Garden,1,,Not scored,1890.0,Before 1900,Frame,2.0,1451.0,Rowhouse,Not scored,2024-04-30,No,881.0
40.4612825567,-79.9899246857,"1250 HIGH ST, Pittsburgh, 15212",Spring Garden,1,1.0,"1 - Intact, no immediate danger",1890.0,Before 1900,Frame,2.0,1109.0,Rowhouse,Mothball,2024-04-30,No,869.0
40.4611642539,-79.9903527784,"1238 HIGH ST, Pittsburgh, 15212",Spring Garden,1,3.0,"3 - Compromised, dangerous",1900.0,1900 (possible default),Frame,2.0,1840.0,Single Family,Salvage,2025-09-18,No,840.0
40.4605709742,-79.9908946459,"1221 HIGH ST, Pittsburgh, PA 15212",Spring Garden,1,1.0,"1 - Intact, no immediate danger",1915.0,1901 to 1939,Frame,1.5,1156.0,Single Family,Mothball,2026-01-09,No,760.0
40.4604794689,-79.9904912588,"1230 SPRING GARDEN AVE, Pittsburgh, 15212",Spring Garden,1,1.0,"1 - Intact, no immediate danger",1920.0,1901 to 1939,Frame,2.0,1180.0,Single Family,Mothball,2020-09-01,No,769.0
40.4606600499,-79.9895340856,"1256 SPRING GARDEN AVE, Pittsburgh, 15212",Spring Garden,1,2.0,"2 - Compromised, possibly dangerous",1877.0,Before 1900,Masonry,2.0,2400.0,Single Family,Save first,2021-01-20,No,830.0
40.4608526715,-79.9894090664,"1261 HIGH ST, Pittsburgh, PA 15212",Spring Garden,1,1.0,"1 - Intact, no immediate danger",1900.0,1900 (possible default),Frame,2.5,2376.0,Single Family,Mothball,2026-01-29,No,854.0
40.4603336111,-79.9873150048,"1344 HERMAN ST, Pittsburgh, 15212",Troy Hill,1,1.0,"1 - Intact, no immediate danger",1875.0,Before 1900,Frame,2.0,1988.0,Single Family,Mothball,2025-03-24,No,928.0
40.4620251995,-79.9850222877,"1516 VALENTINE ST, Pittsburgh, 15212",Troy Hill,1,1.0,"1 - Intact, no immediate danger",1890.0,Before 1900,Masonry,2.0,1797.0,Single Family,Save first,2023-03-03,No,978.0
40.4575957304,-79.9970761073,"820 SPRING GARDEN AVE #2, Pittsburgh, PA 15212",East Allegheny,1,2.0,"2 - Compromised, possibly dangerous",1900.0,1900 (possible default),Masonry,3.0,3912.0,Two Family,Save first,2025-05-13,Yes,367.0
40.4582590525,-79.9957072049,"860 CONCORD ST, Pittsburgh, 15212",East Allegheny,1,2.0,"2 - Compromised, possibly dangerous",1880.0,Before 1900,Frame,2.0,1008.0,Single Family,Mothball,2021-09-20,No,409.0
40.4582103854,-79.9972154197,"829 VISTA ST, Pittsburgh, 15212",East Allegheny,1,1.0,"1 - Intact, no immediate danger",1900.0,1900 (possible default),Frame,2.0,1302.0,Rowhouse,Mothball,2020-09-10,No,434.0
40.4582316795,-79.9970343502,"835 VISTA ST, Pittsburgh, 15212",East Allegheny,1,1.0,"1 - Intact, no immediate danger",1900.0,1900 (possible default),Frame,2.0,2151.0,Rowhouse,Mothball,2020-09-10,No,431.0
40.4584010728,-79.9961620066,"861 VISTA ST, Pittsburgh, 15212",East Allegheny,1,,Not scored,1850.0,Before 1900,Frame,1.0,704.0,Single Family,Not scored,2024-02-14,No,430.0
40.4589430943,-79.9961164993,"874 VISTA ST, Pittsburgh, PA 15212",East Allegheny,1,,Not scored,1900.0,1900 (possible default),Frame,2.0,1320.0,Single Family,Not scored,2022-08-05,No,488.0
40.4589361322,-79.9962234709,"870 VISTA ST, Pittsburgh, 15212",East Allegheny,1,2.0,"2 - Compromised, possibly dangerous",1900.0,1900 (possible default),Frame,2.0,2800.0,Rowhouse,Mothball,2025-07-08,No,489.0
40.4587437053,-79.9971801996,"834 VISTA ST, Pittsburgh, 15212",East Allegheny,1,1.0,"1 - Intact, no immediate danger",1900.0,1900 (possible default),Frame,2.0,2077.0,Rowhouse,Mothball,2026-07-27,No,488.0
40.4586876697,-79.9974852948,"820 VISTA ST, Pittsburgh, 15212",East Allegheny,1,4.0,4 - Imminently dangerous,1900.0,1900 (possible default),Frame,2.0,1922.0,Single Family,Salvage,2021-08-10,No,492.0
40.4598500807,-79.9951877249,"940 VISTA ST, Pittsburgh, 15212",East Allegheny,1,2.0,"2 - Compromised, possibly dangerous",1890.0,Before 1900,Frame,2.0,1152.0,Single Family,Mothball,2020-09-10,No,583.0
40.459656833,-79.9949392377,"952 ITIN ST, Pittsburgh, 15212",East Allegheny,1,2.0,"2 - Compromised, possibly dangerous",1890.0,Before 1900,Frame,1.0,1386.0,Single Family,Mothball,2026-03-05,No,563.0
40.459065768,-79.9952979797,"932 ITIN ST, Pittsburgh, 15212",East Allegheny,1,1.0,"1 - Intact, no immediate danger",1880.0,Before 1900,Frame,1.0,720.0,Single Family,Mothball,2026-07-29,No,497.0
40.4596580527,-79.9942991824,"1001 HIGH ST, Pittsburgh, 15212",Spring Garden,1,1.0,"1 - Intact, no immediate danger",1900.0,1900 (possible default),Frame,2.0,1152.0,Single Family,Mothball,2023-09-29,No,568.0
40.4597392252,-79.9943558589,"1003 HIGH ST, Pittsburgh, 15212",Spring Garden,1,1.0,"1 - Intact, no immediate danger",1900.0,1900 (possible default),Frame,1.0,576.0,Single Family,Mothball,2023-09-29,No,576.0
40.4588405229,-79.994676483,"1013 SALTER Way, Pittsburgh, PA 15212",Spring Garden,1,1.0,"1 - Intact, no immediate danger",1880.0,Before 1900,Frame,2.0,1472.0,Single Family,Mothball,2022-06-02,No,474.0
40.4586848092,-79.9947938043,"1007 SALTER Way, Pittsburgh, PA 15212",Spring Garden,1,1.0,"1 - Intact, no immediate danger",1880.0,Before 1900,Frame,1.0,941.0,Single Family,Mothball,2022-06-02,No,456.0
40.4583495077,-79.9944617531,"1000 SPRING GARDEN AVE, Pittsburgh, 15212",Spring Garden,1,3.0,"3 - Compromised, dangerous",1880.0,Before 1900,Frame,2.0,1760.0,Single Family,Salvage,2026-03-30,No,423.0
40.4585249165,-79.9945686007,"1006 SALTER Way, Pittsburgh, PA 15212",Spring Garden,1,1.0,"1 - Intact, no immediate danger",1880.0,Before 1900,Frame,1.5,979.0,Single Family,Mothball,2026-07-29,No,441.0
40.4590976044,-79.9942149127,"1026 SALTER Way, Pittsburgh, PA 15212",Spring Garden,1,1.0,"1 - Intact, no immediate danger",1890.0,Before 1900,Frame,2.0,1320.0,Single Family,Mothball,2021-08-09,No,508.0
40.4595531707,-79.993791745,"1042 SPRING GARDEN AVE, Pittsburgh, 15212",Spring Garden,1,2.0,"2 - Compromised, possibly dangerous",1900.0,1900 (possible default),Frame,2.0,1224.0,Single Family,Mothball,2026-03-23,No,565.0
40.4599758015,-79.9918059562,"1141 SPRING GARDEN AVE, Pittsburgh, 15212",Spring Garden,1,3.0,"3 - Compromised, dangerous",1900.0,1900 (possible default),Frame,2.0,1444.0,Single Family,Salvage,2023-08-28,No,666.0
40.4597897763,-79.9924109675,"1125 SPRING GARDEN AVE, Pittsburgh, 15212",Spring Garden,1,3.0,"3 - Compromised, dangerous",1900.0,1900 (possible default),Masonry,2.0,2990.0,Single Family,Salvage,2026-03-30,No,626.0
40.4589533297,-79.9936534529,"1037 SPRING GARDEN AVE, Pittsburgh, PA 15212",Spring Garden,1,2.0,"2 - Compromised, possibly dangerous",1900.0,1900 (possible default),Frame,2.0,1696.0,Single Family,Mothball,2020-09-09,No,503.0
40.4583139986,-79.9940771109,"1005 SPRING GARDEN AVE, Pittsburgh, 15212",Spring Garden,1,2.0,"2 - Compromised, possibly dangerous",,Unknown,Unknown,,,Warehouse,Mothball,2020-09-09,No,426.0
40.4595132466,-79.9920957637,"1146 VOSKAMP ST, Pittsburgh, PA 15212",Spring Garden,1,2.0,"2 - Compromised, possibly dangerous",1890.0,Before 1900,Frame,1.0,765.0,Single Family,Mothball,2026-03-30,No,609.0
40.4584941597,-79.9917114369,"1109 BRABEC ST, Pittsburgh, 15212",Troy Hill,1,2.0,"2 - Compromised, possibly dangerous",1915.0,1901 to 1939,Other,2.0,1725.0,Single Family,Mothball,2026-07-07,No,528.0
40.4597416331,-79.9909110236,"1214 VOSKAMP ST, Pittsburgh, 15212",Spring Garden,1,1.0,"1 - Intact, no immediate danger",1851.0,Before 1900,Masonry,2.0,1800.0,Two Family,Save first,2020-09-10,No,681.0
40.459972588,-79.9899148867,"1239 WELSER Way, Pittsburgh, PA 15212",Spring Garden,1,1.0,"1 - Intact, no immediate danger",,Unknown,Unknown,,,Warehouse,Mothball,2020-10-28,No,750.0
40.4588166987,-79.9911672922,"1126 BRABEC ST, Pittsburgh, 15212",Troy Hill,1,3.0,"3 - Compromised, dangerous",1915.0,1901 to 1939,Frame,1.0,690.0,Single Family,Salvage,2020-08-24,No,584.0
40.4580322332,-79.9909861077,"1123 GOETTMAN ST, Pittsburgh, 15212",Troy Hill,1,,Not scored,1900.0,1900 (possible default),Masonry,2.0,2736.0,Three Family,Not scored,2026-08-27,No,528.0
40.4576397417,-79.9897267577,"1148 PROVINCE ST, Pittsburgh, PA 15212",Troy Hill,1,1.0,"1 - Intact, no immediate danger",,Unknown,Unknown,,,Office/Warehouse,Mothball,2021-09-16,No,580.0
40.4575194538,-79.9972047563,"816 SPRING GARDEN AVE, Pittsburgh, 15212",East Allegheny,1,2.0,"2 - Compromised, possibly dangerous",1900.0,1900 (possible default),Masonry,2.0,1816.0,Single Family,Save first,2023-02-15,Yes,364.0
40.4573804502,-79.9966368094,"829 SPRING GARDEN AVE, Pittsburgh, 15212",East Allegheny,1,,Not scored,1880.0,Before 1900,Frame,2.0,1456.0,Rowhouse,Not scored,2023-08-14,Yes,331.0
40.457052074,-79.9966746783,"829 BLOSSOM Way, Pittsburgh, PA 15212",East Allegheny,1,2.0,"2 - Compromised, possibly dangerous",1890.0,Before 1900,Frame,2.0,924.0,Single Family,Mothball,2026-04-01,Yes,298.0
40.4566283808,-79.996381496,"833 EAGLE Way, Pittsburgh, PA 15212",East Allegheny,1,2.0,"2 - Compromised, possibly dangerous",1900.0,1900 (possible default),Frame,2.0,1458.0,Single Family,Mothball,2025-01-31,Yes,246.0
40.4564386857,-79.9955163696,"853 LOVITT Way, Pittsburgh, PA 15212",East Allegheny,1,1.0,"1 - Intact, no immediate danger",1900.0,1900 (possible default),Frame,2.0,1450.0,Single Family,Mothball,2024-02-14,Yes,207.0
40.4557433093,-79.9958849967,"834 PERALTA ST, Pittsburgh, PA 15212",East Allegheny,1,,Not scored,1880.0,Before 1900,Frame,2.0,1697.0,Rowhouse,Not scored,2023-04-17,Yes,139.0
40.4554531574,-79.9958841607,"837 PERALTA ST, Pittsburgh, 15212",East Allegheny,1,1.0,"1 - Intact, no immediate danger",1880.0,Before 1900,Masonry,2.0,1748.0,Single Family,Save first,2020-08-04,Yes,110.0
40.4554979464,-79.9949581274,"868 PHINEAS ST, Pittsburgh, 15212",East Allegheny,1,1.0,"1 - Intact, no immediate danger",1900.0,1900 (possible default),Frame,1.5,777.0,Rowhouse,Mothball,2020-09-08,Yes,106.0
40.4569888891,-79.9941073149,"916 CONSTANCE ST, Pittsburgh, 15212",East Allegheny,1,1.0,"1 - Intact, no immediate danger",1900.0,1900 (possible default),Masonry,2.0,2216.0,Single Family,Save first,2020-08-27,Yes,285.0
40.456145524,-79.988915774,"1138 RIVER AVE, Pittsburgh, PA 15212",Troy Hill,1,2.0,"2 - Compromised, possibly dangerous",,Unknown,Unknown,,,Food & Drink Processing,Mothball,2026-08-14,No,566.0
40.4551455916,-79.9964927436,"814 PHINEAS ST, Pittsburgh, PA 15212",East Allegheny,1,1.0,"1 - Intact, no immediate danger",1900.0,1900 (possible default),Frame,2.0,2211.0,Single Family,Mothball,2024-12-31,Yes,121.0
40.4541514297,-79.9984015909,"620 E OHIO ST, Pittsburgh, 15212",East Allegheny,1,1.0,"1 - Intact, no immediate danger",,Unknown,Unknown,,,Small Detached Ret(Under 10000),Mothball,2024-08-20,Yes,39.0
40.4549459982,-79.9897867279,"1075 PROGRESS ST, Pittsburgh, PA 15212",Troy Hill,1,2.0,"2 - Compromised, possibly dangerous",,Unknown,Unknown,,,Office-Walkup -3 + Stories,Mothball,2026-04-29,No,467.0
40.4575894486,-79.9670464745,"336 DOWNING ST, Pittsburgh, 15219",Polish Hill,7,1.0,"1 - Intact, no immediate danger",1900.0,1900 (possible default),Frame,3.0,1728.0,Rowhouse,Mothball,2020-06-19,Yes,174.0
40.4569512929,-79.9683557925,"3041 PULAWSKI Way, Pittsburgh, 15219",Polish Hill,7,1.0,"1 - Intact, no immediate danger",1900.0,1900 (possible default),Frame,3.0,2448.0,Three Family,Mothball,2020-06-01,Yes,272.0
40.4560263796,-79.9673872484,"3029 PAULOWNA ST, Pittsburgh, PA 15219",Polish Hill,7,,Not scored,,Unknown,Unknown,,,Charitable Exemption/Hos/Homes,Not scored,2026-09-21,Yes,349.0
40.4541147576,-79.9742349891,"253 BRERETON ST, Pittsburgh, PA 15219",Strip District,7,1.0,"1 - Intact, no immediate danger",1900.0,1900 (possible default),Frame,2.0,1758.0,Single Family,Mothball,2024-10-15,Yes,223.0
40.4532768096,-79.9679502108,"2904 WHITE ST, Pittsburgh, 15219",Bedford Dwellings,6,2.0,"2 - Compromised, possibly dangerous",1910.0,1901 to 1939,Masonry,2.0,960.0,Rowhouse,Save first,2020-08-20,No,640.0
40.4529865775,-79.967723237,"2905 BEDFORD AVE, Pittsburgh, PA 15219",Bedford Dwellings,6,2.0,"2 - Compromised, possibly dangerous",1910.0,1901 to 1939,Masonry,2.0,1020.0,Rowhouse,Save first,2020-08-20,No,676.0
40.4615575701,-79.9534250267,"418 ELLA ST, Pittsburgh, 15224",Bloomfield,7,1.0,"1 - Intact, no immediate danger",1900.0,1900 (possible default),Frame,2.0,1224.0,Rowhouse,Mothball,2023-11-17,Yes,213.0
40.4615965238,-79.9532936957,"416 ELLA ST, Pittsburgh, 15224",Bloomfield,7,2.0,"2 - Compromised, possibly dangerous",1900.0,1900 (possible default),Frame,2.5,1944.0,Single Family,Mothball,2021-02-18,Yes,205.0
40.4616931243,-79.9534291316,No primary address specified,Bloomfield,7,2.0,"2 - Compromised, possibly dangerous",,Unknown,Unknown,,,Res Aux Building (No House),Mothball,2023-02-15,Yes,199.0
40.4601685592,-79.952988864,"452 TAYLOR ST, Pittsburgh, 15224",Bloomfield,7,2.0,"2 - Compromised, possibly dangerous",,Unknown,Unknown,,,Res Aux Building (No House),Mothball,2025-01-06,Yes,333.0
40.4583999091,-79.9660304795,"327 HANCOCK ST, Pittsburgh, 15219",Polish Hill,7,1.0,"1 - Intact, no immediate danger",1885.0,Before 1900,Frame,2.5,2778.0,Two Family,Mothball,2020-05-26,Yes,107.0
40.4586835248,-79.9640560944,"385 LINOLEUM Way, Pittsburgh, PA 15219",Polish Hill,7,3.0,"3 - Compromised, dangerous",1890.0,Before 1900,Frame,2.0,1872.0,Single Family,Salvage,2020-05-26,Yes,229.0
40.4588040366,-79.9654306689,"1210 HERRON AVE, Pittsburgh, PA 15219",Polish Hill,7,1.0,"1 - Intact, no immediate danger",1885.0,Before 1900,Frame,2.0,1406.0,Single Family,Mothball,2021-04-22,Yes,115.0
40.4594605104,-79.9642046386,"3326 RUTHVEN ST, Pittsburgh, 15219",Polish Hill,7,1.0,"1 - Intact, no immediate danger",1920.0,1901 to 1939,Frame,2.0,1504.0,Single Family,Mothball,2020-05-26,Yes,204.0
40.4581574814,-79.955146645,"635 MELWOOD AVE, Pittsburgh, 15213",North Oakland,6,2.0,"2 - Compromised, possibly dangerous",1905.0,1901 to 1939,Frame,2.0,1040.0,Single Family,Mothball,2025-03-10,No,543.0
40.4580637271,-79.9519777973,"4726 JUNIPER ST, Pittsburgh, 15224",Bloomfield,7,,Not scored,1900.0,1900 (possible default),Frame,3.0,1536.0,Single Family,Not scored,2025-04-02,No,467.0
40.4591594034,-79.9505808017,"447 CEDARVILLE ST, Pittsburgh, PA 15224",Bloomfield,7,1.0,"1 - Intact, no immediate danger",1880.0,Before 1900,Masonry,2.0,1592.0,Two Family,Save first,2021-05-04,Yes,298.0
40.459180275,-79.952118251,"4701 LORIGAN ST, Pittsburgh, 15224",Bloomfield,7,,Not scored,1890.0,Before 1900,Frame,2.0,952.0,Rowhouse,Not scored,2024-09-26,Yes,371.0
40.4558750869,-79.9638719558,"3356 RIDGWAY ST, Pittsburgh, PA 15213",Upper Hill,6,1.0,"1 - Intact, no immediate danger",1900.0,1900 (possible default),Frame,3.0,2484.0,Rowhouse,Mothball,2023-04-12,No,441.0
40.4558584356,-79.9639401546,"3354 RIDGWAY ST, Pittsburgh, PA 15213",Upper Hill,6,1.0,"1 - Intact, no immediate danger",1900.0,1900 (possible default),Frame,2.0,1460.0,Rowhouse,Mothball,2023-04-12,No,440.0
40.4568250306,-79.9618986185,"3403 RIDGWAY ST, Pittsburgh, PA 15213",Polish Hill,7,,Not scored,1900.0,1900 (possible default),Masonry,2.0,1260.0,Single Family,Not scored,2020-10-16,No,484.0
40.4554195126,-79.9617126038,"3413 WEBSTER AVE, Pittsburgh, 15219",Upper Hill,6,2.0,"2 - Compromised, possibly dangerous",1930.0,1901 to 1939,Masonry,2.0,1440.0,Single Family,Save first,2023-03-17,No,596.0
40.4556682731,-79.9604427223,"3448 WEBSTER AVE, Pittsburgh, 15219",Upper Hill,6,2.0,"2 - Compromised, possibly dangerous",1930.0,1901 to 1939,Masonry,2.0,1152.0,Rowhouse,Save first,2026-07-23,No,659.0
40.4556940728,-79.9603971865,"3450 WEBSTER AVE, Pittsburgh, 15219",Upper Hill,6,2.0,"2 - Compromised, possibly dangerous",1930.0,1901 to 1939,Masonry,2.0,1152.0,Rowhouse,Save first,2026-07-23,No,660.0
40.4557251976,-79.9603460756,"3452 WEBSTER AVE, Pittsburgh, 15219",Upper Hill,6,2.0,"2 - Compromised, possibly dangerous",1930.0,1901 to 1939,Masonry,2.0,1102.0,Rowhouse,Save first,2026-07-23,No,662.0
40.4558799732,-79.9601044185,"3460 WEBSTER AVE, Pittsburgh, 15219",Upper Hill,6,2.0,"2 - Compromised, possibly dangerous",1956.0,1940 or later,Masonry,1.0,975.0,Single Family,Mothball,2023-11-27,No,669.0
40.4557137552,-79.9597163172,"3531 MILWAUKEE ST, Pittsburgh, 15219",Upper Hill,6,,Not scored,1930.0,1901 to 1939,Masonry,2.0,2000.0,Single Family,Not scored,2026-09-10,No,706.0
40.4566835483,-79.9546810929,"3811 BIGELOW BLVD, Pittsburgh, PA 15213",North Oakland,6,,Not scored,,Unknown,Unknown,,,Warehouse,Not scored,2026-09-10,No,588.0
40.4538561281,-79.9624462587,"3365 MILWAUKEE ST, Pittsburgh, 15219",Upper Hill,6,2.0,"2 - Compromised, possibly dangerous",1910.0,1901 to 1939,Frame,2.5,1614.0,Single Family,Mothball,2026-07-16,No,694.0
40.4541452529,-79.962665475,"3368 WEBSTER AVE, Pittsburgh, 15219",Upper Hill,6,3.0,"3 - Compromised, dangerous",1925.0,1901 to 1939,Frame,3.0,2676.0,Single Family,Salvage,2024-02-29,No,657.0
40.4549871152,-79.9623619392,"3393 WEBSTER AVE, Pittsburgh, 15219",Upper Hill,6,,Not scored,1930.0,1901 to 1939,Masonry,2.0,2168.0,Single Family,Not scored,2026-08-25,No,595.0
40.4545239969,-79.9630896154,"3373 WEBSTER AVE, Pittsburgh, 15219",Upper Hill,6,3.0,"3 - Compromised, dangerous",1930.0,1901 to 1939,Frame,2.0,2345.0,Single Family,Salvage,2020-08-11,No,603.0
40.4545022316,-79.9635293097,"1 OLNEY ST, Pittsburgh, PA 15219",Upper Hill,6,2.0,"2 - Compromised, possibly dangerous",,Unknown,Unknown,,,Res Aux Building (No House),Mothball,2020-11-04,No,587.0
40.4545771828,-79.9636550258,"3356 MCNEIL PL, Pittsburgh, 15219",Upper Hill,6,,Not scored,,Unknown,Unknown,,,Res Aux Building (No House),Not scored,2021-02-04,No,575.0
40.4532113449,-79.9648826651,"700 HERRON AVE, Pittsburgh, 15219",Upper Hill,6,2.0,"2 - Compromised, possibly dangerous",,Unknown,Unknown,,,Commercial Garage,Mothball,2020-08-06,No,681.0
40.455146158,-79.9646516448,"3338 AJAX ST, Pittsburgh, 15213",Upper Hill,6,3.0,"3 - Compromised, dangerous",1930.0,1901 to 1939,Frame,2.0,1152.0,Single Family,Salvage,2024-03-15,No,484.0
40.452841372,-79.9604748653,"769 BRYN MAWR RD, Pittsburgh, 15219",Upper Hill,6,1.0,"1 - Intact, no immediate danger",1915.0,1901 to 1939,Frame,2.0,1632.0,Two Family,Mothball,2023-04-12,No,742.0
40.4530040166,-79.9611450032,"747 BRYN MAWR RD, Pittsburgh, 15219",Upper Hill,6,2.0,"2 - Compromised, possibly dangerous",1920.0,1901 to 1939,Frame,2.0,1800.0,Single Family,Mothball,2020-08-06,No,801.0
40.4533097824,-79.9618072279,"727 BRYN MAWR RD, Pittsburgh, 15219",Upper Hill,6,,Not scored,1920.0,1901 to 1939,Masonry,2.0,1288.0,Single Family,Not scored,2026-07-23,No,774.0
40.4535554209,-79.9604202718,"735 CLARISSA ST, Pittsburgh, 15219",Upper Hill,6,,Not scored,1915.0,1901 to 1939,Frame,2.5,2618.0,Single Family,Not scored,2020-06-01,No,755.0
40.4532905068,-79.9585147671,"828 ADELAIDE ST, Pittsburgh, 15219",Upper Hill,6,3.0,"3 - Compromised, dangerous",1915.0,1901 to 1939,Masonry,2.0,2075.0,Single Family,Salvage,2023-02-15,No,592.0
40.454859751,-79.9616077485,"3400 WEBSTER AVE, Pittsburgh, 15219",Upper Hill,6,,Not scored,1920.0,1901 to 1939,Frame,2.5,4494.0,Single Family,Not scored,2020-08-18,No,647.0
40.4532423648,-79.9558073665,"3510 IOWA ST, Pittsburgh, 15219",Upper Hill,6,1.0,"1 - Intact, no immediate danger",1920.0,1901 to 1939,Masonry,2.0,1635.0,Single Family,Save first,2020-07-08,Yes,377.0
40.4529307413,-79.9555218549,"4337 DAKOTA ST, Pittsburgh, PA 15213",Upper Hill,6,2.0,"2 - Compromised, possibly dangerous",1925.0,1901 to 1939,Masonry,2.0,5404.0,Four Family,Save first,2024-09-10,Yes,340.0
40.4522870549,-79.9658342429,"2938 1/2 WEBSTER AVE, Pittsburgh, PA 15219",Middle Hill,6,2.0,"2 - Compromised, possibly dangerous",1930.0,1901 to 1939,Masonry,2.0,960.0,Rowhouse,Save first,2020-07-29,No,766.0
40.4515568156,-79.9652601398,"2950 ORBIN ST, Pittsburgh, PA 15219",Middle Hill,6,3.0,"3 - Compromised, dangerous",1910.0,1901 to 1939,Masonry,2.0,900.0,Single Family,Salvage,2021-11-01,No,853.0
40.4506919544,-79.9652716745,"2952 WYLIE AVE, Pittsburgh, PA 15219",Middle Hill,6,,Not scored,,Unknown,Unknown,,,Municipal Urban Renewal,Not scored,2020-09-10,No,947.0
40.4505098144,-79.9654272733,"559 HERRON AVE, Pittsburgh, 15219",Middle Hill,6,,Not scored,1910.0,1901 to 1939,Masonry,2.0,1216.0,Rowhouse,Not scored,2026-09-10,No,965.0
40.4504539271,-79.9654880132,"557 HERRON AVE, Pittsburgh, 15219",Middle Hill,6,,Not scored,1910.0,1901 to 1939,Masonry,2.0,2480.0,Single Family,Not scored,2026-09-10,No,971.0
40.4506065612,-79.9641783607,"3025 VANCROFT ST, Pittsburgh, 15219",Upper Hill,6,1.0,"1 - Intact, no immediate danger",1930.0,1901 to 1939,Masonry,2.0,1565.0,Single Family,Save first,2020-08-12,No,975.0
40.4506026603,-79.964239522,"3023 VANCROFT ST, Pittsburgh, 15219",Upper Hill,6,2.0,"2 - Compromised, possibly dangerous",1930.0,1901 to 1939,Masonry,2.0,1645.0,Single Family,Save first,2020-08-12,No,974.0
40.4505990314,-79.9643803492,"3021 VANCROFT ST, Pittsburgh, 15219",Upper Hill,6,2.0,"2 - Compromised, possibly dangerous",1935.0,1901 to 1939,Masonry,2.0,1756.0,Single Family,Save first,2020-08-12,No,971.0
40.4508107106,-79.9643632299,"594 HERRON AVE, Pittsburgh, 15219",Upper Hill,6,2.0,"2 - Compromised, possibly dangerous",,Unknown,Unknown,,,"Churches, Public Worship",Mothball,2020-08-06,No,949.0
40.4524349029,-79.9628159038,"710 ANAHEIM ST, Pittsburgh, 15219",Upper Hill,6,1.0,"1 - Intact, no immediate danger",1920.0,1901 to 1939,Masonry,2.0,1732.0,Single Family,Save first,2020-08-04,No,820.0
40.4525661961,-79.9643253474,"650 HERRON AVE, Pittsburgh, PA 15219",Upper Hill,6,1.0,"1 - Intact, no immediate danger",,Unknown,Unknown,,,Retl/Apt'S Over,Mothball,2020-08-06,No,762.0
40.4523019507,-79.9580096262,"916 CLARISSA ST, Pittsburgh, 15219",Upper Hill,6,2.0,"2 - Compromised, possibly dangerous",1900.0,1900 (possible default),Frame,2.0,1074.0,Single Family,Mothball,2020-08-10,No,526.0
40.452328111,-79.9606850125,"770 BRYN MAWR RD, Pittsburgh, PA 15219",Upper Hill,6,2.0,"2 - Compromised, possibly dangerous",,Unknown,Unknown,,,Office/Warehouse,Mothball,2020-08-06,No,751.0
40.4517211777,-79.9588287498,"3210 CAMP ST, Pittsburgh, 15219",Upper Hill,6,2.0,"2 - Compromised, possibly dangerous",1900.0,1900 (possible default),Masonry,2.0,900.0,Rowhouse,Save first,2020-08-05,No,589.0
40.4517600129,-79.9588066826,"3212 CAMP ST, Pittsburgh, 15219",Upper Hill,6,1.0,"1 - Intact, no immediate danger",1900.0,1900 (possible default),Masonry,2.0,900.0,Rowhouse,Save first,2020-08-05,No,587.0
40.4517960064,-79.9587843111,"3214 CAMP ST, Pittsburgh, 15219",Upper Hill,6,1.0,"1 - Intact, no immediate danger",1900.0,1900 (possible default),Masonry,2.0,900.0,Rowhouse,Save first,2024-05-14,No,585.0
40.4518320374,-79.958763234,"3216 CAMP ST, Pittsburgh, 15219",Upper Hill,6,,Not scored,1900.0,1900 (possible default),Masonry,2.0,900.0,Rowhouse,Not scored,2024-05-14,No,584.0
40.4516831388,-79.9588507388,"3208 CAMP ST, Pittsburgh, 15219",Upper Hill,6,2.0,"2 - Compromised, possibly dangerous",1900.0,1900 (possible default),Masonry,2.0,900.0,Rowhouse,Save first,2024-05-14,No,591.0
40.4516438474,-79.9588742149,"3206 CAMP ST, Pittsburgh, 15219",Upper Hill,6,3.0,"3 - Compromised, dangerous",1900.0,1900 (possible default),Masonry,2.0,900.0,Rowhouse,Salvage,2023-03-24,No,593.0
40.4516047525,-79.9588979947,"3204 CAMP ST, Pittsburgh, 15219",Upper Hill,6,,Not scored,1900.0,1900 (possible default),Masonry,2.0,900.0,Rowhouse,Not scored,2024-05-14,No,595.0
40.4523323991,-79.9610356444,"753 ANAHEIM ST, Pittsburgh, 15219",Upper Hill,6,,Not scored,1900.0,1900 (possible default),Masonry,2.0,1680.0,Single Family,Not scored,2026-07-23,No,780.0
40.4521697258,-79.9619663772,"738 ANAHEIM ST, Pittsburgh, 15219",Upper Hill,6,2.0,"2 - Compromised, possibly dangerous",1930.0,1901 to 1939,Masonry,2.0,2070.0,Single Family,Save first,2020-10-30,No,857.0
40.4520279462,-79.9611884717,"760 ANAHEIM ST, Pittsburgh, 15219",Upper Hill,6,2.0,"2 - Compromised, possibly dangerous",1930.0,1901 to 1939,Masonry,2.0,1050.0,Rowhouse,Save first,2026-07-16,No,790.0
40.4519840336,-79.9610677006,"766 ANAHEIM ST, Pittsburgh, 15219",Upper Hill,6,2.0,"2 - Compromised, possibly dangerous",1920.0,1901 to 1939,Frame,2.0,840.0,Single Family,Mothball,2025-07-07,No,780.0
40.4518740062,-79.9608359607,"774 ANAHEIM ST, Pittsburgh, 15219",Upper Hill,6,2.0,"2 - Compromised, possibly dangerous",1930.0,1901 to 1939,Masonry,2.5,2289.0,Single Family,Save first,2021-03-16,No,760.0
40.4514653153,-79.9602326881,"817 CHEROKEE ST, Pittsburgh, 15219",Upper Hill,6,,Not scored,1935.0,1901 to 1939,Masonry,2.0,1116.0,Rowhouse,Not scored,2026-04-17,No,708.0
40.4515160549,-79.9603862902,"811 CHEROKEE ST, Pittsburgh, 15219",Upper Hill,6,2.0,"2 - Compromised, possibly dangerous",1935.0,1901 to 1939,Masonry,2.0,1116.0,Rowhouse,Save first,2020-08-04,No,721.0
40.451535272,-79.9604371569,"809 CHEROKEE ST, Pittsburgh, 15219",Upper Hill,6,2.0,"2 - Compromised, possibly dangerous",1935.0,1901 to 1939,Masonry,2.0,1116.0,Rowhouse,Save first,2020-08-04,No,725.0
40.4514307265,-79.9613050617,"758 CHEROKEE ST, Pittsburgh, PA 15219",Upper Hill,6,2.0,"2 - Compromised, possibly dangerous",1935.0,1901 to 1939,Masonry,2.0,972.0,Rowhouse,Save first,2020-08-04,No,799.0
40.4511016333,-79.9602105204,"820 1/2 CHEROKEE ST, Pittsburgh, 15219",Upper Hill,6,3.0,"3 - Compromised, dangerous",1935.0,1901 to 1939,Masonry,2.0,1080.0,Rowhouse,Salvage,2023-05-26,No,707.0
40.4510803495,-79.9601663339,"822 CHEROKEE ST, Pittsburgh, 15219",Upper Hill,6,2.0,"2 - Compromised, possibly dangerous",1935.0,1901 to 1939,Masonry,2.0,1080.0,Rowhouse,Save first,2023-05-26,No,704.0
40.450649312,-79.9589500923,"912 CHEROKEE ST, Pittsburgh, 15219",Upper Hill,6,1.0,"1 - Intact, no immediate danger",1935.0,1901 to 1939,Masonry,2.5,2011.0,Single Family,Save first,2020-08-10,No,607.0
40.4507773232,-79.9599970596,"831 SHAWNEE ST, Pittsburgh, 15219",Upper Hill,6,,Not scored,1935.0,1901 to 1939,Masonry,2.0,1340.0,Single Family,Not scored,2020-08-17,No,693.0
40.4505258677,-79.9603630147,"826 SHAWNEE ST, Pittsburgh, PA 15219",Upper Hill,6,1.0,"1 - Intact, no immediate danger",1935.0,1901 to 1939,Masonry,2.0,1040.0,Single Family,Save first,2020-08-18,No,728.0
40.4505092139,-79.9602718936,"828 SHAWNEE ST, Pittsburgh, PA 15219",Upper Hill,6,1.0,"1 - Intact, no immediate danger",1935.0,1901 to 1939,Masonry,2.0,1090.0,Single Family,Save first,2020-08-18,No,720.0
40.4526326075,-79.9575336729,"919 CLARISSA ST, Pittsburgh, 15219",Upper Hill,6,,Not scored,1925.0,1901 to 1939,Masonry,2.0,720.0,Single Family,Not scored,2021-02-04,No,493.0
40.449117868,-79.9642696942,"3011 CENTRE AVE, Pittsburgh, 15219",Upper Hill,6,2.0,"2 - Compromised, possibly dangerous",1900.0,1900 (possible default),Masonry,2.0,5298.0,Three Family,Save first,2022-01-06,No,923.0
40.4482955896,-79.9615109232,"3116 AVALON ST, Pittsburgh, 15219",Terrace Village,6,1.0,"1 - Intact, no immediate danger",1930.0,1901 to 1939,Masonry,2.0,2130.0,Single Family,Save first,2021-08-24,No,689.0
40.4502052436,-79.9566436881,"4341 SCHENLEY FARMS TER, Pittsburgh, PA 15213",Upper Hill,6,,Not scored,1906.0,1901 to 1939,Masonry,2.0,2518.0,Single Family,Not scored,2022-05-09,No,430.0
40.4391364706,-79.9535757022,"353 OAKLAND AVE, Pittsburgh, PA 15213",Central Oakland,3,,Not scored,1910.0,1901 to 1939,Frame,2.0,2632.0,Single Family,Not scored,2024-10-30,Yes,390.0
40.4354952282,-79.9597498546,"3319 NIAGARA ST, Pittsburgh, PA 15213",South Oakland,3,2.0,"2 - Compromised, possibly dangerous",1935.0,1901 to 1939,Masonry,2.0,1012.0,Single Family,Save first,2020-09-08,Yes,325.0
40.4334238688,-79.9527281736,"3361 PARKVIEW AVE, Pittsburgh, PA 15213",South Oakland,3,,Not scored,1920.0,1901 to 1939,Masonry,2.0,1054.0,Rowhouse,Not scored,2021-08-04,No,603.0
40.4313113154,-79.9548526127,"111 OAKLAND CT, Pittsburgh, 15213",South Oakland,3,1.0,"1 - Intact, no immediate danger",1920.0,1901 to 1939,Masonry,2.0,1102.0,Rowhouse,Save first,2021-04-12,Yes,360.0
40.4311123098,-79.9519759055,"3376 SWINBURNE ST, Pittsburgh, 15213",South Oakland,3,1.0,"1 - Intact, no immediate danger",1890.0,Before 1900,Frame,2.0,1088.0,Two Family,Mothball,2026-07-13,No,602.0
40.4286214703,-79.9544647052,"3131 BOHEM ST, Pittsburgh, 15213",South Oakland,3,2.0,"2 - Compromised, possibly dangerous",1900.0,1900 (possible default),Frame,2.0,1184.0,Single Family,Mothball,2020-11-06,No,433.0
40.4286878599,-79.9543869721,"3133 BOHEM ST, Pittsburgh, 15213",South Oakland,3,1.0,"1 - Intact, no immediate danger",1900.0,1900 (possible default),Frame,2.0,1184.0,Single Family,Mothball,2020-08-26,No,437.0
40.4306099745,-79.9551115116,"3611 FRAZIER ST, Pittsburgh, 15213",South Oakland,3,2.0,"2 - Compromised, possibly dangerous",1900.0,1900 (possible default),Masonry,2.0,1444.0,Single Family,Save first,2020-08-28,Yes,339.0
40.429998673,-79.9534787192,"3219 PARKVIEW AVE, Pittsburgh, 15213",South Oakland,3,,Not scored,1900.0,1900 (possible default),Frame,2.0,918.0,Single Family,Not scored,2020-10-02,No,486.0
40.4282585569,-79.9511930003,"3778 ORPWOOD ST, Pittsburgh, 15213",South Oakland,3,2.0,"2 - Compromised, possibly dangerous",1940.0,1940 or later,Masonry,2.0,2016.0,Single Family,Mothball,2020-09-08,Yes,380.0
40.4257950723,-79.950353022,"169 GREENFIELD AVE, Pittsburgh, PA 15207",Greenfield,5,1.0,"1 - Intact, no immediate danger",,Unknown,Unknown,,,Apart: 5-19 Units,Mothball,2020-06-30,Yes,208.0
40.4253046362,-79.950008985,"9 SYLVAN AVE, Pittsburgh, 15207",Greenfield,5,1.0,"1 - Intact, no immediate danger",1896.0,Before 1900,Frame,2.0,1224.0,Two Family,Mothball,2021-07-09,Yes,220.0
40.4247849074,-79.9497435403,"20 WALDECK ST, Pittsburgh, 15207",Hazelwood,5,2.0,"2 - Compromised, possibly dangerous",1900.0,1900 (possible default),Frame,2.0,1314.0,Single Family,Mothball,2020-05-28,Yes,240.0
40.4247945907,-79.9514374438,"124 GREENFIELD AVE, Pittsburgh, PA 15207",Hazelwood,5,2.0,"2 - Compromised, possibly dangerous",,Unknown,Unknown,,,Retl/Apt'S Over,Mothball,2026-05-19,Yes,98.0
40.4141778443,-79.9644252155,"329 BASSLER ST, Pittsburgh, PA 15210",Arlington,3,2.0,"2 - Compromised, possibly dangerous",1900.0,1900 (possible default),Frame,2.0,1360.0,Single Family,Mothball,2020-12-24,No,1508.0
40.413946526,-79.9639572144,"328 FELMETH ST, Pittsburgh, 15210",Arlington,3,2.0,"2 - Compromised, possibly dangerous",1914.0,1901 to 1939,Frame,1.5,1062.0,Single Family,Mothball,2024-04-23,No,1555.0
40.4158212783,-79.9641118246,"222 CASTEL ST, Pittsburgh, 15210",Arlington Heights,3,3.0,"3 - Compromised, dangerous",1890.0,Before 1900,Frame,2.0,1080.0,Single Family,Salvage,2020-12-24,No,1408.0
40.4102578557,-79.9642380536,"746 BAJO ST, Pittsburgh, 15210",Arlington,3,2.0,"2 - Compromised, possibly dangerous",1910.0,1901 to 1939,Frame,2.0,2812.0,Two Family,Mothball,2026-01-20,No,1698.0
40.4100649385,-79.9584884896,"975 BECKS RUN RD, Pittsburgh, PA 15210",Arlington,3,1.0,"1 - Intact, no immediate danger",1920.0,1901 to 1939,Frame,2.0,1480.0,Two Family,Mothball,2022-04-12,No,1210.0
40.4125834842,-79.9789217623,"504 ORMSBY AVE, Pittsburgh, 15210",Mt. Oliver,3,2.0,"2 - Compromised, possibly dangerous",1930.0,1901 to 1939,Masonry,1.5,1105.0,Single Family,Save first,2020-09-08,No,787.0
40.4107475007,-79.9797101972,"437 WALDE ST, Pittsburgh, 15210",Mt. Oliver,3,2.0,"2 - Compromised, possibly dangerous",1930.0,1901 to 1939,Masonry,2.0,1762.0,Single Family,Save first,2023-08-28,No,813.0
40.4104041101,-79.9794040166,"500 WALDE ST, Pittsburgh, 15210",Mt. Oliver,3,,Not scored,1868.0,Before 1900,Frame,2.0,1152.0,Single Family,Not scored,2023-04-06,No,852.0
40.4094175095,-79.9799545276,"614 RECTENWALD ST, Pittsburgh, 15210",Mt. Oliver,3,1.0,"1 - Intact, no immediate danger",1910.0,1901 to 1939,Frame,2.0,1000.0,Single Family,Mothball,2023-07-25,No,860.0
40.4103349712,-79.9784457906,"565 BURR ST, Pittsburgh, 15210",Mt. Oliver,3,3.0,"3 - Compromised, dangerous",1890.0,Before 1900,Frame,1.0,960.0,Single Family,Salvage,2025-03-19,No,930.0
40.4094362021,-79.9767878147,"710 SCHULER ST, Pittsburgh, 15210",St. Clair,3,1.0,"1 - Intact, no immediate danger",1900.0,1900 (possible default),Masonry,1.0,1832.0,Single Family,Save first,2020-08-17,No,1098.0
40.4111605924,-79.9669982679,"974 PARKWOOD RD, Pittsburgh, 15210",St. Clair,3,,Not scored,1900.0,1900 (possible default),Other,2.0,2000.0,Single Family,Not scored,2023-11-06,No,1561.0
40.4055420894,-79.9813654171,"407 LINNVIEW AVE, Pittsburgh, 15210",Carrick,4,2.0,"2 - Compromised, possibly dangerous",1925.0,1901 to 1939,Frame,2.0,1512.0,Single Family,Mothball,2022-08-03,No,759.0
40.4050819891,-79.9803431473,"410 LAUGHLIN AVE, Pittsburgh, 15210",Carrick,4,2.0,"2 - Compromised, possibly dangerous",1900.0,1900 (possible default),Frame,1.0,756.0,Single Family,Mothball,2024-02-08,No,832.0
40.4065528432,-79.9686462945,"632 BECKS RUN RD, Pittsburgh, PA 15210",St. Clair,3,1.0,"1 - Intact, no immediate danger",1910.0,1901 to 1939,Frame,2.0,1208.0,Single Family,Mothball,2024-01-10,No,1837.0
40.4138083718,-79.998655521,"443 VANDALIA ST, Pittsburgh, PA 15210",Beltzhoover,3,1.0,"1 - Intact, no immediate danger",1916.0,1901 to 1939,Frame,2.5,1960.0,Single Family,Mothball,2020-09-09,No,724.0
40.4132217612,-79.9967541837,"437 PARKLOW ST, Pittsburgh, 15210",Knoxville,3,2.0,"2 - Compromised, possibly dangerous",1905.0,1901 to 1939,Masonry,2.0,1414.0,Single Family,Save first,2021-10-14,No,613.0
40.4132288736,-79.996490043,"431 PARKLOW ST, Pittsburgh, 15210",Knoxville,3,1.0,"1 - Intact, no immediate danger",1905.0,1901 to 1939,Masonry,2.0,1160.0,Single Family,Save first,2023-04-06,No,593.0
40.4132305304,-79.996398492,"429 PARKLOW ST, Pittsburgh, 15210",Knoxville,3,1.0,"1 - Intact, no immediate danger",1920.0,1901 to 1939,Masonry,2.0,1558.0,Single Family,Save first,2020-12-10,No,586.0
40.4128927529,-79.9961107185,"417 ARABELLA ST, Pittsburgh, 15210",Knoxville,3,2.0,"2 - Compromised, possibly dangerous",1923.0,1901 to 1939,Frame,2.0,900.0,Single Family,Mothball,2026-07-29,No,549.0
40.4121639977,-79.996404031,"434 ARABELLA ST, Pittsburgh, 15210",Knoxville,3,2.0,"2 - Compromised, possibly dangerous",1900.0,1900 (possible default),Masonry,2.0,1760.0,Single Family,Save first,2020-08-21,No,544.0
40.4127060475,-79.9956523824,"412 ARABELLA ST, Pittsburgh, 15210",Knoxville,3,2.0,"2 - Compromised, possibly dangerous",1908.0,1901 to 1939,Masonry,2.0,1550.0,Single Family,Save first,2020-08-21,No,505.0
40.4121025219,-79.9958804328,"419 MOORE AVE, Pittsburgh, 15210",Knoxville,3,1.0,"1 - Intact, no immediate danger",1908.0,1901 to 1939,Masonry,2.0,1628.0,Single Family,Save first,2025-11-19,No,500.0
40.412225986,-79.9957473605,"415 MOORE AVE, Pittsburgh, 15210",Knoxville,3,,Not scored,1902.0,1901 to 1939,Masonry,2.0,1624.0,Single Family,Not scored,2024-02-21,No,493.0
40.4118609236,-79.9954300489,"408 MOORE AVE, Pittsburgh, PA 15210",Knoxville,3,,Not scored,1900.0,1900 (possible default),Masonry,2.0,1701.0,Single Family,Not scored,2023-02-16,No,456.0
40.4137107503,-79.9947277931,"339 MATHEWS AVE, Pittsburgh, 15210",Knoxville,3,1.0,"1 - Intact, no immediate danger",1923.0,1901 to 1939,Masonry,2.0,958.0,Single Family,Save first,2020-12-23,No,465.0
40.4137267042,-79.9942597526,"329 MATHEWS AVE, Pittsburgh, 15210",Knoxville,3,,Not scored,1927.0,1901 to 1939,Masonry,2.0,969.0,Single Family,Not scored,2020-11-16,No,430.0
40.4138377264,-79.9926947768,"104 GRIMES AVE, Pittsburgh, 15210",Knoxville,3,2.0,"2 - Compromised, possibly dangerous",1905.0,1901 to 1939,Masonry,2.0,960.0,Single Family,Save first,2020-09-01,Yes,321.0
40.4134560284,-79.9926839046,"235 MATHEWS AVE, Pittsburgh, 15210",Knoxville,3,2.0,"2 - Compromised, possibly dangerous",1900.0,1900 (possible default),Masonry,2.0,960.0,Single Family,Save first,2023-06-09,Yes,297.0
40.4129768631,-79.9916799097,"112 REDLYN ST, Pittsburgh, 15210",Knoxville,3,,Not scored,1902.0,1901 to 1939,Frame,2.0,928.0,Single Family,Not scored,2023-07-10,Yes,197.0
40.4127787704,-79.993504225,"313 ARABELLA ST, Pittsburgh, 15210",Knoxville,3,2.0,"2 - Compromised, possibly dangerous",1930.0,1901 to 1939,Masonry,2.0,1672.0,Single Family,Save first,2020-08-21,Yes,335.0
40.4132172791,-79.994799307,"343 ARABELLA ST, Pittsburgh, 15210",Knoxville,3,2.0,"2 - Compromised, possibly dangerous",1910.0,1901 to 1939,Masonry,2.0,2796.0,Two Family,Save first,2020-08-21,No,454.0
40.412425595,-79.9938981616,"320 ARABELLA ST, Pittsburgh, 15210",Knoxville,3,2.0,"2 - Compromised, possibly dangerous",1900.0,1900 (possible default),Masonry,2.0,1459.0,Single Family,Save first,2020-08-21,Yes,358.0
40.4123703249,-79.9937345104,"316 ARABELLA ST, Pittsburgh, 15210",Knoxville,3,2.0,"2 - Compromised, possibly dangerous",1900.0,1900 (possible default),Masonry,2.0,1459.0,Single Family,Save first,2022-08-24,Yes,343.0
40.4121962116,-79.9916146974,"223 MARLAND ST, Pittsburgh, 15210",Knoxville,3,,Not scored,1905.0,1901 to 1939,Masonry,2.0,1530.0,Single Family,Not scored,2025-02-24,Yes,167.0
40.4117313075,-79.991917201,"225 MOORE AVE, Pittsburgh, 15210",Knoxville,3,2.0,"2 - Compromised, possibly dangerous",1900.0,1900 (possible default),Masonry,2.0,1678.0,Single Family,Save first,2020-09-04,Yes,175.0
40.4117335596,-79.9922755901,"233 MOORE AVE, Pittsburgh, 15210",Knoxville,3,2.0,"2 - Compromised, possibly dangerous",1900.0,1900 (possible default),Masonry,2.0,1516.0,Single Family,Save first,2020-09-04,Yes,201.0
40.41228553,-79.9945716515,"339 MOORE AVE, Pittsburgh, 15210",Knoxville,3,2.0,"2 - Compromised, possibly dangerous",1902.0,1901 to 1939,Masonry,2.0,1579.0,Single Family,Save first,2020-09-04,No,402.0
40.4123382766,-79.9947416105,"343 MOORE AVE, Pittsburgh, 15210",Knoxville,3,2.0,"2 - Compromised, possibly dangerous",1902.0,1901 to 1939,Masonry,2.0,1459.0,Single Family,Save first,2020-09-04,No,418.0
40.4124026521,-79.9948365072,"345 MOORE AVE, Pittsburgh, 15210",Knoxville,3,2.0,"2 - Compromised, possibly dangerous",1902.0,1901 to 1939,Frame,2.0,1362.0,Single Family,Mothball,2020-09-04,No,428.0
40.4119058272,-79.9947831003,"342 MOORE AVE, Pittsburgh, 15210",Knoxville,3,2.0,"2 - Compromised, possibly dangerous",1892.0,Before 1900,Masonry,2.0,1701.0,Single Family,Save first,2023-11-16,No,404.0
40.4118773886,-79.9946994827,"340 MOORE AVE, Pittsburgh, 15210",Knoxville,3,2.0,"2 - Compromised, possibly dangerous",1892.0,Before 1900,Masonry,2.0,1701.0,Single Family,Save first,2020-09-04,Yes,397.0
40.4118511438,-79.9946137236,"338 MOORE AVE, Pittsburgh, 15210",Knoxville,3,2.0,"2 - Compromised, possibly dangerous",1892.0,Before 1900,Masonry,2.0,1897.0,Single Family,Save first,2026-07-29,Yes,389.0
40.4114788507,-79.9934568054,"310 MOORE AVE, Pittsburgh, 15210",Knoxville,3,1.0,"1 - Intact, no immediate danger",1900.0,1900 (possible default),Masonry,2.0,1701.0,Single Family,Save first,2021-04-15,Yes,283.0
40.4137949276,-79.9892713678,"18 GRAPE ST, Pittsburgh, 15210",Knoxville,3,1.0,"1 - Intact, no immediate danger",1885.0,Before 1900,Masonry,2.0,1040.0,Single Family,Save first,2020-11-16,Yes,67.0
40.4137354475,-79.9893121234,"20 GRAPE ST, Pittsburgh, 15210",Knoxville,3,1.0,"1 - Intact, no immediate danger",1902.0,1901 to 1939,Frame,2.0,1440.0,Single Family,Mothball,2024-05-07,Yes,66.0
40.4097631372,-79.9974045721,"113 DUART ST, Pittsburgh, 15210",Bon Air,4,2.0,"2 - Compromised, possibly dangerous",1900.0,1900 (possible default),Masonry,2.0,1252.0,Single Family,Save first,2020-08-27,No,509.0
40.4111984308,-79.9963712838,"430 SUNCREST ST, Pittsburgh, 15210",Knoxville,3,2.0,"2 - Compromised, possibly dangerous",1900.0,1900 (possible default),Masonry,2.0,1655.0,Single Family,Save first,2026-09-09,No,512.0
40.4112066951,-79.9961026691,"424 SUNCREST ST, Pittsburgh, PA 15210",Knoxville,3,,Not scored,1900.0,1900 (possible default),Masonry,2.0,1655.0,Single Family,Not scored,2023-04-27,No,493.0
40.4107643721,-79.9958075166,"420 DAYTONA ST, Pittsburgh, 15210",Knoxville,3,2.0,"2 - Compromised, possibly dangerous",1905.0,1901 to 1939,Masonry,2.0,1232.0,Single Family,Save first,2024-04-02,No,448.0
40.4099280708,-79.996034303,"418 ALICE ST, Pittsburgh, 15210",Knoxville,3,,Not scored,1914.0,1901 to 1939,Masonry,2.0,1564.0,Single Family,Not scored,2025-05-15,No,434.0
40.4112556501,-79.9921749229,"236 MOORE AVE, Pittsburgh, PA 15210",Knoxville,3,2.0,"2 - Compromised, possibly dangerous",1902.0,1901 to 1939,Masonry,2.5,1888.0,Single Family,Save first,2020-09-04,Yes,172.0
40.4112006863,-79.9914545719,"220 MOORE AVE, Pittsburgh, 15210",Knoxville,3,2.0,"2 - Compromised, possibly dangerous",1908.0,1901 to 1939,Masonry,2.0,2029.0,Single Family,Save first,2020-09-04,Yes,112.0
40.4111905249,-79.9950755793,"402 SUNCREST ST, Pittsburgh, 15210",Knoxville,3,1.0,"1 - Intact, no immediate danger",1902.0,1901 to 1939,Masonry,2.5,2032.0,Single Family,Save first,2021-08-23,No,413.0
40.4112196679,-79.9952596636,"406 SUNCREST ST, Pittsburgh, 15210",Knoxville,3,2.0,"2 - Compromised, possibly dangerous",1902.0,1901 to 1939,Masonry,2.5,2085.0,Single Family,Save first,2020-11-04,No,429.0
40.409848988,-79.9947980388,"330 MCKINLEY ST, Pittsburgh, PA 15210",Knoxville,3,,Not scored,1922.0,1901 to 1939,Masonry,2.0,1299.0,Single Family,Not scored,2020-11-04,Yes,331.0
40.4095033294,-79.9944765123,"318 MCKINLEY ST, Pittsburgh, 15210",Knoxville,3,2.0,"2 - Compromised, possibly dangerous",1917.0,1901 to 1939,Masonry,2.0,1362.0,Single Family,Save first,2020-09-04,Yes,295.0
40.4113158879,-79.9901758312,"100 MOORE AVE #5, Pittsburgh, PA 15210",Knoxville,3,1.0,"1 - Intact, no immediate danger",,Unknown,Unknown,,,Apart: 5-19 Units,Mothball,2023-06-13,Yes,54.0
40.4082365211,-79.9990985332,"249 CONNISTON AVE, Pittsburgh, 15210",Bon Air,4,,Not scored,1920.0,1901 to 1939,Frame,1.0,1008.0,Single Family,Not scored,2023-01-31,Yes,335.0
40.4078608458,-79.9970454061,"124 SCHUCHERT ST, Pittsburgh, 15210",Bon Air,4,1.0,"1 - Intact, no immediate danger",1900.0,1900 (possible default),Frame,2.0,1152.0,Single Family,Mothball,2020-07-09,No,506.0
40.4081846725,-79.9974214601,"117 SCHUCHERT ST, Pittsburgh, 15210",Bon Air,4,2.0,"2 - Compromised, possibly dangerous",1900.0,1900 (possible default),Frame,2.0,1184.0,Single Family,Mothball,2021-07-08,No,477.0
40.4084509155,-79.9976659112,"108 ABNER AVE, Pittsburgh, 15210",Bon Air,4,1.0,"1 - Intact, no immediate danger",1910.0,1901 to 1939,Frame,1.5,1079.0,Single Family,Mothball,2024-01-22,No,457.0
40.4089726471,-79.9944721618,"313 REIFERT ST, Pittsburgh, 15210",Knoxville,3,1.0,"1 - Intact, no immediate danger",1919.0,1901 to 1939,Frame,2.0,1724.0,Single Family,Mothball,2023-02-06,Yes,286.0
40.4077513932,-79.9924990285,"828 ROLL ST, Pittsburgh, 15210",Knoxville,3,1.0,"1 - Intact, no immediate danger",1912.0,1901 to 1939,Masonry,2.5,1723.0,Single Family,Save first,2026-01-28,Yes,145.0
40.4080953856,-79.9937102153,"238 REIFERT ST, Pittsburgh, 15210",Knoxville,3,,Not scored,1907.0,1901 to 1939,Masonry,2.0,2130.0,Single Family,Not scored,2026-09-10,Yes,223.0
40.407994279,-79.9924544513,"206 REIFERT ST, Pittsburgh, 15210",Knoxville,3,1.0,"1 - Intact, no immediate danger",1911.0,1901 to 1939,Masonry,2.5,1604.0,Single Family,Save first,2023-11-22,Yes,127.0
40.4084306948,-79.992735414,"215 REIFERT ST, Pittsburgh, PA 15210",Knoxville,3,2.0,"2 - Compromised, possibly dangerous",1922.0,1901 to 1939,Masonry,2.5,2360.0,Single Family,Save first,2020-09-09,Yes,136.0
40.4084210326,-79.9928987387,"219 REIFERT ST, Pittsburgh, PA 15210",Knoxville,3,,Not scored,1926.0,1901 to 1939,Masonry,2.0,1072.0,Rowhouse,Not scored,2020-11-04,Yes,149.0
40.4085038105,-79.9933570837,"237 REIFERT ST, Pittsburgh, 15210",Knoxville,3,2.0,"2 - Compromised, possibly dangerous",1907.0,1901 to 1939,Masonry,2.0,1572.0,Single Family,Save first,2020-09-09,Yes,188.0
40.4085454469,-79.9937218007,"245 REIFERT ST, Pittsburgh, 15210",Knoxville,3,2.0,"2 - Compromised, possibly dangerous",1905.0,1901 to 1939,Masonry,2.0,1476.0,Single Family,Save first,2020-08-06,Yes,218.0
40.4085591679,-79.9938127085,"247 REIFERT ST, Pittsburgh, PA 15210",Knoxville,3,2.0,"2 - Compromised, possibly dangerous",1926.0,1901 to 1939,Masonry,2.0,1016.0,Single Family,Save first,2020-09-09,Yes,226.0
40.4052267009,-79.9916997806,"16 CEDRICTON ST #2, Pittsburgh, PA 15210",Carrick,4,2.0,"2 - Compromised, possibly dangerous",1929.0,1901 to 1939,Masonry,2.0,1668.0,Two Family,Save first,2025-03-20,Yes,65.0
40.4046351491,-79.9923218703,"35 CEDRICTON ST, Pittsburgh, 15210",Carrick,4,2.0,"2 - Compromised, possibly dangerous",1928.0,1901 to 1939,Masonry,2.0,1160.0,Single Family,Save first,2020-08-12,Yes,141.0
40.4042224624,-79.9920855661,"34 MINOOKA ST, Pittsburgh, 15210",Carrick,4,1.0,"1 - Intact, no immediate danger",1920.0,1901 to 1939,Masonry,2.0,1260.0,Single Family,Save first,2020-08-12,Yes,145.0
40.4043062354,-79.9907381369,"1138 BROWNSVILLE RD, Pittsburgh, 15210",Carrick,4,3.0,"3 - Compromised, dangerous",,Unknown,Unknown,,,Office/Apartments Over,Demolish,2020-08-25,Yes,58.0
40.404759746,-79.9842344059,"20 LACONA ST, Pittsburgh, 15210",Carrick,4,,Not scored,1919.0,1901 to 1939,Masonry,2.0,1392.0,Single Family,Not scored,2022-10-19,No,502.0
40.413798715,-79.9995550719,"417 VANDALIA ST, Pittsburgh, 15210",Beltzhoover,3,2.0,"2 - Compromised, possibly dangerous",1915.0,1901 to 1939,Frame,2.0,1760.0,Single Family,Mothball,2020-09-09,No,687.0
40.4137891865,-79.9996408375,"415 VANDALIA ST, Pittsburgh, 15210",Beltzhoover,3,1.0,"1 - Intact, no immediate danger",1905.0,1901 to 1939,Frame,2.0,1760.0,Single Family,Mothball,2020-09-09,No,683.0
40.4099613062,-80.0065674219,"406 TIMBERLAND AVE, Pittsburgh, 15226",Bon Air,4,2.0,"2 - Compromised, possibly dangerous",1918.0,1901 to 1939,Frame,2.0,2040.0,Single Family,Mothball,2025-06-02,Yes,267.0
40.4100537594,-80.0066471387,"402 TIMBERLAND AVE, Pittsburgh, 15226",Bon Air,4,2.0,"2 - Compromised, possibly dangerous",1920.0,1901 to 1939,Masonry,1.0,600.0,Two Family,Save first,2025-06-02,Yes,255.0
40.4099082973,-79.9998238611,"359 CAPERTON ST, Pittsburgh, 15210",Bon Air,4,,Not scored,1955.0,1940 or later,Masonry,2.0,1200.0,Single Family,Not scored,2024-02-12,Yes,332.0
40.4090629355,-80.000849488,"216 FORDYCE ST, Pittsburgh, 15210",Bon Air,4,,Not scored,1900.0,1900 (possible default),Masonry,2.5,2149.0,Single Family,Not scored,2024-03-20,Yes,209.0
40.404180121,-80.0155642318,"1844 PIONEER AVE, Pittsburgh, 15226",Brookline,4,,Not scored,1920.0,1901 to 1939,Masonry,2.0,1120.0,Single Family,Not scored,2024-09-18,No,1035.0
40.4118382019,-80.0272475205,"1511 BELASCO AVE, Pittsburgh, 15216",Beechview,4,2.0,"2 - Compromised, possibly dangerous",1910.0,1901 to 1939,Frame,2.0,1325.0,Single Family,Mothball,2020-09-03,No,1386.0
40.4121620578,-80.0241140875,"1518 FALLOWFIELD AVE, Pittsburgh, 15216",Beechview,4,2.0,"2 - Compromised, possibly dangerous",1900.0,1900 (possible default),Masonry,2.0,1690.0,Two Family,Save first,2020-07-24,No,1126.0
40.4129310111,-80.0208373521,"1409 ALTON ST, Pittsburgh, 15216",Beechview,4,1.0,"1 - Intact, no immediate danger",1900.0,1900 (possible default),Frame,2.0,1690.0,Single Family,Mothball,2026-07-29,No,837.0
40.4119916641,-80.0186347961,"1504 ORANGEWOOD AVE, Pittsburgh, 15216",Beechview,4,,Not scored,1968.0,1940 or later,Masonry,2.0,1232.0,Single Family,Not scored,2024-03-27,No,732.0
40.4118877605,-80.0186308694,"1506 ORANGEWOOD AVE, Pittsburgh, 15216",Beechview,4,,Not scored,1968.0,1940 or later,Masonry,2.0,1232.0,Single Family,Not scored,2025-10-30,No,739.0
40.4091494881,-80.0285424036,"1630 ALVERADO AVE, Pittsburgh, PA 15216",Beechview,4,2.0,"2 - Compromised, possibly dangerous",1920.0,1901 to 1939,Frame,2.0,1240.0,Single Family,Mothball,2025-11-25,No,1609.0
40.4110650253,-80.0259487779,"1542 METHYL ST, Pittsburgh, 15216",Beechview,4,,Not scored,1909.0,1901 to 1939,Masonry,2.0,1596.0,Single Family,Not scored,2026-01-13,No,1317.0
40.4109539936,-80.0216498173,"730 HAMPSHIRE AVE, Pittsburgh, 15216",Beechview,4,,Not scored,1920.0,1901 to 1939,Masonry,2.0,1875.0,Two Family,Not scored,2023-12-13,No,1006.0
40.4101377877,-80.0194544731,"1616 WESTFIELD ST, Pittsburgh, 15216",Beechview,4,2.0,"2 - Compromised, possibly dangerous",1945.0,1940 or later,Masonry,2.0,2100.0,Single Family,Mothball,2025-08-13,No,921.0
40.4095073851,-80.0176452134,"1637 SUBURBAN AVE, Pittsburgh, 15216",Beechview,2,2.0,"2 - Compromised, possibly dangerous",1920.0,1901 to 1939,Masonry,2.5,2181.0,Single Family,Save first,2020-09-10,No,813.0
40.4101394177,-80.0202085855,"1703 SUBURBAN AVE, Pittsburgh, 15216",Beechview,4,2.0,"2 - Compromised, possibly dangerous",1910.0,1901 to 1939,Frame,2.0,1040.0,Single Family,Mothball,2020-09-10,No,966.0
40.4083945162,-80.0287387207,"211 COAST AVE, Pittsburgh, 15216",Beechview,4,,Not scored,1900.0,1900 (possible default),Frame,2.0,2046.0,Two Family,Not scored,2020-09-29,No,1664.0
40.4072900993,-80.0260764384,"1801 BROADWAY AVE, Pittsburgh, PA 15216",Beechview,4,2.0,"2 - Compromised, possibly dangerous",1940.0,1940 or later,Masonry,2.0,1384.0,Two Family,Mothball,2020-08-07,No,1549.0
40.4071097406,-80.0238709002,"1812 FALLOWFIELD AVE, Pittsburgh, 15216",Beechview,4,1.0,"1 - Intact, no immediate danger",1900.0,1900 (possible default),Masonry,1.5,1122.0,Single Family,Save first,2024-07-23,No,1400.0
40.408021705,-80.0205755019,"1739 FAIRACRES AVE, Pittsburgh, 15216",Beechview,4,,Not scored,1933.0,1901 to 1939,Frame,2.0,1104.0,Single Family,Not scored,2022-09-26,No,1103.0
40.4063602772,-80.0290927949,"2008 BROADWAY AVE, Pittsburgh, 15216",Beechview,4,2.0,"2 - Compromised, possibly dangerous",1925.0,1901 to 1939,Masonry,2.0,1094.0,Single Family,Save first,2020-08-25,No,1814.0
40.4048464758,-80.0246170824,"304 LONERGAN ST, Pittsburgh, 15216",Beechview,4,2.0,"2 - Compromised, possibly dangerous",1900.0,1900 (possible default),Frame,2.0,1773.0,Single Family,Mothball,2020-12-10,No,1566.0
40.4045929143,-80.0175355101,"1904 WOODWARD AVE, Pittsburgh, 15226",Brookline,4,1.0,"1 - Intact, no immediate danger",1910.0,1901 to 1939,Masonry,2.0,1260.0,Single Family,Save first,2024-08-30,No,1105.0
40.405323297,-80.0167449381,"1823 WOODWARD AVE, Pittsburgh, 15226",Brookline,4,,Not scored,1902.0,1901 to 1939,Frame,2.0,1767.0,Single Family,Not scored,2026-04-14,No,1001.0
40.4057998362,-80.0382383775,"2703 BANKSVILLE AVE, Pittsburgh, PA 15216",Banksville,2,2.0,"2 - Compromised, possibly dangerous",1900.0,1900 (possible default),Frame,2.0,1076.0,Single Family,Mothball,2020-08-21,No,2508.0
40.4044257579,-80.035673894,"2524 DALEMOUNT ST, Pittsburgh, 15216",Beechview,2,2.0,"2 - Compromised, possibly dangerous",1875.0,Before 1900,Frame,2.0,702.0,Single Family,Mothball,2021-02-17,No,2395.0
40.4290478139,-80.0655264825,"136 PENSDALE ST, Pittsburgh, 15205",Oakwood,2,2.0,"2 - Compromised, possibly dangerous",1910.0,1901 to 1939,Frame,2.0,1417.0,Single Family,Mothball,2020-09-08,No,673.0
40.4289028972,-80.0654115214,"140 PENSDALE ST, Pittsburgh, 15205",Oakwood,2,3.0,"3 - Compromised, dangerous",1925.0,1901 to 1939,Frame,2.0,1600.0,Single Family,Salvage,2020-09-08,No,674.0
40.4293574037,-80.065135912,"31 BALDWICK RD, Pittsburgh, 15205",Oakwood,2,2.0,"2 - Compromised, possibly dangerous",1943.0,1940 or later,Frame,2.0,1760.0,Single Family,Mothball,2020-08-21,No,718.0
40.4415470997,-80.0567050676,"506 STRATMORE ST, Pittsburgh, 15205",Crafton Heights,2,,Not scored,1910.0,1901 to 1939,Frame,2.0,1863.0,Single Family,Not scored,2022-08-12,No,819.0
40.4417451964,-80.0568761826,"510 STRATMORE ST, Pittsburgh, PA 15205",Crafton Heights,2,2.0,"2 - Compromised, possibly dangerous",1910.0,1901 to 1939,Masonry,2.0,1144.0,Rowhouse,Save first,2020-09-10,No,799.0
40.4417902722,-80.056903854,"512 STRATMORE ST, Pittsburgh, PA 15205",Crafton Heights,2,2.0,"2 - Compromised, possibly dangerous",1910.0,1901 to 1939,Masonry,2.0,1144.0,Rowhouse,Save first,2020-09-10,No,795.0
40.441828597,-80.0569279834,"514 STRATMORE ST, Pittsburgh, PA 15205",Crafton Heights,2,1.0,"1 - Intact, no immediate danger",1910.0,1901 to 1939,Masonry,2.0,1224.0,Rowhouse,Save first,2020-09-10,No,792.0
40.4426146144,-80.0542299599,"216 HOLLYWOOD ST, Pittsburgh, 15205",Crafton Heights,2,2.0,"2 - Compromised, possibly dangerous",1906.0,1901 to 1939,Frame,2.0,1892.0,Single Family,Mothball,2020-06-15,No,997.0
40.4382568936,-80.0580546944,"18 RIDENOUR AVE, Pittsburgh, 15205",Crafton Heights,2,2.0,"2 - Compromised, possibly dangerous",1899.0,Before 1900,Masonry,2.0,1750.0,Single Family,Save first,2020-09-09,No,853.0
40.4383075102,-80.0575346028,"1526 CUMBERLAND ST, Pittsburgh, PA 15205",Crafton Heights,2,,Not scored,1900.0,1900 (possible default),Frame,2.0,1670.0,Single Family,Not scored,2022-08-12,No,896.0
40.4391579818,-80.0572511066,"1551 CLAIRTONICA ST, Pittsburgh, 15205",Crafton Heights,2,1.0,"1 - Intact, no immediate danger",1913.0,1901 to 1939,Masonry,2.0,1200.0,Single Family,Save first,2020-08-27,No,898.0
40.439262337,-80.0563281842,"1310 ELMONT ST, Pittsburgh, 15205",Crafton Heights,2,,Not scored,1940.0,1940 or later,Frame,2.0,980.0,Single Family,Not scored,2021-03-03,No,956.0
40.4394244575,-80.0545816772,"114 ELMONT ST, Pittsburgh, 15205",Crafton Heights,2,2.0,"2 - Compromised, possibly dangerous",1928.0,1901 to 1939,Masonry,2.0,2194.0,Two Family,Save first,2023-08-30,No,1076.0
40.4392454271,-80.0551139063,"102 ELMONT ST, Pittsburgh, 15205",Crafton Heights,2,2.0,"2 - Compromised, possibly dangerous",1915.0,1901 to 1939,Masonry,2.0,1540.0,Single Family,Save first,2022-07-19,No,1046.0
40.4388656425,-80.0562635537,"4 ELMONT ST, Pittsburgh, 15205",Crafton Heights,2,1.0,"1 - Intact, no immediate danger",1911.0,1901 to 1939,Frame,2.0,1844.0,Single Family,Mothball,2021-02-16,No,985.0
40.4403930429,-80.0506479351,"1506 OBEY ST, Pittsburgh, 15205",Crafton Heights,2,,Not scored,1924.0,1901 to 1939,Masonry,2.0,1415.0,Single Family,Not scored,2024-10-31,No,1121.0
40.4369143601,-80.0581575434,"169 CLEARVIEW AVE, Pittsburgh, 15205",Westwood,2,,Not scored,1916.0,1901 to 1939,Frame,2.0,2137.0,Single Family,Not scored,2026-01-27,No,808.0
40.4370155649,-80.0558749078,"1424 BARR AVE, Pittsburgh, 15205",Westwood,2,,Not scored,1931.0,1901 to 1939,Masonry,2.0,1160.0,Single Family,Not scored,2022-08-05,No,1001.0
40.4362954415,-80.0556832606,"1420 PRESTON ST, Pittsburgh, 15205",Westwood,2,2.0,"2 - Compromised, possibly dangerous",1965.0,1940 or later,Frame,2.0,2000.0,Single Family,Mothball,2024-10-07,No,1009.0
40.4365730003,-80.0530905263,"1316 BARR AVE, Pittsburgh, 15205",Westwood,2,,Not scored,1908.0,1901 to 1939,Frame,2.0,1126.0,Single Family,Not scored,2026-09-04,No,1230.0
40.436187653,-80.0525195577,"1882 NOBLESTOWN RD, Pittsburgh, PA 15205",Westwood,2,1.0,"1 - Intact, no immediate danger",1897.0,Before 1900,Masonry,2.0,2124.0,Single Family,Save first,2020-06-26,No,1276.0
40.4370680173,-80.0509252904,"1300 HARTWELL ST #2, Pittsburgh, PA 15205",Westwood,2,,Not scored,1886.0,Before 1900,Frame,2.0,1990.0,Two Family,Not scored,2024-09-04,No,1233.0
40.4350328878,-80.0542124742,"1362 KEEVER AVE, Pittsburgh, 15205",Westwood,2,1.0,"1 - Intact, no immediate danger",1956.0,1940 or later,Masonry,1.0,900.0,Single Family,Mothball,2023-04-26,No,1135.0
40.4336068493,-80.054304355,"1370 HARRIS AVE, Pittsburgh, PA 15205",Westwood,2,2.0,"2 - Compromised, possibly dangerous",1957.0,1940 or later,Masonry,1.0,875.0,Single Family,Mothball,2025-06-23,No,1149.0
40.4515697067,-80.0650744097,"3117 FADETTE ST, Pittsburgh, 15204",Sheraden,2,,Not scored,1900.0,1900 (possible default),Frame,2.0,1764.0,Single Family,Not scored,2021-06-04,No,855.0
40.4504304204,-80.0625792616,"1403 TYNDALL ST, Pittsburgh, 15204",Sheraden,2,,Not scored,1920.0,1901 to 1939,Frame,2.0,1989.0,Single Family,Not scored,2021-02-25,No,779.0
40.4513953,-80.0528992953,"725 MUNICIPAL ST, Pittsburgh, 15204",Crafton Heights,2,2.0,"2 - Compromised, possibly dangerous",1900.0,1900 (possible default),Frame,2.0,1870.0,Single Family,Mothball,2022-08-17,Yes,129.0
40.4492116732,-80.0623738275,"1426 BERRY ST, Pittsburgh, PA 15204",Sheraden,2,,Not scored,1980.0,1940 or later,Masonry,2.0,1020.0,Townhouse,Not scored,2023-05-26,No,662.0
40.4498453315,-80.052576136,"802 GREENWAY DR, Pittsburgh, 15204",Crafton Heights,2,,Not scored,1900.0,1900 (possible default),Masonry,2.5,1361.0,Single Family,Not scored,2023-08-11,Yes,302.0
40.4501345351,-80.0507309174,"801 DUBOIS ST, Pittsburgh, 15204",Crafton Heights,2,2.0,"2 - Compromised, possibly dangerous",1915.0,1901 to 1939,Masonry,2.0,1072.0,Rowhouse,Save first,2020-10-26,Yes,327.0
40.4500947929,-80.0507509629,"803 DUBOIS ST, Pittsburgh, 15204",Crafton Heights,2,2.0,"2 - Compromised, possibly dangerous",1915.0,1901 to 1939,Frame,2.0,1072.0,Rowhouse,Mothball,2020-10-26,Yes,330.0
40.4499949741,-80.0508086363,"809 DUBOIS ST, Pittsburgh, 15204",Crafton Heights,2,1.0,"1 - Intact, no immediate danger",1915.0,1901 to 1939,Masonry,2.0,1072.0,Rowhouse,Save first,2024-06-05,Yes,336.0
40.4434560854,-80.0561851804,"1627 STEUBEN ST, Pittsburgh, 15205",Crafton Heights,2,3.0,"3 - Compromised, dangerous",1927.0,1901 to 1939,Masonry,2.0,1228.0,Single Family,Salvage,2026-02-16,No,823.0
40.4431328342,-80.0571806561,"1655 STEUBEN ST, Pittsburgh, 15205",Crafton Heights,2,1.0,"1 - Intact, no immediate danger",1926.0,1901 to 1939,Masonry,2.0,1200.0,Single Family,Save first,2020-10-21,No,742.0
40.4601378458,-80.0551805355,"429 PARSON ST, Pittsburgh, 15204",Sheraden,2,,Not scored,1920.0,1901 to 1939,Frame,2.0,1386.0,Single Family,Not scored,2024-09-10,Yes,384.0
40.4601494158,-80.0562422445,"455 STADIUM ST, Pittsburgh, 15204",Sheraden,2,,Not scored,1896.0,Before 1900,Frame,2.0,1560.0,Single Family,Not scored,2023-02-09,Yes,371.0
40.4623005792,-80.0542670248,"228 OREGON ST, Pittsburgh, 15204",Esplen,2,1.0,"1 - Intact, no immediate danger",1880.0,Before 1900,Frame,2.0,1901.0,Rowhouse,Mothball,2022-11-10,Yes,196.0
40.462092046,-80.0541398696,"3321 OREGON ST, Pittsburgh, 15204",Esplen,2,3.0,"3 - Compromised, dangerous",1900.0,1900 (possible default),Frame,2.0,2640.0,Single Family,Salvage,2024-09-03,Yes,194.0
40.4619235393,-80.053912589,"301 TABOR ST, Pittsburgh, PA 15204",Esplen,2,1.0,"1 - Intact, no immediate danger",1880.0,Before 1900,Frame,2.0,1459.0,Single Family,Mothball,2021-10-08,Yes,186.0
40.4617680982,-80.0539213912,"306 OREGON ST, Pittsburgh, PA 15204",Esplen,2,2.0,"2 - Compromised, possibly dangerous",1910.0,1901 to 1939,Frame,2.0,5952.0,Four Family,Mothball,2024-05-10,Yes,196.0
40.4621262009,-80.0547137853,"229 RADCLIFFE ST, Pittsburgh, 15204",Esplen,2,2.0,"2 - Compromised, possibly dangerous",1910.0,1901 to 1939,Frame,2.0,1932.0,Single Family,Mothball,2022-06-29,Yes,203.0
40.461344116,-80.0553350936,"409 TABOR ST, Pittsburgh, 15204",Esplen,2,2.0,"2 - Compromised, possibly dangerous",1900.0,1900 (possible default),Frame,2.0,1752.0,Single Family,Mothball,2020-09-09,Yes,253.0
40.4605276681,-80.0498273189,"115 SAGINAW ST, Pittsburgh, 15204",Esplen,2,2.0,"2 - Compromised, possibly dangerous",1900.0,1900 (possible default),Frame,2.0,1370.0,Single Family,Mothball,2024-03-19,Yes,58.0
40.4596656546,-80.0546029359,"3241 STAFFORD ST, Pittsburgh, 15204",Sheraden,2,2.0,"2 - Compromised, possibly dangerous",1896.0,Before 1900,Frame,1.0,741.0,Single Family,Mothball,2020-09-09,No,410.0
40.4592164092,-80.057047129,"3261 MOTOR ST, Pittsburgh, 15204",Sheraden,2,2.0,"2 - Compromised, possibly dangerous",1906.0,1901 to 1939,Frame,1.0,772.0,Single Family,Mothball,2023-08-22,No,479.0
40.4591787716,-80.0569702806,"3259 MOTOR ST, Pittsburgh, 15204",Sheraden,2,1.0,"1 - Intact, no immediate danger",1906.0,1901 to 1939,Frame,1.0,853.0,Single Family,Mothball,2020-08-27,No,482.0
40.45794555,-80.0566255348,"3213 ASHLYN ST, Pittsburgh, 15204",Sheraden,2,1.0,"1 - Intact, no immediate danger",1917.0,1901 to 1939,Masonry,2.0,1336.0,Single Family,Save first,2020-06-08,No,616.0
40.4579058816,-80.0530066803,"3037 MERWYN AVE, Pittsburgh, 15204",Sheraden,2,,Not scored,1925.0,1901 to 1939,Masonry,2.0,1690.0,Single Family,Not scored,2026-08-25,No,444.0
40.4584581806,-80.0529173283,"3050 MERWYN AVE, Pittsburgh, 15204",Sheraden,2,2.0,"2 - Compromised, possibly dangerous",1900.0,1900 (possible default),Frame,2.0,1476.0,Single Family,Mothball,2021-11-04,Yes,393.0
40.4595609019,-80.05363582,"3218 STAFFORD ST, Pittsburgh, 15204",Sheraden,2,1.0,"1 - Intact, no immediate danger",1900.0,1900 (possible default),Frame,2.0,992.0,Single Family,Mothball,2024-10-23,Yes,369.0
40.459519277,-80.0535690037,"3216 STAFFORD ST, Pittsburgh, 15204",Sheraden,2,,Not scored,1900.0,1900 (possible default),Frame,2.0,1040.0,Single Family,Not scored,2024-06-21,Yes,366.0
40.4577969993,-80.05103945,"336 MINTON ST, Pittsburgh, PA 15204",Sheraden,2,2.0,"2 - Compromised, possibly dangerous",1926.0,1901 to 1939,Frame,2.0,1903.0,Single Family,Mothball,2020-09-04,Yes,351.0
40.457694598,-80.0505851272,"321 MINTON ST, Pittsburgh, 15204",Sheraden,2,1.0,"1 - Intact, no immediate danger",1920.0,1901 to 1939,Masonry,2.0,2250.0,Two Family,Save first,2020-09-04,Yes,337.0
40.4592988256,-80.0518731831,"3126 SACRAMENTO AVE, Pittsburgh, 15204",Sheraden,2,1.0,"1 - Intact, no immediate danger",1925.0,1901 to 1939,Frame,1.0,893.0,Single Family,Mothball,2020-09-09,Yes,265.0
40.4592406559,-80.0518073259,"3124 SACRAMENTO AVE, Pittsburgh, 15204",Sheraden,2,,Not scored,1918.0,1901 to 1939,Frame,2.0,1474.0,Single Family,Not scored,2026-09-04,Yes,266.0
40.4582696225,-80.0501808374,"308 MINTON ST, Pittsburgh, 15204",Sheraden,2,2.0,"2 - Compromised, possibly dangerous",1900.0,1900 (possible default),Frame,2.0,1940.0,Single Family,Mothball,2020-09-04,Yes,265.0
40.4595154241,-80.0515895538,"3133 BRUNOT AVE, Pittsburgh, PA 15204",Sheraden,2,2.0,"2 - Compromised, possibly dangerous",1929.0,1901 to 1939,Masonry,2.0,1276.0,Single Family,Save first,2020-08-25,Yes,231.0
40.4557903,-80.0656242293,"1216 STANHOPE ST, Pittsburgh, 15204",Sheraden,2,,Not scored,1925.0,1901 to 1939,Masonry,2.0,1362.0,Single Family,Not scored,2022-10-12,No,1133.0
40.4567020444,-80.0631505688,"1015 STANHOPE ST, Pittsburgh, 15204",Sheraden,2,,Not scored,1900.0,1900 (possible default),Frame,2.0,1184.0,Single Family,Not scored,2020-12-03,No,942.0
40.4563319233,-80.0638106449,"1101 STANHOPE ST, Pittsburgh, 15204",Sheraden,2,2.0,"2 - Compromised, possibly dangerous",1900.0,1900 (possible default),Frame,2.0,1766.0,Single Family,Mothball,2020-09-09,No,1006.0
40.456184871,-80.064073962,"1111 STANHOPE ST, Pittsburgh, 15204",Sheraden,2,1.0,"1 - Intact, no immediate danger",1900.0,1900 (possible default),Frame,2.0,1151.0,Single Family,Mothball,2021-02-09,No,1025.0
40.4560680147,-80.0619686,"3225 ALLENDALE ST, Pittsburgh, 15204",Sheraden,2,,Not scored,1915.0,1901 to 1939,Masonry,2.0,1431.0,Single Family,Not scored,2025-01-06,No,858.0
40.4555160212,-80.0613841021,"1000 FAIRDALE ST #2, Pittsburgh, PA 15204",Sheraden,2,2.0,"2 - Compromised, possibly dangerous",1890.0,Before 1900,Frame,2.0,2448.0,Three Family,Mothball,2020-08-28,No,787.0
40.4553189153,-80.0617337746,"1014 FAIRDALE ST, Pittsburgh, 15204",Sheraden,2,2.0,"2 - Compromised, possibly dangerous",1900.0,1900 (possible default),Frame,2.0,1512.0,Single Family,Mothball,2020-08-28,No,805.0
40.4565555413,-80.0539947119,"3013 ZEPHYR AVE, Pittsburgh, 15204",Sheraden,2,1.0,"1 - Intact, no immediate danger",1898.0,Before 1900,Frame,2.0,1564.0,Single Family,Mothball,2024-01-16,No,450.0
40.457061585,-80.0549521293,"3106 BERGMAN ST, Pittsburgh, PA 15204",Sheraden,2,1.0,"1 - Intact, no immediate danger",1914.0,1901 to 1939,Masonry,2.5,2083.0,Single Family,Save first,2020-08-24,No,526.0
40.4555427722,-80.0555291517,"3016 ASHLYN ST, Pittsburgh, PA 15204",Sheraden,2,1.0,"1 - Intact, no immediate danger",,Unknown,Unknown,,,Other Commercial,Mothball,2024-04-29,Yes,396.0
40.4554304144,-80.0530880792,"533 SHERWOOD AVE, Pittsburgh, 15204",Sheraden,2,2.0,"2 - Compromised, possibly dangerous",1900.0,1900 (possible default),Masonry,2.0,2434.0,Single Family,Save first,2020-10-20,Yes,317.0
40.4568235688,-80.0536350255,"3014 ZEPHYR AVE, Pittsburgh, 15204",Sheraden,2,2.0,"2 - Compromised, possibly dangerous",1900.0,1900 (possible default),Frame,2.0,1530.0,Single Family,Mothball,2021-04-09,No,474.0
40.4562901029,-80.0526177677,"2953 GLEN MAWR ST, Pittsburgh, PA 15204",Sheraden,2,2.0,"2 - Compromised, possibly dangerous",1901.0,1901 to 1939,Frame,2.0,1773.0,Single Family,Mothball,2021-04-14,No,413.0
40.4555302807,-80.0513098475,"2906 GLEN MAWR ST, Pittsburgh, PA 15204",Sheraden,2,2.0,"2 - Compromised, possibly dangerous",,Unknown,Unknown,,,Retl/Apt'S Over,Mothball,2021-01-29,Yes,355.0
40.4564225292,-80.0516170319,"2941 MERWYN AVE, Pittsburgh, 15204",Sheraden,2,1.0,"1 - Intact, no immediate danger",1906.0,1901 to 1939,Frame,2.0,1935.0,Single Family,Mothball,2022-11-10,No,441.0
40.4570415471,-80.0515818646,"2956 MERWYN AVE, Pittsburgh, 15204",Sheraden,2,1.0,"1 - Intact, no immediate danger",1896.0,Before 1900,Frame,2.0,1932.0,Single Family,Mothball,2021-04-29,No,445.0
40.4570452904,-80.050476307,"2940 STAFFORD ST, Pittsburgh, 15204",Sheraden,2,1.0,"1 - Intact, no immediate danger",1899.0,Before 1900,Frame,2.0,1421.0,Single Family,Mothball,2025-07-14,Yes,394.0
40.4573960342,-80.0496954894,"2936 SACRAMENTO AVE, Pittsburgh, 15204",Sheraden,2,,Not scored,1900.0,1900 (possible default),Frame,2.0,1813.0,Single Family,Not scored,2020-09-09,Yes,331.0
40.4549898991,-80.0646195827,"1219 TWEED ST, Pittsburgh, PA 15204",Sheraden,2,1.0,"1 - Intact, no immediate danger",1900.0,1900 (possible default),Frame,2.0,1380.0,Single Family,Mothball,2026-04-20,No,1026.0
40.4542382517,-80.0651752542,"1246 FAULKNER ST, Pittsburgh, 15204",Sheraden,2,2.0,"2 - Compromised, possibly dangerous",1900.0,1900 (possible default),Frame,2.0,1118.0,Single Family,Mothball,2020-08-28,No,1053.0
40.4542847565,-80.0653437284,"1248 FAULKNER ST, Pittsburgh, 15204",Sheraden,2,2.0,"2 - Compromised, possibly dangerous",1900.0,1900 (possible default),Frame,2.0,1008.0,Single Family,Mothball,2020-09-02,No,1068.0
40.4544216673,-80.0640916269,"1221 FAULKNER ST, Pittsburgh, 15204",Sheraden,2,,Not scored,1924.0,1901 to 1939,Frame,2.0,1496.0,Single Family,Not scored,2023-01-23,No,967.0
40.4539323684,-80.0643158765,"3200 CHARTIERS AVE, Pittsburgh, 15204",Sheraden,2,1.0,"1 - Intact, no immediate danger",,Unknown,Unknown,,,Retl/Apt'S Over,Mothball,2020-08-27,No,976.0
40.4544177525,-80.0624956745,"1117 FAIRDALE ST, Pittsburgh, 15204",Sheraden,2,2.0,"2 - Compromised, possibly dangerous",1910.0,1901 to 1939,Frame,2.0,1730.0,Single Family,Mothball,2020-09-30,No,835.0
40.454366602,-80.0627327191,"3148 HUXLEY ST, Pittsburgh, 15204",Sheraden,2,2.0,"2 - Compromised, possibly dangerous",1915.0,1901 to 1939,Masonry,2.0,1320.0,Single Family,Save first,2020-09-01,No,854.0
40.4539401851,-80.0633287514,"1215 FAIRDALE ST, Pittsburgh, 15204",Sheraden,2,,Not scored,1910.0,1901 to 1939,Frame,2.0,1596.0,Single Family,Not scored,2022-10-19,No,894.0
40.453844385,-80.0627897565,"1204 SUTHERLAND ST, Pittsburgh, 15204",Sheraden,2,1.0,"1 - Intact, no immediate danger",1900.0,1900 (possible default),Frame,1.0,1026.0,Single Family,Mothball,2020-09-10,No,847.0
40.4529512331,-80.0646631557,"1310 PRITCHARD ST, Pittsburgh, 15204",Sheraden,2,1.0,"1 - Intact, no immediate danger",1920.0,1901 to 1939,Frame,2.0,1672.0,Single Family,Mothball,2021-05-04,No,995.0
40.4535249912,-80.064895885,"1307 JEFFERS ST, Pittsburgh, 15204",Sheraden,2,1.0,"1 - Intact, no immediate danger",1925.0,1901 to 1939,Masonry,2.0,1611.0,Single Family,Save first,2026-02-09,No,1019.0
40.4532079876,-80.0650645352,"1321 JEFFERS ST, Pittsburgh, PA 15204",Sheraden,2,2.0,"2 - Compromised, possibly dangerous",1925.0,1901 to 1939,Masonry,2.0,1472.0,Single Family,Save first,2024-01-16,No,1030.0
40.4530357881,-80.065151485,"1327 JEFFERS ST, Pittsburgh, 15204",Sheraden,2,,Not scored,1920.0,1901 to 1939,Frame,2.0,1928.0,Two Family,Not scored,2022-08-12,No,1016.0
40.4537239233,-80.0655320433,"3233 CHARTIERS AVE, Pittsburgh, 15204",Sheraden,2,,Not scored,1900.0,1900 (possible default),Frame,2.0,1442.0,Single Family,Not scored,2020-08-27,No,1075.0
40.4549663121,-80.0615092381,"1017 FAIRDALE ST, Pittsburgh, PA 15204",Sheraden,2,1.0,"1 - Intact, no immediate danger",1912.0,1901 to 1939,Other,2.0,1272.0,Two Family,Mothball,2020-08-28,No,773.0
40.4548174065,-80.0610470028,"1010 SUTHERLAND ST, Pittsburgh, 15204",Sheraden,2,2.0,"2 - Compromised, possibly dangerous",1910.0,1901 to 1939,Masonry,2.0,1943.0,Single Family,Save first,2024-12-23,No,731.0
40.4542513661,-80.0611352875,"3120 UNIVERSAL ST, Pittsburgh, 15204",Sheraden,2,2.0,"2 - Compromised, possibly dangerous",1880.0,Before 1900,Frame,2.0,1572.0,Single Family,Mothball,2020-09-09,No,719.0
40.4540793327,-80.0615228191,"1103 SUTHERLAND ST, Pittsburgh, 15204",Sheraden,2,1.0,"1 - Intact, no immediate danger",1903.0,1901 to 1939,Frame,2.0,1200.0,Single Family,Mothball,2020-09-10,No,747.0
40.4533624628,-80.0616325309,"3117 CHARTIERS AVE, Pittsburgh, 15204",Sheraden,2,2.0,"2 - Compromised, possibly dangerous",1900.0,1900 (possible default),Masonry,2.0,1500.0,Single Family,Save first,2020-08-27,No,742.0
40.4529385618,-80.0616927523,"1203 ADON ST, Pittsburgh, 15204",Sheraden,2,2.0,"2 - Compromised, possibly dangerous",1900.0,1900 (possible default),Frame,2.5,2357.0,Single Family,Mothball,2024-08-20,No,743.0
40.454009728,-80.0582898991,"2965 CHARTIERS AVE, Pittsburgh, 15204",Sheraden,2,,Not scored,1880.0,Before 1900,Frame,2.0,1882.0,Single Family,Not scored,2025-07-25,No,481.0
40.4538728944,-80.0574513935,"2927 CHARTIERS AVE, Pittsburgh, PA 15204",Sheraden,2,2.0,"2 - Compromised, possibly dangerous",,Unknown,Unknown,,,Office/Apartments Over,Mothball,2025-07-22,No,409.0
40.4529111359,-80.0572384246,"933 CHETOPA ST, Pittsburgh, 15204",Sheraden,2,1.0,"1 - Intact, no immediate danger",1910.0,1901 to 1939,Frame,2.0,1122.0,Single Family,Mothball,2020-08-27,Yes,367.0
40.4541732803,-80.0528670523,"2791 BERGMAN ST, Pittsburgh, PA 15204",Sheraden,2,1.0,"1 - Intact, no immediate danger",1900.0,1900 (possible default),Masonry,2.0,1920.0,Single Family,Save first,2020-08-21,Yes,178.0
40.4537294624,-80.0518468269,"2764 BERGMAN ST, Pittsburgh, PA 15204",Sheraden,2,2.0,"2 - Compromised, possibly dangerous",1900.0,1900 (possible default),Masonry,2.0,2448.0,Single Family,Save first,2020-08-21,Yes,158.0
40.4544032938,-80.0513569669,"2772 ZEPHYR AVE, Pittsburgh, 15204",Sheraden,2,1.0,"1 - Intact, no immediate danger",1880.0,Before 1900,Frame,2.0,1501.0,Single Family,Mothball,2020-09-10,Yes,243.0
40.4548043939,-80.0515920534,"513 HAMMOND ST, Pittsburgh, 15204",Sheraden,2,3.0,"3 - Compromised, dangerous",1903.0,1901 to 1939,Frame,2.0,1600.0,Single Family,Salvage,2020-09-01,Yes,272.0
40.4549715735,-80.0507790083,"2774 GLEN MAWR ST, Pittsburgh, PA 15204",Sheraden,2,1.0,"1 - Intact, no immediate danger",1880.0,Before 1900,Frame,2.0,1112.0,Single Family,Mothball,2020-08-31,Yes,323.0
40.4550912008,-80.0503948387,"2767 MERWYN AVE, Pittsburgh, 15204",Sheraden,2,1.0,"1 - Intact, no immediate danger",1910.0,1901 to 1939,Frame,2.0,1720.0,Single Family,Mothball,2021-04-13,Yes,352.0
40.454425009,-80.0497527419,"2739 MERWYN AVE, Pittsburgh, 15204",Sheraden,2,1.0,"1 - Intact, no immediate danger",1900.0,1900 (possible default),Frame,2.0,1766.0,Single Family,Mothball,2020-09-04,Yes,339.0
40.4631984303,-80.0536883431,"215 SAGAMORE ST, Pittsburgh, 15204",Esplen,2,1.0,"1 - Intact, no immediate danger",1900.0,1900 (possible default),Frame,2.0,1656.0,Single Family,Mothball,2020-08-11,Yes,109.0
40.4714461892,-80.0370106295,"3016 COHUTTA ST, Pittsburgh, 15212",Marshall-Shadeland,6,1.0,"1 - Intact, no immediate danger",,Unknown,Unknown,,,Comm Aux Building,Mothball,2020-07-20,No,1047.0
40.4720263598,-80.0331576825,"1351 OAKHILL ST, Pittsburgh, 15212",Marshall-Shadeland,6,1.0,"1 - Intact, no immediate danger",1929.0,1901 to 1939,Masonry,2.0,1008.0,Single Family,Save first,2021-03-19,No,775.0
40.4716407075,-80.0329428833,"1414 ECKERT ST, Pittsburgh, 15212",Marshall-Shadeland,6,1.0,"1 - Intact, no immediate danger",1900.0,1900 (possible default),Frame,1.0,675.0,Single Family,Mothball,2026-04-02,No,738.0
40.4716330258,-80.0333328728,"1424 ECKERT ST, Pittsburgh, 15212",Marshall-Shadeland,6,2.0,"2 - Compromised, possibly dangerous",1900.0,1900 (possible default),Frame,2.0,1864.0,Single Family,Mothball,2024-03-18,No,767.0
40.4719917722,-80.0351447127,"1547 GEYER AVE, Pittsburgh, 15212",Marshall-Shadeland,6,2.0,"2 - Compromised, possibly dangerous",1925.0,1901 to 1939,Frame,3.0,3000.0,Single Family,Mothball,2020-08-31,No,922.0
40.4721739608,-80.0357251404,"3007 GEYER AVE, Pittsburgh, 15212",Marshall-Shadeland,6,2.0,"2 - Compromised, possibly dangerous",1900.0,1900 (possible default),Frame,2.0,1463.0,Single Family,Mothball,2020-08-31,No,975.0
40.4719726335,-80.0355502173,"1602 ECKERT ST, Pittsburgh, 15212",Marshall-Shadeland,6,,Not scored,,Unknown,Unknown,,,Res Aux Building (No House),Not scored,2023-01-03,No,952.0
40.4719838937,-80.0356676549,"1604 ECKERT ST, Pittsburgh, 15212",Marshall-Shadeland,6,,Not scored,1900.0,1900 (possible default),Frame,2.0,840.0,Single Family,Not scored,2023-01-11,No,962.0
40.4712320908,-80.0345101931,"1519 ECKERT ST, Pittsburgh, 15212",Marshall-Shadeland,6,1.0,"1 - Intact, no immediate danger",1925.0,1901 to 1939,Frame,2.0,1212.0,Single Family,Mothball,2025-03-04,No,839.0
40.470879542,-80.0344476119,"1520 FORSYTHE ST, Pittsburgh, 15212",Marshall-Shadeland,6,2.0,"2 - Compromised, possibly dangerous",1910.0,1901 to 1939,Frame,2.5,1620.0,Single Family,Mothball,2026-04-17,No,821.0
40.4708185923,-80.0364963122,"1704 FORSYTHE ST, Pittsburgh, 15212",Marshall-Shadeland,6,1.0,"1 - Intact, no immediate danger",1920.0,1901 to 1939,Frame,2.0,1224.0,Single Family,Mothball,2026-08-04,No,985.0
40.4702869894,-80.036332144,"2911 CALIFORNIA AVE, Pittsburgh, 15212",Marshall-Shadeland,6,,Not scored,1899.0,Before 1900,Frame,2.0,2199.0,Single Family,Not scored,2026-04-17,No,957.0
40.4700185168,-80.0362413188,"2845 CALIFORNIA AVE, Pittsburgh, 15212",Marshall-Shadeland,6,1.0,"1 - Intact, no immediate danger",1910.0,1901 to 1939,Frame,2.5,2168.0,Single Family,Mothball,2022-09-09,No,944.0
40.4699636455,-80.0362228939,"2843 CALIFORNIA AVE, Pittsburgh, 15212",Marshall-Shadeland,6,3.0,"3 - Compromised, dangerous",1910.0,1901 to 1939,Frame,3.0,2016.0,Two Family,Salvage,2022-09-09,No,941.0
40.4685966799,-80.0339994855,"1516 WOODLAND AVE, Pittsburgh, 15212",Marshall-Shadeland,6,1.0,"1 - Intact, no immediate danger",1935.0,1901 to 1939,Masonry,2.0,1136.0,Rowhouse,Save first,2026-07-29,No,738.0
40.4686565894,-80.0334184823,"1500 WOODLAND AVE, Pittsburgh, 15212",Marshall-Shadeland,6,,Not scored,1896.0,Before 1900,Frame,2.0,1523.0,Single Family,Not scored,2022-12-12,No,689.0
40.4693458353,-80.0348944475,"2817 PITLER ST, Pittsburgh, 15212",Marshall-Shadeland,6,,Not scored,1969.0,1940 or later,Frame,1.0,684.0,Mobile Home,Not scored,2020-09-08,No,820.0
40.4675842954,-80.0348199565,"2674 CALIFORNIA AVE, Pittsburgh, 15212",Marshall-Shadeland,6,1.0,"1 - Intact, no immediate danger",1916.0,1901 to 1939,Masonry,2.5,2135.0,Single Family,Save first,2023-01-18,No,813.0
40.4682380266,-80.0350729122,"2704 CALIFORNIA AVE, Pittsburgh, 15212",Marshall-Shadeland,6,2.0,"2 - Compromised, possibly dangerous",1910.0,1901 to 1939,Frame,2.0,860.0,Single Family,Mothball,2026-04-17,No,829.0
40.4689410352,-80.0352983331,"2804 CALIFORNIA AVE, Pittsburgh, 15212",Marshall-Shadeland,6,1.0,"1 - Intact, no immediate danger",1926.0,1901 to 1939,Frame,2.0,1213.0,Single Family,Mothball,2025-04-02,No,850.0
40.4691456464,-80.0353600349,"2812 CALIFORNIA AVE, Pittsburgh, 15212",Marshall-Shadeland,6,1.0,"1 - Intact, no immediate danger",1920.0,1901 to 1939,Masonry,2.0,1917.0,Rowhouse,Save first,2026-08-05,No,856.0
40.4696036081,-80.0355917258,"2824 CALIFORNIA AVE, Pittsburgh, 15212",Marshall-Shadeland,6,2.0,"2 - Compromised, possibly dangerous",1900.0,1900 (possible default),Frame,3.0,3927.0,Single Family,Mothball,2024-04-30,No,882.0
40.4697533502,-80.0361539722,"2835 CALIFORNIA AVE, Pittsburgh, 15212",Marshall-Shadeland,6,2.0,"2 - Compromised, possibly dangerous",1910.0,1901 to 1939,Frame,2.0,979.0,Single Family,Mothball,2023-09-20,No,931.0
40.4694921303,-80.0360656421,"2825 CALIFORNIA AVE, Pittsburgh, 15212",Marshall-Shadeland,6,1.0,"1 - Intact, no immediate danger",1915.0,1901 to 1939,Frame,1.0,888.0,Single Family,Mothball,2026-02-23,No,920.0
40.4715177521,-80.0315322239,"3001 CAKE Way, Pittsburgh, 15212",Marshall-Shadeland,6,2.0,"2 - Compromised, possibly dangerous",1900.0,1900 (possible default),Frame,2.0,1502.0,Single Family,Mothball,2025-05-12,No,628.0
40.4707098219,-80.031293471,"2906 HARTMAN ST, Pittsburgh, 15212",Marshall-Shadeland,6,1.0,"1 - Intact, no immediate danger",1900.0,1900 (possible default),Frame,3.0,1581.0,Single Family,Mothball,2021-07-01,No,566.0
40.4712769244,-80.0304295731,"2918 SHADELAND AVE, Pittsburgh, 15212",Marshall-Shadeland,6,2.0,"2 - Compromised, possibly dangerous",1920.0,1901 to 1939,Frame,2.0,1816.0,Single Family,Mothball,2020-10-09,No,536.0
40.4717478668,-80.0305787719,"3002 SHADELAND AVE, Pittsburgh, 15212",Marshall-Shadeland,6,2.0,"2 - Compromised, possibly dangerous",1900.0,1900 (possible default),Frame,2.0,1530.0,Single Family,Mothball,2020-09-09,No,577.0
40.4721859622,-80.0302045029,"3018 FREDERICK ST, Pittsburgh, 15212",Marshall-Shadeland,6,,Not scored,1931.0,1901 to 1939,Frame,1.5,1370.0,Single Family,Not scored,2026-07-23,No,586.0
40.4711418133,-80.0296923627,"2911 BREKER ST, Pittsburgh, 15212",Marshall-Shadeland,6,,Not scored,1918.0,1901 to 1939,Masonry,2.0,1860.0,Single Family,Not scored,2021-03-19,No,477.0
40.470571172,-80.029505115,"2817 BREKER ST, Pittsburgh, 15212",Marshall-Shadeland,6,2.0,"2 - Compromised, possibly dangerous",1900.0,1900 (possible default),Masonry,2.0,1331.0,Single Family,Save first,2020-07-09,No,427.0
40.4717969462,-80.0287931607,"2928 WADLOW ST, Pittsburgh, 15212",Marshall-Shadeland,6,3.0,"3 - Compromised, dangerous",1920.0,1901 to 1939,Frame,1.0,648.0,Single Family,Salvage,2021-04-08,No,474.0
40.4721268634,-80.0286717957,"3006 VENSEL Way, Pittsburgh, 15212",Marshall-Shadeland,6,2.0,"2 - Compromised, possibly dangerous",1920.0,1901 to 1939,Frame,2.0,1378.0,Single Family,Mothball,2020-09-17,No,497.0
40.4719241815,-80.0284075157,"2933 STAYTON ST, Pittsburgh, 15212",Marshall-Shadeland,6,,Not scored,1900.0,1900 (possible default),Frame,2.0,1248.0,Single Family,Not scored,2026-08-25,No,466.0
40.4715158774,-80.0282282955,"2917 STAYTON ST, Pittsburgh, 15212",Marshall-Shadeland,6,2.0,"2 - Compromised, possibly dangerous",1910.0,1901 to 1939,Frame,2.0,1362.0,Single Family,Mothball,2020-08-11,No,420.0
40.4714500087,-80.0282032444,"2915 STAYTON ST, Pittsburgh, PA 15212",Marshall-Shadeland,6,,Not scored,1910.0,1901 to 1939,Frame,2.0,1470.0,Single Family,Not scored,2025-07-22,No,413.0
40.4704422803,-80.027872987,"2805 STAYTON ST, Pittsburgh, 15212",Marshall-Shadeland,6,1.0,"1 - Intact, no immediate danger",1900.0,1900 (possible default),Frame,2.0,1528.0,Two Family,Mothball,2020-08-11,Yes,310.0
40.4706832919,-80.0264811807,"2800 MCDOWELL ST, Pittsburgh, 15212",Marshall-Shadeland,6,,Not scored,1910.0,1901 to 1939,Frame,1.0,856.0,Single Family,Not scored,2022-10-31,Yes,266.0
40.4701845584,-80.0259391694,"2709 BRIGHTON RD, Pittsburgh, 15212",Marshall-Shadeland,6,2.0,"2 - Compromised, possibly dangerous",1894.0,Before 1900,Frame,2.0,1211.0,Single Family,Mothball,2022-08-17,Yes,199.0
40.4696542681,-80.0321360149,"1406 DICKSON ST, Pittsburgh, 15212",Marshall-Shadeland,6,1.0,"1 - Intact, no immediate danger",1927.0,1901 to 1939,Frame,2.0,1476.0,Single Family,Mothball,2023-03-29,No,595.0
40.4693530903,-80.0306117858,"1310 WOODLAND AVE, Pittsburgh, PA 15212",Marshall-Shadeland,6,2.0,"2 - Compromised, possibly dangerous",1940.0,1940 or later,Frame,1.0,1092.0,Single Family,Mothball,2026-08-05,No,462.0
40.4678306751,-80.0325682341,"1433 TUMBO ST, Pittsburgh, 15212",Marshall-Shadeland,6,,Not scored,1901.0,1901 to 1939,Frame,2.5,1784.0,Single Family,Not scored,2026-04-17,No,620.0
40.4682745824,-80.0296704737,"2634 SHADELAND AVE #2, Pittsburgh, PA 15212",Marshall-Shadeland,6,,Not scored,1925.0,1901 to 1939,Masonry,3.0,2328.0,Two Family,Not scored,2022-11-28,Yes,372.0
40.4686445424,-80.0297790603,"2618 SHADELAND AVE, Pittsburgh, 15212",Marshall-Shadeland,6,1.0,"1 - Intact, no immediate danger",1930.0,1901 to 1939,Masonry,2.0,1556.0,Single Family,Save first,2022-10-10,Yes,381.0
40.4694353419,-80.0294731437,"1254 WOODLAND AVE, Pittsburgh, 15212",Marshall-Shadeland,6,2.0,"2 - Compromised, possibly dangerous",1906.0,1901 to 1939,Frame,2.5,2200.0,Single Family,Mothball,2020-09-10,Yes,370.0
40.4695031645,-80.0297519601,"2707 1/2 FREDERICK ST, Pittsburgh, PA 15212",Marshall-Shadeland,6,1.0,"1 - Intact, no immediate danger",1900.0,1900 (possible default),Frame,2.0,832.0,Single Family,Mothball,2023-01-30,Yes,395.0
40.4692254429,-80.0283183848,"1225 WOODLAND AVE, Pittsburgh, 15212",Marshall-Shadeland,6,,Not scored,1935.0,1901 to 1939,Frame,2.5,1780.0,Single Family,Not scored,2025-04-30,Yes,270.0
40.4675438587,-80.0255836436,"1111 HODGKISS ST, Pittsburgh, PA 15212",Marshall-Shadeland,6,1.0,"1 - Intact, no immediate danger",1916.0,1901 to 1939,Frame,2.0,1596.0,Single Family,Mothball,2026-07-29,Yes,54.0
40.4688929767,-80.018195881,"623 DANBURY ST, Pittsburgh, 15214",Perry South,6,2.0,"2 - Compromised, possibly dangerous",1930.0,1901 to 1939,Masonry,2.0,1480.0,Single Family,Save first,2026-04-06,No,593.0
40.4667458725,-80.0260300094,"1123 INGHAM ST, Pittsburgh, 15212",Marshall-Shadeland,6,2.0,"2 - Compromised, possibly dangerous",1921.0,1901 to 1939,Frame,2.0,1220.0,Single Family,Mothball,2020-11-13,Yes,94.0
40.4652509964,-80.0259400082,"1134 RIDGELAND DR, Pittsburgh, 15212",Marshall-Shadeland,6,1.0,"1 - Intact, no immediate danger",1940.0,1940 or later,Masonry,2.0,1200.0,Single Family,Mothball,2020-09-24,Yes,229.0
40.4663517471,-80.0201543583,"2443 N CHARLES ST, Pittsburgh, PA 15214",Perry South,6,1.0,"1 - Intact, no immediate danger",1910.0,1901 to 1939,Frame,2.0,1152.0,Single Family,Mothball,2024-11-25,No,430.0
40.4656781797,-80.0202554595,"2412 N CHARLES ST, Pittsburgh, 15214",Perry South,6,2.0,"2 - Compromised, possibly dangerous",1910.0,1901 to 1939,Frame,3.0,1710.0,Single Family,Mothball,2023-12-07,No,445.0
40.465501359,-80.01748497,"627 CHESTER AVE, Pittsburgh, PA 15214",Perry South,6,2.0,"2 - Compromised, possibly dangerous",1900.0,1900 (possible default),Frame,2.0,1528.0,Single Family,Mothball,2020-07-16,No,413.0
40.4653411864,-80.0164333265,"544 W BURGESS ST, Pittsburgh, 15214",Perry South,6,2.0,"2 - Compromised, possibly dangerous",1920.0,1901 to 1939,Frame,2.0,1355.0,Single Family,Mothball,2025-01-29,Yes,338.0
40.4646487439,-80.0293511477,"1318 HALSEY PL, Pittsburgh, 15212",Marshall-Shadeland,6,,Not scored,1920.0,1901 to 1939,Frame,2.0,1632.0,Two Family,Not scored,2026-04-17,No,458.0
40.4646791964,-80.0291834101,"1314 HALSEY PL, Pittsburgh, 15212",Marshall-Shadeland,6,,Not scored,1922.0,1901 to 1939,Frame,2.0,896.0,Single Family,Not scored,2026-04-17,No,445.0
40.4647191388,-80.0289754338,"1308 HALSEY PL #2, Pittsburgh, PA 15212",Marshall-Shadeland,6,2.0,"2 - Compromised, possibly dangerous",1920.0,1901 to 1939,Frame,2.0,2190.0,Two Family,Mothball,2024-06-21,No,429.0
40.4640303807,-80.0297054456,"2350 MCCOOK ST, Pittsburgh, 15212",Marshall-Shadeland,6,3.0,"3 - Compromised, dangerous",1920.0,1901 to 1939,Masonry,2.0,1015.0,Rowhouse,Salvage,2020-09-04,No,525.0
40.4634487937,-80.0293846038,"1330 MARSHALL AVE, Pittsburgh, 15212",Marshall-Shadeland,6,,Not scored,1920.0,1901 to 1939,Frame,2.0,744.0,Single Family,Not scored,2026-05-21,No,552.0
40.4628771985,-80.0302004526,"2316 ATMORE ST, Pittsburgh, 15212",Marshall-Shadeland,6,,Not scored,1920.0,1901 to 1939,Frame,2.0,1105.0,Rowhouse,Not scored,2023-11-06,No,645.0
40.4644345606,-80.0302624852,"1404 HALSEY PL, Pittsburgh, 15212",Marshall-Shadeland,6,2.0,"2 - Compromised, possibly dangerous",1920.0,1901 to 1939,Frame,2.0,1088.0,Rowhouse,Mothball,2026-04-02,No,534.0
40.4644523319,-80.0301427646,"1400 HALSEY PL, Pittsburgh, 15212",Marshall-Shadeland,6,1.0,"1 - Intact, no immediate danger",1920.0,1901 to 1939,Frame,2.0,1452.0,Rowhouse,Mothball,2020-09-01,No,525.0
40.4635004469,-80.0309302508,"2342 COLORADO ST, Pittsburgh, 15212",Marshall-Shadeland,6,2.0,"2 - Compromised, possibly dangerous",1889.0,Before 1900,Frame,2.0,1442.0,Single Family,Mothball,2026-03-24,No,642.0
40.463315776,-80.0308636808,"2341 ATMORE ST, Pittsburgh, 15212",Marshall-Shadeland,6,1.0,"1 - Intact, no immediate danger",1880.0,Before 1900,Frame,2.0,1088.0,Single Family,Mothball,2023-03-13,No,651.0
40.4629879824,-80.0307602247,"2325 ATMORE ST, Pittsburgh, 15212",Marshall-Shadeland,6,,Not scored,1890.0,Before 1900,Frame,2.0,1246.0,Single Family,Not scored,2024-04-11,No,669.0
40.4628647572,-80.0308198806,"2320 COLORADO ST, Pittsburgh, 15212",Marshall-Shadeland,6,2.0,"2 - Compromised, possibly dangerous",1889.0,Before 1900,Frame,2.0,1008.0,Rowhouse,Mothball,2020-08-27,No,683.0
40.4628314066,-80.0308090999,"2318 COLORADO ST, Pittsburgh, 15212",Marshall-Shadeland,6,2.0,"2 - Compromised, possibly dangerous",1889.0,Before 1900,Frame,2.0,1008.0,Rowhouse,Mothball,2023-09-22,No,685.0
40.4638467088,-80.0315200409,"1413 HALSEY PL, Pittsburgh, 15212",Marshall-Shadeland,6,2.0,"2 - Compromised, possibly dangerous",1920.0,1901 to 1939,Frame,2.0,1160.0,Single Family,Mothball,2023-03-15,No,659.0
40.4637352628,-80.0314103938,"2349 COLORADO ST, Pittsburgh, 15212",Marshall-Shadeland,6,,Not scored,1920.0,1901 to 1939,Frame,2.0,1080.0,Single Family,Not scored,2023-06-14,No,658.0
40.4641293953,-80.0318933348,"2406 CALIFORNIA AVE, Pittsburgh, 15212",Marshall-Shadeland,6,1.0,"1 - Intact, no immediate danger",1900.0,1900 (possible default),Masonry,2.0,3009.0,Single Family,Save first,2024-02-14,No,669.0
40.464631718,-80.0322819121,"2428 CALIFORNIA AVE, Pittsburgh, 15212",Marshall-Shadeland,6,,Not scored,1925.0,1901 to 1939,Masonry,2.0,1462.0,Single Family,Not scored,2022-09-16,No,672.0
40.4624859111,-80.0255917572,"1214 COLFAX ST, Pittsburgh, 15212",California-Kirkbride,6,,Not scored,1901.0,1901 to 1939,Frame,2.0,1204.0,Single Family,Not scored,2026-08-31,No,525.0
40.4629069905,-80.0258464567,"1223 ISLAND AVE, Pittsburgh, 15212",California-Kirkbride,6,2.0,"2 - Compromised, possibly dangerous",1906.0,1901 to 1939,Frame,2.0,1300.0,Single Family,Mothball,2020-07-21,No,481.0
40.4628136788,-80.0263454141,"1233 ISLAND AVE, Pittsburgh, 15212",California-Kirkbride,6,1.0,"1 - Intact, no immediate danger",1882.0,Before 1900,Frame,2.0,2290.0,Single Family,Mothball,2021-01-29,No,498.0
40.4642500814,-80.0178050274,"630 CHAUTAUQUA ST, Pittsburgh, 15214",Perry South,6,,Not scored,1910.0,1901 to 1939,Masonry,2.5,1625.0,Rowhouse,Not scored,2025-08-01,Yes,364.0
40.464324838,-80.0177101572,"628 CHAUTAUQUA ST, Pittsburgh, 15214",Perry South,6,2.0,"2 - Compromised, possibly dangerous",1910.0,1901 to 1939,Masonry,2.5,1193.0,Rowhouse,Save first,2025-03-28,Yes,360.0
40.4642184602,-80.0165668361,"551 CHAUTAUQUA ST, Pittsburgh, 15214",Perry South,6,2.0,"2 - Compromised, possibly dangerous",1891.0,Before 1900,Masonry,2.0,1908.0,Single Family,Save first,2022-06-27,Yes,267.0
40.4630791083,-80.0171550394,No primary address specified,Perry South,6,3.0,"3 - Compromised, dangerous",1900.0,1900 (possible default),Frame,3.0,1692.0,Single Family,Salvage,2020-09-04,Yes,284.0
40.4631091262,-80.0171166473,"711 1/2 MELROSE AVE, Pittsburgh, 15214",Perry South,6,3.0,"3 - Compromised, dangerous",1900.0,1900 (possible default),Frame,3.0,1836.0,Single Family,Salvage,2025-07-16,Yes,280.0
40.4721889474,-80.0124855423,"2650 LELAND ST, Pittsburgh, 15214",Perry South,6,2.0,"2 - Compromised, possibly dangerous",1915.0,1901 to 1939,Frame,1.0,739.0,Single Family,Mothball,2024-07-17,Yes,210.0
40.4717458938,-80.0123291456,"2636 LELAND ST, Pittsburgh, 15214",Perry South,6,,Not scored,1915.0,1901 to 1939,Frame,2.5,1766.0,Single Family,Not scored,2026-05-21,Yes,192.0
40.4713396991,-80.0121946746,"2624 LELAND ST, Pittsburgh, 15214",Perry South,6,2.0,"2 - Compromised, possibly dangerous",1915.0,1901 to 1939,Frame,2.5,2413.0,Single Family,Mothball,2020-09-03,Yes,187.0
40.4719117273,-80.0128308921,"2645 LELAND ST, Pittsburgh, 15214",Perry South,6,2.0,"2 - Compromised, possibly dangerous",1930.0,1901 to 1939,Frame,1.5,1091.0,Single Family,Mothball,2020-09-03,Yes,235.0
40.4708005518,-80.0126801567,"2612 NORWOOD AVE, Pittsburgh, 15214",Perry South,6,,Not scored,1920.0,1901 to 1939,Frame,2.0,1668.0,Single Family,Not scored,2026-05-22,Yes,247.0
40.4719290906,-80.0134971737,"2655 NORWOOD AVE, Pittsburgh, 15214",Perry South,6,3.0,"3 - Compromised, dangerous",1927.0,1901 to 1939,Frame,1.0,638.0,Single Family,Salvage,2020-09-08,Yes,291.0
40.471511581,-80.0141996383,"227 LURAY ST, Pittsburgh, 15214",Perry South,6,,Not scored,1910.0,1901 to 1939,Masonry,2.0,960.0,Rowhouse,Not scored,2023-06-13,Yes,352.0
40.4715086336,-80.0142553225,"229 LURAY ST, Pittsburgh, 15214",Perry South,6,2.0,"2 - Compromised, possibly dangerous",1910.0,1901 to 1939,Masonry,2.0,1320.0,Rowhouse,Save first,2023-06-13,Yes,356.0
40.4715015636,-80.0143101931,"231 LURAY ST, Pittsburgh, 15214",Perry South,6,2.0,"2 - Compromised, possibly dangerous",1910.0,1901 to 1939,Masonry,2.0,1320.0,Rowhouse,Save first,2023-06-13,Yes,361.0
40.4714273724,-80.0146913474,"2641 LINWOOD AVE, Pittsburgh, 15214",Perry South,6,2.0,"2 - Compromised, possibly dangerous",1920.0,1901 to 1939,Masonry,2.0,1304.0,Single Family,Save first,2022-12-23,Yes,394.0
40.4719109899,-80.0097464391,"2644 PERRYSVILLE AVE, Pittsburgh, 15214",Perry South,6,2.0,"2 - Compromised, possibly dangerous",1900.0,1900 (possible default),Masonry,2.5,3024.0,Three Family,Save first,2026-07-29,Yes,19.0
40.4704064661,-80.0081550317,"2526 PERRYSVILLE AVE, Pittsburgh, PA 15214",Perry South,6,2.0,"2 - Compromised, possibly dangerous",1900.0,1900 (possible default),Frame,2.5,3436.0,Single Family,Mothball,2022-12-23,Yes,88.0
40.4703133362,-80.0080274667,"2522 PERRYSVILLE AVE, Pittsburgh, 15214",Perry South,6,1.0,"1 - Intact, no immediate danger",1900.0,1900 (possible default),Masonry,2.0,2236.0,Single Family,Save first,2020-09-08,Yes,103.0
40.4700083856,-80.0077622996,"2511 MAPLE AVE, Pittsburgh, PA 15214",Perry South,6,1.0,"1 - Intact, no immediate danger",1950.0,1940 or later,Masonry,1.0,1314.0,Single Family,Mothball,2024-07-09,Yes,143.0
40.4708599494,-80.0088947385,"2960 N CHARLES ST, Pittsburgh, PA 15214",Perry South,6,2.0,"2 - Compromised, possibly dangerous",,Unknown,Unknown,,,Retl/Apt'S Over,Mothball,2026-03-05,Yes,29.0
40.4710710114,-80.0096093377,"2945 N CHARLES ST, Pittsburgh, 15214",Perry South,6,2.0,"2 - Compromised, possibly dangerous",1900.0,1900 (possible default),Frame,2.5,2186.0,Single Family,Mothball,2023-09-20,Yes,76.0
40.4718757601,-80.0119327028,"2639 SHELTON AVE, Pittsburgh, 15214",Perry South,6,3.0,"3 - Compromised, dangerous",1900.0,1900 (possible default),Frame,2.0,1200.0,Single Family,Salvage,2021-05-26,Yes,159.0
40.4711603904,-80.006533429,"6 MAGNET ST, Pittsburgh, 15214",Perry South,6,2.0,"2 - Compromised, possibly dangerous",1900.0,1900 (possible default),Frame,1.0,496.0,Single Family,Mothball,2026-06-22,Yes,185.0
40.4704670567,-80.0067041563,"402 LAWTON AVE, Pittsburgh, 15214",Perry South,6,,Not scored,1900.0,1900 (possible default),Frame,2.0,1160.0,Single Family,Not scored,2023-08-16,Yes,183.0
40.470096916,-80.0061230014,"2453 LYZELL ST, Pittsburgh, 15214",Perry South,6,2.0,"2 - Compromised, possibly dangerous",1910.0,1901 to 1939,Frame,2.5,1884.0,Single Family,Mothball,2020-09-03,Yes,245.0
40.4710199029,-80.0075319588,"2544 MAPLE AVE, Pittsburgh, 15214",Perry South,6,3.0,"3 - Compromised, dangerous",1910.0,1901 to 1939,Frame,2.5,2311.0,Single Family,Salvage,2020-08-14,Yes,100.0
40.4684881588,-80.014938584,"2622 N CHARLES ST, Pittsburgh, PA 15214",Perry South,6,,Not scored,1900.0,1900 (possible default),Frame,2.0,1404.0,Single Family,Not scored,2022-10-31,No,550.0
40.4680927551,-80.0134143462,"2424 WILSON AVE, Pittsburgh, 15214",Perry South,6,,Not scored,1925.0,1901 to 1939,Frame,2.0,1440.0,Single Family,Not scored,2023-11-06,No,496.0
40.4681622986,-80.0130386435,"2435 MCINTYRE PL, Pittsburgh, 15214",Perry South,6,1.0,"1 - Intact, no immediate danger",1930.0,1901 to 1939,Masonry,2.0,1120.0,Single Family,Save first,2020-09-04,No,472.0
40.4693427824,-80.010615801,"38 KENWOOD AVE, Pittsburgh, 15214",Perry South,6,2.0,"2 - Compromised, possibly dangerous",1910.0,1901 to 1939,Frame,2.0,1798.0,Single Family,Mothball,2026-02-23,Yes,251.0
40.4693727444,-80.010451867,"37 KENWOOD AVE, Pittsburgh, PA 15214",Perry South,6,2.0,"2 - Compromised, possibly dangerous",1910.0,1901 to 1939,Frame,2.0,1452.0,Single Family,Mothball,2020-09-02,Yes,240.0
40.4694988535,-80.0097914723,"28 KENWOOD AVE, Pittsburgh, 15214",Perry South,6,,Not scored,1900.0,1900 (possible default),Frame,2.0,1392.0,Single Family,Not scored,2022-11-02,Yes,198.0
40.4688777793,-80.0109181557,"40 W MCINTYRE AVE, Pittsburgh, 15214",Perry South,6,1.0,"1 - Intact, no immediate danger",1930.0,1901 to 1939,Masonry,2.0,1308.0,Single Family,Save first,2026-07-07,Yes,307.0
40.4682157601,-80.0103737241,"2421 PERRYSVILLE AVE, Pittsburgh, 15214",Perry South,6,1.0,"1 - Intact, no immediate danger",1880.0,Before 1900,Masonry,2.0,4344.0,Two Family,Save first,2023-08-24,Yes,347.0
40.4676109952,-80.0108794908,"109 MAYWOOD ST, Pittsburgh, 15214",Perry South,6,2.0,"2 - Compromised, possibly dangerous",1924.0,1901 to 1939,Masonry,2.0,1288.0,Single Family,Save first,2020-07-16,No,426.0
40.4678822273,-80.0092274645,"254 E BURGESS ST, Pittsburgh, 15214",Perry South,6,,Not scored,1950.0,1940 or later,Frame,1.0,660.0,Single Family,Not scored,2025-06-18,Yes,357.0
40.4674754102,-80.007935185,"2335 OSGOOD ST, Pittsburgh, 15214",Perry South,6,,Not scored,1905.0,1901 to 1939,Frame,2.5,1913.0,Single Family,Not scored,2022-12-23,No,404.0
40.4691448117,-80.0075835091,"208 E MCINTYRE AVE, Pittsburgh, 15214",Perry South,6,3.0,"3 - Compromised, dangerous",1910.0,1901 to 1939,Frame,2.5,2707.0,Single Family,Salvage,2024-03-14,Yes,235.0
40.4690379048,-80.007808417,"202 E MCINTYRE AVE, Pittsburgh, 15214",Perry South,6,2.0,"2 - Compromised, possibly dangerous",1910.0,1901 to 1939,Masonry,2.5,2273.0,Single Family,Save first,2024-03-19,Yes,239.0
40.4686133796,-80.0075890294,"2417 OSGOOD ST, Pittsburgh, PA 15214",Perry South,6,2.0,"2 - Compromised, possibly dangerous",1920.0,1901 to 1939,Frame,2.0,1845.0,Two Family,Mothball,2026-08-17,Yes,289.0
40.4675851198,-80.0074556819,"2332 OSGOOD ST, Pittsburgh, 15214",Perry South,6,2.0,"2 - Compromised, possibly dangerous",1920.0,1901 to 1939,Frame,2.0,1360.0,Single Family,Mothball,2026-07-15,No,401.0
40.4674070898,-80.0073976154,"2326 OSGOOD ST, Pittsburgh, 15214",Perry South,6,1.0,"1 - Intact, no immediate danger",1920.0,1901 to 1939,Masonry,2.0,1364.0,Single Family,Save first,2020-09-08,No,421.0
40.4684340432,-80.0043411398,"2327 WURZELL AVE, Pittsburgh, 15214",Perry South,6,2.0,"2 - Compromised, possibly dangerous",1920.0,1901 to 1939,Frame,2.0,2154.0,Single Family,Mothball,2020-09-10,No,472.0
40.4683273611,-80.0049144697,"433 E BURGESS ST, Pittsburgh, 15214",Perry South,6,1.0,"1 - Intact, no immediate danger",1925.0,1901 to 1939,Frame,2.0,884.0,Single Family,Mothball,2020-08-26,No,443.0
40.4688995739,-80.0057667669,"313 E MCINTYRE AVE, Pittsburgh, PA 15214",Perry South,6,1.0,"1 - Intact, no immediate danger",1915.0,1901 to 1939,Masonry,2.0,2056.0,Single Family,Save first,2025-05-28,Yes,347.0
40.4696225282,-80.0064060025,"2442 HAZELTON ST, Pittsburgh, 15214",Perry South,6,2.0,"2 - Compromised, possibly dangerous",1910.0,1901 to 1939,Masonry,2.0,1704.0,Single Family,Save first,2021-10-14,Yes,253.0
40.4696896008,-80.0064288268,"2444 HAZELTON ST, Pittsburgh, 15214",Perry South,6,2.0,"2 - Compromised, possibly dangerous",1907.0,1901 to 1939,Masonry,2.0,1554.0,Single Family,Save first,2023-03-13,Yes,247.0
40.4684611776,-80.0038600319,"2330 WURZELL AVE, Pittsburgh, 15214",Perry South,6,2.0,"2 - Compromised, possibly dangerous",1930.0,1901 to 1939,Frame,2.0,986.0,Single Family,Mothball,2021-01-11,No,503.0
40.4673318231,-80.0148651827,"402 CHESTER AVE, Pittsburgh, PA 15214",Perry South,6,1.0,"1 - Intact, no immediate danger",1900.0,1900 (possible default),Frame,2.0,1800.0,Single Family,Mothball,2023-01-17,No,482.0
40.4667462948,-80.0150029988,"409 CHESTER AVE, Pittsburgh, 15214",Perry South,6,1.0,"1 - Intact, no immediate danger",1935.0,1901 to 1939,Masonry,1.0,1005.0,Single Family,Save first,2023-01-17,No,422.0
40.4655965276,-80.0138716544,"2232 HOLYOKE ST, Pittsburgh, 15214",Perry South,6,,Not scored,1900.0,1900 (possible default),Frame,2.0,1120.0,Single Family,Not scored,2020-08-26,Yes,282.0
40.4663787866,-80.0139729545,"314 W BURGESS ST, Pittsburgh, 15214",Perry South,6,1.0,"1 - Intact, no immediate danger",1920.0,1901 to 1939,Frame,2.5,1836.0,Single Family,Mothball,2026-04-22,Yes,369.0
40.4665275299,-80.0134620809,"302 W BURGESS ST, Pittsburgh, 15214",Perry South,6,2.0,"2 - Compromised, possibly dangerous",1920.0,1901 to 1939,Frame,2.0,1998.0,Single Family,Mothball,2020-07-16,Yes,386.0
40.467147018,-80.0138265552,"306 ELSDON ST, Pittsburgh, 15214",Perry South,6,1.0,"1 - Intact, no immediate danger",1920.0,1901 to 1939,Frame,2.0,1530.0,Single Family,Mothball,2024-09-16,No,454.0
40.4673205019,-80.0120166584,"212 CHESTER AVE, Pittsburgh, 15214",Perry South,6,3.0,"3 - Compromised, dangerous",1900.0,1900 (possible default),Masonry,2.0,1092.0,Single Family,Salvage,2020-07-16,No,496.0
40.46703465,-80.0127995104,"229 CHESTER AVE, Pittsburgh, PA 15214",Perry South,6,2.0,"2 - Compromised, possibly dangerous",1900.0,1900 (possible default),Frame,2.0,2118.0,Single Family,Mothball,2022-09-08,No,449.0
40.4668083105,-80.0125215099,"224 W BURGESS ST, Pittsburgh, 15214",Perry South,6,2.0,"2 - Compromised, possibly dangerous",1920.0,1901 to 1939,Frame,2.0,1920.0,Single Family,Mothball,2021-06-25,No,430.0
40.4667264481,-80.012819886,"232 W BURGESS ST, Pittsburgh, 15214",Perry South,6,2.0,"2 - Compromised, possibly dangerous",1920.0,1901 to 1939,Frame,2.0,1974.0,Two Family,Mothball,2026-08-17,No,416.0
40.46638247,-80.0125292327,"229 W BURGESS ST, Pittsburgh, 15214",Perry South,6,2.0,"2 - Compromised, possibly dangerous",1920.0,1901 to 1939,Frame,2.0,2232.0,Two Family,Mothball,2026-08-17,Yes,385.0
40.4661397928,-80.0123944292,"216 CUTLER ST, Pittsburgh, 15214",Perry South,6,,Not scored,1910.0,1901 to 1939,Masonry,2.0,1120.0,Single Family,Not scored,2026-05-21,Yes,363.0
40.4667998555,-80.0114320346,"201 W BURGESS ST, Pittsburgh, 15214",Perry South,6,2.0,"2 - Compromised, possibly dangerous",1910.0,1901 to 1939,Masonry,2.0,1224.0,Rowhouse,Save first,2020-07-16,No,461.0
40.4662665323,-80.0119031739,"200 CUTLER ST, Pittsburgh, 15214",Perry South,6,2.0,"2 - Compromised, possibly dangerous",1920.0,1901 to 1939,Frame,2.0,2264.0,Two Family,Mothball,2023-02-20,Yes,391.0
40.4662124161,-80.0113356529,"2236 PERRYSVILLE AVE, Pittsburgh, PA 15214",Perry South,6,,Not scored,1905.0,1901 to 1939,Masonry,2.0,2714.0,Three Family,Not scored,2020-09-08,No,408.0
40.4652526934,-80.0105650374,"129 LAFAYETTE AVE, Pittsburgh, 15214",Perry South,6,2.0,"2 - Compromised, possibly dangerous",1910.0,1901 to 1939,Frame,3.0,2362.0,Rowhouse,Mothball,2025-07-23,Yes,367.0
40.4652660567,-80.0104937756,"131 LAFAYETTE AVE, Pittsburgh, 15214",Perry South,6,2.0,"2 - Compromised, possibly dangerous",1910.0,1901 to 1939,Frame,3.0,2362.0,Rowhouse,Mothball,2026-06-01,Yes,373.0
40.4666107815,-80.0104345561,"2316 PERRYSVILLE AVE, Pittsburgh, PA 15214",Perry South,6,2.0,"2 - Compromised, possibly dangerous",1900.0,1900 (possible default),Frame,2.5,3444.0,Single Family,Mothball,2020-09-08,No,487.0
40.4660665202,-80.0106919831,"2235 FEDERAL STREET EXT, Pittsburgh, 15214",Perry South,6,3.0,"3 - Compromised, dangerous",,Unknown,Unknown,,,Other Commercial,Demolish,2020-08-28,No,426.0
40.4651751576,-80.0102850123,"2201 FEDERAL STREET EXT, Pittsburgh, 15214",Perry South,6,1.0,"1 - Intact, no immediate danger",,Unknown,Unknown,,,Retl/Apt'S Over,Mothball,2024-09-30,Yes,380.0
40.4649988668,-80.0103295639,"2125 FEDERAL STREET EXT, Pittsburgh, PA 15214",Perry South,6,1.0,"1 - Intact, no immediate danger",1910.0,1901 to 1939,Frame,3.0,2664.0,Rowhouse,Mothball,2020-08-28,Yes,365.0
40.4672756151,-80.008265692,"2330 MAPLE AVE, Pittsburgh, 15214",Perry South,6,2.0,"2 - Compromised, possibly dangerous",1905.0,1901 to 1939,Frame,2.5,2109.0,Two Family,Mothball,2020-09-03,No,423.0
40.4672186826,-80.0073315251,"2322 OSGOOD ST, Pittsburgh, 15214",Perry South,6,2.0,"2 - Compromised, possibly dangerous",1920.0,1901 to 1939,Frame,2.0,924.0,Single Family,Mothball,2026-03-23,No,443.0
40.4653862306,-80.0071788503,"320 LAFAYETTE AVE, Pittsburgh, PA 15214",Fineview,6,2.0,"2 - Compromised, possibly dangerous",1900.0,1900 (possible default),Masonry,2.5,5768.0,Two Family,Save first,2022-03-30,No,490.0
40.4644316449,-80.0148075231,"110 MELROSE AVE, Pittsburgh, 15214",Perry South,6,2.0,"2 - Compromised, possibly dangerous",1885.0,Before 1900,Frame,2.0,900.0,Single Family,Mothball,2025-07-16,Yes,175.0
40.4641250328,-80.0144685084,"2131 HOLYOKE ST, Pittsburgh, 15214",Perry South,6,3.0,"3 - Compromised, dangerous",1886.0,Before 1900,Frame,2.0,1188.0,Single Family,Salvage,2025-05-05,Yes,132.0
40.4642656476,-80.0138642941,"2146 HOLYOKE ST, Pittsburgh, 15214",Perry South,6,2.0,"2 - Compromised, possibly dangerous",1886.0,Before 1900,Frame,2.0,1560.0,Single Family,Mothball,2025-05-22,Yes,135.0
40.4641101025,-80.0138665926,"2144 HOLYOKE ST, Pittsburgh, 15214",Perry South,6,2.0,"2 - Compromised, possibly dangerous",1886.0,Before 1900,Frame,2.5,1801.0,Three Family,Mothball,2025-07-16,Yes,118.0
40.4641835578,-80.0127776386,"2117 WILSON AVE, Pittsburgh, 15214",Perry South,6,2.0,"2 - Compromised, possibly dangerous",1900.0,1900 (possible default),Frame,2.0,1816.0,Two Family,Mothball,2022-06-08,Yes,153.0
40.4647274803,-80.0123236695,"2132 WILSON AVE, Pittsburgh, 15214",Perry South,6,1.0,"1 - Intact, no immediate danger",1900.0,1900 (possible default),Frame,3.0,2400.0,Two Family,Mothball,2022-06-08,Yes,225.0
40.4641241783,-80.0121481242,"2112 WILSON AVE, Pittsburgh, PA 15214",Perry South,6,2.0,"2 - Compromised, possibly dangerous",,Unknown,Unknown,,,Res Aux Building (No House),Mothball,2020-09-10,Yes,184.0
40.4630270771,-80.0120741908,"18 DIVINITY ST, Pittsburgh, 15214",Perry South,6,3.0,"3 - Compromised, dangerous",1900.0,1900 (possible default),Frame,2.0,1865.0,Single Family,Salvage,2020-08-27,Yes,147.0
40.4624715671,-80.0159149079,"611 RIDGEWOOD ST, Pittsburgh, 15214",Perry South,6,,Not scored,1910.0,1901 to 1939,Frame,2.0,1051.0,Rowhouse,Not scored,2026-09-01,Yes,189.0
40.4625261534,-80.0158026778,"609 RIDGEWOOD ST, Pittsburgh, 15214",Perry South,6,3.0,"3 - Compromised, dangerous",1910.0,1901 to 1939,Frame,2.0,1051.0,Rowhouse,Salvage,2020-09-09,Yes,179.0
40.4632234776,-80.0110557832,"200 LANGLEY ST, Pittsburgh, 15214",Perry South,6,2.0,"2 - Compromised, possibly dangerous",1882.0,Before 1900,Frame,2.0,2720.0,Two Family,Mothball,2022-07-07,Yes,234.0
40.4631338157,-80.0101546436,"1942 LITHGOW AVE, Pittsburgh, PA 15214",Perry South,6,1.0,"1 - Intact, no immediate danger",1880.0,Before 1900,Frame,2.0,1309.0,Single Family,Mothball,2023-05-26,Yes,243.0
40.4628376523,-80.0100590612,"1932 LITHGOW AVE, Pittsburgh, PA 15214",Perry South,6,1.0,"1 - Intact, no immediate danger",1927.0,1901 to 1939,Frame,2.0,1420.0,Single Family,Mothball,2026-05-27,Yes,211.0
40.4626413874,-80.0100041368,"1926 LITHGOW AVE, Pittsburgh, PA 15214",Perry South,6,2.0,"2 - Compromised, possibly dangerous",1900.0,1900 (possible default),Frame,2.0,1152.0,Single Family,Mothball,2026-05-27,Yes,189.0
40.4647403849,-80.0103497667,"2117 FEDERAL STREET EXT, Pittsburgh, 15214",Perry South,6,2.0,"2 - Compromised, possibly dangerous",1905.0,1901 to 1939,Frame,2.0,1908.0,Single Family,Mothball,2021-01-29,Yes,348.0
40.4638069434,-80.0099617464,"1963 FEDERAL STREET EXT, Pittsburgh, 15214",Perry South,6,1.0,"1 - Intact, no immediate danger",1910.0,1901 to 1939,Frame,2.0,1253.0,Rowhouse,Mothball,2025-07-30,Yes,307.0
40.463219362,-80.0097142395,"1941 FEDERAL STREET EXT, Pittsburgh, 15214",Perry South,6,1.0,"1 - Intact, no immediate danger",1920.0,1901 to 1939,Frame,2.0,1190.0,Single Family,Mothball,2025-10-20,Yes,239.0
40.4637309006,-80.0090111132,"1945 LETSCHE ST, Pittsburgh, 15214",Fineview,6,2.0,"2 - Compromised, possibly dangerous",1958.0,1940 or later,Masonry,1.0,900.0,Single Family,Mothball,2025-11-25,Yes,285.0
40.4639219877,-80.0085143918,"2014 LETSCHE ST, Pittsburgh, 15214",Fineview,6,1.0,"1 - Intact, no immediate danger",1945.0,1940 or later,Frame,2.0,1530.0,Single Family,Mothball,2022-07-20,Yes,308.0
40.4634022635,-80.0077026774,"1941 MOUNTFORD AVE, Pittsburgh, PA 15214",Fineview,6,1.0,"1 - Intact, no immediate danger",1840.0,Before 1900,Frame,2.0,1080.0,Single Family,Mothball,2020-08-11,Yes,268.0
40.4629651226,-80.007045234,"1920 MOUNTFORD AVE, Pittsburgh, PA 15214",Fineview,1,1.0,"1 - Intact, no immediate danger",1900.0,1900 (possible default),Masonry,2.0,2552.0,Single Family,Save first,2020-09-04,Yes,254.0
40.4625481282,-80.0071182794,"1909 BELLEAU ST, Pittsburgh, 15214",Fineview,6,,Not scored,1900.0,1900 (possible default),Frame,2.0,1364.0,Single Family,Not scored,2024-09-25,Yes,215.0
40.4634239248,-80.006181504,"1935 MEADVILLE ST, Pittsburgh, 15214",Fineview,1,2.0,"2 - Compromised, possibly dangerous",1885.0,Before 1900,Frame,2.0,888.0,Single Family,Mothball,2020-09-04,Yes,340.0
40.4634046439,-80.0057486537,"1932 MEADVILLE ST, Pittsburgh, 15214",Fineview,1,1.0,"1 - Intact, no immediate danger",1910.0,1901 to 1939,Frame,2.0,2232.0,Two Family,Mothball,2026-07-29,Yes,364.0
40.4647326244,-80.0019308862,"630 TOBOGGAN ST, Pittsburgh, 15212",Fineview,1,3.0,"3 - Compromised, dangerous",1900.0,1900 (possible default),Frame,2.0,1386.0,Single Family,Salvage,2020-09-09,No,710.0
40.464743821,-80.0021561008,"626 TOBOGGAN ST, Pittsburgh, 15212",Fineview,1,3.0,"3 - Compromised, dangerous",1900.0,1900 (possible default),Frame,1.0,1353.0,Single Family,Salvage,2020-09-09,No,695.0
40.4643108166,-80.0011523569,"643 RISING MAIN AVE, Pittsburgh, 15212",Fineview,1,2.0,"2 - Compromised, possibly dangerous",1900.0,1900 (possible default),Frame,2.0,1088.0,Single Family,Mothball,2020-09-08,No,743.0
40.4627606944,-80.0009560215,"22 SPRAIN ST, Pittsburgh, 15212",Fineview,1,3.0,"3 - Compromised, dangerous",1890.0,Before 1900,Frame,2.0,1654.0,Single Family,Salvage,2020-09-09,No,696.0
40.4639445349,-80.0027372644,"1934 WARREN ST, Pittsburgh, 15212",Fineview,1,2.0,"2 - Compromised, possibly dangerous",1900.0,1900 (possible default),Frame,1.0,1089.0,Single Family,Mothball,2025-10-03,No,606.0
40.4624919598,-80.0029138012,"74 EDENVALE ST, Pittsburgh, 15212",Fineview,1,,Not scored,1936.0,1901 to 1939,Frame,2.0,1308.0,Single Family,Not scored,2026-07-29,No,528.0
40.4630831965,-80.0029932014,"1903 WARREN ST, Pittsburgh, PA 15212",Fineview,1,,Not scored,1900.0,1900 (possible default),Frame,2.0,4390.0,Two Family,Not scored,2026-07-29,No,543.0
40.4714535825,-79.9979092408,"1041 SHREVE ST, Pittsburgh, 15212",Spring Hill-City View,1,,Not scored,1910.0,1901 to 1939,Frame,2.5,3988.0,Single Family,Not scored,2022-12-21,No,916.0
40.470761534,-79.9954240906,"1134 FABYAN ST, Pittsburgh, PA 15212",Spring Hill-City View,1,2.0,"2 - Compromised, possibly dangerous",1910.0,1901 to 1939,Frame,2.0,1600.0,Single Family,Mothball,2020-11-13,No,1126.0
40.4707980918,-79.995913011,"1122 FABYAN ST, Pittsburgh, 15212",Spring Hill-City View,1,2.0,"2 - Compromised, possibly dangerous",1920.0,1901 to 1939,Frame,2.0,1350.0,Single Family,Mothball,2025-09-18,No,1085.0
40.4703716964,-79.9954139596,"1136 SOUTH SIDE AVE, Pittsburgh, PA 15212",Spring Hill-City View,1,1.0,"1 - Intact, no immediate danger",1900.0,1900 (possible default),Masonry,2.0,2022.0,Single Family,Save first,2026-09-17,No,1129.0
40.4719451613,-79.9870478172,"2322 SPRING GARDEN AVE, Pittsburgh, 15212",Spring Garden,1,2.0,"2 - Compromised, possibly dangerous",1910.0,1901 to 1939,Frame,1.0,783.0,Single Family,Mothball,2026-07-07,No,1838.0
40.4713689343,-79.9891742341,"58 SCHUBERT ST, Pittsburgh, 15212",Spring Garden,1,2.0,"2 - Compromised, possibly dangerous",1930.0,1901 to 1939,Frame,1.0,630.0,Single Family,Mothball,2026-03-27,No,1655.0
40.471100081,-79.9884101751,"47 SCHUBERT ST, Pittsburgh, 15212",Spring Garden,1,2.0,"2 - Compromised, possibly dangerous",1925.0,1901 to 1939,Frame,2.0,1168.0,Single Family,Mothball,2020-09-09,No,1720.0
40.4711429255,-79.9879896805,"39 SCHUBERT ST, Pittsburgh, 15212",Spring Garden,1,2.0,"2 - Compromised, possibly dangerous",1920.0,1901 to 1939,Frame,2.0,1280.0,Single Family,Mothball,2020-07-07,No,1755.0
40.4693905675,-79.9990068498,"909 SOUTH SIDE AVE, Pittsburgh, PA 15212",Spring Hill-City View,1,2.0,"2 - Compromised, possibly dangerous",1900.0,1900 (possible default),Frame,2.0,3090.0,Single Family,Mothball,2020-05-22,No,843.0
40.4695540188,-79.9985069042,"921 SOUTH SIDE AVE, Pittsburgh, PA 15212",Spring Hill-City View,1,2.0,"2 - Compromised, possibly dangerous",1910.0,1901 to 1939,Frame,1.0,608.0,Single Family,Mothball,2026-08-11,No,881.0
40.4696558371,-79.9981884413,"929 SOUTH SIDE AVE, Pittsburgh, PA 15212",Spring Hill-City View,1,1.0,"1 - Intact, no immediate danger",1910.0,1901 to 1939,Frame,2.0,1584.0,Single Family,Mothball,2026-08-11,No,905.0
40.4687480513,-79.9988279968,"909 MINA ST, Pittsburgh, 15212",Spring Hill-City View,1,1.0,"1 - Intact, no immediate danger",1920.0,1901 to 1939,Frame,2.0,1348.0,Single Family,Mothball,2020-09-04,No,876.0
40.468671946,-79.9990695469,"903 MINA ST, Pittsburgh, 15212",Spring Hill-City View,1,1.0,"1 - Intact, no immediate danger",1920.0,1901 to 1939,Frame,2.0,2110.0,Single Family,Mothball,2026-07-29,No,859.0
40.4694123244,-79.9976340774,"5 SHANK ST, Pittsburgh, 15212",Spring Hill-City View,1,3.0,"3 - Compromised, dangerous",1910.0,1901 to 1939,Frame,1.0,765.0,Single Family,Salvage,2026-08-18,No,956.0
40.4678465819,-79.9984592835,"63 ROYAL ST, Pittsburgh, 15212",Spring Hill-City View,1,1.0,"1 - Intact, no immediate danger",1920.0,1901 to 1939,Frame,2.0,1382.0,Single Family,Mothball,2023-09-01,No,939.0
40.4679214384,-79.9983755234,"65 ROYAL ST, Pittsburgh, 15212",Spring Hill-City View,1,,Not scored,1920.0,1901 to 1939,Frame,2.0,1277.0,Single Family,Not scored,2023-03-30,No,943.0
40.4686295016,-79.9978161069,"86 LUELLA ST, Pittsburgh, 15212",Spring Hill-City View,1,1.0,"1 - Intact, no immediate danger",1910.0,1901 to 1939,Frame,2.0,1300.0,Single Family,Mothball,2020-09-03,No,962.0
40.4688655453,-79.9973653234,"99 ROYAL ST, Pittsburgh, 15212",Spring Hill-City View,1,2.0,"2 - Compromised, possibly dangerous",1900.0,1900 (possible default),Frame,2.0,1416.0,Single Family,Mothball,2026-07-29,No,992.0
40.4678193277,-79.9967272295,"2123 LAPPE LN, Pittsburgh, 15212",Spring Hill-City View,1,,Not scored,1940.0,1940 or later,Frame,1.0,992.0,Single Family,Not scored,2025-03-25,No,1077.0
40.4684184679,-79.9925288882,"2 BECKFIELD ST, Pittsburgh, 15212",Spring Hill-City View,1,2.0,"2 - Compromised, possibly dangerous",1900.0,1900 (possible default),Frame,2.0,1440.0,Single Family,Mothball,2020-08-21,No,1402.0
40.4695135999,-79.9926613005,"1347 ROMANHOFF ST, Pittsburgh, 15212",Spring Hill-City View,1,1.0,"1 - Intact, no immediate danger",1900.0,1900 (possible default),Masonry,2.0,1340.0,Single Family,Save first,2026-08-17,No,1371.0
40.4679907005,-79.9900797595,"2118 ROCKLEDGE ST, Pittsburgh, PA 15212",Spring Hill-City View,1,2.0,"2 - Compromised, possibly dangerous",1906.0,1901 to 1939,Frame,2.0,2208.0,Single Family,Mothball,2021-07-28,No,1547.0
40.4687649214,-79.9860806186,"1900 GEBHART ST, Pittsburgh, 15212",Spring Garden,1,1.0,"1 - Intact, no immediate danger",1920.0,1901 to 1939,Frame,1.0,682.0,Single Family,Mothball,2026-07-24,No,1571.0
40.4676725024,-79.9859806129,"1812 GEBHART ST, Pittsburgh, 15212",Spring Garden,1,2.0,"2 - Compromised, possibly dangerous",1850.0,Before 1900,Frame,1.0,2429.0,Single Family,Mothball,2023-09-07,No,1478.0
40.4667644116,-79.9959353956,"1034 BUENTE ST, Pittsburgh, 15212",Spring Hill-City View,1,2.0,"2 - Compromised, possibly dangerous",1900.0,1900 (possible default),Frame,2.0,1569.0,Single Family,Mothball,2026-07-15,No,1183.0
40.4662695692,-79.9980287583,"141 OVERBECK ST, Pittsburgh, 15212",Spring Hill-City View,1,2.0,"2 - Compromised, possibly dangerous",1890.0,Before 1900,Frame,2.0,1360.0,Single Family,Mothball,2026-01-29,No,1050.0
40.4663491212,-79.9974305564,"1001 BUENTE ST, Pittsburgh, 15212",Spring Hill-City View,1,,Not scored,1930.0,1901 to 1939,Frame,3.0,1888.0,Single Family,Not scored,2026-04-17,No,1089.0
40.4667021568,-79.9954051196,"2104 LAPPE LN, Pittsburgh, PA 15212",Spring Hill-City View,1,3.0,"3 - Compromised, dangerous",1956.0,1940 or later,Masonry,2.0,1056.0,Single Family,Salvage,2024-02-20,No,1227.0
40.4654986654,-79.9941280544,"37 WOESSNER AVE, Pittsburgh, 15212",Spring Hill-City View,1,1.0,"1 - Intact, no immediate danger",1935.0,1901 to 1939,Frame,2.0,1280.0,Single Family,Mothball,2020-10-14,No,1212.0
40.4654844194,-79.9939705427,"35 WOESSNER AVE, Pittsburgh, 15212",Spring Hill-City View,1,1.0,"1 - Intact, no immediate danger",1935.0,1901 to 1939,Frame,2.0,1280.0,Single Family,Mothball,2020-10-14,No,1211.0
40.4654578239,-79.9933512674,"19 WOESSNER AVE, Pittsburgh, 15212",Spring Hill-City View,1,2.0,"2 - Compromised, possibly dangerous",1905.0,1901 to 1939,Frame,2.0,1125.0,Single Family,Mothball,2020-09-10,No,1214.0
40.4658984317,-79.9943759777,"46 WOESSNER AVE, Pittsburgh, 15212",Spring Hill-City View,1,2.0,"2 - Compromised, possibly dangerous",1910.0,1901 to 1939,Frame,1.0,806.0,Single Family,Mothball,2026-07-07,No,1254.0
40.4659514218,-79.9947620735,"56 WOESSNER AVE, Pittsburgh, 15212",Spring Hill-City View,1,1.0,"1 - Intact, no immediate danger",1910.0,1901 to 1939,Frame,2.0,1339.0,Single Family,Mothball,2020-09-10,No,1258.0
40.4653697268,-79.9919437396,"1900 RHINE ST, Pittsburgh, PA 15212",Spring Hill-City View,1,2.0,"2 - Compromised, possibly dangerous",1910.0,1901 to 1939,Frame,3.0,1920.0,Single Family,Mothball,2022-05-11,No,1226.0
40.4663466532,-79.9884949559,"1916 BADER ST, Pittsburgh, 15212",Spring Hill-City View,1,2.0,"2 - Compromised, possibly dangerous",1900.0,1900 (possible default),Frame,2.0,1760.0,Single Family,Mothball,2020-07-23,No,1423.0
40.4660684375,-79.9878602126,"1450 DAMAS ST, Pittsburgh, PA 15212",Spring Hill-City View,1,1.0,"1 - Intact, no immediate danger",1950.0,1940 or later,Masonry,1.5,1470.0,Single Family,Mothball,2020-09-10,No,1418.0
40.4636160466,-79.9984227824,"28 SOLAR ST, Pittsburgh, 15212",Spring Hill-City View,1,,Not scored,1880.0,Before 1900,Frame,2.0,1056.0,Single Family,Not scored,2026-09-14,No,910.0
40.4627228368,-79.9973130668,"57 LAREDA ST, Pittsburgh, 15212",Spring Hill-City View,1,3.0,"3 - Compromised, dangerous",1900.0,1900 (possible default),Frame,1.0,580.0,Single Family,Salvage,2021-10-25,No,868.0
40.4632287547,-79.9976840138,"55 SOLAR ST, Pittsburgh, 15212",Spring Hill-City View,1,2.0,"2 - Compromised, possibly dangerous",1905.0,1901 to 1939,Frame,1.0,1142.0,Single Family,Mothball,2020-09-09,No,900.0
40.4649059638,-79.9978689937,"97 OVERBECK ST, Pittsburgh, 15212",Spring Hill-City View,1,1.0,"1 - Intact, no immediate danger",1905.0,1901 to 1939,Frame,1.0,960.0,Single Family,Mothball,2026-01-28,No,1022.0
40.464198463,-79.9969612055,"1818 OVERBECK ST, Pittsburgh, 15212",Spring Hill-City View,1,1.0,"1 - Intact, no immediate danger",1905.0,1901 to 1939,Frame,2.0,1088.0,Single Family,Mothball,2026-03-05,No,1024.0
40.463153282,-79.996473325,"83 SOLAR ST, Pittsburgh, 15212",Spring Hill-City View,1,1.0,"1 - Intact, no immediate danger",1905.0,1901 to 1939,Frame,2.0,936.0,Single Family,Mothball,2024-10-15,No,947.0
40.4628491251,-79.9960234266,"92 SOLAR ST, Pittsburgh, 15212",Spring Hill-City View,1,1.0,"1 - Intact, no immediate danger",1905.0,1901 to 1939,Frame,1.0,806.0,Single Family,Mothball,2020-09-09,No,917.0
40.4627835741,-79.9903532798,"1316 ITIN ST, Pittsburgh, 15212",Spring Hill-City View,1,1.0,"1 - Intact, no immediate danger",1880.0,Before 1900,Frame,1.0,1310.0,Single Family,Mothball,2020-09-02,No,999.0
40.4635412881,-79.9910159953,"1612 WALZ ST, Pittsburgh, PA 15212",Spring Hill-City View,1,1.0,"1 - Intact, no immediate danger",1920.0,1901 to 1939,Frame,1.0,806.0,Single Family,Mothball,2021-05-24,No,1055.0
40.4628364758,-79.9900730385,"1320 ITIN ST, Pittsburgh, 15212",Spring Hill-City View,1,1.0,"1 - Intact, no immediate danger",1880.0,Before 1900,Frame,2.0,1870.0,Single Family,Mothball,2020-09-02,No,1014.0
40.4631324631,-79.9874121717,"1430 HIGH ST, Pittsburgh, 15212",Spring Garden,1,,Not scored,,Unknown,Unknown,,,Warehouse,Not scored,2020-09-01,No,1157.0
40.4634228454,-79.9843439553,"1602 HATTERAS ST, Pittsburgh, 15212",Troy Hill,1,1.0,"1 - Intact, no immediate danger",1910.0,1901 to 1939,Frame,1.0,806.0,Single Family,Mothball,2024-10-30,No,1032.0
40.4626495096,-79.9846852534,"1529 HATTERAS ST, Pittsburgh, 15212",Troy Hill,1,,Not scored,1910.0,1901 to 1939,Frame,2.0,2475.0,Single Family,Not scored,2025-10-23,No,997.0
40.4636030254,-79.9833628172,"1416 CLAIM ST, Pittsburgh, PA 15212",Troy Hill,1,2.0,"2 - Compromised, possibly dangerous",1920.0,1901 to 1939,Frame,3.0,3842.0,Two Family,Mothball,2020-08-27,No,989.0
40.470387581,-79.9797434984,"2114 LIEDERTAFEL Way, Pittsburgh, PA 15212",Troy Hill,1,1.0,"1 - Intact, no immediate danger",1890.0,Before 1900,Frame,2.0,1700.0,Single Family,Mothball,2020-07-15,No,1342.0
40.4698818807,-79.9789457381,"2115 STRAUBS LN, Pittsburgh, 15212",Troy Hill,1,2.0,"2 - Compromised, possibly dangerous",1902.0,1901 to 1939,Frame,1.5,979.0,Single Family,Mothball,2020-07-21,No,1256.0
40.4705620848,-79.9779368118,"2148 LOWRIE ST, Pittsburgh, 15212",Troy Hill,1,2.0,"2 - Compromised, possibly dangerous",1910.0,1901 to 1939,Frame,2.0,1469.0,Single Family,Mothball,2025-11-06,No,1267.0
40.4681539349,-79.9806539252,"2003 STRAUBS LN, Pittsburgh, PA 15212",Troy Hill,1,,Not scored,1890.0,Before 1900,Frame,2.0,1280.0,Three Family,Not scored,2022-11-08,No,1210.0
40.469177829,-79.9795647817,"2046 LEY ST, Pittsburgh, 15212",Troy Hill,1,2.0,"2 - Compromised, possibly dangerous",1910.0,1901 to 1939,Frame,2.0,1470.0,Single Family,Mothball,2020-07-21,No,1232.0
40.4687432294,-79.9787203201,"2102 ALROY Way, Pittsburgh, PA 15212",Troy Hill,1,1.0,"1 - Intact, no immediate danger",1900.0,1900 (possible default),Frame,2.0,840.0,Single Family,Mothball,2022-07-12,No,1148.0
40.4688495448,-79.9782765972,"2112 LAUTNER ST, Pittsburgh, 15212",Troy Hill,1,2.0,"2 - Compromised, possibly dangerous",1905.0,1901 to 1939,Frame,2.0,1347.0,Single Family,Mothball,2020-07-21,No,1132.0
40.4654322621,-79.9811722928,"1835 LOWRIE ST, Pittsburgh, 15212",Troy Hill,1,1.0,"1 - Intact, no immediate danger",1890.0,Before 1900,Frame,2.0,884.0,Single Family,Mothball,2025-03-10,No,1016.0
40.4716738276,-79.960519374,"186 44TH ST, Pittsburgh, PA 15201",Central Lawrenceville,7,,Not scored,1900.0,1900 (possible default),Masonry,2.0,2864.0,Single Family,Not scored,2020-05-20,Yes,65.0
40.4716827619,-79.9603954096,"188 44TH ST, Pittsburgh, PA 15201",Central Lawrenceville,7,,Not scored,1900.0,1900 (possible default),Masonry,2.0,2880.0,Single Family,Not scored,2020-05-20,Yes,55.0
40.4716537977,-79.9603385378,"190 44TH ST, Pittsburgh, 15201",Central Lawrenceville,7,1.0,"1 - Intact, no immediate danger",1900.0,1900 (possible default),Masonry,2.0,896.0,Rowhouse,Save first,2020-05-20,Yes,50.0
40.4701718129,-79.9609057255,"4125 BUTLER ST, Pittsburgh, 15201",Central Lawrenceville,7,2.0,"2 - Compromised, possibly dangerous",,Unknown,Unknown,,,Retl/Apt'S Over,Mothball,2020-05-21,Yes,52.0
40.4701437214,-79.9569021804,"298 45TH ST, Pittsburgh, 15201",Central Lawrenceville,7,,Not scored,1890.0,Before 1900,Masonry,2.0,1156.0,Rowhouse,Not scored,2021-06-21,Yes,277.0
40.4666566918,-79.9661355142,"170 37TH ST, Pittsburgh, 15201",Lower Lawrenceville,7,1.0,"1 - Intact, no immediate danger",1900.0,1900 (possible default),Masonry,2.0,1448.0,Single Family,Save first,2021-08-11,Yes,346.0
40.4653104247,-79.9631190321,"246 ATER Way, Pittsburgh, PA 15201",Lower Lawrenceville,7,2.0,"2 - Compromised, possibly dangerous",1900.0,1900 (possible default),Masonry,3.0,2736.0,Two Family,Save first,2021-10-18,Yes,255.0
40.4658428378,-79.950578588,"4548 PENN AVE, Pittsburgh, 15224",Bloomfield,7,2.0,"2 - Compromised, possibly dangerous",1900.0,1900 (possible default),Frame,2.0,1442.0,Rowhouse,Mothball,2026-04-13,Yes,136.0
40.4658560444,-79.9506455982,"4546 PENN AVE, Pittsburgh, 15224",Bloomfield,7,3.0,"3 - Compromised, dangerous",,Unknown,Unknown,,,Office/Apartments Over,Demolish,2026-04-13,Yes,138.0
40.4658695594,-79.9507157118,"4544 PENN AVE, Pittsburgh, 15224",Bloomfield,7,3.0,"3 - Compromised, dangerous",,Unknown,Unknown,,,Office/Apartments Over,Demolish,2026-04-13,Yes,140.0
40.4658731089,-79.9507864298,"4542 PENN AVE, Pittsburgh, 15224",Bloomfield,7,2.0,"2 - Compromised, possibly dangerous",1920.0,1901 to 1939,Frame,2.0,964.0,Single Family,Mothball,2026-04-13,Yes,141.0
40.4654124925,-79.9533350958,"4309 MILGATE ST, Pittsburgh, 15224",Bloomfield,7,,Not scored,1900.0,1900 (possible default),Frame,2.0,1440.0,Single Family,Not scored,2023-09-18,Yes,60.0
40.4651986966,-79.9503671423,"4558 CARROLL ST, Pittsburgh, 15224",Bloomfield,7,,Not scored,1900.0,1900 (possible default),Frame,2.0,1850.0,Three Family,Not scored,2020-10-16,Yes,66.0
40.4650710548,-79.9517125092,"4443 HOWLEY ST, Pittsburgh, 15224",Bloomfield,7,1.0,"1 - Intact, no immediate danger",1900.0,1900 (possible default),Frame,2.0,1870.0,Single Family,Mothball,2025-03-31,Yes,114.0
40.4630228896,-79.9655953842,"3439 LIGONIER ST, Pittsburgh, 15201",Lower Lawrenceville,7,3.0,"3 - Compromised, dangerous",1900.0,1900 (possible default),Masonry,2.0,2464.0,Single Family,Salvage,2026-04-16,Yes,182.0
40.4629829062,-79.9656499746,"3437 LIGONIER ST, Pittsburgh, 15201",Lower Lawrenceville,7,3.0,"3 - Compromised, dangerous",1875.0,Before 1900,Frame,2.0,2100.0,Single Family,Salvage,2026-04-16,Yes,176.0
40.4639856549,-79.9582351063,"3940 MINTWOOD ST, Pittsburgh, PA 15224",Lower Lawrenceville,7,1.0,"1 - Intact, no immediate danger",1886.0,Before 1900,Frame,2.0,1888.0,Single Family,Mothball,2024-02-28,Yes,147.0
40.4635557603,-79.9544193667,"4073 LIBERTY AVE, Pittsburgh, 15224",Bloomfield,7,1.0,"1 - Intact, no immediate danger",,Unknown,Unknown,,,Warehouse,Mothball,2020-05-26,Yes,38.0
40.4637137745,-79.9502966305,"208 TAYLOR ST, Pittsburgh, 15224",Bloomfield,7,1.0,"1 - Intact, no immediate danger",1910.0,1901 to 1939,Frame,2.0,1944.0,Single Family,Mothball,2025-12-17,Yes,61.0
40.4716873471,-79.9426924801,"4817 COLUMBO ST, Pittsburgh, 15224",Garfield,9,3.0,"3 - Compromised, dangerous",1915.0,1901 to 1939,Frame,1.0,768.0,Single Family,Salvage,2020-06-18,No,1014.0
40.4717607172,-79.9428767045,"4811 COLUMBO ST, Pittsburgh, 15224",Garfield,9,2.0,"2 - Compromised, possibly dangerous",1915.0,1901 to 1939,Frame,2.0,980.0,Single Family,Mothball,2020-06-18,No,1021.0
40.472200022,-79.9391679345,"5165 SCHENLEY AVE, Pittsburgh, PA 15224",Garfield,9,1.0,"1 - Intact, no immediate danger",1900.0,1900 (possible default),Frame,1.0,1125.0,Single Family,Mothball,2020-06-16,No,710.0
40.468331618,-79.9453082912,"424 N MATHILDA ST, Pittsburgh, 15224",Garfield,9,2.0,"2 - Compromised, possibly dangerous",1906.0,1901 to 1939,Masonry,2.0,1725.0,Single Family,Save first,2020-06-15,No,602.0
40.4674961623,-79.9432740957,"4931 KINCAID ST, Pittsburgh, PA 15224",Garfield,9,1.0,"1 - Intact, no immediate danger",1900.0,1900 (possible default),Frame,2.0,1888.0,Two Family,Mothball,2020-06-05,No,560.0
40.4678967528,-79.9430028789,"4938 ROSETTA ST, Pittsburgh, 15224",Garfield,9,3.0,"3 - Compromised, dangerous",1925.0,1901 to 1939,Masonry,2.0,1040.0,Single Family,Salvage,2020-09-09,No,609.0
40.4676534505,-79.9412426522,"5120 ROSETTA ST, Pittsburgh, 15224",Garfield,9,3.0,"3 - Compromised, dangerous",1900.0,1900 (possible default),Frame,2.0,1088.0,Single Family,Salvage,2020-06-15,No,653.0
40.4681319698,-79.94163938,"5107 ROSETTA ST, Pittsburgh, 15224",Garfield,9,2.0,"2 - Compromised, possibly dangerous",1910.0,1901 to 1939,Frame,2.0,1785.0,Single Family,Mothball,2020-09-09,No,681.0
40.4683212727,-79.9429505609,"4931 ROSETTA ST, Pittsburgh, 15224",Garfield,9,,Not scored,1900.0,1900 (possible default),Frame,2.0,1024.0,Single Family,Not scored,2023-12-22,No,655.0
40.4687016498,-79.9402012241,"5155 HILLCREST ST, Pittsburgh, 15224",Garfield,9,3.0,"3 - Compromised, dangerous",1925.0,1901 to 1939,Frame,2.0,1056.0,Single Family,Salvage,2020-06-17,No,798.0
40.4687776312,-79.9408174156,"5143 HILLCREST ST, Pittsburgh, 15224",Garfield,9,1.0,"1 - Intact, no immediate danger",1895.0,Before 1900,Frame,2.0,1506.0,Single Family,Mothball,2021-09-16,No,777.0
40.4673648288,-79.9334487383,"318 N GRAHAM ST, Pittsburgh, 15206",Garfield,9,2.0,"2 - Compromised, possibly dangerous",1920.0,1901 to 1939,Masonry,2.5,1523.0,Single Family,Save first,2020-07-15,Yes,387.0
40.4682215545,-79.9339801798,"420 N AIKEN AVE, Pittsburgh, 15206",Garfield,9,2.0,"2 - Compromised, possibly dangerous",1920.0,1901 to 1939,Masonry,2.0,1943.0,Two Family,Save first,2020-05-27,No,470.0
40.4670884813,-79.9453628822,"4817 BROAD ST, Pittsburgh, 15224",Garfield,9,2.0,"2 - Compromised, possibly dangerous",1940.0,1940 or later,Masonry,2.0,964.0,Rowhouse,Mothball,2023-08-24,No,483.0
40.4669526152,-79.9443898562,"4911 BROAD ST, Pittsburgh, 15224",Garfield,9,3.0,"3 - Compromised, dangerous",1910.0,1901 to 1939,Frame,2.0,1788.0,Single Family,Salvage,2020-05-29,No,477.0
40.4668859554,-79.9439052915,"4926 JORDAN Way, Pittsburgh, PA 15224",Garfield,9,,Not scored,1930.0,1901 to 1939,Frame,2.0,1305.0,Single Family,Not scored,2025-08-28,No,479.0
40.4668550097,-79.9436928628,"5001 BROAD ST, Pittsburgh, PA 15224",Garfield,9,2.0,"2 - Compromised, possibly dangerous",1910.0,1901 to 1939,Frame,2.0,1403.0,Single Family,Mothball,2021-07-02,No,481.0
40.4657859288,-79.9446123526,"4912 DEARBORN ST, Pittsburgh, PA 15224",Garfield,9,1.0,"1 - Intact, no immediate danger",1880.0,Before 1900,Frame,3.0,1660.0,Single Family,Mothball,2024-03-22,Yes,347.0
40.4654189095,-79.9443794989,"4921 GEM Way, Pittsburgh, PA 15224",Garfield,9,2.0,"2 - Compromised, possibly dangerous",,Unknown,Unknown,,,Retl/Apt'S Over,Mothball,2020-06-25,Yes,312.0
40.4653111849,-79.9436107252,"5009 PENN AVE, Pittsburgh, PA 15224",Garfield,9,1.0,"1 - Intact, no immediate danger",,Unknown,Unknown,,,Comm Aux Building,Mothball,2020-06-10,Yes,327.0
40.4653013288,-79.9435445589,"5011 PENN AVE, Pittsburgh, PA 15224",Garfield,9,2.0,"2 - Compromised, possibly dangerous",,Unknown,Unknown,,,Retl/Apt'S Over,Mothball,2020-06-10,Yes,329.0
40.4670229101,-79.9373329175,"5311 BROWN Way, Pittsburgh, PA 15224",Garfield,9,1.0,"1 - Intact, no immediate danger",1900.0,1900 (possible default),Masonry,2.0,840.0,Rowhouse,Save first,2021-01-15,No,669.0
40.4670154979,-79.9372816031,"5313 BROWN Way, Pittsburgh, PA 15224",Garfield,9,1.0,"1 - Intact, no immediate danger",1900.0,1900 (possible default),Masonry,2.0,840.0,Rowhouse,Save first,2021-01-15,No,665.0
40.4668376844,-79.9374456746,"5308 BROWN Way, Pittsburgh, PA 15224",Garfield,9,1.0,"1 - Intact, no immediate danger",1900.0,1900 (possible default),Masonry,2.0,784.0,Rowhouse,Save first,2026-08-13,No,670.0
40.4668300981,-79.9373933584,"5310 BROWN Way, Pittsburgh, PA 15224",Garfield,9,1.0,"1 - Intact, no immediate danger",1904.0,1901 to 1939,Masonry,2.0,784.0,Rowhouse,Save first,2020-05-27,No,666.0
40.4669663358,-79.9389896568,"5215 KINCAID ST, Pittsburgh, 15224",Garfield,9,3.0,"3 - Compromised, dangerous",1900.0,1900 (possible default),Frame,2.0,1384.0,Single Family,Salvage,2020-06-05,No,722.0
40.466521361,-79.9383062577,"321 N ATLANTIC AVE, Pittsburgh, 15224",Garfield,9,3.0,"3 - Compromised, dangerous",1900.0,1900 (possible default),Masonry,2.0,1066.0,Rowhouse,Salvage,2020-05-27,No,724.0
40.4660397766,-79.9378651636,"5307 BROAD ST, Pittsburgh, 15224",Garfield,9,,Not scored,1920.0,1901 to 1939,Frame,2.0,1924.0,Single Family,Not scored,2023-05-04,No,665.0
40.4664054734,-79.9399576571,"5171 JORDAN Way, Pittsburgh, 15224",Garfield,9,1.0,"1 - Intact, no immediate danger",1925.0,1901 to 1939,Frame,1.0,924.0,Single Family,Mothball,2020-06-05,No,620.0
40.4664885824,-79.9410443278,"5137 BROAD ST, Pittsburgh, PA 15224",Garfield,9,3.0,"3 - Compromised, dangerous",1880.0,Before 1900,Frame,2.0,1400.0,Single Family,Salvage,2020-05-29,No,561.0
40.4669281988,-79.9366588148,"5337 BROWN Way, Pittsburgh, PA 15224",Garfield,9,2.0,"2 - Compromised, possibly dangerous",1900.0,1900 (possible default),Masonry,2.0,900.0,Single Family,Save first,2020-05-27,No,613.0
40.4669231904,-79.9366072242,"5339 BROWN Way, Pittsburgh, PA 15224",Garfield,9,1.0,"1 - Intact, no immediate danger",1900.0,1900 (possible default),Masonry,2.0,900.0,Single Family,Save first,2020-05-27,No,609.0
40.4668841432,-79.9363399643,"5349 BROWN Way, Pittsburgh, PA 15224",Garfield,9,2.0,"2 - Compromised, possibly dangerous",1900.0,1900 (possible default),Frame,2.0,900.0,Single Family,Mothball,2020-05-27,No,586.0
40.4669143471,-79.9359774853,"5362 ROSETTA ST, Pittsburgh, 15224",Garfield,9,2.0,"2 - Compromised, possibly dangerous",1930.0,1901 to 1939,Masonry,2.0,896.0,Single Family,Save first,2024-09-20,No,560.0
40.4665479289,-79.9365011594,"5335 KINCAID ST, Pittsburgh, 15224",Garfield,9,3.0,"3 - Compromised, dangerous",1906.0,1901 to 1939,Masonry,2.0,1080.0,Rowhouse,Salvage,2020-05-28,No,584.0
40.4658324935,-79.9363528957,"5349 BROAD ST, Pittsburgh, 15224",Garfield,9,2.0,"2 - Compromised, possibly dangerous",1905.0,1901 to 1939,Frame,2.0,1512.0,Single Family,Mothball,2020-05-28,No,543.0
40.4660025774,-79.9350567224,"5410 KINCAID ST, Pittsburgh, 15206",Garfield,9,2.0,"2 - Compromised, possibly dangerous",1915.0,1901 to 1939,Masonry,2.5,2581.0,Single Family,Save first,2020-06-05,No,448.0
40.4659407984,-79.9353917737,"214 N AIKEN AVE, Pittsburgh, 15206",Garfield,9,,Not scored,1930.0,1901 to 1939,Frame,2.0,1344.0,Single Family,Not scored,2022-01-31,No,473.0
40.4670965618,-79.9344259874,"5413 ROSETTA ST, Pittsburgh, 15206",Garfield,9,2.0,"2 - Compromised, possibly dangerous",1900.0,1900 (possible default),Masonry,2.0,1437.0,Single Family,Save first,2020-06-15,No,456.0
40.4672928689,-79.9330524187,"5438 HILLCREST ST, Pittsburgh, 15206",Garfield,9,2.0,"2 - Compromised, possibly dangerous",1915.0,1901 to 1939,Masonry,2.5,1788.0,Single Family,Save first,2022-05-12,Yes,353.0
40.4671301455,-79.9335964421,"310 N GRAHAM ST, Pittsburgh, PA 15206",Garfield,9,1.0,"1 - Intact, no immediate danger",1920.0,1901 to 1939,Masonry,2.0,1833.0,Single Family,Save first,2020-06-17,Yes,389.0
40.4657630463,-79.9330746876,"5452 KINCAID ST, Pittsburgh, 15206",Garfield,9,2.0,"2 - Compromised, possibly dangerous",1900.0,1900 (possible default),Masonry,2.0,1840.0,Single Family,Save first,2020-06-05,Yes,283.0
40.4658697805,-79.9338568648,"5434 KINCAID ST, Pittsburgh, PA 15206",Garfield,9,1.0,"1 - Intact, no immediate danger",1915.0,1901 to 1939,Masonry,2.0,1818.0,Single Family,Save first,2025-06-18,Yes,348.0
40.4651220035,-79.9333330805,"5468 BROAD ST, Pittsburgh, 15206",Garfield,9,,Not scored,1925.0,1901 to 1939,Masonry,2.0,1276.0,Single Family,Not scored,2020-05-28,Yes,280.0
40.4651248176,-79.9334422469,"5466 BROAD ST, Pittsburgh, 15206",Garfield,9,3.0,"3 - Compromised, dangerous",1925.0,1901 to 1939,Masonry,2.0,1514.0,Single Family,Salvage,2020-05-28,Yes,290.0
40.4637437561,-79.9478488662,"252 EDMOND ST, Pittsburgh, 15224",Bloomfield,7,1.0,"1 - Intact, no immediate danger",1910.0,1901 to 1939,Frame,2.0,896.0,Rowhouse,Mothball,2020-06-25,Yes,86.0
40.464471867,-79.9468827498,"220 S MATHILDA ST, Pittsburgh, PA 15224",Bloomfield,7,1.0,"1 - Intact, no immediate danger",1910.0,1901 to 1939,Masonry,2.0,1880.0,Single Family,Save first,2024-07-22,Yes,188.0
40.4629205102,-79.9406068279,"232 S PACIFIC AVE, Pittsburgh, 15224",Bloomfield,7,3.0,"3 - Compromised, dangerous",1900.0,1900 (possible default),Frame,2.5,2757.0,Two Family,Salvage,2026-04-15,No,413.0
40.4577907862,-79.9347754386,"5620 BAUM BLVD, Pittsburgh, PA 15232",Friendship,7,2.0,"2 - Compromised, possibly dangerous",,Unknown,Unknown,,,Auto Sales & Service,Mothball,2020-08-21,Yes,57.0
40.4574601916,-79.9468972014,"4932 YEW ST, Pittsburgh, PA 15224",Bloomfield,7,2.0,"2 - Compromised, possibly dangerous",1910.0,1901 to 1939,Frame,2.0,1426.0,Single Family,Mothball,2020-06-23,Yes,270.0
40.4552960464,-79.9333304669,"550 S NEGLEY AVE, Pittsburgh, PA 15232",Shadyside,8,1.0,"1 - Intact, no immediate danger",,Unknown,Unknown,,,Nursing Home/Private Hos,Mothball,2025-05-05,Yes,142.0
40.4505096673,-79.9351518155,"815 S AIKEN AVE, Pittsburgh, PA 15232",Shadyside,8,3.0,"3 - Compromised, dangerous",,Unknown,Unknown,,,Retl/Stor Over,Demolish,2026-07-20,Yes,240.0
40.429724771,-79.9424788212,"700 NAYLOR ST, Pittsburgh, PA 15207",Greenfield,5,1.0,"1 - Intact, no immediate danger",1891.0,Before 1900,Frame,2.0,1286.0,Single Family,Mothball,2024-10-28,No,469.0
40.4300152873,-79.9427236976,"701 NAYLOR ST, Pittsburgh, 15207",Squirrel Hill South,5,,Not scored,1896.0,Before 1900,Frame,2.0,1199.0,Single Family,Not scored,2022-10-21,No,503.0
40.4278303404,-79.9464909596,"409 SALINE ST, Pittsburgh, PA 15207",Greenfield,5,1.0,"1 - Intact, no immediate danger",1880.0,Before 1900,Frame,2.0,860.0,Single Family,Mothball,2026-03-05,No,423.0
40.4278155226,-79.946558653,"405 SALINE ST, Pittsburgh, 15207",Greenfield,5,1.0,"1 - Intact, no immediate danger",1910.0,1901 to 1939,Frame,3.0,1785.0,Single Family,Mothball,2025-06-16,No,427.0
40.4277811791,-79.9467150697,"403 SALINE ST #2, Pittsburgh, PA 15207",Greenfield,5,1.0,"1 - Intact, no immediate danger",1901.0,1901 to 1939,Frame,3.0,4257.0,Four Family,Mothball,2025-06-16,No,435.0
40.4266173877,-79.9463215349,"406 ALGER ST, Pittsburgh, PA 15207",Greenfield,5,3.0,"3 - Compromised, dangerous",1910.0,1901 to 1939,Frame,2.0,1078.0,Single Family,Salvage,2026-03-27,Yes,343.0
40.4271841052,-79.9452624401,"434 IVONDALE ST, Pittsburgh, 15207",Greenfield,5,3.0,"3 - Compromised, dangerous",1910.0,1901 to 1939,Frame,2.0,1224.0,Single Family,Salvage,2020-09-02,Yes,297.0
40.4263503362,-79.9399906998,"571 GREENFIELD AVE, Pittsburgh, PA 15207",Greenfield,5,,Not scored,,Unknown,Unknown,,,Retl/Apt'S Over,Not scored,2021-09-20,Yes,127.0
40.4266428977,-79.9335886752,"864 FLEMINGTON ST, Pittsburgh, 15217",Greenfield,5,3.0,"3 - Compromised, dangerous",1926.0,1901 to 1939,Masonry,2.0,1218.0,Single Family,Salvage,2020-05-20,No,422.0
40.4243413418,-79.9487856567,"43 BIGELOW ST, Pittsburgh, 15207",Greenfield,5,2.0,"2 - Compromised, possibly dangerous",1930.0,1901 to 1939,Frame,2.0,1260.0,Single Family,Mothball,2024-06-12,Yes,328.0
40.42377461,-79.9461560826,"327 KAERCHER ST, Pittsburgh, PA 15207",Greenfield,5,2.0,"2 - Compromised, possibly dangerous",1935.0,1901 to 1939,Masonry,2.0,1266.0,Single Family,Save first,2022-11-10,Yes,358.0
40.4259352157,-79.9492253946,"3834 ACORN ST, Pittsburgh, 15207",Greenfield,5,1.0,"1 - Intact, no immediate danger",1920.0,1901 to 1939,Frame,2.0,1700.0,Single Family,Mothball,2020-07-17,Yes,302.0
40.4237722566,-79.9416575127,"4117 LYDIA ST, Pittsburgh, 15207",Greenfield,5,,Not scored,1900.0,1900 (possible default),Masonry,2.0,720.0,Rowhouse,Not scored,2020-10-20,Yes,203.0
40.4247962724,-79.9381647072,"752 GREENFIELD AVE, Pittsburgh, 15207",Greenfield,5,4.0,4 - Imminently dangerous,1915.0,1901 to 1939,Frame,2.0,1998.0,Two Family,Salvage,2020-09-01,Yes,216.0
40.4248356426,-79.9348343219,"816 LILAC ST, Pittsburgh, 15217",Greenfield,5,1.0,"1 - Intact, no immediate danger",1926.0,1901 to 1939,Masonry,2.0,1080.0,Single Family,Save first,2021-09-15,Yes,379.0
40.4228163479,-79.9483766035,"84 BIGELOW ST, Pittsburgh, 15207",Hazelwood,5,,Not scored,1922.0,1901 to 1939,Frame,2.0,1216.0,Single Family,Not scored,2020-08-24,No,429.0
40.4211626181,-79.9431160755,"4307 1/2 STANLEY ST, Pittsburgh, 15207",Greenfield,5,,Not scored,1916.0,1901 to 1939,Masonry,2.0,1080.0,Rowhouse,Not scored,2023-01-23,No,479.0
40.4234262969,-79.9339094753,"850 DEELY ST, Pittsburgh, 15217",Greenfield,5,,Not scored,1926.0,1901 to 1939,Masonry,2.0,1708.0,Single Family,Not scored,2026-04-02,No,443.0
40.4193478925,-79.944539764,"4345 BRISTOL ST, Pittsburgh, PA 15207",Hazelwood,5,1.0,"1 - Intact, no immediate danger",1940.0,1940 or later,Frame,2.0,1344.0,Single Family,Mothball,2025-09-22,No,697.0
40.418739287,-79.9364000986,"617 HAZELWOOD AVE, Pittsburgh, PA 15207",Hazelwood,5,,Not scored,1920.0,1901 to 1939,Frame,2.0,2138.0,Single Family,Not scored,2021-10-11,No,693.0
40.4168543238,-79.9427555502,"4511 GLADSTONE ST, Pittsburgh, PA 15207",Hazelwood,5,2.0,"2 - Compromised, possibly dangerous",1900.0,1900 (possible default),Frame,2.0,1776.0,Single Family,Mothball,2023-12-28,No,754.0
40.4163815869,-79.9416936797,"4537 PARNELL ST, Pittsburgh, 15207",Hazelwood,5,1.0,"1 - Intact, no immediate danger",1910.0,1901 to 1939,Frame,2.0,966.0,Single Family,Mothball,2020-09-08,No,724.0
40.4187000112,-79.9354621107,"628 HAZELWOOD AVE, Pittsburgh, PA 15207",Hazelwood,5,1.0,"1 - Intact, no immediate danger",1920.0,1901 to 1939,Masonry,1.0,1148.0,Single Family,Save first,2026-04-08,No,616.0
40.4172289192,-79.93644986,"567 FRAYNE ST, Pittsburgh, 15207",Hazelwood,5,1.0,"1 - Intact, no immediate danger",1936.0,1901 to 1939,Masonry,1.0,796.0,Single Family,Save first,2020-08-24,No,745.0
40.4155256586,-79.9451467847,"4529 MONONGAHELA ST, Pittsburgh, 15207",Hazelwood,5,1.0,"1 - Intact, no immediate danger",1900.0,1900 (possible default),Frame,2.0,1216.0,Single Family,Mothball,2026-01-20,No,603.0
40.4145803974,-79.9446015026,"4610 MONONGAHELA ST, Pittsburgh, 15207",Hazelwood,5,1.0,"1 - Intact, no immediate danger",1914.0,1901 to 1939,Frame,2.0,812.0,Single Family,Mothball,2021-02-03,No,494.0
40.4162777233,-79.9437385172,"4521 SYLVAN AVE, Pittsburgh, PA 15207",Hazelwood,5,2.0,"2 - Compromised, possibly dangerous",1900.0,1900 (possible default),Frame,2.0,1344.0,Single Family,Mothball,2020-09-10,No,681.0
40.4142730529,-79.9329139658,No primary address specified,Hazelwood,5,,Not scored,,Unknown,Unknown,,,Res Aux Building (No House),Not scored,2025-11-05,No,675.0
40.4143479805,-79.9329521731,"1 TESLA ST, Pittsburgh, 15207",Hazelwood,5,1.0,"1 - Intact, no immediate danger",1921.0,1901 to 1939,Frame,2.0,1200.0,Single Family,Mothball,2024-09-13,No,676.0
40.4145242048,-79.9330468192,"4 TESLA ST, Pittsburgh, 15207",Hazelwood,5,1.0,"1 - Intact, no immediate danger",1905.0,1901 to 1939,Frame,2.0,1344.0,Single Family,Mothball,2024-09-13,No,680.0
40.414601043,-79.9330869758,"5 TESLA ST, Pittsburgh, PA 15207",Hazelwood,5,2.0,"2 - Compromised, possibly dangerous",1905.0,1901 to 1939,Frame,2.0,960.0,Single Family,Mothball,2024-09-13,No,682.0
40.4136801046,-79.9451037846,"4636 CHATSWORTH AVE, Pittsburgh, PA 15207",Hazelwood,5,,Not scored,1900.0,1900 (possible default),Masonry,2.0,1408.0,Single Family,Not scored,2024-12-19,No,401.0
40.4116231453,-79.9418024114,"168 HAZELWOOD AVE, Pittsburgh, 15207",Hazelwood,5,2.0,"2 - Compromised, possibly dangerous",1912.0,1901 to 1939,Masonry,2.0,1920.0,Single Family,Save first,2020-06-01,Yes,262.0
40.4118103235,-79.9415641974,"200 HAZELWOOD AVE, Pittsburgh, 15207",Hazelwood,5,3.0,"3 - Compromised, dangerous",1930.0,1901 to 1939,Masonry,2.0,1828.0,Two Family,Salvage,2026-07-14,Yes,291.0
40.4115022707,-79.9389308182,"354 FLOWERS AVE, Pittsburgh, PA 15207",Hazelwood,5,1.0,"1 - Intact, no immediate danger",1920.0,1901 to 1939,Masonry,2.5,1330.0,Single Family,Save first,2024-10-18,No,466.0
40.4122318284,-79.9372836469,"415 FLOWERS AVE, Pittsburgh, 15207",Hazelwood,5,2.0,"2 - Compromised, possibly dangerous",1911.0,1901 to 1939,Masonry,2.0,960.0,Single Family,Save first,2020-09-11,No,627.0
40.4123259096,-79.9361332486,"453 KILBOURNE ST, Pittsburgh, 15207",Hazelwood,5,1.0,"1 - Intact, no immediate danger",1910.0,1901 to 1939,Masonry,2.5,1296.0,Single Family,Save first,2024-09-13,No,720.0
40.4122653897,-79.9361580643,"451 KILBOURNE ST, Pittsburgh, 15207",Hazelwood,5,1.0,"1 - Intact, no immediate danger",1910.0,1901 to 1939,Masonry,2.5,1296.0,Single Family,Save first,2023-12-06,No,716.0
40.4122275673,-79.9362030001,"449 KILBOURNE ST, Pittsburgh, 15207",Hazelwood,5,3.0,"3 - Compromised, dangerous",1920.0,1901 to 1939,Masonry,2.5,1296.0,Single Family,Salvage,2020-06-25,No,711.0
40.4092109351,-79.9425548049,"114 GLEN CALADH ST, Pittsburgh, 15207",Hazelwood,5,1.0,"1 - Intact, no immediate danger",1900.0,1900 (possible default),Frame,2.0,1660.0,Single Family,Mothball,2025-09-25,Yes,105.0
40.4097352938,-79.941919971,"207 GLEN CALADH ST, Pittsburgh, 15207",Hazelwood,5,1.0,"1 - Intact, no immediate danger",1901.0,1901 to 1939,Masonry,2.0,1040.0,Rowhouse,Save first,2020-08-31,Yes,178.0
40.4097266925,-79.9419695669,"205 GLEN CALADH ST, Pittsburgh, 15207",Hazelwood,5,2.0,"2 - Compromised, possibly dangerous",1901.0,1901 to 1939,Masonry,2.0,984.0,Rowhouse,Save first,2020-08-31,Yes,174.0
40.4097145835,-79.9420128367,"203 GLEN CALADH ST, Pittsburgh, 15207",Hazelwood,5,1.0,"1 - Intact, no immediate danger",1901.0,1901 to 1939,Masonry,2.0,1040.0,Rowhouse,Save first,2020-08-31,Yes,170.0
40.4097029956,-79.9420635496,"201 GLEN CALADH ST, Pittsburgh, 15207",Hazelwood,5,2.0,"2 - Compromised, possibly dangerous",1901.0,1901 to 1939,Masonry,2.0,1040.0,Rowhouse,Save first,2020-08-31,Yes,166.0
40.4098680081,-79.9421243172,"4913 GERTRUDE ST #2, Pittsburgh, PA 15207",Hazelwood,5,1.0,"1 - Intact, no immediate danger",1905.0,1901 to 1939,Frame,2.5,3261.0,Three Family,Mothball,2026-03-06,Yes,160.0
40.4102633352,-79.9417083971,"222 FLOWERS AVE, Pittsburgh, PA 15207",Hazelwood,5,1.0,"1 - Intact, no immediate danger",1920.0,1901 to 1939,Frame,2.0,1596.0,Single Family,Mothball,2020-08-28,Yes,200.0
40.4106268857,-79.942101263,"172 MARSDEN ST, Pittsburgh, 15207",Hazelwood,5,1.0,"1 - Intact, no immediate danger",1900.0,1900 (possible default),Masonry,2.0,932.0,Rowhouse,Save first,2020-09-03,Yes,182.0
40.4106397158,-79.942377921,"162 MARSDEN ST, Pittsburgh, 15207",Hazelwood,5,1.0,"1 - Intact, no immediate danger",1900.0,1900 (possible default),Masonry,2.0,896.0,Rowhouse,Save first,2021-02-03,Yes,162.0
40.4106272781,-79.9424275223,"160 MARSDEN ST, Pittsburgh, 15207",Hazelwood,5,1.0,"1 - Intact, no immediate danger",1900.0,1900 (possible default),Masonry,2.0,896.0,Rowhouse,Save first,2021-02-03,Yes,158.0
40.4106178665,-79.9424771839,"158 MARSDEN ST, Pittsburgh, 15207",Hazelwood,5,3.0,"3 - Compromised, dangerous",1900.0,1900 (possible default),Masonry,2.0,924.0,Rowhouse,Salvage,2023-10-02,Yes,154.0
40.4112214813,-79.943997112,"126 HAZELWOOD AVE, Pittsburgh, PA 15207",Hazelwood,5,2.0,"2 - Compromised, possibly dangerous",,Unknown,Unknown,,,Funeral Homes,Mothball,2020-06-01,Yes,123.0
40.4113000387,-79.9408422847,"301 FLOWERS AVE, Pittsburgh, 15207",Hazelwood,5,,Not scored,,Unknown,Unknown,,,Res Aux Building (No House),Not scored,2025-07-01,Yes,311.0
40.4113420288,-79.9407718623,"303 FLOWERS AVE, Pittsburgh, 15207",Hazelwood,5,1.0,"1 - Intact, no immediate danger",1930.0,1901 to 1939,Frame,2.0,1074.0,Two Family,Mothball,2020-08-28,Yes,319.0
40.4113748956,-79.9392037548,"344 FLOWERS AVE, Pittsburgh, 15207",Hazelwood,5,2.0,"2 - Compromised, possibly dangerous",1920.0,1901 to 1939,Masonry,2.5,1330.0,Single Family,Save first,2024-10-18,No,440.0
40.4111738087,-79.9396506924,"324 FLOWERS AVE, Pittsburgh, 15207",Hazelwood,5,1.0,"1 - Intact, no immediate danger",1940.0,1940 or later,Frame,2.0,1152.0,Single Family,Mothball,2025-01-24,Yes,396.0
40.4108652729,-79.9403410653,"306 FLOWERS AVE, Pittsburgh, PA 15207",Hazelwood,5,1.0,"1 - Intact, no immediate danger",1940.0,1940 or later,Frame,2.0,2816.0,Two Family,Mothball,2025-01-24,Yes,330.0
40.4090349835,-79.9391708155,"5018 ORINOCO ST, Pittsburgh, PA 15207",Hazelwood,5,1.0,"1 - Intact, no immediate danger",1900.0,1900 (possible default),Frame,2.0,936.0,Single Family,Mothball,2024-08-23,Yes,387.0
40.4074659817,-79.9466144773,"5011 BLAIR ST, Pittsburgh, 15207",Hazelwood,5,1.0,"1 - Intact, no immediate danger",1905.0,1901 to 1939,Masonry,2.0,996.0,Rowhouse,Save first,2020-07-24,Yes,275.0
40.4070874307,-79.9468964622,"5022 BLAIR ST, Pittsburgh, 15207",Hazelwood,5,,Not scored,1905.0,1901 to 1939,Masonry,2.0,1292.0,Single Family,Not scored,2025-09-25,Yes,300.0
40.4071810754,-79.9469609141,"5018 BLAIR ST, Pittsburgh, 15207",Hazelwood,5,1.0,"1 - Intact, no immediate danger",1905.0,1901 to 1939,Masonry,2.0,1292.0,Single Family,Save first,2020-07-24,Yes,305.0
40.4077198873,-79.94705941,"9 TECUMSEH ST, Pittsburgh, 15207",Hazelwood,5,1.0,"1 - Intact, no immediate danger",1905.0,1901 to 1939,Frame,2.0,896.0,Rowhouse,Mothball,2025-02-21,Yes,299.0
40.4077123275,-79.9471104678,"8 TECUMSEH ST, Pittsburgh, 15207",Hazelwood,5,1.0,"1 - Intact, no immediate danger",1905.0,1901 to 1939,Masonry,2.0,896.0,Rowhouse,Save first,2025-02-21,Yes,303.0
40.4076901811,-79.9472108246,"6 A TECUMSEH ST, Pittsburgh, PA 15207",Hazelwood,5,1.0,"1 - Intact, no immediate danger",1905.0,1901 to 1939,Masonry,2.0,896.0,Rowhouse,Save first,2022-04-27,Yes,312.0
40.4075522939,-79.9478792899,"3 TECUMSEH ST, Pittsburgh, PA 15207",Hazelwood,5,1.0,"1 - Intact, no immediate danger",1905.0,1901 to 1939,Masonry,2.0,884.0,Rowhouse,Save first,2026-07-30,Yes,370.0
40.4069094623,-79.9477012939,"5025 LANGHORN ST, Pittsburgh, 15207",Hazelwood,5,,Not scored,1905.0,1901 to 1939,Frame,2.0,840.0,Single Family,Not scored,2020-09-03,Yes,369.0
40.4070999003,-79.9446197872,"134 W ELIZABETH ST, Pittsburgh, PA 15207",Hazelwood,5,2.0,"2 - Compromised, possibly dangerous",,Unknown,Unknown,,,Warehouse,Mothball,2023-10-10,Yes,107.0
40.4066294915,-79.9449444595,"43 W ELIZABETH ST, Pittsburgh, 15207",Hazelwood,5,2.0,"2 - Compromised, possibly dangerous",1910.0,1901 to 1939,Frame,2.0,1176.0,Rowhouse,Mothball,2020-06-25,Yes,148.0
40.4066401562,-79.9448932203,"41 W ELIZABETH ST, Pittsburgh, 15207",Hazelwood,5,2.0,"2 - Compromised, possibly dangerous",1910.0,1901 to 1939,Frame,2.0,1008.0,Rowhouse,Mothball,2026-04-08,Yes,144.0
40.4066437723,-79.9448523293,"39 W ELIZABETH ST, Pittsburgh, 15207",Hazelwood,5,1.0,"1 - Intact, no immediate danger",1910.0,1901 to 1939,Frame,2.0,1008.0,Rowhouse,Mothball,2024-07-30,Yes,140.0
40.4066475913,-79.944812702,"37 W ELIZABETH ST, Pittsburgh, 15207",Hazelwood,5,2.0,"2 - Compromised, possibly dangerous",1910.0,1901 to 1939,Frame,2.0,1008.0,Rowhouse,Mothball,2026-08-13,Yes,137.0
40.4066580341,-79.9447695851,"35 W ELIZABETH ST, Pittsburgh, 15207",Hazelwood,5,1.0,"1 - Intact, no immediate danger",1910.0,1901 to 1939,Frame,2.0,1008.0,Rowhouse,Mothball,2020-06-25,Yes,133.0
40.4076560817,-79.9412844669,"207 E ELIZABETH ST, Pittsburgh, 15207",Hazelwood,5,1.0,"1 - Intact, no immediate danger",1920.0,1901 to 1939,Masonry,2.0,1606.0,Single Family,Save first,2021-09-07,Yes,177.0
40.4086315127,-79.941757332,"5011 GERTRUDE ST, Pittsburgh, 15207",Hazelwood,5,,Not scored,1900.0,1900 (possible default),Frame,2.0,1064.0,Single Family,Not scored,2024-03-15,Yes,171.0
40.4080488221,-79.9410505268,"214 TIPTON ST, Pittsburgh, PA 15207",Hazelwood,5,1.0,"1 - Intact, no immediate danger",1900.0,1900 (possible default),Masonry,2.0,2194.0,Single Family,Save first,2020-09-09,Yes,202.0
40.40744135,-79.9401615921,"234 E ELIZABETH ST, Pittsburgh, 15207",Hazelwood,5,1.0,"1 - Intact, no immediate danger",1900.0,1900 (possible default),Masonry,2.0,1584.0,Rowhouse,Save first,2020-07-29,Yes,261.0
40.406797119,-79.9371691984,"119 ASHTON AVE, Pittsburgh, PA 15207",Hazelwood,5,1.0,"1 - Intact, no immediate danger",1910.0,1901 to 1939,Frame,2.5,1553.0,Single Family,Mothball,2020-07-24,No,509.0
40.4079492673,-79.939672859,"5041 GLENWOOD AVE, Pittsburgh, 15207",Hazelwood,5,2.0,"2 - Compromised, possibly dangerous",1900.0,1900 (possible default),Frame,2.0,2012.0,Single Family,Mothball,2020-07-29,Yes,315.0
40.4084529907,-79.9397256488,"5025 GLENWOOD AVE, Pittsburgh, 15207",Hazelwood,5,4.0,4 - Imminently dangerous,1915.0,1901 to 1939,Frame,2.0,1136.0,Single Family,Salvage,2020-07-29,Yes,321.0
40.4085226566,-79.939344025,"5033 STEELE CT, Pittsburgh, 15207",Hazelwood,5,4.0,4 - Imminently dangerous,1906.0,1901 to 1939,Frame,2.0,1178.0,Single Family,Salvage,2021-04-21,Yes,355.0
40.4085793955,-79.9393483567,"5031 STEELE CT, Pittsburgh, 15207",Hazelwood,5,1.0,"1 - Intact, no immediate danger",1906.0,1901 to 1939,Frame,2.0,1108.0,Single Family,Mothball,2024-03-08,Yes,356.0
40.4088688561,-79.9393848104,"5021 STEELE CT, Pittsburgh, 15207",Hazelwood,5,3.0,"3 - Compromised, dangerous",1920.0,1901 to 1939,Frame,2.0,1108.0,Single Family,Salvage,2020-09-09,Yes,364.0
40.408931016,-79.9393922737,"5019 STEELE CT, Pittsburgh, 15207",Hazelwood,5,2.0,"2 - Compromised, possibly dangerous",1920.0,1901 to 1939,Frame,2.0,1154.0,Single Family,Mothball,2024-03-08,Yes,366.0
40.4086056451,-79.9391222048,"5034 ORINOCO ST, Pittsburgh, 15207",Hazelwood,5,1.0,"1 - Intact, no immediate danger",1900.0,1900 (possible default),Frame,2.0,1120.0,Single Family,Mothball,2020-09-08,Yes,375.0
40.4080129307,-79.937897742,"5057 AMPERE ST, Pittsburgh, 15207",Hazelwood,5,1.0,"1 - Intact, no immediate danger",1901.0,1901 to 1939,Frame,2.0,2000.0,Single Family,Mothball,2023-11-17,No,462.0
40.4054629213,-79.945774753,"5150 CHAPLAIN Way, Pittsburgh, 15207",Hazelwood,5,,Not scored,1900.0,1900 (possible default),Masonry,2.0,960.0,Rowhouse,Not scored,2025-08-06,Yes,276.0
40.4054228071,-79.9457671011,"5152 CHAPLAIN Way, Pittsburgh, PA 15207",Hazelwood,5,,Not scored,1900.0,1900 (possible default),Masonry,2.0,960.0,Rowhouse,Not scored,2025-08-06,Yes,278.0
40.4053832778,-79.9457575406,"5154 CHAPLAIN Way, Pittsburgh, 15207",Hazelwood,5,,Not scored,1900.0,1900 (possible default),Masonry,2.0,960.0,Rowhouse,Not scored,2025-08-06,Yes,280.0
40.4053378684,-79.9457469304,"5156 CHAPLAIN Way, Pittsburgh, 15207",Hazelwood,5,,Not scored,1900.0,1900 (possible default),Masonry,2.0,960.0,Rowhouse,Not scored,2025-08-06,Yes,283.0
40.4061049332,-79.9458929412,"5116 CHAPLAIN Way, Pittsburgh, PA 15207",Hazelwood,5,2.0,"2 - Compromised, possibly dangerous",1900.0,1900 (possible default),Frame,2.0,896.0,Single Family,Mothball,2025-02-21,Yes,246.0
40.4059736824,-79.9460830778,"5119 BLAIR ST, Pittsburgh, 15207",Hazelwood,5,1.0,"1 - Intact, no immediate danger",1950.0,1940 or later,Masonry,2.5,1488.0,Single Family,Mothball,2024-10-22,Yes,267.0
40.4060258892,-79.9460924071,"5117 BLAIR ST, Pittsburgh, 15207",Hazelwood,5,1.0,"1 - Intact, no immediate danger",1905.0,1901 to 1939,Masonry,2.0,1152.0,Single Family,Save first,2024-10-22,Yes,265.0
40.4057020379,-79.9465120945,"5132 BLAIR ST, Pittsburgh, 15207",Hazelwood,5,1.0,"1 - Intact, no immediate danger",1905.0,1901 to 1939,Masonry,2.0,1073.0,Rowhouse,Save first,2020-08-12,Yes,314.0
40.4054183408,-79.9464493978,"5146 BLAIR ST, Pittsburgh, 15207",Hazelwood,5,2.0,"2 - Compromised, possibly dangerous",1905.0,1901 to 1939,Masonry,2.0,1209.0,Rowhouse,Save first,2020-08-12,Yes,326.0
40.4060829653,-79.947172005,"5110 LADORA Way, Pittsburgh, PA 15207",Hazelwood,5,1.0,"1 - Intact, no immediate danger",1905.0,1901 to 1939,Masonry,2.0,928.0,Single Family,Save first,2026-03-03,Yes,345.0
40.4060304892,-79.94715778,"5112 LADORA Way, Pittsburgh, PA 15207",Hazelwood,5,1.0,"1 - Intact, no immediate danger",1905.0,1901 to 1939,Masonry,2.0,1114.0,Single Family,Save first,2026-03-03,Yes,346.0
40.4059777027,-79.9471445235,"5114 LADORA Way, Pittsburgh, 15207",Hazelwood,5,1.0,"1 - Intact, no immediate danger",1905.0,1901 to 1939,Masonry,2.0,928.0,Single Family,Save first,2024-09-27,Yes,348.0
40.4059242829,-79.9471303189,"5116 LADORA Way, Pittsburgh, PA 15207",Hazelwood,5,1.0,"1 - Intact, no immediate danger",1905.0,1901 to 1939,Masonry,2.0,928.0,Single Family,Save first,2026-03-03,Yes,349.0
40.4050970485,-79.946860988,"97 COURTLAND ST, Pittsburgh, 15207",Hazelwood,5,3.0,"3 - Compromised, dangerous",1900.0,1900 (possible default),Masonry,2.0,1160.0,Single Family,Salvage,2020-06-24,Yes,374.0
40.4050544436,-79.9471492562,"94 COURTLAND ST, Pittsburgh, 15207",Hazelwood,5,1.0,"1 - Intact, no immediate danger",1900.0,1900 (possible default),Masonry,2.0,1531.0,Single Family,Save first,2020-06-24,Yes,397.0
40.4050413158,-79.9472437554,"93 COURTLAND ST, Pittsburgh, 15207",Hazelwood,5,3.0,"3 - Compromised, dangerous",1927.0,1901 to 1939,Masonry,2.0,1442.0,Single Family,Salvage,2020-06-24,No,405.0
40.4052657857,-79.9472086637,"5139 LANGHORN ST, Pittsburgh, 15207",Hazelwood,5,1.0,"1 - Intact, no immediate danger",1905.0,1901 to 1939,Masonry,2.0,1316.0,Single Family,Save first,2020-06-24,Yes,390.0
40.4061927901,-79.9475770562,"429 W ELIZABETH ST, Pittsburgh, 15207",Hazelwood,5,3.0,"3 - Compromised, dangerous",1900.0,1900 (possible default),Masonry,3.0,1821.0,Single Family,Salvage,2020-06-01,Yes,374.0
40.4062279867,-79.9473609097,"423 W ELIZABETH ST, Pittsburgh, 15207",Hazelwood,5,1.0,"1 - Intact, no immediate danger",1896.0,Before 1900,Masonry,2.5,1656.0,Single Family,Save first,2023-02-09,Yes,355.0
40.4049181119,-79.9452468574,"5204 LYTLE ST, Pittsburgh, 15207",Hazelwood,5,1.0,"1 - Intact, no immediate danger",1900.0,1900 (possible default),Frame,2.0,1248.0,Rowhouse,Mothball,2024-10-22,Yes,286.0
40.4042727736,-79.9450992965,"5226 LYTLE ST, Pittsburgh, 15207",Hazelwood,5,1.0,"1 - Intact, no immediate danger",1915.0,1901 to 1939,Frame,2.0,1423.0,Single Family,Mothball,2022-04-05,Yes,339.0
40.4042206545,-79.9450937157,"5228 LYTLE ST, Pittsburgh, PA 15207",Hazelwood,5,3.0,"3 - Compromised, dangerous",1910.0,1901 to 1939,Frame,2.0,1600.0,Single Family,Salvage,2022-04-05,Yes,344.0
40.4055330993,-79.9448035638,"5145 LYTLE ST, Pittsburgh, 15207",Hazelwood,5,1.0,"1 - Intact, no immediate danger",1910.0,1901 to 1939,Frame,2.0,2450.0,Single Family,Mothball,2022-04-12,Yes,210.0
40.4057040647,-79.9448470998,"5131 LYTLE ST, Pittsburgh, 15207",Hazelwood,5,3.0,"3 - Compromised, dangerous",1915.0,1901 to 1939,Frame,3.0,1708.0,Rowhouse,Salvage,2024-10-15,Yes,199.0
40.4057459754,-79.9448567673,"5129 LYTLE ST, Pittsburgh, 15207",Hazelwood,5,3.0,"3 - Compromised, dangerous",1915.0,1901 to 1939,Frame,3.0,1708.0,Rowhouse,Salvage,2024-08-27,Yes,196.0
40.4048025729,-79.943282009,"5239 DYKE ST, Pittsburgh, 15207",Hazelwood,5,1.0,"1 - Intact, no immediate danger",1900.0,1900 (possible default),Masonry,2.0,1156.0,Rowhouse,Save first,2020-07-06,Yes,239.0
40.4051115237,-79.9429929628,"5230 2ND AVE, Pittsburgh, 15207",Hazelwood,5,3.0,"3 - Compromised, dangerous",1900.0,1900 (possible default),Masonry,2.5,1858.0,Rowhouse,Salvage,2023-07-11,Yes,205.0
40.4044772063,-79.9428211575,"5258 2ND AVE, Pittsburgh, 15207",Hazelwood,5,1.0,"1 - Intact, no immediate danger",1900.0,1900 (possible default),Masonry,2.0,1580.0,Rowhouse,Save first,2024-06-26,Yes,277.0
40.4064583479,-79.9403324318,"242 JOHNSTON AVE, Pittsburgh, 15207",Hazelwood,5,2.0,"2 - Compromised, possibly dangerous",1906.0,1901 to 1939,Frame,2.0,1260.0,Single Family,Mothball,2026-04-08,Yes,247.0
40.4042444787,-79.9410474386,"5315 GERTRUDE ST, Pittsburgh, 15207",Hazelwood,5,,Not scored,1920.0,1901 to 1939,Masonry,2.0,1832.0,Single Family,Not scored,2023-06-05,Yes,350.0
40.4032679839,-79.9413699574,No primary address specified,Hazelwood,5,,Not scored,,Unknown,Unknown,,,Res Aux Building (No House),Not scored,2022-08-05,No,436.0
40.4036594076,-79.942036811,"5327 2ND AVE, Pittsburgh, 15207",Hazelwood,5,1.0,"1 - Intact, no immediate danger",1900.0,1900 (possible default),Frame,2.0,3460.0,Two Family,Mothball,2024-03-15,Yes,378.0
40.4028800934,-79.9416404544,"5401 2ND AVE, Pittsburgh, 15207",Hazelwood,5,3.0,"3 - Compromised, dangerous",,Unknown,Unknown,,,"Churches, Public Worship",Demolish,2024-10-28,No,470.0
40.4028337764,-79.9416218151,"5403 2ND AVE, Pittsburgh, 15207",Hazelwood,5,2.0,"2 - Compromised, possibly dangerous",1886.0,Before 1900,Frame,1.0,460.0,Single Family,Mothball,2024-01-29,No,475.0
40.4025797904,-79.9412487982,"5417 2ND AVE, Pittsburgh, 15207",Hazelwood,5,1.0,"1 - Intact, no immediate danger",1895.0,Before 1900,Masonry,2.0,1349.0,Single Family,Save first,2024-03-27,No,511.0
40.4025394675,-79.9412036881,"5419 2ND AVE, Pittsburgh, 15207",Hazelwood,5,3.0,"3 - Compromised, dangerous",1895.0,Before 1900,Masonry,2.0,1349.0,Single Family,Salvage,2023-10-19,No,517.0
40.4040125233,-79.9426909583,"5280 2ND AVE, Pittsburgh, 15207",Hazelwood,5,2.0,"2 - Compromised, possibly dangerous",1900.0,1900 (possible default),Masonry,2.0,1370.0,Rowhouse,Save first,2024-08-07,Yes,329.0
40.4040946306,-79.9427151255,"5276 2ND AVE, Pittsburgh, 15207",Hazelwood,5,1.0,"1 - Intact, no immediate danger",1900.0,1900 (possible default),Masonry,2.0,1444.0,Rowhouse,Save first,2023-11-17,Yes,320.0
40.4038726177,-79.9430570828,"5273 DYKE ST, Pittsburgh, 15207",Hazelwood,5,1.0,"1 - Intact, no immediate danger",1900.0,1900 (possible default),Masonry,2.0,1216.0,Single Family,Save first,2025-01-22,Yes,342.0
40.403748046,-79.9410017238,"130 MANSION ST, Pittsburgh, PA 15207",Hazelwood,5,2.0,"2 - Compromised, possibly dangerous",1906.0,1901 to 1939,Frame,2.0,1958.0,Single Family,Mothball,2024-02-02,No,400.0
40.4036473394,-79.9396356257,"55 ALMEDA ST, Pittsburgh, 15207",Hazelwood,5,1.0,"1 - Intact, no immediate danger",1900.0,1900 (possible default),Frame,2.0,1488.0,Single Family,Mothball,2020-07-17,No,474.0
40.4035741823,-79.9399726647,"47 ALMEDA ST, Pittsburgh, 15207",Hazelwood,5,2.0,"2 - Compromised, possibly dangerous",1900.0,1900 (possible default),Frame,2.0,1690.0,Single Family,Mothball,2023-11-30,No,463.0
40.4035134193,-79.9402355337,"41 ALMEDA ST, Pittsburgh, 15207",Hazelwood,5,2.0,"2 - Compromised, possibly dangerous",1900.0,1900 (possible default),Frame,2.0,1642.0,Single Family,Mothball,2021-09-07,No,455.0
40.4034532255,-79.9404996212,"35 ALMEDA ST, Pittsburgh, 15207",Hazelwood,5,1.0,"1 - Intact, no immediate danger",1900.0,1900 (possible default),Masonry,2.0,1546.0,Single Family,Save first,2023-12-11,No,449.0
40.402409299,-79.9410866512,"5425 2ND AVE, Pittsburgh, 15207",Hazelwood,5,1.0,"1 - Intact, no immediate danger",1881.0,Before 1900,Masonry,2.0,1156.0,Single Family,Save first,2024-08-23,No,534.0
40.4018361881,-79.9382861653,"240 GLENWOOD AVE, Pittsburgh, 15207",Hazelwood,5,3.0,"3 - Compromised, dangerous",1910.0,1901 to 1939,Masonry,2.0,704.0,Rowhouse,Salvage,2025-11-17,No,702.0
40.4018630981,-79.9382639308,"242 GLENWOOD AVE, Pittsburgh, 15207",Hazelwood,5,3.0,"3 - Compromised, dangerous",1910.0,1901 to 1939,Masonry,2.0,768.0,Rowhouse,Salvage,2025-11-17,No,701.0
40.4033897946,-79.9387030799,"76 ALMEDA ST, Pittsburgh, 15207",Hazelwood,5,2.0,"2 - Compromised, possibly dangerous",1900.0,1900 (possible default),Frame,3.0,1536.0,Single Family,Mothball,2023-09-28,No,547.0
40.4034761181,-79.9386250491,"5400 GLENWOOD AVE, Pittsburgh, 15207",Hazelwood,5,1.0,"1 - Intact, no immediate danger",,Unknown,Unknown,,,"Churches, Public Worship",Mothball,2023-10-10,No,545.0
40.4024411379,-79.9370129965,"300 RENOVA ST, Pittsburgh, 15207",Hazelwood,5,2.0,"2 - Compromised, possibly dangerous",1930.0,1901 to 1939,Masonry,3.0,1405.0,Single Family,Save first,2021-06-28,No,723.0
40.4023131134,-79.9370755022,"256 RENOVA ST, Pittsburgh, 15207",Hazelwood,5,3.0,"3 - Compromised, dangerous",1900.0,1900 (possible default),Masonry,2.5,1745.0,Single Family,Salvage,2020-09-09,No,729.0
40.4019045869,-79.9373376879,"240 RENOVA ST, Pittsburgh, 15207",Hazelwood,5,2.0,"2 - Compromised, possibly dangerous",1920.0,1901 to 1939,Masonry,2.0,1148.0,Single Family,Save first,2024-02-16,No,747.0
40.4020534168,-79.9379117908,"237 RENOVA ST, Pittsburgh, 15207",Hazelwood,5,2.0,"2 - Compromised, possibly dangerous",1925.0,1901 to 1939,Masonry,2.5,1852.0,Single Family,Save first,2020-09-09,No,702.0
40.4023957619,-79.9376310349,"251 RENOVA ST, Pittsburgh, 15207",Hazelwood,5,1.0,"1 - Intact, no immediate danger",1925.0,1901 to 1939,Masonry,2.0,952.0,Single Family,Save first,2023-12-28,No,690.0
40.4030076481,-79.9372260028,"317 RENOVA ST, Pittsburgh, 15207",Hazelwood,5,2.0,"2 - Compromised, possibly dangerous",1920.0,1901 to 1939,Masonry,2.0,896.0,Single Family,Save first,2020-09-09,No,667.0
40.4030600265,-79.9371936973,"319 RENOVA ST, Pittsburgh, 15207",Hazelwood,5,3.0,"3 - Compromised, dangerous",1920.0,1901 to 1939,Masonry,2.0,896.0,Single Family,Salvage,2020-09-09,No,666.0
40.4009110749,-79.9397682586,"5526 2ND AVE, Pittsburgh, 15207",Hazelwood,5,4.0,4 - Imminently dangerous,1960.0,1940 or later,Frame,2.0,2068.0,Two Family,Demolish,2024-04-10,No,729.0
40.4009055078,-79.9387720167,"5615 2ND AVE, Pittsburgh, 15207",Hazelwood,5,1.0,"1 - Intact, no immediate danger",,Unknown,Unknown,,,Small Detached Ret(Under 10000),Mothball,2024-02-16,No,767.0
40.4010430289,-79.9381479635,"204 RENOVA ST, Pittsburgh, 15207",Hazelwood,5,2.0,"2 - Compromised, possibly dangerous",1918.0,1901 to 1939,Masonry,2.0,1827.0,Single Family,Save first,2020-07-28,No,781.0
40.4011742645,-79.9373194459,"137 ALLUVIAN ST, Pittsburgh, 15207",Hazelwood,5,1.0,"1 - Intact, no immediate danger",1900.0,1900 (possible default),Frame,2.0,1236.0,Single Family,Mothball,2025-05-23,No,810.0
40.4008162588,-79.9370605034,"1 ALLEGHENY TER, Pittsburgh, PA 15207",Glen Hazel,5,1.0,"1 - Intact, no immediate danger",1900.0,1900 (possible default),Masonry,2.0,1572.0,Single Family,Save first,2025-06-16,No,854.0
40.4004894852,-79.9370326049,"9 ALLEGHENY TER, Pittsburgh, 15207",Glen Hazel,5,,Not scored,1900.0,1900 (possible default),Masonry,2.0,896.0,Rowhouse,Not scored,2024-06-03,No,885.0
40.4005118721,-79.9370790001,"8 ALLEGHENY TER, Pittsburgh, 15207",Glen Hazel,5,,Not scored,1900.0,1900 (possible default),Masonry,2.0,896.0,Rowhouse,Not scored,2024-03-04,No,881.0
40.400121736,-79.9804425663,"1633 E CHERRYHILL ST, Pittsburgh, PA 15210",Carrick,4,3.0,"3 - Compromised, dangerous",1900.0,1900 (possible default),Frame,1.0,626.0,Single Family,Salvage,2026-07-24,No,710.0
40.3968043074,-79.9804435955,"2017 DOWLING ST, Pittsburgh, PA 15210",Carrick,4,1.0,"1 - Intact, no immediate danger",1886.0,Before 1900,Frame,2.0,1782.0,Single Family,Mothball,2020-08-27,No,561.0
40.4036194959,-79.9928178585,"108 MINOOKA ST, Pittsburgh, 15210",Carrick,4,2.0,"2 - Compromised, possibly dangerous",1900.0,1900 (possible default),Frame,2.0,1251.0,Single Family,Mothball,2023-05-26,Yes,222.0
40.403881261,-79.9917422206,"33 MINOOKA ST, Pittsburgh, 15210",Carrick,4,1.0,"1 - Intact, no immediate danger",1900.0,1900 (possible default),Frame,2.0,1780.0,Two Family,Mothball,2026-06-10,Yes,128.0
40.403939551,-79.991459461,"27 MINOOKA ST, Pittsburgh, 15210",Carrick,4,2.0,"2 - Compromised, possibly dangerous",1905.0,1901 to 1939,Frame,2.0,1425.0,Single Family,Mothball,2020-08-12,Yes,104.0
40.4027731636,-79.9941262326,"202 NOBLES LN, Pittsburgh, PA 15210",Carrick,4,,Not scored,1900.0,1900 (possible default),Frame,2.0,992.0,Single Family,Not scored,2022-08-19,Yes,355.0
40.400584639,-79.9976062142,"1317 NOBLES LN, Pittsburgh, 15210",Carrick,4,2.0,"2 - Compromised, possibly dangerous",1895.0,Before 1900,Frame,2.0,1023.0,Single Family,Mothball,2022-02-07,Yes,127.0
40.399362781,-79.99592437,"50 GLADE ST, Pittsburgh, PA 15210",Carrick,4,2.0,"2 - Compromised, possibly dangerous",1891.0,Before 1900,Frame,2.0,1136.0,Single Family,Mothball,2020-08-12,Yes,249.0
40.3994968677,-79.995476123,"1 ELLENDELL ST, Pittsburgh, PA 15210",Carrick,4,1.0,"1 - Intact, no immediate danger",1886.0,Before 1900,Frame,1.0,1144.0,Single Family,Mothball,2026-01-09,Yes,284.0
40.3996567151,-79.9913121568,"1602 OAKHURST ST, Pittsburgh, 15210",Carrick,4,1.0,"1 - Intact, no immediate danger",1900.0,1900 (possible default),Frame,2.0,1188.0,Single Family,Mothball,2023-02-16,Yes,185.0
40.4003393248,-79.9878846564,"1523 AMANDA ST, Pittsburgh, 15210",Carrick,4,2.0,"2 - Compromised, possibly dangerous",1900.0,1900 (possible default),Frame,2.0,1679.0,Single Family,Mothball,2025-11-20,Yes,116.0
40.4001678664,-79.9859790987,"130 E MEYERS ST, Pittsburgh, 15210",Carrick,4,1.0,"1 - Intact, no immediate danger",1911.0,1901 to 1939,Masonry,2.0,1742.0,Single Family,Save first,2026-01-21,Yes,261.0
40.3994332651,-79.985306945,"206 ALRIES ST, Pittsburgh, PA 15210",Carrick,4,2.0,"2 - Compromised, possibly dangerous",1916.0,1901 to 1939,Frame,2.0,1316.0,Single Family,Mothball,2020-08-20,Yes,305.0
40.399534988,-79.9846835279,"220 ALRIES ST, Pittsburgh, 15210",Carrick,4,1.0,"1 - Intact, no immediate danger",1913.0,1901 to 1939,Masonry,2.0,1540.0,Single Family,Save first,2025-07-30,Yes,356.0
40.3977469389,-79.9979171085,"1530 NOBLES LN, Pittsburgh, PA 15210",Carrick,4,1.0,"1 - Intact, no immediate danger",1952.0,1940 or later,Frame,1.0,640.0,Single Family,Mothball,2026-05-21,Yes,200.0
40.3978852868,-79.9913544525,"1652 MOUNT JOSEPH ST, Pittsburgh, PA 15210",Carrick,4,2.0,"2 - Compromised, possibly dangerous",1901.0,1901 to 1939,Masonry,2.0,1240.0,Single Family,Save first,2020-09-04,Yes,237.0
40.3979736509,-79.9903094981,"108 W CHERRYHILL ST, Pittsburgh, 15210",Carrick,4,3.0,"3 - Compromised, dangerous",1925.0,1901 to 1939,Masonry,2.0,1058.0,Single Family,Salvage,2020-08-27,Yes,148.0
40.3976019569,-79.9902175016,"111 W CHERRYHILL ST, Pittsburgh, 15210",Carrick,4,2.0,"2 - Compromised, possibly dangerous",1900.0,1900 (possible default),Frame,2.0,1440.0,Single Family,Mothball,2025-05-13,Yes,154.0
40.3971366198,-79.9899652035,"112 NEWETT ST, Pittsburgh, 15210",Carrick,4,1.0,"1 - Intact, no immediate danger",1896.0,Before 1900,Frame,2.0,1305.0,Single Family,Mothball,2025-11-10,Yes,164.0
40.3985188902,-79.9880503784,"102 E CHERRYHILL ST, Pittsburgh, 15210",Carrick,4,1.0,"1 - Intact, no immediate danger",1911.0,1901 to 1939,Frame,2.0,3100.0,Four Family,Mothball,2020-12-03,Yes,57.0
40.3990167561,-79.9864501569,"1634 LEOLYN ST, Pittsburgh, 15210",Carrick,4,,Not scored,1906.0,1901 to 1939,Frame,2.5,1604.0,Single Family,Not scored,2025-06-09,Yes,199.0
40.3979766821,-79.9847059194,"219 MEREDITH ST, Pittsburgh, 15210",Carrick,4,2.0,"2 - Compromised, possibly dangerous",1916.0,1901 to 1939,Frame,2.0,1750.0,Single Family,Mothball,2021-10-19,Yes,285.0
40.3964491949,-79.9987496547,"1640 SAW MILL RUN BLVD, Pittsburgh, PA 15210",Brookline,4,3.0,"3 - Compromised, dangerous",,Unknown,Unknown,,,Convenience Store/Gas,Demolish,2025-11-26,Yes,119.0
40.3952040357,-79.9964498631,"1725 PARKFIELD ST, Pittsburgh, 15210",Carrick,4,,Not scored,1950.0,1940 or later,Frame,2.0,1306.0,Single Family,Not scored,2023-07-07,Yes,263.0
40.3954272787,-79.9965211857,"1721 PARKFIELD ST, Pittsburgh, 15210",Carrick,4,2.0,"2 - Compromised, possibly dangerous",1928.0,1901 to 1939,Frame,2.0,1354.0,Single Family,Mothball,2020-08-24,Yes,260.0
40.3944495712,-79.9916920136,"306 PARKFIELD ST, Pittsburgh, PA 15210",Carrick,4,,Not scored,1945.0,1940 or later,Masonry,2.0,1232.0,Single Family,Not scored,2025-03-31,No,418.0
40.3966545681,-79.9913263908,"212 NEWETT ST, Pittsburgh, 15210",Carrick,4,2.0,"2 - Compromised, possibly dangerous",1906.0,1901 to 1939,Frame,2.0,1920.0,Single Family,Mothball,2020-09-08,Yes,289.0
40.3966432111,-79.9900846509,"121 NEWETT ST, Pittsburgh, 15210",Carrick,4,2.0,"2 - Compromised, possibly dangerous",1918.0,1901 to 1939,Frame,2.0,1026.0,Single Family,Mothball,2025-11-13,Yes,199.0
40.394419933,-79.9879827452,"1938 WESTMONT AVE, Pittsburgh, 15210",Carrick,4,1.0,"1 - Intact, no immediate danger",1916.0,1901 to 1939,Frame,2.0,1261.0,Single Family,Mothball,2024-08-05,Yes,126.0
40.3949910895,-79.988319516,"1922 WESTMONT AVE, Pittsburgh, 15210",Carrick,4,1.0,"1 - Intact, no immediate danger",1927.0,1901 to 1939,Masonry,2.0,1487.0,Single Family,Save first,2020-09-10,Yes,127.0
40.3947641148,-79.9874927519,"1935 WESTMONT AVE, Pittsburgh, 15210",Carrick,4,3.0,"3 - Compromised, dangerous",1924.0,1901 to 1939,Masonry,2.0,2018.0,Single Family,Salvage,2023-10-16,Yes,70.0
40.396578283,-79.9829743526,"239 E AGNEW AVE, Pittsburgh, PA 15210",Carrick,4,3.0,"3 - Compromised, dangerous",1910.0,1901 to 1939,Frame,1.0,1124.0,Single Family,Salvage,2020-11-20,Yes,354.0
40.4008016737,-80.0063947646,"1626 EDGEBROOK AVE, Pittsburgh, PA 15226",Brookline,4,1.0,"1 - Intact, no immediate danger",1953.0,1940 or later,Frame,1.0,420.0,Mobile Home,Mothball,2026-04-15,No,416.0
40.4006704746,-80.0021754003,"1533 BALLINGER ST, Pittsburgh, 15210",Brookline,4,3.0,"3 - Compromised, dangerous",1950.0,1940 or later,Masonry,1.0,1491.0,Single Family,Salvage,2026-02-11,Yes,244.0
40.3988211927,-80.0002646667,"1504 SAW MILL RUN BLVD, Pittsburgh, PA 15210",Brookline,4,2.0,"2 - Compromised, possibly dangerous",,Unknown,Unknown,,,Retl/Apt'S Over,Mothball,2024-01-12,Yes,132.0
40.3982796659,-80.0024034303,"59 PETUNIA ST, Pittsburgh, 15210",Brookline,4,,Not scored,1978.0,1940 or later,Masonry,1.0,2780.0,Single Family,Not scored,2026-01-09,Yes,322.0
40.3980459588,-80.0021313903,"63 PETUNIA ST, Pittsburgh, 15210",Brookline,4,1.0,"1 - Intact, no immediate danger",1910.0,1901 to 1939,Frame,2.0,2498.0,Single Family,Mothball,2026-01-09,Yes,312.0
40.4036857234,-80.0316616281,"2729 SHIRAS AVE, Pittsburgh, 15216",Beechview,4,,Not scored,1925.0,1901 to 1939,Masonry,2.0,1188.0,Single Family,Not scored,2021-05-25,No,2156.0
40.4039884855,-80.0278601182,"2131 VODELI ST, Pittsburgh, 15216",Beechview,4,2.0,"2 - Compromised, possibly dangerous",1930.0,1901 to 1939,Masonry,2.0,2717.0,Four Family,Save first,2020-09-10,No,1852.0
40.4032939128,-80.0179740602,"216 CAPITAL AVE, Pittsburgh, 15226",Brookline,4,1.0,"1 - Intact, no immediate danger",1900.0,1900 (possible default),Frame,2.0,1394.0,Single Family,Mothball,2020-08-26,No,1237.0
40.4036802684,-80.0171679177,"1931 WOODWARD AVE, Pittsburgh, 15226",Brookline,4,2.0,"2 - Compromised, possibly dangerous",1909.0,1901 to 1939,Frame,2.0,1659.0,Single Family,Mothball,2020-09-10,No,1161.0
40.4020801129,-80.0165655969,"2024 PIONEER AVE, Pittsburgh, 15226",Brookline,4,2.0,"2 - Compromised, possibly dangerous",1937.0,1901 to 1939,Masonry,2.0,1478.0,Single Family,Save first,2020-06-11,No,1211.0
40.4008464231,-80.0314856225,"2276 WENZELL AVE, Pittsburgh, 15216",Beechview,4,2.0,"2 - Compromised, possibly dangerous",1910.0,1901 to 1939,Frame,2.0,2469.0,Three Family,Mothball,2023-09-29,No,2292.0
40.3996205692,-80.0309362921,"8 WENZELL PL, Pittsburgh, 15216",Beechview,4,1.0,"1 - Intact, no immediate danger",1945.0,1940 or later,Masonry,2.0,828.0,Single Family,Mothball,2020-09-10,No,2329.0
40.4016128262,-80.0282977686,"2336 VODELI ST, Pittsburgh, 15216",Beechview,4,2.0,"2 - Compromised, possibly dangerous",1900.0,1900 (possible default),Masonry,2.0,1344.0,Single Family,Save first,2020-09-03,No,2020.0
40.4011251616,-80.0267582436,"2359 SARANAC AVE, Pittsburgh, PA 15216",Beechview,4,1.0,"1 - Intact, no immediate danger",1900.0,1900 (possible default),Frame,2.0,1832.0,Single Family,Mothball,2025-11-25,No,1945.0
40.3996722899,-80.0209425902,"2316 PIONEER AVE, Pittsburgh, 15226",Brookline,4,1.0,"1 - Intact, no immediate danger",1951.0,1940 or later,Masonry,2.0,2050.0,Two Family,Mothball,2020-07-22,No,1618.0
40.3971279331,-80.0262438321,"136 BODKIN ST, Pittsburgh, 15226",Brookline,4,1.0,"1 - Intact, no immediate danger",1920.0,1901 to 1939,Frame,2.0,1368.0,Single Family,Mothball,2020-08-24,No,2125.0
40.3979288626,-80.0247357227,"2516 PLAINVIEW AVE, Pittsburgh, 15226",Brookline,4,1.0,"1 - Intact, no immediate danger",1930.0,1901 to 1939,Masonry,2.0,1696.0,Single Family,Save first,2020-09-08,No,1978.0
40.3982475633,-80.022001156,"2437 PIONEER AVE, Pittsburgh, 15226",Brookline,4,,Not scored,1924.0,1901 to 1939,Masonry,2.0,2945.0,Single Family,Not scored,2020-10-16,No,1745.0
40.3948851621,-80.0272734704,"316 AIDYL AVE, Pittsburgh, 15226",Brookline,4,1.0,"1 - Intact, no immediate danger",1932.0,1901 to 1939,Masonry,2.0,1048.0,Single Family,Save first,2025-11-07,No,2292.0
40.3948562909,-80.0272243227,"318 AIDYL AVE, Pittsburgh, 15226",Brookline,4,1.0,"1 - Intact, no immediate danger",1932.0,1901 to 1939,Masonry,2.0,1032.0,Single Family,Save first,2025-11-07,No,2290.0
40.4521861528,-80.0714980055,"3408 CLEARFIELD ST, Pittsburgh, 15204",Windgap,2,1.0,"1 - Intact, no immediate danger",1915.0,1901 to 1939,Masonry,2.0,1728.0,Single Family,Save first,2020-08-27,No,1036.0
40.4525510325,-80.0720896146,"3432 CLEARFIELD ST, Pittsburgh, 15204",Windgap,2,1.0,"1 - Intact, no immediate danger",1920.0,1901 to 1939,Masonry,1.5,1158.0,Single Family,Save first,2024-09-09,No,1095.0
40.4520082367,-80.0674633388,"3234 FARONIA ST, Pittsburgh, PA 15204",Sheraden,2,,Not scored,1915.0,1901 to 1939,Masonry,2.0,1663.0,Single Family,Not scored,2020-08-28,No,911.0
40.4479662808,-80.0816709021,"512 W PROSPECT AVE, Pittsburgh, 15205",Fairywood,2,2.0,"2 - Compromised, possibly dangerous",1920.0,1901 to 1939,Masonry,2.0,1806.0,Single Family,Save first,2021-02-10,No,1412.0
40.448243521,-80.0820552849,"522 W PROSPECT AVE, Pittsburgh, 15205",Fairywood,2,2.0,"2 - Compromised, possibly dangerous",1920.0,1901 to 1939,Masonry,2.0,2052.0,Single Family,Save first,2021-02-11,No,1453.0
40.4475877415,-80.0798186441,"410 FAIRYWOOD ST, Pittsburgh, 15205",Fairywood,2,,Not scored,1900.0,1900 (possible default),Frame,2.5,1729.0,Single Family,Not scored,2026-04-22,No,1250.0
40.4474725054,-80.0803974096,"417 FAIRYWOOD ST, Pittsburgh, 15205",Fairywood,2,2.0,"2 - Compromised, possibly dangerous",1910.0,1901 to 1939,Frame,2.0,1532.0,Single Family,Mothball,2026-06-18,No,1292.0
40.4586260856,-80.0781835126,"3820 WINDGAP AVE, Pittsburgh, 15204",Windgap,2,2.0,"2 - Compromised, possibly dangerous",1935.0,1901 to 1939,Masonry,2.0,1464.0,Single Family,Save first,2025-10-28,No,1843.0
40.4576191909,-80.0710978673,"1412 ORATOR ST, Pittsburgh, 15204",Chartiers City,2,2.0,"2 - Compromised, possibly dangerous",1910.0,1901 to 1939,Frame,2.0,1361.0,Single Family,Mothball,2020-09-01,No,1347.0
40.4590254655,-80.0725686096,"3641 HARLOW PL, Pittsburgh, 15204",Chartiers City,2,,Not scored,1969.0,1940 or later,Frame,1.0,1130.0,Single Family,Not scored,2021-02-16,No,1384.0
40.457686235,-80.0675122746,"3505 CHARTIERS AVE, Pittsburgh, 15204",Chartiers City,2,1.0,"1 - Intact, no immediate danger",1905.0,1901 to 1939,Frame,2.0,1064.0,Single Family,Mothball,2020-06-11,No,1097.0
40.4579194674,-80.0671650254,"1165 OETTING ST, Pittsburgh, 15204",Sheraden,2,2.0,"2 - Compromised, possibly dangerous",1956.0,1940 or later,Masonry,1.0,850.0,Single Family,Mothball,2026-03-20,No,1058.0
40.4590401297,-80.0669176619,"1125 OETTING ST, Pittsburgh, 15204",Sheraden,2,,Not scored,1961.0,1940 or later,Masonry,1.0,1024.0,Single Family,Not scored,2020-12-09,No,965.0
40.4575192194,-80.0792985019,"3746 WINDGAP AVE, Pittsburgh, 15204",Windgap,2,1.0,"1 - Intact, no immediate danger",,Unknown,Unknown,,,Independent Living (Seniors),Mothball,2020-09-10,No,1890.0
40.4561242176,-80.0761311994,"1575 SUMMERDALE ST, Pittsburgh, 15204",Windgap,2,2.0,"2 - Compromised, possibly dangerous",1955.0,1940 or later,Masonry,2.0,1404.0,Single Family,Mothball,2021-01-07,No,1610.0
40.4561338718,-80.0758166651,"1569 SUMMERDALE ST, Pittsburgh, 15204",Windgap,2,2.0,"2 - Compromised, possibly dangerous",1895.0,Before 1900,Masonry,2.0,1690.0,Single Family,Save first,2024-09-17,No,1596.0
40.456141385,-80.0737434129,"1511 SUMMERDALE ST, Pittsburgh, PA 15204",Windgap,2,1.0,"1 - Intact, no immediate danger",1970.0,1940 or later,Masonry,2.0,1102.0,Townhouse,Mothball,2020-09-10,No,1512.0
40.4563296054,-80.0712655378,"1443 HASS ST, Pittsburgh, 15204",Chartiers City,2,,Not scored,1947.0,1940 or later,Frame,1.0,616.0,Single Family,Not scored,2026-07-29,No,1439.0
40.4564588391,-80.0709119571,"1427 HASS ST, Pittsburgh, 15204",Chartiers City,2,,Not scored,1938.0,1901 to 1939,Frame,1.5,1273.0,Single Family,Not scored,2026-07-29,No,1407.0
40.4570083598,-80.0716641102,"1437 ORATOR ST, Pittsburgh, 15204",Chartiers City,2,,Not scored,1910.0,1901 to 1939,Frame,2.0,1296.0,Single Family,Not scored,2026-07-29,No,1424.0
40.4571666619,-80.0679478117,"3518 OLTMAN ST, Pittsburgh, 15204",Chartiers City,2,2.0,"2 - Compromised, possibly dangerous",1910.0,1901 to 1939,Frame,2.0,1368.0,Single Family,Mothball,2020-12-07,No,1162.0
40.4545095113,-80.0799260538,"3673 WINDGAP AVE, Pittsburgh, 15204",Fairywood,2,1.0,"1 - Intact, no immediate danger",,Unknown,Unknown,,,Warehouse,Mothball,2021-04-19,No,1673.0
40.4533852467,-80.0692405579,"1416 SWANTEK ST, Pittsburgh, PA 15204",Sheraden,2,,Not scored,1929.0,1901 to 1939,Masonry,2.0,1338.0,Single Family,Not scored,2023-10-16,No,1091.0
40.4626931375,-80.074454864,"4048 WINDGAP AVE, Pittsburgh, PA 15204",Esplen,2,2.0,"2 - Compromised, possibly dangerous",1890.0,Before 1900,Frame,2.0,3768.0,Four Family,Mothball,2024-10-11,No,1433.0
40.4795437619,-80.0421898878,"1807 DAVIS AVE, Pittsburgh, 15212",Brighton Heights,1,2.0,"2 - Compromised, possibly dangerous",1901.0,1901 to 1939,Frame,2.0,1814.0,Single Family,Mothball,2021-06-28,No,691.0
40.4801784898,-80.0420401313,"3611 MEXICO ST, Pittsburgh, 15212",Brighton Heights,1,1.0,"1 - Intact, no immediate danger",1900.0,1900 (possible default),Frame,2.5,1600.0,Single Family,Mothball,2023-05-26,No,643.0
40.4794939542,-80.0393218475,"3533 FLEMING AVE, Pittsburgh, 15212",Brighton Heights,1,,Not scored,1900.0,1900 (possible default),Frame,2.0,1680.0,Two Family,Not scored,2026-04-22,No,511.0
40.4790623317,-80.0397126888,"3528 MASSACHUSETTS AVE, Pittsburgh, 15212",Brighton Heights,1,,Not scored,1925.0,1901 to 1939,Masonry,2.0,1014.0,Rowhouse,Not scored,2020-09-04,No,569.0
40.4781688063,-80.0374548845,"3450 SIPE ST, Pittsburgh, 15212",Brighton Heights,1,1.0,"1 - Intact, no immediate danger",1925.0,1901 to 1939,Frame,2.0,1335.0,Single Family,Mothball,2022-12-23,No,560.0
40.4776529354,-80.0351827903,"3423 GASS AVE, Pittsburgh, 15212",Brighton Heights,1,,Not scored,1920.0,1901 to 1939,Frame,2.0,1488.0,Single Family,Not scored,2025-03-25,No,587.0
40.4775880975,-80.0351621933,"3421 GASS AVE, Pittsburgh, 15212",Brighton Heights,1,,Not scored,1897.0,Before 1900,Frame,2.0,1843.0,Single Family,Not scored,2022-09-09,No,594.0
40.4754301067,-80.0379192007,"3303 FLEMING AVE, Pittsburgh, 15212",Brighton Heights,1,2.0,"2 - Compromised, possibly dangerous",1900.0,1900 (possible default),Frame,2.0,1772.0,Single Family,Mothball,2026-04-02,No,861.0
40.4759093559,-80.0375925307,"3316 FLEMING AVE, Pittsburgh, 15212",Brighton Heights,1,2.0,"2 - Compromised, possibly dangerous",1900.0,1900 (possible default),Frame,2.0,1430.0,Single Family,Mothball,2020-09-21,No,803.0
40.4756081858,-80.0374353999,"3306 FLEMING AVE, Pittsburgh, 15212",Brighton Heights,1,3.0,"3 - Compromised, dangerous",1900.0,1900 (possible default),Frame,2.5,1497.0,Single Family,Salvage,2020-08-28,No,832.0
40.4748212017,-80.0356060622,"3222 RICHARDSON AVE, Pittsburgh, 15212",Brighton Heights,6,1.0,"1 - Intact, no immediate danger",1920.0,1901 to 1939,Frame,1.0,863.0,Single Family,Mothball,2023-09-21,No,900.0
40.4762097606,-80.0367525174,"3317 MCCLURE AVE, Pittsburgh, 15212",Brighton Heights,1,1.0,"1 - Intact, no immediate danger",1920.0,1901 to 1939,Frame,2.0,1792.0,Single Family,Mothball,2022-10-10,No,756.0
40.4753748843,-80.0351183993,"1436 WOODS RUN AVE, Pittsburgh, 15212",Brighton Heights,1,1.0,"1 - Intact, no immediate danger",1920.0,1901 to 1939,Masonry,3.0,10800.0,Four Family,Save first,2026-04-17,No,839.0
40.475871134,-80.0337135798,"1401 WOODS RUN AVE, Pittsburgh, 15212",Marshall-Shadeland,6,2.0,"2 - Compromised, possibly dangerous",1920.0,1901 to 1939,Frame,2.0,1519.0,Single Family,Mothball,2020-10-05,No,796.0
40.475723125,-80.0336953213,"1402 LECKY AVE, Pittsburgh, 15212",Marshall-Shadeland,6,1.0,"1 - Intact, no immediate danger",1940.0,1940 or later,Masonry,2.0,960.0,Single Family,Mothball,2023-03-13,No,812.0
40.475709629,-80.0328977025,"145 LECKY AVE, Pittsburgh, 15212",Marshall-Shadeland,6,2.0,"2 - Compromised, possibly dangerous",1900.0,1900 (possible default),Frame,2.0,1452.0,Single Family,Mothball,2022-07-19,No,828.0
40.4727092763,-80.0360108024,"3140 MCCLURE AVE, Pittsburgh, 15212",Marshall-Shadeland,6,2.0,"2 - Compromised, possibly dangerous",1880.0,Before 1900,Frame,2.0,1812.0,Single Family,Mothball,2020-09-04,No,1023.0
40.4726331222,-80.0353465304,"3146 LECKY AVE, Pittsburgh, 15212",Marshall-Shadeland,6,2.0,"2 - Compromised, possibly dangerous",1900.0,1900 (possible default),Frame,2.0,1536.0,Single Family,Mothball,2020-09-03,No,969.0
40.4730255574,-80.0340751016,"1456 GEYER AVE, Pittsburgh, 15212",Marshall-Shadeland,6,2.0,"2 - Compromised, possibly dangerous",1900.0,1900 (possible default),Frame,2.0,1408.0,Single Family,Mothball,2024-01-03,No,899.0
40.4809449608,-80.0291927419,"3550 CAMPUS ST, Pittsburgh, 15212",Brighton Heights,1,,Not scored,1911.0,1901 to 1939,Masonry,2.0,2194.0,Single Family,Not scored,2025-04-29,No,566.0
40.4799258974,-80.0299360145,"3516 DIPLOMA ST, Pittsburgh, 15212",Brighton Heights,1,1.0,"1 - Intact, no immediate danger",1900.0,1900 (possible default),Masonry,2.0,1704.0,Single Family,Save first,2025-03-03,No,567.0
40.4808746902,-80.0261985606,"10 RODNEY ST, Pittsburgh, PA 15212",Brighton Heights,1,2.0,"2 - Compromised, possibly dangerous",1876.0,Before 1900,Frame,2.0,1560.0,Single Family,Mothball,2023-08-14,No,807.0
40.4777303757,-80.0286634137,"1101 WOODS RUN AVE, Pittsburgh, PA 15212",Marshall-Shadeland,1,2.0,"2 - Compromised, possibly dangerous",1915.0,1901 to 1939,Masonry,2.0,840.0,Single Family,Save first,2020-09-10,No,808.0
40.4780020321,-80.0278744813,"1043 WOODS RUN AVE, Pittsburgh, 15212",Marshall-Shadeland,1,2.0,"2 - Compromised, possibly dangerous",1896.0,Before 1900,Frame,3.0,2002.0,Single Family,Mothball,2024-01-29,No,836.0
40.4758345074,-80.029260955,"3245 CENTRAL AVE, Pittsburgh, 15212",Marshall-Shadeland,6,2.0,"2 - Compromised, possibly dangerous",1901.0,1901 to 1939,Frame,2.5,1569.0,Single Family,Mothball,2020-08-17,No,882.0
40.4754724416,-80.0293590958,"3154 SORENTO ST, Pittsburgh, PA 15212",Marshall-Shadeland,6,2.0,"2 - Compromised, possibly dangerous",1886.0,Before 1900,Other,2.0,1771.0,Single Family,Mothball,2020-09-18,No,849.0
40.4754875817,-80.0301182376,"3164 BRIGHTON RD, Pittsburgh, 15212",Marshall-Shadeland,6,1.0,"1 - Intact, no immediate danger",1894.0,Before 1900,Frame,2.0,2240.0,Two Family,Mothball,2023-11-06,No,878.0
40.4746527016,-80.0290984397,"3127 SORENTO ST, Pittsburgh, 15212",Marshall-Shadeland,6,1.0,"1 - Intact, no immediate danger",1896.0,Before 1900,Frame,2.0,1056.0,Single Family,Mothball,2020-09-09,No,757.0
40.4758775659,-80.0322477816,"179 LECKY AVE, Pittsburgh, 15212",Marshall-Shadeland,6,2.0,"2 - Compromised, possibly dangerous",1900.0,1900 (possible default),Frame,2.0,1282.0,Single Family,Mothball,2026-09-14,No,825.0
40.4757408509,-80.0327857863,"147 LECKY AVE, Pittsburgh, 15212",Marshall-Shadeland,6,1.0,"1 - Intact, no immediate danger",1900.0,1900 (possible default),Frame,2.0,1188.0,Single Family,Mothball,2025-03-04,No,827.0
40.4762451988,-80.0322394036,"1315 WOODS RUN AVE, Pittsburgh, 15212",Marshall-Shadeland,6,3.0,"3 - Compromised, dangerous",1900.0,1900 (possible default),Frame,3.0,2250.0,Single Family,Salvage,2022-08-03,No,787.0
40.4762396453,-80.0322987994,"1317 WOODS RUN AVE, Pittsburgh, 15212",Marshall-Shadeland,6,1.0,"1 - Intact, no immediate danger",1904.0,1901 to 1939,Masonry,3.0,2250.0,Single Family,Save first,2022-08-03,No,786.0
40.4746401199,-80.0264113857,"1025 GRAND AVE, Pittsburgh, PA 15212",Marshall-Shadeland,6,2.0,"2 - Compromised, possibly dangerous",,Unknown,Unknown,,,Small Shop,Mothball,2026-03-31,No,690.0
40.4746265718,-80.0269726534,"1047 GRAND AVE, Pittsburgh, PA 15212",Marshall-Shadeland,6,,Not scored,1896.0,Before 1900,Frame,1.0,1046.0,Single Family,Not scored,2025-03-25,No,697.0
40.4751901603,-80.027195356,"3102 CENTRAL AVE, Pittsburgh, 15212",Marshall-Shadeland,6,1.0,"1 - Intact, no immediate danger",1920.0,1901 to 1939,Frame,2.0,1572.0,Single Family,Mothball,2022-07-07,No,762.0
40.4750776088,-80.0263733519,"1026 GRAND AVE, Pittsburgh, 15212",Marshall-Shadeland,6,,Not scored,1910.0,1901 to 1939,Frame,2.0,885.0,Single Family,Not scored,2022-12-12,No,738.0
40.4750626423,-80.0262769312,"1024 GRAND AVE, Pittsburgh, 15212",Marshall-Shadeland,6,1.0,"1 - Intact, no immediate danger",1920.0,1901 to 1939,Frame,2.0,1320.0,Single Family,Mothball,2022-12-12,No,735.0
40.4753970811,-80.0250086025,"934 GRAND AVE, Pittsburgh, 15212",Marshall-Shadeland,6,3.0,"3 - Compromised, dangerous",1900.0,1900 (possible default),Frame,2.0,1044.0,Single Family,Salvage,2020-09-15,No,768.0
40.4761673381,-80.0281510623,"18 MITCHELL ST, Pittsburgh, 15212",Marshall-Shadeland,6,2.0,"2 - Compromised, possibly dangerous",1894.0,Before 1900,Frame,3.0,1952.0,Single Family,Mothball,2024-09-20,No,886.0
40.4758606083,-80.0254701575,"934 ROTHPLETZ ST, Pittsburgh, 15212",Marshall-Shadeland,1,2.0,"2 - Compromised, possibly dangerous",1902.0,1901 to 1939,Frame,2.0,1714.0,Single Family,Mothball,2020-09-09,No,819.0
40.4765364023,-80.0273774416,"3229 WARDWELL ST, Pittsburgh, 15212",Marshall-Shadeland,1,2.0,"2 - Compromised, possibly dangerous",1910.0,1901 to 1939,Frame,1.0,916.0,Single Family,Mothball,2020-09-10,No,911.0
40.4746663888,-80.0239368933,"923 SMITHTON AVE, Pittsburgh, 15212",Marshall-Shadeland,6,1.0,"1 - Intact, no immediate danger",1901.0,1901 to 1939,Frame,2.0,1476.0,Single Family,Mothball,2020-12-17,No,696.0
40.4750502108,-80.0231289847,"859 SMITHTON AVE, Pittsburgh, 15212",Marshall-Shadeland,6,1.0,"1 - Intact, no immediate danger",1890.0,Before 1900,Frame,3.0,2138.0,Single Family,Mothball,2024-03-18,No,752.0
40.47430114,-80.032580609,"1341 GEYER AVE, Pittsburgh, 15212",Marshall-Shadeland,6,1.0,"1 - Intact, no immediate danger",1900.0,1900 (possible default),Frame,1.0,1567.0,Single Family,Mothball,2026-05-21,No,894.0
40.4742350797,-80.0319644167,"3137 SHADELAND AVE, Pittsburgh, 15212",Marshall-Shadeland,6,,Not scored,1890.0,Before 1900,Frame,2.0,1188.0,Single Family,Not scored,2023-01-18,No,853.0
40.4741031396,-80.0318497543,"2 DAVIS Row, Pittsburgh, 15212",Marshall-Shadeland,6,1.0,"1 - Intact, no immediate danger",1900.0,1900 (possible default),Masonry,2.0,912.0,Rowhouse,Save first,2023-07-28,No,836.0
40.4731227595,-80.0304990411,"3048 FREDERICK ST, Pittsburgh, 15212",Marshall-Shadeland,6,1.0,"1 - Intact, no immediate danger",1910.0,1901 to 1939,Frame,2.0,1376.0,Rowhouse,Mothball,2026-08-05,No,679.0
40.473183914,-80.0305229315,"3050 FREDERICK ST, Pittsburgh, 15212",Marshall-Shadeland,6,1.0,"1 - Intact, no immediate danger",1910.0,1901 to 1939,Frame,2.0,1344.0,Rowhouse,Mothball,2026-07-29,No,685.0
40.473276456,-80.0305494955,"3054 FREDERICK ST, Pittsburgh, 15212",Marshall-Shadeland,6,1.0,"1 - Intact, no immediate danger",1900.0,1900 (possible default),Frame,1.0,864.0,Single Family,Mothball,2020-11-12,No,695.0
40.4740133344,-80.0302823772,"3115 WADLOW ST, Pittsburgh, 15212",Marshall-Shadeland,6,2.0,"2 - Compromised, possibly dangerous",1890.0,Before 1900,Frame,1.0,857.0,Single Family,Mothball,2020-10-05,No,746.0
40.4730998541,-80.0299896039,"3043 WADLOW ST, Pittsburgh, 15212",Marshall-Shadeland,6,2.0,"2 - Compromised, possibly dangerous",1919.0,1901 to 1939,Frame,2.0,1459.0,Single Family,Mothball,2020-09-10,No,650.0
40.4725397987,-80.0298095337,"3021 WADLOW ST, Pittsburgh, 15212",Marshall-Shadeland,6,2.0,"2 - Compromised, possibly dangerous",1917.0,1901 to 1939,Frame,2.0,1663.0,Single Family,Mothball,2020-09-10,No,592.0
40.473339453,-80.0289770438,"3045 STAYTON ST, Pittsburgh, 15212",Marshall-Shadeland,6,,Not scored,1910.0,1901 to 1939,Frame,2.0,1696.0,Single Family,Not scored,2026-05-21,No,624.0
40.4739564504,-80.0288278436,"3100 BRIGHTON RD, Pittsburgh, 15212",Marshall-Shadeland,6,,Not scored,,Unknown,Unknown,,,Office/Apartments Over,Not scored,2025-02-28,No,678.0
40.47395898,-80.0263603945,"1039 SMITHTON AVE, Pittsburgh, 15212",Marshall-Shadeland,6,1.0,"1 - Intact, no immediate danger",1900.0,1900 (possible default),Frame,2.0,1088.0,Single Family,Mothball,2026-04-17,No,615.0
40.4741191624,-80.0277396715,"1103 SMITHTON AVE, Pittsburgh, 15212",Marshall-Shadeland,6,2.0,"2 - Compromised, possibly dangerous",1896.0,Before 1900,Frame,2.0,1024.0,Single Family,Mothball,2020-09-09,No,659.0
40.4743261388,-80.0279398699,"3114 INGLIS ST, Pittsburgh, 15212",Marshall-Shadeland,6,3.0,"3 - Compromised, dangerous",1900.0,1900 (possible default),Frame,2.0,920.0,Single Family,Salvage,2021-02-04,No,687.0
40.4745698834,-80.0241458456,"929 SMITHTON AVE, Pittsburgh, 15212",Marshall-Shadeland,6,2.0,"2 - Compromised, possibly dangerous",1886.0,Before 1900,Frame,2.0,2088.0,Single Family,Mothball,2020-12-22,No,683.0
40.4738976603,-80.0168359926,"441 KENNEDY AVE, Pittsburgh, 15214",Perry South,6,2.0,"2 - Compromised, possibly dangerous",1910.0,1901 to 1939,Frame,2.0,2448.0,Single Family,Mothball,2020-09-02,No,448.0
40.4801273053,-80.0133471504,"3331 PERRYSVILLE AVE, Pittsburgh, 15214",Perry North,1,2.0,"2 - Compromised, possibly dangerous",1900.0,1900 (possible default),Frame,2.0,2589.0,Single Family,Mothball,2026-04-17,Yes,89.0
40.4801824313,-80.0093966812,"98 WATSON BLVD, Pittsburgh, 15214",Perry North,1,2.0,"2 - Compromised, possibly dangerous",1945.0,1940 or later,Masonry,2.0,1008.0,Single Family,Mothball,2020-10-12,Yes,204.0
40.4770778402,-80.0120301138,"3030 PERRYSVILLE AVE, Pittsburgh, 15214",Perry North,1,3.0,"3 - Compromised, dangerous",1900.0,1900 (possible default),Masonry,3.0,4002.0,Four Family,Salvage,2020-09-08,Yes,109.0
40.4782016603,-80.0091272107,"44 TRETOW ST, Pittsburgh, 15214",Perry North,1,1.0,"1 - Intact, no immediate danger",1870.0,Before 1900,Frame,2.0,1667.0,Single Family,Mothball,2025-08-27,Yes,240.0
40.4773272051,-80.0089372198,"339 BOTHWELL ST, Pittsburgh, 15214",Perry North,1,1.0,"1 - Intact, no immediate danger",1915.0,1901 to 1939,Masonry,2.0,2205.0,Single Family,Save first,2026-04-17,Yes,280.0
40.4774619161,-80.0047670334,"139 CHICAGO ST, Pittsburgh, PA 15214",Northview Heights,1,3.0,"3 - Compromised, dangerous",1900.0,1900 (possible default),Frame,2.0,1294.0,Single Family,Salvage,2020-07-27,No,592.0
40.4774654277,-80.0025524619,"101 HAZLETT ST, Pittsburgh, PA 15214",Northview Heights,1,1.0,"1 - Intact, no immediate danger",,Unknown,Unknown,,,Office/Storage Over,Mothball,2024-03-21,No,751.0
40.4760096456,-80.0112427725,"104 MILROY ST, Pittsburgh, 15214",Perry South,6,2.0,"2 - Compromised, possibly dangerous",1901.0,1901 to 1939,Frame,2.0,1412.0,Single Family,Mothball,2020-09-04,Yes,88.0
40.4753406615,-80.0094934969,"24 E MARSHALL AVE, Pittsburgh, 15214",Perry South,6,2.0,"2 - Compromised, possibly dangerous",1933.0,1901 to 1939,Masonry,2.5,2384.0,Single Family,Save first,2024-02-15,Yes,141.0
40.4763141971,-80.0031887787,No primary address specified,Northview Heights,1,,Not scored,,Unknown,Unknown,,,Community Urban Renewal,Not scored,2023-02-06,No,649.0
40.4740531302,-80.0156807958,"302 MARSHALL AVE, Pittsburgh, 15214",Perry South,6,2.0,"2 - Compromised, possibly dangerous",1900.0,1900 (possible default),Masonry,2.0,3080.0,Two Family,Save first,2023-09-18,Yes,359.0
40.4743176532,-80.0133893265,"276 KENNEDY AVE, Pittsburgh, 15214",Perry South,6,1.0,"1 - Intact, no immediate danger",1916.0,1901 to 1939,Masonry,2.0,2352.0,Two Family,Save first,2020-09-02,Yes,176.0
40.4743463418,-80.0122934822,"246 KENNEDY AVE, Pittsburgh, 15214",Perry South,6,2.0,"2 - Compromised, possibly dangerous",1912.0,1901 to 1939,Frame,2.0,2280.0,Single Family,Mothball,2020-09-02,Yes,104.0
40.473964879,-80.0120743513,"241 KENNEDY AVE, Pittsburgh, 15214",Perry South,6,2.0,"2 - Compromised, possibly dangerous",1920.0,1901 to 1939,Frame,2.5,2334.0,Single Family,Mothball,2020-09-02,Yes,134.0
40.4739652949,-80.0121831092,"243 KENNEDY AVE, Pittsburgh, PA 15214",Perry South,6,2.0,"2 - Compromised, possibly dangerous",1920.0,1901 to 1939,Frame,2.5,1762.0,Single Family,Mothball,2020-09-02,Yes,137.0
40.4739599035,-80.0122782721,"247 KENNEDY AVE, Pittsburgh, PA 15214",Perry South,6,3.0,"3 - Compromised, dangerous",1930.0,1901 to 1939,Frame,2.5,2107.0,Two Family,Salvage,2020-09-02,Yes,140.0
40.4725425516,-80.0130505496,"2701 LELAND ST, Pittsburgh, 15214",Perry South,6,,Not scored,1900.0,1900 (possible default),Frame,2.0,1860.0,Single Family,Not scored,2023-11-06,Yes,267.0
40.4725899552,-80.0148395542,"116 HAWKINS AVE, Pittsburgh, 15214",Perry South,6,1.0,"1 - Intact, no immediate danger",1920.0,1901 to 1939,Masonry,2.0,1890.0,Single Family,Save first,2023-12-14,Yes,392.0
40.4722063101,-80.0148513132,"115 HAWKINS AVE, Pittsburgh, PA 15214",Perry South,6,1.0,"1 - Intact, no immediate danger",1925.0,1901 to 1939,Masonry,2.0,2053.0,Single Family,Save first,2021-03-02,No,408.0
40.4722189006,-80.014244357,"131 HAWKINS AVE, Pittsburgh, 15214",Perry South,6,2.0,"2 - Compromised, possibly dangerous",1920.0,1901 to 1939,Masonry,2.0,2000.0,Single Family,Save first,2025-08-01,Yes,358.0
40.4723526735,-80.0130943405,"2660 NORWOOD AVE, Pittsburgh, 15214",Perry South,6,3.0,"3 - Compromised, dangerous",1927.0,1901 to 1939,Frame,2.0,1760.0,Single Family,Salvage,2020-09-08,Yes,265.0
40.4722254722,-80.0130434925,"2656 NORWOOD AVE, Pittsburgh, 15214",Perry South,6,2.0,"2 - Compromised, possibly dangerous",1927.0,1901 to 1939,Frame,2.0,1752.0,Single Family,Mothball,2023-03-17,Yes,257.0
40.4724003027,-80.0125656755,"2656 LELAND ST, Pittsburgh, 15214",Perry South,6,3.0,"3 - Compromised, dangerous",1915.0,1901 to 1939,Frame,2.5,2527.0,Single Family,Salvage,2026-09-14,Yes,223.0
40.4743608416,-80.0116824091,"228 KENNEDY AVE, Pittsburgh, 15214",Perry South,6,1.0,"1 - Intact, no immediate danger",1900.0,1900 (possible default),Frame,2.0,1912.0,Single Family,Mothball,2020-10-07,Yes,79.0
40.4743638938,-80.0115886785,"226 KENNEDY AVE, Pittsburgh, 15214",Perry South,6,2.0,"2 - Compromised, possibly dangerous",1910.0,1901 to 1939,Frame,2.0,1955.0,Single Family,Mothball,2020-09-02,Yes,74.0
40.4745783874,-80.0085284204,"108 KENNEDY AVE, Pittsburgh, 15214",Perry South,6,2.0,"2 - Compromised, possibly dangerous",1935.0,1901 to 1939,Frame,2.0,1248.0,Single Family,Mothball,2026-08-10,Yes,159.0
40.4727655594,-80.0082334863,"2702 SHERLOCK ST, Pittsburgh, 15214",Perry South,6,2.0,"2 - Compromised, possibly dangerous",1932.0,1901 to 1939,Masonry,2.0,1216.0,Single Family,Save first,2026-08-31,Yes,178.0
40.4722205051,-80.0091910892,"2648 VETERAN ST, Pittsburgh, 15214",Perry South,6,2.0,"2 - Compromised, possibly dangerous",1925.0,1901 to 1939,Masonry,2.0,1874.0,Single Family,Save first,2020-09-09,Yes,77.0
40.4731365518,-80.0096686477,"2719 VETERAN ST, Pittsburgh, 15214",Perry South,6,3.0,"3 - Compromised, dangerous",1910.0,1901 to 1939,Frame,2.0,1682.0,Single Family,Salvage,2022-09-08,Yes,136.0
40.4740713336,-80.0100555761,"2818 PERRYSVILLE AVE, Pittsburgh, 15214",Perry South,6,2.0,"2 - Compromised, possibly dangerous",1900.0,1900 (possible default),Other,2.0,1659.0,Single Family,Mothball,2026-08-10,Yes,32.0
40.4722197775,-80.011417355,"2655 ELLIS ST, Pittsburgh, PA 15214",Perry South,6,2.0,"2 - Compromised, possibly dangerous",1920.0,1901 to 1939,Frame,2.0,1870.0,Single Family,Mothball,2024-05-22,Yes,125.0
40.4729366837,-80.0114302486,"2711 ELLIS ST, Pittsburgh, 15214",Perry South,6,2.0,"2 - Compromised, possibly dangerous",1930.0,1901 to 1939,Frame,2.0,1708.0,Single Family,Mothball,2026-08-31,Yes,169.0
40.4731934793,-80.0117077281,"2726 SHELTON AVE, Pittsburgh, 15214",Perry South,6,2.0,"2 - Compromised, possibly dangerous",1960.0,1940 or later,Masonry,1.0,1116.0,Single Family,Mothball,2026-04-17,Yes,159.0
40.4739901307,-80.0113283047,"223 KENNEDY AVE, Pittsburgh, PA 15214",Perry South,6,2.0,"2 - Compromised, possibly dangerous",1920.0,1901 to 1939,Masonry,2.0,1928.0,Three Family,Save first,2020-09-02,Yes,78.0
40.4739769849,-80.0117574459,"233 KENNEDY AVE, Pittsburgh, 15214",Perry South,6,2.0,"2 - Compromised, possibly dangerous",1900.0,1900 (possible default),Frame,2.0,1729.0,Two Family,Mothball,2022-06-23,Yes,112.0
40.4761741793,-79.9882232862,"2833 MOUNT TROY RD, Pittsburgh, PA 15212",Spring Garden,1,3.0,"3 - Compromised, dangerous",1920.0,1901 to 1939,Frame,2.0,1848.0,Single Family,Salvage,2021-02-22,No,1767.0
40.4780408993,-79.9575742848,"4912 PLUM Way, Pittsburgh, PA 15201",Central Lawrenceville,7,,Not scored,1920.0,1901 to 1939,Frame,2.0,1388.0,Single Family,Not scored,2020-06-22,Yes,115.0
40.4784901984,-79.954875665,"5116 DRESDEN Way, Pittsburgh, PA 15201",Upper Lawrenceville,7,2.0,"2 - Compromised, possibly dangerous",1900.0,1900 (possible default),Frame,1.0,532.0,Two Family,Mothball,2020-06-19,Yes,61.0
40.4787866042,-79.9525597095,"5148 KENT Way, Pittsburgh, 15201",Upper Lawrenceville,7,,Not scored,1900.0,1900 (possible default),Frame,2.0,1485.0,Single Family,Not scored,2021-02-17,Yes,233.0
40.4759434606,-79.9580070575,"4749 PLUMMER ST, Pittsburgh, PA 15201",Central Lawrenceville,7,,Not scored,,Unknown,Unknown,,,Retl/Apt'S Over,Not scored,2020-09-08,Yes,26.0
40.4728446418,-79.9598901938,"177 45TH ST, Pittsburgh, 15201",Central Lawrenceville,7,1.0,"1 - Intact, no immediate danger",1900.0,1900 (possible default),Masonry,2.0,2076.0,Rowhouse,Save first,2020-05-19,Yes,90.0
40.4739867503,-79.9602898241,"4601 PLUMMER ST, Pittsburgh, 15201",Central Lawrenceville,7,3.0,"3 - Compromised, dangerous",1890.0,Before 1900,Masonry,2.0,1365.0,Rowhouse,Salvage,2026-04-23,Yes,174.0
40.4803595878,-79.9492307205,"5313 DUNCAN ST, Pittsburgh, 15201",Upper Lawrenceville,7,2.0,"2 - Compromised, possibly dangerous",1921.0,1901 to 1939,Frame,3.0,1632.0,Single Family,Mothball,2022-03-25,Yes,317.0
40.4799629908,-79.9492022643,"5302 DUNCAN ST, Pittsburgh, PA 15201",Upper Lawrenceville,7,4.0,4 - Imminently dangerous,1900.0,1900 (possible default),Frame,2.0,1080.0,Single Family,Salvage,2025-08-20,Yes,358.0
40.4809243091,-79.948432952,"629 54TH ST, Pittsburgh, 15201",Upper Lawrenceville,7,1.0,"1 - Intact, no immediate danger",1900.0,1900 (possible default),Frame,3.0,1530.0,Single Family,Mothball,2022-04-22,Yes,246.0
40.4809187967,-79.9444723369,"5538 CAMELIA ST, Pittsburgh, 15201",Stanton Heights,7,3.0,"3 - Compromised, dangerous",1900.0,1900 (possible default),Frame,2.0,1024.0,Single Family,Salvage,2025-05-07,Yes,376.0
40.4811012457,-79.9377086001,"4602 STANTON AVE, Pittsburgh, PA 15201",Stanton Heights,9,2.0,"2 - Compromised, possibly dangerous",1892.0,Before 1900,Frame,2.0,1760.0,Single Family,Mothball,2020-06-18,No,726.0
40.4801252534,-79.9353286627,"4745 COLERIDGE ST, Pittsburgh, 15201",Stanton Heights,9,2.0,"2 - Compromised, possibly dangerous",1950.0,1940 or later,Masonry,2.0,1652.0,Single Family,Mothball,2021-03-29,No,845.0
40.4817707557,-79.935233874,"126 STANTON CT W, Pittsburgh, PA 15201",Stanton Heights,7,,Not scored,1935.0,1901 to 1939,Masonry,2.0,1140.0,Single Family,Not scored,2022-01-21,No,733.0
40.4781302574,-79.938170593,"1118 BRINTELL ST, Pittsburgh, 15201",Stanton Heights,9,1.0,"1 - Intact, no immediate danger",1954.0,1940 or later,Masonry,2.0,970.0,Single Family,Mothball,2026-04-16,No,817.0
40.4760292175,-79.9315519091,"928 MORNINGSIDE AVE, Pittsburgh, 15206",Morningside,7,,Not scored,1918.0,1901 to 1939,Masonry,2.0,1824.0,Single Family,Not scored,2020-06-02,Yes,309.0
40.4722303891,-79.9245627359,"5630 JACKSON ST, Pittsburgh, 15206",Highland Park,7,1.0,"1 - Intact, no immediate danger",1930.0,1901 to 1939,Frame,2.5,2072.0,Two Family,Mothball,2025-02-14,Yes,180.0
40.4732657105,-79.9232893578,"936 MELLON ST, Pittsburgh, 15206",Highland Park,7,1.0,"1 - Intact, no immediate danger",1900.0,1900 (possible default),Masonry,3.0,3024.0,Three Family,Save first,2020-09-25,Yes,328.0
40.4718555826,-79.9253242195,"810 PORTLAND ST, Pittsburgh, 15206",Highland Park,7,,Not scored,1908.0,1901 to 1939,Masonry,2.0,1904.0,Two Family,Not scored,2022-07-06,Yes,106.0
40.4684522897,-79.9311215476,"438 N FAIRMOUNT ST, Pittsburgh, PA 15206",Garfield,9,,Not scored,1940.0,1940 or later,Masonry,2.0,2256.0,Two Family,Not scored,2020-06-18,Yes,263.0
40.4683933039,-79.9318355102,"5456 COLUMBO ST, Pittsburgh, PA 15206",Garfield,9,,Not scored,1930.0,1901 to 1939,Masonry,2.0,1168.0,Single Family,Not scored,2020-09-01,Yes,313.0
40.4677113742,-79.9284598421,"429 N NEGLEY AVE, Pittsburgh, 15206",Garfield,9,1.0,"1 - Intact, no immediate danger",1920.0,1901 to 1939,Masonry,2.5,4596.0,Four Family,Save first,2021-10-14,Yes,31.0
40.4685401789,-79.9273193713,"530 N NEGLEY AVE, Pittsburgh, 15206",East Liberty,9,,Not scored,,Unknown,Unknown,,,Retl/Apt'S Over,Not scored,2025-11-05,Yes,20.0
40.4693755582,-79.9262930624,"621 MELLON ST, Pittsburgh, 15206",East Liberty,9,2.0,"2 - Compromised, possibly dangerous",1915.0,1901 to 1939,Masonry,2.0,2565.0,Single Family,Save first,2022-04-12,Yes,64.0
40.4686979004,-79.9243856433,"621 N EUCLID AVE, Pittsburgh, PA 15206",East Liberty,9,,Not scored,1920.0,1901 to 1939,Masonry,2.0,2770.0,Two Family,Not scored,2022-09-16,Yes,227.0
40.4691932837,-79.9228757944,"727 N BEATTY ST, Pittsburgh, 15206",East Liberty,9,1.0,"1 - Intact, no immediate danger",1885.0,Before 1900,Masonry,3.0,2612.0,Rowhouse,Save first,2025-05-01,Yes,143.0
40.467681538,-79.9174001648,"6216 SAINT MARIE ST, Pittsburgh, PA 15206",East Liberty,9,1.0,"1 - Intact, no immediate danger",1900.0,1900 (possible default),Frame,2.0,2008.0,Single Family,Mothball,2020-06-26,Yes,366.0
40.466646566,-79.9316198623,"305 N FAIRMOUNT ST, Pittsburgh, PA 15206",Garfield,9,1.0,"1 - Intact, no immediate danger",1920.0,1901 to 1939,Masonry,2.5,2092.0,Single Family,Save first,2020-07-16,Yes,214.0
40.4656990306,-79.9290108559,"5611 RURAL ST #9, Pittsburgh, PA 15206",East Liberty,9,3.0,"3 - Compromised, dangerous",,Unknown,Unknown,,,Apart:20-39 Units,Demolish,2024-03-07,Yes,37.0
40.4658341472,-79.92857692,"316 N NEGLEY AVE #1, Pittsburgh, PA 15206",East Liberty,9,1.0,"1 - Intact, no immediate danger",,Unknown,Unknown,,,Apart:20-39 Units,Mothball,2026-04-13,Yes,59.0
40.4662289124,-79.9285704411,"322 N NEGLEY AVE, Pittsburgh, PA 15206",East Liberty,9,1.0,"1 - Intact, no immediate danger",,Unknown,Unknown,,,Apart:20-39 Units,Mothball,2026-04-13,Yes,39.0
40.4625824555,-79.9180681895,"130 LARIMER AVE, Pittsburgh, PA 15206",East Liberty,9,2.0,"2 - Compromised, possibly dangerous",1909.0,1901 to 1939,Masonry,2.0,5198.0,"Churches, Public Worship",Save first,2020-06-22,Yes,298.0
40.4634542834,-79.9166403545,"112 AUBURN ST, Pittsburgh, 15206",Larimer,9,2.0,"2 - Compromised, possibly dangerous",1880.0,Before 1900,Masonry,2.0,1884.0,Single Family,Save first,2020-07-31,Yes,318.0
40.4629819063,-79.9161422658,"132 AUBURN ST, Pittsburgh, 15206",Larimer,9,,Not scored,1890.0,Before 1900,Frame,2.0,1500.0,Single Family,Not scored,2023-12-04,Yes,253.0
40.4618106868,-79.92084058,"6229 BROAD ST #102, Pittsburgh, PA 15206",East Liberty,9,2.0,"2 - Compromised, possibly dangerous",,Unknown,Unknown,,,Apart:40+ Units,Mothball,2026-03-06,Yes,191.0
40.4580687628,-79.9231388198,"243 EMERSON ST, Pittsburgh, 15206",Shadyside,8,1.0,"1 - Intact, no immediate danger",1900.0,1900 (possible default),Masonry,2.5,2559.0,Single Family,Save first,2023-07-25,Yes,141.0
40.4560476712,-79.9283521015,"633 COLLEGE ST, Pittsburgh, PA 15232",Shadyside,8,1.0,"1 - Intact, no immediate danger",1909.0,1901 to 1939,Masonry,2.0,2604.0,Three Family,Save first,2025-07-14,Yes,317.0
40.4555760452,-79.9271572922,"356 LAMONT PL, Pittsburgh, 15232",Shadyside,8,1.0,"1 - Intact, no immediate danger",1900.0,1900 (possible default),Frame,2.0,1440.0,Single Family,Mothball,2024-07-11,Yes,386.0
40.4542141018,-79.9308485107,"633 SUMMERLEA ST #3, Pittsburgh, PA 15232",Shadyside,8,1.0,"1 - Intact, no immediate danger",1900.0,1900 (possible default),Frame,2.5,2482.0,Three Family,Mothball,2025-05-23,Yes,306.0
40.453989272,-79.9284175198,"5835 ELWOOD ST #17, Pittsburgh, PA 15232",Shadyside,8,2.0,"2 - Compromised, possibly dangerous",,Unknown,Unknown,,,Apart:20-39 Units,Mothball,2025-12-24,Yes,376.0
40.4452946668,-79.9324672311,"5342 BEELER ST, Pittsburgh, 15217",Squirrel Hill North,8,2.0,"2 - Compromised, possibly dangerous",1910.0,1901 to 1939,Masonry,2.0,1659.0,Rowhouse,Save first,2026-08-06,Yes,369.0
40.4341168303,-79.9256334057,"5648 BEACON ST, Pittsburgh, 15217",Squirrel Hill South,5,1.0,"1 - Intact, no immediate danger",1920.0,1901 to 1939,Masonry,2.0,2722.0,Three Family,Save first,2024-03-14,Yes,224.0
40.4342965904,-79.9244058324,"5706 BEACON ST, Pittsburgh, 15217",Squirrel Hill South,5,1.0,"1 - Intact, no immediate danger",1925.0,1901 to 1939,Masonry,2.0,2248.0,Single Family,Save first,2022-05-05,Yes,128.0
40.4307956458,-79.9245436845,"5705 MELVIN ST, Pittsburgh, PA 15217",Squirrel Hill South,5,1.0,"1 - Intact, no immediate danger",1923.0,1901 to 1939,Masonry,2.0,2048.0,Single Family,Save first,2021-06-25,Yes,112.0
40.4285853492,-79.925038646,"5680 FORWARD AVE #304, Pittsburgh, PA 15217",Squirrel Hill South,5,,Not scored,,Unknown,Unknown,,,Apart:40+ Units,Not scored,2025-09-09,Yes,46.0
40.4300411401,-79.9228752493,"5817 FORWARD AVE, Pittsburgh, PA 15217",Squirrel Hill South,5,2.0,"2 - Compromised, possibly dangerous",,Unknown,Unknown,,,Neigh Shop Center,Mothball,2026-09-04,Yes,48.0
40.4227802295,-79.9305168869,"982 GREENFIELD AVE, Pittsburgh, 15217",Greenfield,5,1.0,"1 - Intact, no immediate danger",1928.0,1901 to 1939,Masonry,2.0,1807.0,Single Family,Save first,2025-01-16,Yes,159.0
40.4224304672,-79.9216884937,"6560 ROSEMOOR ST, Pittsburgh, 15217",Squirrel Hill South,5,1.0,"1 - Intact, no immediate danger",1973.0,1940 or later,Masonry,2.0,2016.0,Single Family,Mothball,2024-07-25,No,592.0
40.4229045765,-79.9179215413,"2933 BEECHWOOD BLVD, Pittsburgh, 15217",Squirrel Hill South,5,1.0,"1 - Intact, no immediate danger",1950.0,1940 or later,Masonry,1.0,1555.0,Single Family,Mothball,2025-09-24,No,826.0
40.4204171451,-79.9193195398,"6445 KEMPER ST, Pittsburgh, 15217",Squirrel Hill South,5,1.0,"1 - Intact, no immediate danger",1935.0,1901 to 1939,Other,2.5,2207.0,Single Family,Mothball,2020-09-02,No,721.0
40.4160264994,-79.9234788119,"4621 SALINE ST, Pittsburgh, 15217",Squirrel Hill South,5,2.0,"2 - Compromised, possibly dangerous",1911.0,1901 to 1939,Frame,2.0,896.0,Single Family,Mothball,2020-09-09,Yes,124.0
40.3983968855,-79.9175972784,"4317 ARMORHILL AVE, Pittsburgh, 15120",New Homestead,5,1.0,"1 - Intact, no immediate danger",1920.0,1901 to 1939,Frame,2.0,1160.0,Single Family,Mothball,2024-09-17,No,666.0
40.397013969,-79.9192417505,"4405 ARMORHILL AVE, Pittsburgh, PA 15120",New Homestead,5,1.0,"1 - Intact, no immediate danger",1923.0,1901 to 1939,Masonry,2.0,1054.0,Single Family,Save first,2024-09-17,No,788.0
40.3965930925,-79.917136799,"4422 SWEETBAY ST, Pittsburgh, 15120",New Homestead,5,2.0,"2 - Compromised, possibly dangerous",1940.0,1940 or later,Masonry,1.0,1181.0,Single Family,Mothball,2024-12-19,No,868.0
40.3962967096,-79.9166223475,"4421 SWEETBAY ST, Pittsburgh, 15120",New Homestead,5,1.0,"1 - Intact, no immediate danger",1955.0,1940 or later,Masonry,1.0,1372.0,Single Family,Mothball,2024-12-19,No,912.0
40.3898364596,-79.9325783677,"297 BALDWIN RD, Pittsburgh, 15207",Hays,5,1.0,"1 - Intact, no immediate danger",1924.0,1901 to 1939,Frame,2.0,1458.0,Single Family,Mothball,2021-10-11,No,1899.0
40.3902538041,-79.9255568931,"967 GIRDER ST, Pittsburgh, 15120",New Homestead,5,3.0,"3 - Compromised, dangerous",1911.0,1901 to 1939,Frame,2.0,1152.0,Single Family,Salvage,2024-02-16,No,1600.0
40.391676017,-79.926081955,"920 ARMORHILL AVE, Pittsburgh, PA 15120",New Homestead,5,1.0,"1 - Intact, no immediate danger",1923.0,1901 to 1939,Masonry,1.0,836.0,Single Family,Save first,2024-02-16,No,1465.0
40.3872605683,-79.9321781883,"414 MIFFLIN RD, Pittsburgh, PA 15207",Hays,5,2.0,"2 - Compromised, possibly dangerous",1900.0,1900 (possible default),Frame,2.0,2575.0,Single Family,Mothball,2020-09-04,No,2125.0
40.3893340109,-79.9273530158,"86 GRANGER ST, Pittsburgh, 15207",New Homestead,5,1.0,"1 - Intact, no immediate danger",1908.0,1901 to 1939,Frame,2.0,1338.0,Single Family,Mothball,2024-09-04,No,1745.0
40.3893830728,-79.9275524677,"85 GRANGER ST, Pittsburgh, 15207",New Homestead,5,1.0,"1 - Intact, no immediate danger",1920.0,1901 to 1939,Frame,1.0,588.0,Single Family,Mothball,2024-09-04,No,1746.0
40.39084374,-79.9792853374,No primary address specified,Carrick,4,,Not scored,,Unknown,Unknown,,,Single Family,Not scored,2020-12-03,No,483.0
40.390796668,-79.9792194414,"2433 DIEHL AVE, Pittsburgh, 15210",Carrick,4,1.0,"1 - Intact, no immediate danger",1950.0,1940 or later,Frame,2.0,1440.0,Single Family,Mothball,2023-06-27,No,481.0
40.3910401479,-79.978336231,"2440 WATERMAN AVE, Pittsburgh, 15227",Carrick,4,2.0,"2 - Compromised, possibly dangerous",1900.0,1900 (possible default),Frame,2.0,1536.0,Single Family,Mothball,2024-04-03,No,542.0
40.3917473433,-79.9769697427,"414 KIRK AVE, Pittsburgh, 15227",Carrick,4,2.0,"2 - Compromised, possibly dangerous",1962.0,1940 or later,Masonry,1.0,1027.0,Single Family,Mothball,2023-06-30,No,672.0
40.389704193,-79.9765475859,"245 SPENCER AVE, Pittsburgh, 15227",Carrick,4,2.0,"2 - Compromised, possibly dangerous",,Unknown,Unknown,,,Retl/Apt'S Over,Mothball,2020-10-13,No,471.0
40.3895531601,-79.9827511493,"61 CARRICK AVE, Pittsburgh, PA 15210",Carrick,4,1.0,"1 - Intact, no immediate danger",1908.0,1901 to 1939,Masonry,2.0,2064.0,Two Family,Save first,2023-12-13,Yes,223.0
40.3876072828,-79.9818798103,"17 CLIFTON ST, Pittsburgh, 15210",Carrick,4,1.0,"1 - Intact, no immediate danger",1956.0,1940 or later,Masonry,2.0,3228.0,Single Family,Mothball,2021-01-27,Yes,76.0
40.3892690635,-79.9764186246,"231 SPENCER AVE, Pittsburgh, 15227",Carrick,4,1.0,"1 - Intact, no immediate danger",1924.0,1901 to 1939,Masonry,1.0,1080.0,Single Family,Save first,2024-04-02,No,433.0
40.3864917556,-79.979058736,"2535 BROWNSVILLE RD #327, Pittsburgh, PA 15210",Carrick,4,2.0,"2 - Compromised, possibly dangerous",,Unknown,Unknown,,,Apart:20-39 Units,Mothball,2020-12-03,Yes,70.0
40.3856368235,-79.9791259795,"2546 BROWNSVILLE RD, Pittsburgh, PA 15210",Carrick,4,2.0,"2 - Compromised, possibly dangerous",,Unknown,Unknown,,,Retl/Apt'S Over,Mothball,2020-07-08,Yes,26.0
40.3866307269,-79.9820723874,"2420 BROWNSVILLE RD, Pittsburgh, 15210",Carrick,4,1.0,"1 - Intact, no immediate danger",,Unknown,Unknown,,,Small Detached Ret(Under 10000),Mothball,2023-12-13,Yes,29.0
40.3939494244,-79.9960833965,"1935 DARTMORE ST, Pittsburgh, 15210",Overbrook,4,2.0,"2 - Compromised, possibly dangerous",1960.0,1940 or later,Masonry,2.0,1100.0,Single Family,Mothball,2026-04-06,Yes,198.0
40.3936525116,-79.9960798842,"1943 DARTMORE ST, Pittsburgh, PA 15210",Overbrook,4,1.0,"1 - Intact, no immediate danger",1900.0,1900 (possible default),Masonry,2.0,2416.0,Single Family,Save first,2025-10-20,Yes,188.0
40.3919637631,-79.9949302801,"2035 FAIRLAND ST, Pittsburgh, 15210",Overbrook,4,,Not scored,1950.0,1940 or later,Masonry,2.0,912.0,Single Family,Not scored,2026-01-21,Yes,295.0
40.3931897167,-79.9907816254,"230 PARKFIELD ST, Pittsburgh, 15210",Carrick,4,2.0,"2 - Compromised, possibly dangerous",1940.0,1940 or later,Masonry,2.0,1140.0,Single Family,Mothball,2020-06-15,Yes,358.0
40.3938564963,-79.9842892638,"118 MADELINE ST, Pittsburgh, 15210",Carrick,4,1.0,"1 - Intact, no immediate danger",1890.0,Before 1900,Masonry,2.0,1975.0,Three Family,Save first,2024-04-18,Yes,202.0
40.3933676088,-79.9840459306,"127 E WOODFORD AVE, Pittsburgh, PA 15210",Carrick,4,,Not scored,1920.0,1901 to 1939,Frame,2.0,1883.0,Single Family,Not scored,2024-06-24,Yes,210.0
40.392471662,-79.9845617194,"107 DUFFLAND ST, Pittsburgh, PA 15210",Carrick,4,2.0,"2 - Compromised, possibly dangerous",1910.0,1901 to 1939,Frame,2.5,1768.0,Single Family,Mothball,2020-06-16,Yes,174.0
40.391095233,-79.995185133,"2122 FAIRLAND ST, Pittsburgh, 15210",Overbrook,4,2.0,"2 - Compromised, possibly dangerous",1955.0,1940 or later,Masonry,2.0,912.0,Single Family,Mothball,2024-02-05,Yes,269.0
40.3908351029,-79.9859213732,"2219 BROWNSVILLE RD, Pittsburgh, 15210",Carrick,4,2.0,"2 - Compromised, possibly dangerous",,Unknown,Unknown,,,Office/Apartments Over,Mothball,2023-11-07,Yes,69.0
40.391512064,-79.985762104,"2154 HAZELDELL ST, Pittsburgh, 15210",Carrick,4,1.0,"1 - Intact, no immediate danger",1915.0,1901 to 1939,Masonry,2.5,2333.0,Single Family,Save first,2020-09-01,Yes,73.0
40.3919698624,-79.9855082105,"2140 HAZELDELL ST, Pittsburgh, PA 15210",Carrick,4,1.0,"1 - Intact, no immediate danger",1900.0,1900 (possible default),Frame,2.5,1814.0,Single Family,Mothball,2025-06-23,Yes,114.0
40.3915070702,-79.9851920095,"2145 HAZELDELL ST, Pittsburgh, PA 15210",Carrick,4,2.0,"2 - Compromised, possibly dangerous",1920.0,1901 to 1939,Masonry,2.0,1934.0,Single Family,Save first,2026-04-09,Yes,119.0
40.3882047147,-79.9926695158,"2230 LUCINA AVE, Pittsburgh, 15210",Overbrook,4,,Not scored,1929.0,1901 to 1939,Masonry,2.0,1040.0,Single Family,Not scored,2022-10-26,Yes,378.0
40.3894876422,-79.988725349,"2255 ALMONT ST, Pittsburgh, 15210",Carrick,4,,Not scored,1929.0,1901 to 1939,Masonry,2.0,1292.0,Single Family,Not scored,2026-02-02,Yes,267.0
40.3874382694,-79.9897995089,"400 ARISTON AVE, Pittsburgh, PA 15210",Carrick,4,,Not scored,1950.0,1940 or later,Masonry,1.0,1042.0,Single Family,Not scored,2026-01-28,No,421.0
40.3878133551,-79.9833197209,"19 CARRICK AVE, Pittsburgh, 15210",Carrick,4,1.0,"1 - Intact, no immediate danger",1940.0,1940 or later,Frame,2.5,2355.0,Single Family,Mothball,2024-06-27,Yes,75.0
40.3891879313,-79.9835127306,"47 BECKS RUN RD, Pittsburgh, 15210",Carrick,4,1.0,"1 - Intact, no immediate danger",1896.0,Before 1900,Frame,2.0,2004.0,Single Family,Mothball,2026-04-22,Yes,150.0
40.3853683308,-79.9992107163,"2361 GLENBURY ST, Pittsburgh, 15234",Overbrook,4,2.0,"2 - Compromised, possibly dangerous",1950.0,1940 or later,Masonry,1.5,1142.0,Single Family,Mothball,2020-08-31,Yes,281.0
40.3859761328,-79.999459718,"55 BRIGGS ST, Pittsburgh, 15234",Overbrook,4,1.0,"1 - Intact, no immediate danger",1906.0,1901 to 1939,Frame,2.0,1312.0,Single Family,Mothball,2022-09-07,Yes,268.0
40.3846719625,-79.9947108193,"2405 SAW MILL RUN BLVD, Pittsburgh, PA 15234",Overbrook,4,1.0,"1 - Intact, no immediate danger",,Unknown,Unknown,,,Retl/Off Over,Mothball,2026-02-11,Yes,114.0
40.3848362071,-79.9947489982,"619 OVERBROOK BLVD, Pittsburgh, PA 15210",Overbrook,4,2.0,"2 - Compromised, possibly dangerous",,Unknown,Unknown,,,Retl/Apt'S Over,Mothball,2024-01-22,Yes,103.0
40.385747408,-79.9871095188,"2362 ALMONT ST, Pittsburgh, 15210",Carrick,4,2.0,"2 - Compromised, possibly dangerous",1945.0,1940 or later,Masonry,2.0,2340.0,Single Family,Mothball,2020-08-20,Yes,319.0
40.3937098666,-80.002430302,"1595 BELLAIRE PL, Pittsburgh, 15226",Brookline,4,,Not scored,1950.0,1940 or later,Masonry,1.0,1125.0,Single Family,Not scored,2025-07-16,Yes,307.0
40.3919835752,-80.0110831643,"1256 BROOKLINE BLVD, Pittsburgh, PA 15226",Brookline,4,,Not scored,,Unknown,Unknown,,,Retl/Apt'S Over,Not scored,2024-03-22,No,1040.0
40.3874634229,-80.0134307814,"1502 BERKSHIRE AVE, Pittsburgh, 15226",Brookline,4,2.0,"2 - Compromised, possibly dangerous",1910.0,1901 to 1939,Masonry,2.0,1134.0,Single Family,Save first,2020-07-21,No,1316.0
40.3936691544,-80.0171773656,"920 ROSSMORE AVE, Pittsburgh, 15226",Brookline,4,3.0,"3 - Compromised, dangerous",1924.0,1901 to 1939,Masonry,2.0,1303.0,Single Family,Salvage,2020-09-09,No,1494.0
40.3941812234,-80.0170663955,"913 ROSSMORE AVE, Pittsburgh, 15226",Brookline,4,,Not scored,1920.0,1901 to 1939,Frame,2.0,1496.0,Single Family,Not scored,2021-09-13,No,1478.0
40.3893809446,-80.0167858733,"1111 WOODBOURNE AVE, Pittsburgh, 15226",Brookline,4,,Not scored,1924.0,1901 to 1939,Masonry,2.0,1402.0,Single Family,Not scored,2026-06-15,No,1577.0
40.3865412868,-80.0164842629,"2826 SAGEMAN AVE, Pittsburgh, 15226",Brookline,4,,Not scored,1950.0,1940 or later,Masonry,1.0,1116.0,Single Family,Not scored,2026-05-27,No,1400.0
40.4465815182,-80.0841176671,"2104 MAZETTE PL, Pittsburgh, 15205",Fairywood,2,2.0,"2 - Compromised, possibly dangerous",1949.0,1940 or later,Frame,1.0,1082.0,Single Family,Mothball,2020-09-04,No,1573.0
40.446476597,-80.084238303,"2108 MAZETTE PL, Pittsburgh, 15205",Fairywood,2,2.0,"2 - Compromised, possibly dangerous",1946.0,1940 or later,Frame,1.0,1168.0,Single Family,Mothball,2020-09-04,No,1581.0
40.4872725616,-80.0402065443,"3963 BRIGHTON RD, Pittsburgh, 15212",Brighton Heights,1,,Not scored,1910.0,1901 to 1939,Masonry,2.0,2214.0,Single Family,Not scored,2023-02-14,Yes,41.0
40.4874662465,-80.0386397193,"3930 BRIGHTON RD, Pittsburgh, 15212",Brighton Heights,1,2.0,"2 - Compromised, possibly dangerous",1925.0,1901 to 1939,Masonry,2.0,2250.0,Single Family,Save first,2023-05-31,Yes,35.0
40.4868737718,-80.0329330652,"1117 BENTON AVE, Pittsburgh, 15212",Brighton Heights,1,2.0,"2 - Compromised, possibly dangerous",1910.0,1901 to 1939,Frame,1.0,948.0,Single Family,Mothball,2022-08-31,Yes,364.0
40.4858068394,-80.0439914583,"4002 OSWALD ST, Pittsburgh, 15212",Brighton Heights,1,,Not scored,1905.0,1901 to 1939,Frame,2.5,2132.0,Single Family,Not scored,2025-04-08,Yes,358.0
40.4853701634,-80.0348675989,"1240 BENTON AVE, Pittsburgh, 15212",Brighton Heights,1,1.0,"1 - Intact, no immediate danger",1900.0,1900 (possible default),Frame,2.0,1056.0,Single Family,Mothball,2024-03-01,Yes,133.0
40.4831086115,-80.0451553068,"2020 TERMON AVE, Pittsburgh, 15212",Brighton Heights,1,,Not scored,1915.0,1901 to 1939,Masonry,2.0,2031.0,Single Family,Not scored,2026-04-17,No,635.0
40.4839627758,-80.0343927772,"3718 PARVISS ST, Pittsburgh, 15212",Brighton Heights,1,3.0,"3 - Compromised, dangerous",1910.0,1901 to 1939,Masonry,2.5,2197.0,Single Family,Salvage,2025-11-10,Yes,117.0
40.4893376399,-80.0271808765,"3935 OAKDALE ST, Pittsburgh, 15214",Brighton Heights,1,2.0,"2 - Compromised, possibly dangerous",1944.0,1940 or later,Frame,1.0,1170.0,Single Family,Mothball,2025-04-08,No,764.0
40.4903582196,-80.0231807514,"389 MALINE ST, Pittsburgh, 15214",Perry North,1,2.0,"2 - Compromised, possibly dangerous",1910.0,1901 to 1939,Masonry,2.0,1446.0,Single Family,Save first,2024-02-09,No,441.0
40.4908046555,-80.0190121565,"3936 PERRYSVILLE AVE, Pittsburgh, 15214",Perry North,1,1.0,"1 - Intact, no immediate danger",,Unknown,Unknown,,,"Churches, Public Worship",Mothball,2020-09-08,Yes,183.0
40.4906778647,-80.0196886883,"3947 PERRYSVILLE AVE, Pittsburgh, 15214",Perry North,1,2.0,"2 - Compromised, possibly dangerous",1900.0,1900 (possible default),Masonry,2.0,1462.0,Rowhouse,Save first,2025-05-12,Yes,201.0
40.4907181537,-80.0197264635,"3949 PERRYSVILLE AVE, Pittsburgh, 15214",Perry North,1,2.0,"2 - Compromised, possibly dangerous",1900.0,1900 (possible default),Masonry,2.0,1561.0,Rowhouse,Save first,2024-01-31,Yes,206.0
40.4890399433,-80.032259232,"1121 LAPISH RD, Pittsburgh, 15212",Brighton Heights,1,2.0,"2 - Compromised, possibly dangerous",1900.0,1900 (possible default),Frame,2.0,1485.0,Two Family,Mothball,2020-08-11,No,477.0
40.4881401219,-80.0162570608,"3820 PERRYSVILLE AVE, Pittsburgh, 15214",Perry North,1,1.0,"1 - Intact, no immediate danger",1920.0,1901 to 1939,Masonry,2.0,2280.0,Three Family,Save first,2020-09-08,Yes,15.0
40.4883862548,-80.0181961208,"121 HEMPHILL ST, Pittsburgh, 15214",Perry North,1,1.0,"1 - Intact, no immediate danger",1930.0,1901 to 1939,Masonry,2.0,1782.0,Single Family,Save first,2023-02-22,Yes,67.0
40.4877004084,-80.0189015152,"76 SEMICIR ST, Pittsburgh, 15214",Perry North,1,2.0,"2 - Compromised, possibly dangerous",1930.0,1901 to 1939,Frame,2.0,1208.0,Single Family,Mothball,2026-03-02,Yes,159.0
40.4821125994,-80.0260705644,"722 WOODS RUN AVE, Pittsburgh, 15212",Brighton Heights,1,1.0,"1 - Intact, no immediate danger",1896.0,Before 1900,Frame,2.0,1376.0,Single Family,Mothball,2022-09-16,No,790.0
40.4882155297,-80.0141139019,"3774 EAST ST, Pittsburgh, 15214",Perry North,1,1.0,"1 - Intact, no immediate danger",1930.0,1901 to 1939,Other,2.0,1072.0,Single Family,Mothball,2024-01-31,Yes,196.0
40.4876321331,-80.0155675463,"18 GOULD AVE, Pittsburgh, 15214",Perry North,1,2.0,"2 - Compromised, possibly dangerous",1920.0,1901 to 1939,Frame,1.0,690.0,Single Family,Mothball,2023-02-14,Yes,74.0
40.4889740299,-80.0079636729,"253 CHAPIN ST, Pittsburgh, 15214",Summer Hill,1,,Not scored,1930.0,1901 to 1939,Masonry,2.0,1428.0,Single Family,Not scored,2025-01-22,No,403.0
40.4865121336,-80.0122160125,"326 DUNLAP ST, Pittsburgh, 15214",Perry North,1,,Not scored,1920.0,1901 to 1939,Masonry,2.0,2169.0,Single Family,Not scored,2025-05-23,Yes,278.0
40.486116773,-80.0120915355,"333 DUNLAP ST, Pittsburgh, 15214",Perry North,1,3.0,"3 - Compromised, dangerous",1920.0,1901 to 1939,Frame,2.0,1216.0,Single Family,Salvage,2020-08-31,Yes,243.0
40.4848029785,-80.0149932096,"3612 PERRYSVILLE AVE, Pittsburgh, 15214",Perry North,1,3.0,"3 - Compromised, dangerous",1900.0,1900 (possible default),Frame,2.0,1408.0,Single Family,Salvage,2024-02-09,Yes,55.0
40.4860270397,-80.0109656733,"427 DUNLAP ST, Pittsburgh, 15214",Perry North,1,3.0,"3 - Compromised, dangerous",1912.0,1901 to 1939,Frame,2.0,1416.0,Single Family,Salvage,2020-08-31,Yes,294.0
40.4853549733,-80.0049833187,"3523 COLBY ST, Pittsburgh, 15214",Summer Hill,1,3.0,"3 - Compromised, dangerous",1950.0,1940 or later,Masonry,1.0,1264.0,Single Family,Salvage,2023-10-09,Yes,74.0
40.4828431427,-80.0121211465,"3433 PORTOLA AVE, Pittsburgh, PA 15214",Perry North,1,1.0,"1 - Intact, no immediate danger",1927.0,1901 to 1939,Masonry,2.0,1576.0,Single Family,Save first,2020-09-09,Yes,82.0
40.4829989475,-80.0126596323,"3436 PERRYSVILLE AVE, Pittsburgh, 15214",Perry North,1,2.0,"2 - Compromised, possibly dangerous",1896.0,Before 1900,Frame,2.0,2544.0,Single Family,Mothball,2020-08-03,Yes,33.0
40.4828986996,-80.0103468299,"185 WATSON BLVD, Pittsburgh, 15214",Perry North,1,2.0,"2 - Compromised, possibly dangerous",1910.0,1901 to 1939,Frame,2.0,1600.0,Single Family,Mothball,2023-05-26,Yes,229.0
40.4822636718,-80.0090819926,"432 TALCO ST, Pittsburgh, 15214",Perry North,1,3.0,"3 - Compromised, dangerous",1920.0,1901 to 1939,Frame,2.0,1280.0,Single Family,Salvage,2020-06-04,Yes,347.0
40.4861111155,-79.9419037487,"6004 SAWYER ST, Pittsburgh, PA 15201",Stanton Heights,7,1.0,"1 - Intact, no immediate danger",1930.0,1901 to 1939,Masonry,1.5,1087.0,Single Family,Save first,2020-06-25,Yes,82.0
40.4821013078,-79.9450900321,"5605 CELADINE ST, Pittsburgh, PA 15201",Stanton Heights,7,1.0,"1 - Intact, no immediate danger",1900.0,1900 (possible default),Frame,2.0,1129.0,Single Family,Mothball,2020-06-19,Yes,250.0
40.4823315387,-79.9434934603,"5615 CAMELIA ST, Pittsburgh, 15201",Stanton Heights,7,1.0,"1 - Intact, no immediate danger",1962.0,1940 or later,Masonry,1.0,1000.0,Single Family,Mothball,2026-07-08,Yes,360.0
40.4837000905,-79.9449913648,"232 57TH ST, Pittsburgh, 15201",Upper Lawrenceville,7,1.0,"1 - Intact, no immediate danger",1900.0,1900 (possible default),Frame,2.0,1395.0,Single Family,Mothball,2024-05-14,Yes,193.0
40.4831486486,-79.9442961417,"262 57TH ST, Pittsburgh, PA 15201",Upper Lawrenceville,7,2.0,"2 - Compromised, possibly dangerous",1890.0,Before 1900,Frame,2.0,833.0,Single Family,Mothball,2020-05-19,Yes,273.0
40.4835877413,-79.9413843043,"1030 PREMIER ST, Pittsburgh, 15201",Stanton Heights,7,,Not scored,1951.0,1940 or later,Masonry,1.0,594.0,Single Family,Not scored,2025-12-04,Yes,331.0
40.4831580334,-79.9349054054,"11 FAIRFIELD CT, Pittsburgh, 15201",Stanton Heights,7,,Not scored,1960.0,1940 or later,Masonry,1.0,1845.0,Single Family,Not scored,2025-08-01,No,605.0
40.4892948697,-79.9275288814,"6728 BUTLER ST, Pittsburgh, 15206",Morningside,7,2.0,"2 - Compromised, possibly dangerous",1910.0,1901 to 1939,Frame,2.0,1440.0,Single Family,Mothball,2026-07-29,No,567.0
40.4888939144,-79.930003084,"6613 BAKER ST, Pittsburgh, 15206",Stanton Heights,7,1.0,"1 - Intact, no immediate danger",1900.0,1900 (possible default),Frame,2.0,1392.0,Single Family,Mothball,2020-06-02,No,591.0
40.4886349405,-79.9284698167,"6640 MARIETTA ST, Pittsburgh, PA 15206",Stanton Heights,7,1.0,"1 - Intact, no immediate danger",1920.0,1901 to 1939,Frame,1.5,1576.0,Single Family,Mothball,2020-06-02,No,631.0
40.4879438216,-79.9214637006,"7302 BUTLER ST, Pittsburgh, 15206",Morningside,7,1.0,"1 - Intact, no immediate danger",1910.0,1901 to 1939,Frame,2.0,1757.0,Single Family,Mothball,2021-09-16,No,717.0
40.4883155854,-79.923069816,"7208 BUTLER ST, Pittsburgh, PA 15206",Morningside,7,1.0,"1 - Intact, no immediate danger",1910.0,1901 to 1939,Frame,2.0,1350.0,Single Family,Mothball,2020-05-22,No,698.0
40.4857983379,-79.9284493927,"1711 MORNINGSIDE AVE, Pittsburgh, PA 15206",Morningside,7,2.0,"2 - Compromised, possibly dangerous",1925.0,1901 to 1939,Frame,2.0,1805.0,Single Family,Mothball,2024-09-12,No,866.0
40.4850371842,-79.9249222635,"6925 GREENWOOD ST, Pittsburgh, PA 15206",Morningside,7,1.0,"1 - Intact, no immediate danger",1935.0,1901 to 1939,Masonry,2.0,1388.0,Single Family,Save first,2024-01-09,No,652.0
40.4697937731,-79.9050512447,"6401 CLIFFORD ST, Pittsburgh, 15206",Lincoln-Lemington-Belmar,9,,Not scored,1920.0,1901 to 1939,Frame,2.0,1473.0,Single Family,Not scored,2026-04-17,No,698.0
40.4702815282,-79.9016235713,"1277 NELSON ST, Pittsburgh, 15206",Lincoln-Lemington-Belmar,9,2.0,"2 - Compromised, possibly dangerous",,Unknown,Unknown,,,Warehouse,Mothball,2021-09-16,No,473.0
40.469043032,-79.9040570712,"6441 CLIFFORD ST, Pittsburgh, 15206",Lincoln-Lemington-Belmar,9,2.0,"2 - Compromised, possibly dangerous",1920.0,1901 to 1939,Frame,2.0,1275.0,Single Family,Mothball,2020-12-28,No,592.0
40.4696911884,-79.904933221,"6405 CLIFFORD ST, Pittsburgh, 15206",Lincoln-Lemington-Belmar,9,2.0,"2 - Compromised, possibly dangerous",1920.0,1901 to 1939,Frame,2.0,1911.0,Single Family,Mothball,2020-12-28,No,684.0
40.467919537,-79.904245537,"1151 PAULSON AVE, Pittsburgh, PA 15206",Lincoln-Lemington-Belmar,9,3.0,"3 - Compromised, dangerous",1938.0,1901 to 1939,Masonry,2.0,1604.0,Two Family,Salvage,2022-05-05,No,481.0
40.469479116,-79.9066306048,"6344 DEAN ST, Pittsburgh, 15206",Lincoln-Lemington-Belmar,9,2.0,"2 - Compromised, possibly dangerous",1915.0,1901 to 1939,Frame,2.0,1656.0,Single Family,Mothball,2020-08-27,No,710.0
40.4675717738,-79.9041346019,"1130 PAULSON AVE, Pittsburgh, 15206",Lincoln-Lemington-Belmar,9,2.0,"2 - Compromised, possibly dangerous",1915.0,1901 to 1939,Frame,2.0,960.0,Apart: 5-19 Units,Mothball,2020-09-08,No,442.0
40.4686112761,-79.9060062638,"6405 APPLE ST, Pittsburgh, PA 15206",Lincoln-Lemington-Belmar,9,3.0,"3 - Compromised, dangerous",1930.0,1901 to 1939,Frame,2.0,1696.0,Two Family,Salvage,2020-07-15,No,601.0
40.4681684656,-79.9072152412,"1105 LARIMER AVE, Pittsburgh, 15206",Lincoln-Lemington-Belmar,9,2.0,"2 - Compromised, possibly dangerous",1900.0,1900 (possible default),Frame,2.0,1824.0,Single Family,Mothball,2024-01-11,No,595.0
40.4696727866,-79.9019386175,"1257 ALBUM ST, Pittsburgh, 15206",Lincoln-Lemington-Belmar,9,2.0,"2 - Compromised, possibly dangerous",1934.0,1901 to 1939,Masonry,2.0,1338.0,Single Family,Save first,2020-06-26,No,462.0
40.4689934835,-79.9029296234,"6579 NAVARRO ST, Pittsburgh, PA 15206",Lincoln-Lemington-Belmar,9,,Not scored,1930.0,1901 to 1939,Masonry,2.0,1088.0,Rowhouse,Not scored,2026-07-29,No,516.0
40.468695127,-79.9023441245,"1231 PAULSON AVE, Pittsburgh, 15206",Lincoln-Lemington-Belmar,9,2.0,"2 - Compromised, possibly dangerous",1920.0,1901 to 1939,Frame,2.5,1782.0,Two Family,Mothball,2020-09-08,No,461.0
40.467994962,-79.9030590692,"1208 PAULSON AVE, Pittsburgh, 15206",Lincoln-Lemington-Belmar,9,2.0,"2 - Compromised, possibly dangerous",1920.0,1901 to 1939,Masonry,2.0,840.0,Rowhouse,Save first,2020-09-08,No,459.0
40.4681332604,-79.9015130955,"1244 MONTEZUMA ST, Pittsburgh, 15206",Lincoln-Lemington-Belmar,9,2.0,"2 - Compromised, possibly dangerous",1910.0,1901 to 1939,Frame,2.0,1344.0,Single Family,Mothball,2020-08-14,Yes,369.0
40.4671626343,-79.9135018972,"559 LENORA ST, Pittsburgh, 15206",Larimer,9,2.0,"2 - Compromised, possibly dangerous",1920.0,1901 to 1939,Masonry,2.0,1668.0,Single Family,Save first,2024-01-22,No,701.0
40.4657083302,-79.9153935552,"6122 MEADOW ST, Pittsburgh, 15206",Larimer,9,2.0,"2 - Compromised, possibly dangerous",1920.0,1901 to 1939,Frame,2.0,1100.0,Single Family,Mothball,2020-07-06,No,535.0
40.466770075,-79.9122411893,"23 SHETLAND ST, Pittsburgh, 15206",Larimer,9,2.0,"2 - Compromised, possibly dangerous",1900.0,1900 (possible default),Frame,2.0,2151.0,Two Family,Mothball,2020-09-09,No,660.0
40.4654468408,-79.9111571348,"603 THOMPSON ST, Pittsburgh, PA 15206",Larimer,9,3.0,"3 - Compromised, dangerous",1921.0,1901 to 1939,Masonry,2.0,1024.0,Rowhouse,Salvage,2025-04-08,No,494.0
40.4651407573,-79.9107072084,"185 SHETLAND ST, Pittsburgh, 15206",Larimer,9,2.0,"2 - Compromised, possibly dangerous",1910.0,1901 to 1939,Masonry,2.0,2224.0,Two Family,Save first,2020-06-02,No,452.0
40.4654453366,-79.9104287151,"616 THOMPSON ST, Pittsburgh, 15206",Larimer,9,2.0,"2 - Compromised, possibly dangerous",1920.0,1901 to 1939,Frame,2.0,1760.0,Single Family,Mothball,2020-06-02,No,470.0
40.4656911303,-79.9092098397,"647 PAULSON AVE, Pittsburgh, 15206",Larimer,9,,Not scored,1920.0,1901 to 1939,Masonry,2.0,1220.0,Single Family,Not scored,2024-04-29,No,450.0
40.465792477,-79.9090562673,"653 PAULSON AVE, Pittsburgh, 15206",Larimer,9,2.0,"2 - Compromised, possibly dangerous",1910.0,1901 to 1939,Frame,2.0,858.0,Single Family,Mothball,2020-09-08,No,453.0
40.4658190915,-79.9090115599,"655 PAULSON AVE, Pittsburgh, 15206",Larimer,9,2.0,"2 - Compromised, possibly dangerous",1920.0,1901 to 1939,Frame,2.0,858.0,Single Family,Mothball,2020-09-08,No,454.0
40.4655334459,-79.9085340792,"650 PAULSON AVE, Pittsburgh, 15206",Larimer,9,,Not scored,1920.0,1901 to 1939,Frame,1.0,1950.0,Single Family,Not scored,2024-06-10,No,407.0
40.4649567489,-79.9094198325,"622 PAULSON AVE, Pittsburgh, PA 15206",Larimer,9,3.0,"3 - Compromised, dangerous",1920.0,1901 to 1939,Frame,1.0,1425.0,Single Family,Salvage,2025-10-17,Yes,386.0
40.467197765,-79.9049520794,"1114 PAULSON AVE, Pittsburgh, 15206",Lincoln-Lemington-Belmar,9,,Not scored,1920.0,1901 to 1939,Masonry,2.0,1715.0,Single Family,Not scored,2024-07-08,No,423.0
40.4663682918,-79.9050070259,"6532 DEARY ST, Pittsburgh, 15206",Lincoln-Lemington-Belmar,9,2.0,"2 - Compromised, possibly dangerous",1925.0,1901 to 1939,Masonry,2.0,1590.0,Single Family,Save first,2026-01-14,Yes,340.0
40.4666785679,-79.9055367911,"6512 DEARY ST, Pittsburgh, 15206",Lincoln-Lemington-Belmar,9,,Not scored,1920.0,1901 to 1939,Masonry,2.0,1786.0,Single Family,Not scored,2026-04-22,Yes,391.0
40.4658345635,-79.9048806852,"6559 ROWAN ST, Pittsburgh, 15206",Lincoln-Lemington-Belmar,9,1.0,"1 - Intact, no immediate danger",1925.0,1901 to 1939,Masonry,1.5,1488.0,Single Family,Save first,2022-09-15,Yes,283.0
40.4659330854,-79.9050514453,"6555 ROWAN ST, Pittsburgh, 15206",Lincoln-Lemington-Belmar,9,2.0,"2 - Compromised, possibly dangerous",1935.0,1901 to 1939,Masonry,2.0,1045.0,Single Family,Save first,2025-03-07,Yes,299.0
40.4665886414,-79.9061588065,"6513 ROWAN ST, Pittsburgh, 15206",Lincoln-Lemington-Belmar,9,2.0,"2 - Compromised, possibly dangerous",1930.0,1901 to 1939,Masonry,2.0,1120.0,Single Family,Save first,2026-06-26,No,400.0
40.4658242841,-79.9057122638,"6544 ROWAN ST, Pittsburgh, 15206",Lincoln-Lemington-Belmar,9,3.0,"3 - Compromised, dangerous",1920.0,1901 to 1939,Frame,2.0,1670.0,Single Family,Salvage,2020-09-09,Yes,308.0
40.4657839033,-79.9056456667,"6546 ROWAN ST, Pittsburgh, 15206",Lincoln-Lemington-Belmar,9,2.0,"2 - Compromised, possibly dangerous",1920.0,1901 to 1939,Frame,2.0,1670.0,Single Family,Mothball,2020-09-09,Yes,302.0
40.4655131717,-79.9052989819,"6558 ROWAN ST, Pittsburgh, 15206",Lincoln-Lemington-Belmar,9,,Not scored,1927.0,1901 to 1939,Masonry,2.0,1408.0,Single Family,Not scored,2026-09-16,Yes,266.0
40.4653240398,-79.9032451778,"6626 DEARY ST, Pittsburgh, 15206",Lincoln-Lemington-Belmar,9,2.0,"2 - Compromised, possibly dangerous",1925.0,1901 to 1939,Frame,2.0,720.0,Single Family,Mothball,2025-04-10,Yes,187.0
40.4652817474,-79.9031780945,"6628 DEARY ST, Pittsburgh, 15206",Lincoln-Lemington-Belmar,9,1.0,"1 - Intact, no immediate danger",1925.0,1901 to 1939,Frame,2.0,1500.0,Two Family,Mothball,2024-01-08,Yes,180.0
40.4658551321,-79.903208492,"6617 DEARY ST, Pittsburgh, 15206",Lincoln-Lemington-Belmar,9,2.0,"2 - Compromised, possibly dangerous",1910.0,1901 to 1939,Masonry,2.0,1084.0,Rowhouse,Save first,2020-12-29,Yes,236.0
40.4664373937,-79.9023187003,"6613 1/2 APPLE ST, Pittsburgh, PA 15206",Lincoln-Lemington-Belmar,9,2.0,"2 - Compromised, possibly dangerous",1929.0,1901 to 1939,Masonry,2.0,1160.0,Single Family,Save first,2026-01-14,Yes,279.0
40.4665545078,-79.9024976627,"6609 APPLE ST, Pittsburgh, PA 15206",Lincoln-Lemington-Belmar,9,3.0,"3 - Compromised, dangerous",1970.0,1940 or later,Masonry,1.0,1264.0,Single Family,Salvage,2020-07-15,Yes,294.0
40.4655111715,-79.8996707431,"1215 ARBOR ST, Pittsburgh, 15206",Lincoln-Lemington-Belmar,9,2.0,"2 - Compromised, possibly dangerous",1910.0,1901 to 1939,Frame,2.0,1548.0,Single Family,Mothball,2020-07-30,Yes,104.0
40.4662546993,-79.9012053946,"6648 HEDGE ST, Pittsburgh, 15206",Lincoln-Lemington-Belmar,9,3.0,"3 - Compromised, dangerous",1930.0,1901 to 1939,Masonry,2.0,1920.0,Single Family,Salvage,2020-09-01,Yes,221.0
40.4663162899,-79.9013154873,"6646 HEDGE ST, Pittsburgh, 15206",Lincoln-Lemington-Belmar,9,2.0,"2 - Compromised, possibly dangerous",1930.0,1901 to 1939,Frame,2.0,1028.0,Single Family,Mothball,2020-09-01,Yes,231.0
40.4664541004,-79.9005453638,"6657 HEDGE ST, Pittsburgh, PA 15206",Lincoln-Lemington-Belmar,9,,Not scored,1910.0,1901 to 1939,Frame,2.0,1260.0,Single Family,Not scored,2026-04-22,Yes,232.0
40.4671361254,-79.899754535,"1305 OLIVANT ST, Pittsburgh, 15206",Lincoln-Lemington-Belmar,9,2.0,"2 - Compromised, possibly dangerous",1940.0,1940 or later,Frame,2.0,1590.0,Single Family,Mothball,2021-12-16,Yes,185.0
40.4626245974,-79.9157431383,"146 AUBURN ST, Pittsburgh, PA 15206",Larimer,9,2.0,"2 - Compromised, possibly dangerous",1890.0,Before 1900,Frame,2.0,2035.0,Single Family,Mothball,2021-11-08,Yes,204.0
40.4626379655,-79.9150494675,"159 AUBURN ST, Pittsburgh, 15206",Larimer,9,2.0,"2 - Compromised, possibly dangerous",1890.0,Before 1900,Frame,2.0,1733.0,Single Family,Mothball,2020-07-31,Yes,194.0
40.4631224028,-79.915586962,"139 AUBURN ST, Pittsburgh, 15206",Larimer,9,2.0,"2 - Compromised, possibly dangerous",1900.0,1900 (possible default),Frame,2.0,1264.0,Single Family,Mothball,2024-11-07,Yes,253.0
40.4635249761,-79.9160412088,"119 AUBURN ST, Pittsburgh, 15206",Larimer,9,2.0,"2 - Compromised, possibly dangerous",1900.0,1900 (possible default),Frame,2.0,1236.0,Single Family,Mothball,2022-02-22,Yes,306.0
40.4631285916,-79.9143033602,"159 MAYFLOWER ST, Pittsburgh, PA 15206",Larimer,9,2.0,"2 - Compromised, possibly dangerous",1900.0,1900 (possible default),Masonry,2.0,976.0,Single Family,Save first,2020-09-04,Yes,255.0
40.4641814324,-79.9122803844,"158 STOEBNER Way, Pittsburgh, PA 15206",Larimer,9,2.0,"2 - Compromised, possibly dangerous",1910.0,1901 to 1939,Frame,2.0,980.0,Single Family,Mothball,2025-03-10,Yes,386.0
40.4633101908,-79.9120128784,"504 PAULSON AVE, Pittsburgh, 15206",Larimer,9,,Not scored,1920.0,1901 to 1939,Masonry,2.0,1160.0,Rowhouse,Not scored,2024-10-03,Yes,287.0
40.4646942669,-79.9115864537,"172 MAXWELL Way, Pittsburgh, PA 15206",Larimer,9,1.0,"1 - Intact, no immediate danger",,Unknown,Unknown,,,Res Aux Building (No House),Mothball,2021-08-12,No,426.0
40.463178699,-79.9118458872,"6411 MEADOW ST, Pittsburgh, PA 15206",Larimer,9,2.0,"2 - Compromised, possibly dangerous",1920.0,1901 to 1939,Masonry,2.0,1220.0,Rowhouse,Save first,2020-09-04,Yes,270.0
40.4630461557,-79.9115795446,"505 WINFIELD ST, Pittsburgh, 15206",Larimer,9,2.0,"2 - Compromised, possibly dangerous",1910.0,1901 to 1939,Masonry,2.0,1960.0,Single Family,Save first,2024-02-08,Yes,254.0
40.4634436667,-79.9096444312,"547 LOWELL ST, Pittsburgh, 15206",Larimer,9,1.0,"1 - Intact, no immediate danger",1895.0,Before 1900,Frame,2.0,1870.0,Single Family,Mothball,2024-10-03,Yes,248.0
40.4637774754,-79.90898069,"609 LOWELL ST, Pittsburgh, 15206",Larimer,9,2.0,"2 - Compromised, possibly dangerous",1890.0,Before 1900,Frame,2.0,1620.0,Single Family,Mothball,2020-09-03,Yes,251.0
40.4631362516,-79.9090741676,"6506 SHETLAND ST, Pittsburgh, 15206",Larimer,9,,Not scored,1900.0,1900 (possible default),Frame,2.0,1568.0,Single Family,Not scored,2020-06-22,Yes,192.0
40.4630285759,-79.909425288,"532 LOWELL ST, Pittsburgh, 15206",Larimer,9,2.0,"2 - Compromised, possibly dangerous",1920.0,1901 to 1939,Masonry,2.0,1570.0,Single Family,Save first,2025-08-19,Yes,200.0
40.4627517265,-79.909841568,"6505 WINSLOW ST, Pittsburgh, PA 15206",Larimer,9,,Not scored,1920.0,1901 to 1939,Masonry,2.0,2088.0,Three Family,Not scored,2023-06-28,Yes,181.0
40.4635262848,-79.908070819,"621 TURRETT ST, Pittsburgh, 15206",Larimer,9,3.0,"3 - Compromised, dangerous",1925.0,1901 to 1939,Frame,2.0,1615.0,Single Family,Salvage,2025-10-10,Yes,201.0
40.4626971777,-79.9081012061,"6529 SHETLAND ST, Pittsburgh, 15206",Larimer,9,2.0,"2 - Compromised, possibly dangerous",1900.0,1900 (possible default),Masonry,2.5,2538.0,Four Family,Save first,2020-09-09,Yes,115.0
40.4627018879,-79.907576605,"6542 LADSON ST, Pittsburgh, 15206",Larimer,9,,Not scored,1920.0,1901 to 1939,Masonry,2.0,1399.0,Single Family,Not scored,2024-03-01,Yes,112.0
40.464019429,-79.9074522445,"313 RENFREW ST, Pittsburgh, PA 15206",Larimer,9,3.0,"3 - Compromised, dangerous",1920.0,1901 to 1939,Frame,2.0,1200.0,Single Family,Salvage,2020-09-09,Yes,217.0
40.4647790648,-79.9049138781,"6601 LYRIC ST, Pittsburgh, PA 15206",Lincoln-Lemington-Belmar,9,,Not scored,1920.0,1901 to 1939,Frame,2.0,1356.0,Single Family,Not scored,2026-07-29,Yes,181.0
40.4644592792,-79.9017746544,"6728 DEARY ST, Pittsburgh, 15206",Lincoln-Lemington-Belmar,9,3.0,"3 - Compromised, dangerous",1920.0,1901 to 1939,Frame,2.0,1334.0,Single Family,Salvage,2023-12-21,Yes,62.0
40.4646811445,-79.9030402958,"6641 ROWAN ST, Pittsburgh, 15206",Lincoln-Lemington-Belmar,9,3.0,"3 - Compromised, dangerous",1933.0,1901 to 1939,Frame,2.0,1364.0,Single Family,Salvage,2023-12-21,Yes,121.0
40.4641839708,-79.9030669438,"6704 ROWAN ST, Pittsburgh, 15206",Lincoln-Lemington-Belmar,9,1.0,"1 - Intact, no immediate danger",1920.0,1901 to 1939,Masonry,2.0,1710.0,Single Family,Save first,2020-09-09,Yes,67.0
40.4640586694,-79.9026864786,"6716 ROWAN ST, Pittsburgh, 15206",Lincoln-Lemington-Belmar,9,2.0,"2 - Compromised, possibly dangerous",1910.0,1901 to 1939,Masonry,2.0,952.0,Rowhouse,Save first,2024-08-12,Yes,55.0
40.4625530573,-79.90273999,"809 LAXTON ST, Pittsburgh, 15206",Homewood West,9,2.0,"2 - Compromised, possibly dangerous",1900.0,1900 (possible default),Frame,2.0,1216.0,Single Family,Mothball,2026-09-16,Yes,118.0
40.4630077932,-79.9028957214,"6820 LYRIC ST, Pittsburgh, 15206",Homewood West,9,2.0,"2 - Compromised, possibly dangerous",1924.0,1901 to 1939,Frame,2.0,2171.0,Single Family,Mothball,2020-09-03,Yes,68.0
40.4631053325,-79.9030626683,"6812 LYRIC ST, Pittsburgh, 15206",Homewood West,9,2.0,"2 - Compromised, possibly dangerous",1900.0,1900 (possible default),Frame,2.0,2462.0,Single Family,Mothball,2024-02-09,Yes,51.0
40.4628588724,-79.9019393507,"900 LAXTON ST, Pittsburgh, PA 15206",Homewood West,9,3.0,"3 - Compromised, dangerous",1920.0,1901 to 1939,Frame,2.5,1031.0,Single Family,Salvage,2020-09-03,Yes,108.0
40.4632659965,-79.9014644213,"6913 ODESSA PL, Pittsburgh, 15206",Homewood West,9,2.0,"2 - Compromised, possibly dangerous",1900.0,1900 (possible default),Masonry,2.0,960.0,Single Family,Save first,2020-09-08,Yes,83.0
40.4626545935,-79.900937474,"6930 MOUNT VERNON ST, Pittsburgh, PA 15208",Homewood West,9,2.0,"2 - Compromised, possibly dangerous",,Unknown,Unknown,,,Res Aux Building (No House),Mothball,2020-09-04,Yes,158.0
40.4642407834,-79.9000960234,"1100 LINCOLN AVE, Pittsburgh, 15206",Homewood North,9,2.0,"2 - Compromised, possibly dangerous",1928.0,1901 to 1939,Frame,2.0,2652.0,Four Family,Mothball,2020-09-03,Yes,28.0
40.4624054227,-79.9122308671,"6425 CARVER ST, Pittsburgh, 15206",Larimer,9,,Not scored,1940.0,1940 or later,Masonry,2.0,1600.0,Single Family,Not scored,2026-05-21,Yes,195.0
40.4618603833,-79.9123050415,"230 CARVER ST, Pittsburgh, 15206",Larimer,9,2.0,"2 - Compromised, possibly dangerous",1900.0,1900 (possible default),Masonry,2.0,2565.0,Single Family,Save first,2020-08-28,Yes,144.0
40.461562321,-79.9132399026,"228 MAYFLOWER ST, Pittsburgh, 15206",Larimer,9,,Not scored,1900.0,1900 (possible default),Frame,2.5,1642.0,Single Family,Not scored,2024-02-15,Yes,117.0
40.4614685697,-79.9131382415,"234 MAYFLOWER ST, Pittsburgh, 15206",Larimer,9,2.0,"2 - Compromised, possibly dangerous",1900.0,1900 (possible default),Frame,2.0,1634.0,Single Family,Mothball,2022-04-21,Yes,107.0
40.4624066779,-79.9147740097,"169 AUBURN ST, Pittsburgh, 15206",Larimer,9,2.0,"2 - Compromised, possibly dangerous",1890.0,Before 1900,Frame,2.0,1112.0,Single Family,Mothball,2020-07-31,Yes,169.0
40.4618112765,-79.9078965124,"601 LINCOLN AVE, Pittsburgh, PA 15206",Larimer,9,2.0,"2 - Compromised, possibly dangerous",,Unknown,Unknown,,,Retl/Apt'S Over,Mothball,2025-09-08,Yes,16.0
40.461947611,-79.9097329515,"6523 LLEWELLYN PL, Pittsburgh, 15206",Larimer,9,2.0,"2 - Compromised, possibly dangerous",1908.0,1901 to 1939,Masonry,2.0,1296.0,Single Family,Save first,2026-07-22,Yes,92.0
40.4617886673,-79.9099160328,"6522 LLEWELLYN PL, Pittsburgh, 15206",Larimer,9,1.0,"1 - Intact, no immediate danger",1920.0,1901 to 1939,Masonry,2.0,1064.0,Single Family,Save first,2026-07-22,Yes,76.0
40.4607192268,-79.9083839224,"519 FINLEY ST, Pittsburgh, 15206",Larimer,9,,Not scored,1900.0,1900 (possible default),Frame,2.0,1392.0,Single Family,Not scored,2022-07-28,Yes,96.0
40.4606554657,-79.9087441187,No primary address specified,Larimer,9,,Not scored,,Unknown,Unknown,,,Parking Garage/Lots,Not scored,2022-07-07,Yes,98.0
40.4605774609,-79.9089865094,"511 FINLEY ST, Pittsburgh, PA 15206",Larimer,9,,Not scored,,Unknown,Unknown,,,Parking Garage/Lots,Not scored,2022-07-07,Yes,87.0
40.4619121166,-79.907557209,"611 LINCOLN AVE, Pittsburgh, 15206",Larimer,9,2.0,"2 - Compromised, possibly dangerous",,Unknown,Unknown,,,Retl/Apt'S Over,Mothball,2020-09-03,Yes,36.0
40.4623268333,-79.9066819225,"639 LINCOLN AVE, Pittsburgh, 15206",Larimer,9,2.0,"2 - Compromised, possibly dangerous",,Unknown,Unknown,,,Lodge Hall/Amusement Park,Mothball,2020-09-03,Yes,26.0
40.4619720259,-79.9064206824,"632 LINCOLN AVE, Pittsburgh, 15206",Larimer,9,2.0,"2 - Compromised, possibly dangerous",1910.0,1901 to 1939,Frame,2.0,1850.0,Single Family,Mothball,2020-09-03,Yes,19.0
40.4608924807,-79.9073053365,"6627 SHETLAND ST, Pittsburgh, 15206",Larimer,9,2.0,"2 - Compromised, possibly dangerous",1910.0,1901 to 1939,Frame,2.0,1830.0,Two Family,Mothball,2020-09-09,Yes,94.0
40.4603310288,-79.9025932358,"1015 BEECHER ST, Pittsburgh, PA 15208",Homewood West,9,2.0,"2 - Compromised, possibly dangerous",1920.0,1901 to 1939,Masonry,2.0,2700.0,Four Family,Save first,2020-08-25,Yes,350.0
40.4604225992,-79.9010858022,"6946 MONTICELLO ST #2, Pittsburgh, PA 15208",Homewood West,9,2.0,"2 - Compromised, possibly dangerous",1920.0,1901 to 1939,Frame,2.0,1168.0,Two Family,Mothball,2026-03-06,Yes,386.0
40.4601349938,-79.900818296,"1017 N MURTLAND ST, Pittsburgh, 15208",Homewood West,9,2.0,"2 - Compromised, possibly dangerous",1910.0,1901 to 1939,Frame,2.5,2093.0,Single Family,Mothball,2021-10-08,No,423.0
40.462337915,-79.903458242,"6742 ATWELL ST, Pittsburgh, 15206",Homewood West,9,2.0,"2 - Compromised, possibly dangerous",1900.0,1900 (possible default),Frame,1.0,773.0,Single Family,Mothball,2020-07-30,Yes,126.0
40.4595069262,-79.9101022679,"6617 FRANKSTOWN AVE, Pittsburgh, PA 15206",Larimer,9,2.0,"2 - Compromised, possibly dangerous",1910.0,1901 to 1939,Frame,2.0,2002.0,Single Family,Mothball,2021-09-17,Yes,166.0
40.4587247481,-79.9051134602,"811 INWOOD ST, Pittsburgh, PA 15208",Homewood West,9,,Not scored,1900.0,1900 (possible default),Masonry,2.5,1591.0,Single Family,Not scored,2023-07-27,Yes,394.0
40.4599261101,-79.8996698959,"7020 MONTICELLO ST, Pittsburgh, PA 15208",Homewood North,9,2.0,"2 - Compromised, possibly dangerous",1920.0,1901 to 1939,Frame,2.0,1670.0,Single Family,Mothball,2026-08-19,No,475.0
40.4595737541,-79.9005669856,"7001 IDLEWILD ST, Pittsburgh, 15208",Homewood North,9,3.0,"3 - Compromised, dangerous",1930.0,1901 to 1939,Masonry,2.0,1840.0,Single Family,Salvage,2021-02-12,No,488.0
40.4590214869,-79.9006804829,"916 N MURTLAND ST, Pittsburgh, 15208",Homewood North,9,2.0,"2 - Compromised, possibly dangerous",1920.0,1901 to 1939,Masonry,2.0,5294.0,Four Family,Save first,2023-12-13,No,545.0
40.4585074251,-79.8999467102,"7023 FRANKSTOWN AVE, Pittsburgh, 15208",Homewood North,9,2.0,"2 - Compromised, possibly dangerous",1950.0,1940 or later,Frame,2.0,1024.0,Single Family,Mothball,2020-08-28,No,600.0
40.4579965533,-79.9001367513,"7022 FRANKSTOWN AVE, Pittsburgh, 15208",Homewood South,9,2.0,"2 - Compromised, possibly dangerous",1930.0,1901 to 1939,Masonry,2.5,2619.0,Three Family,Save first,2026-04-07,No,545.0
40.4580892705,-79.900535873,"7014 FRANKSTOWN AVE, Pittsburgh, PA 15208",Homewood South,9,2.0,"2 - Compromised, possibly dangerous",1935.0,1901 to 1939,Masonry,2.0,2512.0,Single Family,Save first,2020-08-28,No,560.0
40.4576777956,-79.9011016631,"7005 1/2 BENNETT ST, Pittsburgh, 15208",Homewood South,9,2.0,"2 - Compromised, possibly dangerous",1920.0,1901 to 1939,Masonry,2.0,896.0,Rowhouse,Save first,2022-03-30,No,527.0
40.457666349,-79.9010469125,"7007 BENNETT ST, Pittsburgh, 15208",Homewood South,9,2.0,"2 - Compromised, possibly dangerous",1920.0,1901 to 1939,Masonry,2.0,896.0,Rowhouse,Save first,2020-08-21,No,525.0
40.4577023071,-79.900840741,"7011 BENNETT ST, Pittsburgh, 15208",Homewood South,9,,Not scored,1930.0,1901 to 1939,Masonry,2.0,2368.0,Single Family,Not scored,2024-09-27,No,524.0
40.4576843613,-79.9007462104,"7013 BENNETT ST, Pittsburgh, 15208",Homewood South,9,,Not scored,1930.0,1901 to 1939,Masonry,2.5,2438.0,Single Family,Not scored,2025-04-04,No,520.0
40.4573770367,-79.908283474,"6719 HAMILTON AVE, Pittsburgh, PA 15208",Homewood West,9,,Not scored,1930.0,1901 to 1939,Masonry,2.0,2000.0,Single Family,Not scored,2026-03-23,Yes,265.0
40.4575627303,-79.9039822806,"708 N DALLAS AVE, Pittsburgh, PA 15208",Homewood West,9,1.0,"1 - Intact, no immediate danger",,Unknown,Unknown,,,Small Detached Ret(Under 10000),Mothball,2026-08-05,No,546.0
40.4568159949,-79.9038397809,"6912 KELLY ST, Pittsburgh, 15208",Homewood West,9,3.0,"3 - Compromised, dangerous",1900.0,1900 (possible default),Frame,2.0,2237.0,Single Family,Salvage,2022-01-11,No,560.0
40.4563447806,-79.9037634347,"6919 HAMILTON AVE, Pittsburgh, 15208",Homewood West,9,2.0,"2 - Compromised, possibly dangerous",1887.0,Before 1900,Frame,2.0,1140.0,Single Family,Mothball,2020-09-01,No,518.0
40.4564954857,-79.9000260525,"7041 KELLY ST, Pittsburgh, 15208",Homewood South,9,2.0,"2 - Compromised, possibly dangerous",1930.0,1901 to 1939,Frame,2.5,2471.0,Single Family,Mothball,2025-06-16,Yes,380.0
40.4564263756,-79.8997233167,"7047 KELLY ST, Pittsburgh, 15208",Homewood South,9,2.0,"2 - Compromised, possibly dangerous",1920.0,1901 to 1939,Frame,2.0,2088.0,Single Family,Mothball,2020-09-02,Yes,369.0
40.4562984862,-79.9035509738,"6927 1/2 HAMILTON AVE, Pittsburgh, 15208",Homewood West,9,1.0,"1 - Intact, no immediate danger",1915.0,1901 to 1939,Masonry,2.0,1320.0,Rowhouse,Save first,2026-07-29,No,502.0
40.4562820681,-79.9034868987,"6929 HAMILTON AVE, Pittsburgh, 15208",Homewood West,9,1.0,"1 - Intact, no immediate danger",1915.0,1901 to 1939,Masonry,2.0,1320.0,Rowhouse,Save first,2026-07-29,No,497.0
40.4562649736,-79.9034046402,"6933 HAMILTON AVE, Pittsburgh, 15208",Homewood West,9,,Not scored,1910.0,1901 to 1939,Masonry,2.0,2075.0,Single Family,Not scored,2025-06-04,No,491.0
40.4561106737,-79.9027326731,"6949 HAMILTON AVE, Pittsburgh, 15208",Homewood West,9,3.0,"3 - Compromised, dangerous",1910.0,1901 to 1939,Masonry,2.0,1959.0,Single Family,Salvage,2020-10-20,No,439.0
40.4541455593,-79.9086732238,"6801 THOMAS BLVD, Pittsburgh, 15208",Point Breeze North,9,1.0,"1 - Intact, no immediate danger",1900.0,1900 (possible default),Masonry,2.0,4660.0,Four Family,Save first,2023-12-06,Yes,240.0
40.4549498023,-79.901435185,"7031 SUSQUEHANNA ST, Pittsburgh, 15208",Homewood South,9,3.0,"3 - Compromised, dangerous",1900.0,1900 (possible default),Frame,2.0,1182.0,Two Family,Salvage,2024-06-18,Yes,271.0
40.4374649536,-79.9118333677,"1830 BEECHWOOD BLVD, Pittsburgh, 15217",Squirrel Hill South,5,1.0,"1 - Intact, no immediate danger",1920.0,1901 to 1939,Masonry,2.5,5887.0,Single Family,Save first,2024-09-23,Yes,105.0
40.4247383134,-79.9146405149,"169 ANITA AVE, Pittsburgh, 15217",Squirrel Hill South,5,1.0,"1 - Intact, no immediate danger",1920.0,1901 to 1939,Masonry,2.0,1940.0,Single Family,Save first,2020-10-05,No,935.0
40.4167170963,-79.9147470781,"126 BLACKMORE ST, Pittsburgh, 15217",Swisshelm Park,5,3.0,"3 - Compromised, dangerous",1900.0,1900 (possible default),Frame,2.0,1476.0,Single Family,Salvage,2021-07-08,No,750.0
40.3824943729,-79.9314718983,"7 WHEELING ST, Pittsburgh, 15207",Hays,5,2.0,"2 - Compromised, possibly dangerous",1910.0,1901 to 1939,Frame,2.0,1986.0,Two Family,Mothball,2020-09-10,No,2279.0
40.3826579876,-79.9314094157,"3 WHEELING ST, Pittsburgh, 15207",Hays,5,1.0,"1 - Intact, no immediate danger",1906.0,1901 to 1939,Frame,2.0,2096.0,Two Family,Mothball,2023-11-17,No,2297.0
40.382307456,-79.9292664906,"642 MIFFLIN RD, Pittsburgh, PA 15207",Hays,5,,Not scored,1896.0,Before 1900,Frame,2.0,1328.0,Single Family,Not scored,2021-01-12,No,2271.0
40.382072828,-79.9322627774,"24 WHEELING ST, Pittsburgh, 15207",Hays,5,1.0,"1 - Intact, no immediate danger",1850.0,Before 1900,Frame,2.0,1540.0,Single Family,Mothball,2023-05-30,No,2231.0
40.3774679631,-79.9258234018,"15 LEBANON RD, Pittsburgh, PA 15207",Lincoln Place,5,2.0,"2 - Compromised, possibly dangerous",1920.0,1901 to 1939,Frame,2.0,1024.0,Two Family,Mothball,2021-02-12,No,1795.0
40.3821442417,-79.9335226494,"618 CALERA ST, Pittsburgh, 15207",Hays,5,1.0,"1 - Intact, no immediate danger",1900.0,1900 (possible default),Frame,2.0,1280.0,Single Family,Mothball,2024-08-23,No,2242.0
40.3811888541,-79.9349743523,No primary address specified,Hays,5,1.0,"1 - Intact, no immediate danger",,Unknown,Unknown,,,Res Aux Building (No House),Mothball,2024-12-02,No,2146.0
40.3810506743,-79.9350797537,"662 BALDWIN RD, Pittsburgh, PA 15207",Hays,5,1.0,"1 - Intact, no immediate danger",1900.0,1900 (possible default),Masonry,2.0,2756.0,Single Family,Save first,2024-06-05,No,2132.0
40.379674792,-79.9355355767,"705 BALDWIN RD, Pittsburgh, 15207",Hays,5,1.0,"1 - Intact, no immediate danger",1920.0,1901 to 1939,Frame,1.5,1089.0,Single Family,Mothball,2026-03-27,No,1986.0
40.3827373033,-79.9817327581,"149 CLAUS AVE, Pittsburgh, 15227",Carrick,4,,Not scored,1951.0,1940 or later,Masonry,2.0,1100.0,Single Family,Not scored,2023-12-04,Yes,376.0
40.382722079,-79.979368584,"52 STEWART AVE, Pittsburgh, 15227",Carrick,4,3.0,"3 - Compromised, dangerous",1901.0,1901 to 1939,Frame,2.0,2044.0,Single Family,Salvage,2020-09-09,Yes,206.0
40.3811179859,-79.9812177852,"148 OWENDALE AVE, Pittsburgh, 15227",Carrick,4,,Not scored,1929.0,1901 to 1939,Masonry,1.0,1472.0,Single Family,Not scored,2024-01-02,No,414.0
40.3839871411,-79.9981772706,"1 SELDON PL, Pittsburgh, PA 15234",Overbrook,4,2.0,"2 - Compromised, possibly dangerous",1945.0,1940 or later,Frame,1.0,572.0,Single Family,Mothball,2025-04-07,Yes,172.0
40.3846191066,-79.9941725854,"816 MAYTIDE ST, Pittsburgh, 15227",Overbrook,4,1.0,"1 - Intact, no immediate danger",,Unknown,Unknown,,,Res Aux Building (No House),Mothball,2026-07-24,Yes,157.0
40.384191426,-79.9919294555,"712 MAYTIDE ST, Pittsburgh, 15227",Carrick,4,1.0,"1 - Intact, no immediate danger",1930.0,1901 to 1939,Masonry,2.0,1120.0,Single Family,Save first,2026-05-08,Yes,351.0
40.3837476635,-79.9920562296,"715 MAYTIDE ST, Pittsburgh, 15227",Overbrook,4,2.0,"2 - Compromised, possibly dangerous",1927.0,1901 to 1939,Masonry,2.0,928.0,Single Family,Save first,2024-10-24,Yes,360.0
40.3809706063,-79.9984211063,"2536 KINGWOOD ST, Pittsburgh, 15234",Overbrook,4,1.0,"1 - Intact, no immediate danger",1901.0,1901 to 1939,Frame,2.0,1444.0,Single Family,Mothball,2020-09-03,Yes,248.0
40.3803768264,-79.993389767,"2604 IVYGLEN ST, Pittsburgh, PA 15227",Overbrook,4,1.0,"1 - Intact, no immediate danger",1950.0,1940 or later,Masonry,2.0,2640.0,Three Family,Mothball,2020-07-21,Yes,381.0
40.3810818354,-79.9926765104,"126 ODETTE ST, Pittsburgh, 15227",Overbrook,4,3.0,"3 - Compromised, dangerous",1924.0,1901 to 1939,Frame,1.0,616.0,Single Family,Salvage,2026-06-18,Yes,383.0
40.3820131602,-79.9869044913,"3 ESTHER ST, Pittsburgh, 15227",Overbrook,4,3.0,"3 - Compromised, dangerous",1900.0,1900 (possible default),Masonry,2.0,1277.0,Single Family,Salvage,2025-10-13,No,646.0
40.3791584685,-79.9984216503,"2543 HOMEHURST AVE, Pittsburgh, PA 15234",Overbrook,4,3.0,"3 - Compromised, dangerous",1929.0,1901 to 1939,Frame,2.0,1300.0,Single Family,Salvage,2025-10-27,No,425.0
40.3827875526,-80.000818586,"232 RICHFIELD ST, Pittsburgh, 15234",Overbrook,4,,Not scored,1928.0,1901 to 1939,Masonry,2.0,2054.0,Single Family,Not scored,2026-03-05,Yes,342.0
40.3796569746,-80.0012162484,"2644 LIBRARY RD, Pittsburgh, 15234",Overbrook,4,1.0,"1 - Intact, no immediate danger",1930.0,1901 to 1939,Masonry,2.0,1360.0,Single Family,Save first,2020-09-03,Yes,363.0
40.4917279908,-80.0225703686,"4041 VINCETON ST, Pittsburgh, PA 15214",Perry North,1,2.0,"2 - Compromised, possibly dangerous",1900.0,1900 (possible default),Frame,2.0,2218.0,Single Family,Mothball,2024-11-21,No,460.0
40.4721986531,-79.8984929239,"6965 LEMINGTON AVE, Pittsburgh, 15206",Lincoln-Lemington-Belmar,9,2.0,"2 - Compromised, possibly dangerous",1910.0,1901 to 1939,Frame,2.0,1530.0,Single Family,Mothball,2023-06-01,No,427.0
40.4728074284,-79.8984301013,"6912 CHURCHLAND ST, Pittsburgh, 15206",Lincoln-Lemington-Belmar,9,,Not scored,1940.0,1940 or later,Frame,2.0,1310.0,Single Family,Not scored,2025-03-11,No,468.0
40.4731627981,-79.8980420222,"6909 CHURCHLAND ST, Pittsburgh, PA 15206",Lincoln-Lemington-Belmar,9,1.0,"1 - Intact, no immediate danger",1930.0,1901 to 1939,Masonry,2.0,1320.0,Single Family,Save first,2020-08-27,No,475.0
40.472982819,-79.8966692524,"6941 WILTSIE ST, Pittsburgh, 15206",Lincoln-Lemington-Belmar,9,2.0,"2 - Compromised, possibly dangerous",1920.0,1901 to 1939,Frame,1.0,688.0,Single Family,Mothball,2020-09-10,Yes,395.0
40.4730926074,-79.8963383734,"6940 HARTMAN LN, Pittsburgh, 15206",Lincoln-Lemington-Belmar,9,1.0,"1 - Intact, no immediate danger",1950.0,1940 or later,Masonry,2.0,1440.0,Single Family,Mothball,2026-07-29,Yes,393.0
40.4731792444,-79.8921077843,"7072 EBEL ST, Pittsburgh, 15206",Lincoln-Lemington-Belmar,9,2.0,"2 - Compromised, possibly dangerous",1900.0,1900 (possible default),Frame,2.0,2021.0,Single Family,Mothball,2026-03-10,Yes,135.0
40.472498061,-79.8892970203,"1733 LAPORTE ST, Pittsburgh, PA 15206",Lincoln-Lemington-Belmar,9,1.0,"1 - Intact, no immediate danger",1930.0,1901 to 1939,Masonry,2.0,1216.0,Single Family,Save first,2021-05-18,Yes,55.0
40.4724875744,-79.8883275302,"1805 FUNSTON AVE, Pittsburgh, PA 15235",Lincoln-Lemington-Belmar,9,2.0,"2 - Compromised, possibly dangerous",1915.0,1901 to 1939,Masonry,2.0,1344.0,Single Family,Save first,2022-06-01,Yes,69.0
40.4718030551,-79.8956479115,"7107 WILTSIE ST, Pittsburgh, 15206",Lincoln-Lemington-Belmar,9,,Not scored,1945.0,1940 or later,Masonry,1.5,1459.0,Single Family,Not scored,2026-04-17,Yes,240.0
40.4716805219,-79.8963296447,"7028 WILTSIE ST, Pittsburgh, 15206",Lincoln-Lemington-Belmar,9,2.0,"2 - Compromised, possibly dangerous",1930.0,1901 to 1939,Masonry,2.0,1152.0,Single Family,Save first,2025-12-18,Yes,257.0
40.4718848457,-79.8964618938,"7020 WILTSIE ST, Pittsburgh, 15206",Lincoln-Lemington-Belmar,9,2.0,"2 - Compromised, possibly dangerous",1910.0,1901 to 1939,Frame,2.0,1885.0,Single Family,Mothball,2020-09-10,Yes,282.0
40.471412264,-79.8973082991,"7014 CHURCHLAND ST, Pittsburgh, 15206",Lincoln-Lemington-Belmar,9,2.0,"2 - Compromised, possibly dangerous",1925.0,1901 to 1939,Masonry,2.0,1364.0,Single Family,Save first,2020-12-01,Yes,295.0
40.4706638223,-79.8972123437,"7033 LEMINGTON AVE, Pittsburgh, PA 15206",Lincoln-Lemington-Belmar,9,,Not scored,1920.0,1901 to 1939,Masonry,2.0,2192.0,Single Family,Not scored,2026-09-16,Yes,226.0
40.4698657191,-79.8990520906,"1349 PAULSON AVE, Pittsburgh, 15206",Lincoln-Lemington-Belmar,9,2.0,"2 - Compromised, possibly dangerous",1924.0,1901 to 1939,Masonry,2.0,1774.0,Single Family,Save first,2026-05-14,Yes,279.0
40.4699413426,-79.8987126178,"1361 PAULSON AVE, Pittsburgh, PA 15206",Lincoln-Lemington-Belmar,9,2.0,"2 - Compromised, possibly dangerous",1920.0,1901 to 1939,Masonry,2.0,1320.0,Single Family,Save first,2020-09-08,Yes,260.0
40.4699590812,-79.8986545626,"1363 PAULSON AVE, Pittsburgh, PA 15206",Lincoln-Lemington-Belmar,9,1.0,"1 - Intact, no immediate danger",1920.0,1901 to 1939,Masonry,2.0,1320.0,Single Family,Save first,2020-09-08,Yes,257.0
40.4699734193,-79.8985912511,"1365 PAULSON AVE, Pittsburgh, 15206",Lincoln-Lemington-Belmar,9,2.0,"2 - Compromised, possibly dangerous",1920.0,1901 to 1939,Masonry,2.0,1320.0,Single Family,Save first,2020-09-08,Yes,253.0
40.4699837304,-79.8985244552,"1367 PAULSON AVE, Pittsburgh, 15206",Lincoln-Lemington-Belmar,9,2.0,"2 - Compromised, possibly dangerous",1920.0,1901 to 1939,Masonry,2.0,1320.0,Single Family,Save first,2020-09-08,Yes,249.0
40.4702925387,-79.898823838,"1358 MISSOURI ST, Pittsburgh, 15206",Lincoln-Lemington-Belmar,9,,Not scored,1920.0,1901 to 1939,Masonry,2.0,1138.0,Single Family,Not scored,2026-05-22,Yes,288.0
40.4707013252,-79.8987971843,"1361 MISSOURI ST, Pittsburgh, 15206",Lincoln-Lemington-Belmar,9,2.0,"2 - Compromised, possibly dangerous",1927.0,1901 to 1939,Masonry,2.0,1064.0,Single Family,Save first,2026-04-23,Yes,314.0
40.4703812296,-79.8915545405,"1631 WESTMORELAND AVE, Pittsburgh, 15206",Lincoln-Lemington-Belmar,9,,Not scored,1900.0,1900 (possible default),Frame,2.0,1382.0,Single Family,Not scored,2026-04-22,Yes,78.0
40.470684342,-79.8919768582,"1614 LINCOLN AVE, Pittsburgh, 15206",Lincoln-Lemington-Belmar,9,2.0,"2 - Compromised, possibly dangerous",1929.0,1901 to 1939,Masonry,2.0,1270.0,Single Family,Save first,2020-09-03,Yes,32.0
40.4703000582,-79.8925505533,"1600 LINCOLN AVE, Pittsburgh, 15206",Lincoln-Lemington-Belmar,9,2.0,"2 - Compromised, possibly dangerous",1901.0,1901 to 1939,Frame,2.0,1280.0,Single Family,Mothball,2020-09-03,Yes,31.0
40.4716535308,-79.8941408725,"7141 ROSS GARDEN RD, Pittsburgh, 15206",Lincoln-Lemington-Belmar,9,,Not scored,1950.0,1940 or later,Masonry,1.0,1296.0,Single Family,Not scored,2024-01-08,Yes,164.0
40.4709471831,-79.8910462402,"1657 ELROD Way, Pittsburgh, 15206",Lincoln-Lemington-Belmar,9,,Not scored,1920.0,1901 to 1939,Frame,2.0,1344.0,Single Family,Not scored,2025-04-02,Yes,87.0
40.4700452517,-79.8910752782,"1634 WESTMORELAND AVE, Pittsburgh, 15206",Lincoln-Lemington-Belmar,9,3.0,"3 - Compromised, dangerous",1920.0,1901 to 1939,Frame,2.0,1012.0,Single Family,Salvage,2020-07-20,Yes,132.0
40.4701146781,-79.8884702411,"1704 GOPHER ST, Pittsburgh, 15206",Lincoln-Lemington-Belmar,9,3.0,"3 - Compromised, dangerous",1900.0,1900 (possible default),Masonry,2.0,2012.0,Single Family,Salvage,2020-12-29,Yes,314.0
40.4719913348,-79.8897006327,"1712 LAPORTE ST, Pittsburgh, 15206",Lincoln-Lemington-Belmar,9,1.0,"1 - Intact, no immediate danger",1925.0,1901 to 1939,Masonry,2.0,1055.0,Single Family,Save first,2020-09-03,Yes,106.0
40.4708660052,-79.8886984819,"7276 VERONA BLVD, Pittsburgh, 15235",Lincoln-Lemington-Belmar,9,2.0,"2 - Compromised, possibly dangerous",1936.0,1901 to 1939,Masonry,2.0,1334.0,Single Family,Save first,2020-09-09,Yes,229.0
40.4707902915,-79.8884763159,"7280 VERONA BLVD, Pittsburgh, 15235",Lincoln-Lemington-Belmar,9,3.0,"3 - Compromised, dangerous",1920.0,1901 to 1939,Masonry,2.0,1404.0,Single Family,Salvage,2020-09-09,Yes,240.0
40.4721269994,-79.8881183271,"1810 FUNSTON AVE, Pittsburgh, PA 15235",Lincoln-Lemington-Belmar,9,3.0,"3 - Compromised, dangerous",1956.0,1940 or later,Masonry,1.0,1096.0,Single Family,Salvage,2022-06-01,Yes,112.0
40.4691381555,-79.8967165994,"7082 LEMINGTON AVE, Pittsburgh, PA 15206",Lincoln-Lemington-Belmar,9,2.0,"2 - Compromised, possibly dangerous",,Unknown,Unknown,,,Retl/Stor Over,Mothball,2024-07-08,Yes,69.0
40.4689479751,-79.8979780676,"1363 MONTEZUMA ST, Pittsburgh, 15206",Lincoln-Lemington-Belmar,9,2.0,"2 - Compromised, possibly dangerous",1930.0,1901 to 1939,Masonry,2.0,1886.0,Single Family,Save first,2024-02-06,Yes,144.0
40.4685571227,-79.8979332419,"1362 MONTEZUMA ST, Pittsburgh, 15206",Lincoln-Lemington-Belmar,9,3.0,"3 - Compromised, dangerous",1920.0,1901 to 1939,Frame,2.0,2075.0,Single Family,Salvage,2022-07-06,Yes,108.0
40.4684562685,-79.8971233123,"1344 MANNING ST, Pittsburgh, 15206",Lincoln-Lemington-Belmar,9,2.0,"2 - Compromised, possibly dangerous",1885.0,Before 1900,Frame,2.0,1380.0,Single Family,Mothball,2024-02-07,Yes,64.0
40.4683222995,-79.8954145578,"7117 LEMINGTON AVE, Pittsburgh, 15206",Lincoln-Lemington-Belmar,9,2.0,"2 - Compromised, possibly dangerous",1920.0,1901 to 1939,Masonry,2.0,1587.0,Single Family,Save first,2020-09-03,Yes,71.0
40.4674614692,-79.895390274,"7140 LEMINGTON AVE, Pittsburgh, 15206",Lincoln-Lemington-Belmar,9,2.0,"2 - Compromised, possibly dangerous",1900.0,1900 (possible default),Masonry,2.0,1440.0,Single Family,Save first,2025-03-17,Yes,136.0
40.4676051435,-79.8958647143,"1410 GROTTO ST, Pittsburgh, 15206",Lincoln-Lemington-Belmar,9,,Not scored,,Unknown,Unknown,,,"Churches, Public Worship",Not scored,2026-03-02,Yes,93.0
40.4678932735,-79.8966460116,"1404 LINCOLN AVE, Pittsburgh, 15206",Lincoln-Lemington-Belmar,9,3.0,"3 - Compromised, dangerous",,Unknown,Unknown,,,Retl/Apt'S Over,Demolish,2026-07-28,Yes,21.0
40.4673412611,-79.8952990853,"7144 LEMINGTON AVE, Pittsburgh, 15206",Lincoln-Lemington-Belmar,9,2.0,"2 - Compromised, possibly dangerous",1910.0,1901 to 1939,Masonry,2.0,2180.0,Single Family,Save first,2025-03-17,Yes,148.0
40.4676699446,-79.8949390322,"7143 LEMINGTON AVE, Pittsburgh, 15206",Lincoln-Lemington-Belmar,9,,Not scored,1920.0,1901 to 1939,Masonry,2.0,1176.0,Single Family,Not scored,2026-07-29,Yes,149.0
40.4695922247,-79.8931399521,"1559 WESTMORELAND AVE, Pittsburgh, PA 15206",Lincoln-Lemington-Belmar,9,,Not scored,1920.0,1901 to 1939,Masonry,2.0,1260.0,Single Family,Not scored,2024-11-21,Yes,74.0
40.4696258244,-79.8930604407,"1573 ELROD Way, Pittsburgh, PA 15206",Lincoln-Lemington-Belmar,9,2.0,"2 - Compromised, possibly dangerous",1920.0,1901 to 1939,Frame,2.0,1120.0,Single Family,Mothball,2020-07-20,Yes,77.0
40.4682941184,-79.8945045747,"1502 WESTMORELAND AVE, Pittsburgh, 15206",Lincoln-Lemington-Belmar,9,1.0,"1 - Intact, no immediate danger",1925.0,1901 to 1939,Masonry,2.0,1200.0,Single Family,Save first,2020-07-20,Yes,140.0
40.4678753234,-79.8940948939,"1304 WESTMORELAND AVE, Pittsburgh, 15206",Lincoln-Lemington-Belmar,9,1.0,"1 - Intact, no immediate danger",1925.0,1901 to 1939,Masonry,2.0,1584.0,Single Family,Save first,2026-01-13,Yes,193.0
40.4679629833,-79.8912590346,"7305 SOMERSET ST, Pittsburgh, PA 15235",Lincoln-Lemington-Belmar,9,2.0,"2 - Compromised, possibly dangerous",1910.0,1901 to 1939,Masonry,2.0,1481.0,Single Family,Save first,2024-05-30,Yes,305.0
40.468965386,-79.8897807537,"1642 WORTHINGTON ST, Pittsburgh, 15206",Lincoln-Lemington-Belmar,9,1.0,"1 - Intact, no immediate danger",1920.0,1901 to 1939,Masonry,1.5,1462.0,Single Family,Save first,2020-09-10,Yes,294.0
40.4671458005,-79.8991423023,"1308 OLIVANT ST, Pittsburgh, 15206",Lincoln-Lemington-Belmar,9,3.0,"3 - Compromised, dangerous",1920.0,1901 to 1939,Frame,2.0,1228.0,Single Family,Salvage,2020-09-08,Yes,141.0
40.4670908259,-79.8980818672,"1320 POINTVIEW ST, Pittsburgh, PA 15206",Lincoln-Lemington-Belmar,9,2.0,"2 - Compromised, possibly dangerous",1920.0,1901 to 1939,Frame,2.0,1660.0,Single Family,Mothball,2020-09-08,Yes,78.0
40.466272648,-79.8982560117,"1271 ARBOR ST, Pittsburgh, 15206",Lincoln-Lemington-Belmar,9,2.0,"2 - Compromised, possibly dangerous",1910.0,1901 to 1939,Masonry,2.0,1200.0,Single Family,Save first,2026-07-06,Yes,45.0
40.4654617008,-79.898583897,"1221 LINCOLN AVE, Pittsburgh, 15206",Lincoln-Lemington-Belmar,9,2.0,"2 - Compromised, possibly dangerous",1905.0,1901 to 1939,Frame,2.0,1184.0,Single Family,Mothball,2020-09-03,Yes,80.0
40.4663603461,-79.8971474642,"1258 LINCOLN AVE, Pittsburgh, 15206",Lincoln-Lemington-Belmar,9,2.0,"2 - Compromised, possibly dangerous",1925.0,1901 to 1939,Frame,1.5,1122.0,Single Family,Mothball,2020-09-03,Yes,53.0
40.4669426786,-79.8965160102,"1329 GROTTO ST, Pittsburgh, 15206",Lincoln-Lemington-Belmar,9,2.0,"2 - Compromised, possibly dangerous",1920.0,1901 to 1939,Masonry,2.0,1387.0,Single Family,Save first,2025-05-28,Yes,110.0
40.4667214879,-79.8965707354,"1323 GROTTO ST, Pittsburgh, 15206",Lincoln-Lemington-Belmar,9,2.0,"2 - Compromised, possibly dangerous",1920.0,1901 to 1939,Masonry,1.0,855.0,Single Family,Save first,2021-04-09,Yes,107.0
40.4651887046,-79.8968565189,"1231 GROTTO ST, Pittsburgh, 15206",Lincoln-Lemington-Belmar,9,1.0,"1 - Intact, no immediate danger",1930.0,1901 to 1939,Masonry,2.0,1440.0,Single Family,Save first,2020-09-01,Yes,120.0
40.4671609573,-79.896029098,"1332 GROTTO ST, Pittsburgh, 15206",Lincoln-Lemington-Belmar,9,1.0,"1 - Intact, no immediate danger",1925.0,1901 to 1939,Masonry,2.0,1136.0,Single Family,Save first,2021-01-15,Yes,109.0
40.4673294285,-79.8907265779,"7283 LEMINGTON AVE, Pittsburgh, 15206",Lincoln-Lemington-Belmar,9,2.0,"2 - Compromised, possibly dangerous",1920.0,1901 to 1939,Masonry,2.0,1320.0,Single Family,Save first,2020-08-20,Yes,388.0
40.4673352619,-79.8901106462,"7297 LEMINGTON AVE, Pittsburgh, 15206",Lincoln-Lemington-Belmar,9,3.0,"3 - Compromised, dangerous",1930.0,1901 to 1939,Masonry,2.0,1416.0,Single Family,Salvage,2020-08-20,No,414.0
40.4673163221,-79.8898263894,"7301 LEMINGTON AVE, Pittsburgh, 15235",Lincoln-Lemington-Belmar,9,2.0,"2 - Compromised, possibly dangerous",1920.0,1901 to 1939,Other,2.0,1200.0,Single Family,Mothball,2026-04-17,No,430.0
40.4669913986,-79.8893291165,"7317 LEMINGTON AVE, Pittsburgh, 15235",Lincoln-Lemington-Belmar,9,,Not scored,1955.0,1940 or later,Masonry,1.0,1296.0,Single Family,Not scored,2026-04-17,No,484.0
40.4666441577,-79.89060459,"1541 OAKDENE ST, Pittsburgh, 15206",Lincoln-Lemington-Belmar,9,2.0,"2 - Compromised, possibly dangerous",1900.0,1900 (possible default),Masonry,2.0,992.0,Single Family,Save first,2020-09-08,No,461.0
40.4656185145,-79.890689296,"1504 OAKDENE ST, Pittsburgh, 15206",Lincoln-Lemington-Belmar,9,2.0,"2 - Compromised, possibly dangerous",1920.0,1901 to 1939,Frame,1.0,880.0,Single Family,Mothball,2020-09-08,No,557.0
40.466067282,-79.8906953638,"1520 OAKDENE ST, Pittsburgh, 15206",Lincoln-Lemington-Belmar,9,2.0,"2 - Compromised, possibly dangerous",1920.0,1901 to 1939,Masonry,2.0,1412.0,Single Family,Save first,2020-09-08,No,514.0
40.4660765264,-79.8903398094,"1521 OBERLIN ST, Pittsburgh, 15206",Lincoln-Lemington-Belmar,9,3.0,"3 - Compromised, dangerous",1910.0,1901 to 1939,Frame,1.0,1216.0,Single Family,Salvage,2020-10-19,No,527.0
40.4664436866,-79.8898408995,"1538 OBERLIN ST, Pittsburgh, 15206",Lincoln-Lemington-Belmar,9,3.0,"3 - Compromised, dangerous",1930.0,1901 to 1939,Frame,2.0,1248.0,Single Family,Salvage,2020-09-08,No,510.0
40.4668755273,-79.8898642366,"1550 OBERLIN ST, Pittsburgh, 15206",Lincoln-Lemington-Belmar,9,,Not scored,1910.0,1901 to 1939,Frame,2.0,1088.0,Single Family,Not scored,2020-09-08,No,468.0
40.4639106153,-79.8955166895,"7101 APPLE ST, Pittsburgh, PA 15206",Lincoln-Lemington-Belmar,9,2.0,"2 - Compromised, possibly dangerous",1925.0,1901 to 1939,Masonry,2.5,7074.0,Single Family,Save first,2020-07-31,Yes,301.0
40.4630998496,-79.8965583193,"7102 CHAUCER ST, Pittsburgh, 15208",Homewood North,9,,Not scored,1900.0,1900 (possible default),Frame,2.0,1360.0,Single Family,Not scored,2025-06-04,Yes,269.0
40.4634434376,-79.8980909278,"7026 CHAUCER ST, Pittsburgh, PA 15208",Homewood North,9,,Not scored,1900.0,1900 (possible default),Masonry,2.5,1536.0,Single Family,Not scored,2026-04-17,Yes,153.0
40.4635341252,-79.8994018064,"1509 N MURTLAND ST, Pittsburgh, 15208",Homewood West,9,1.0,"1 - Intact, no immediate danger",1920.0,1901 to 1939,Masonry,2.0,1200.0,Rowhouse,Save first,2020-07-13,Yes,123.0
40.4634265984,-79.8989706285,"1508 1/2 N MURTLAND ST, Pittsburgh, PA 15208",Homewood North,9,2.0,"2 - Compromised, possibly dangerous",1900.0,1900 (possible default),Masonry,2.0,1170.0,Rowhouse,Save first,2022-04-25,Yes,133.0
40.4633915138,-79.8989841751,"1508 N MURTLAND ST, Pittsburgh, PA 15208",Homewood North,9,2.0,"2 - Compromised, possibly dangerous",1900.0,1900 (possible default),Masonry,2.0,1084.0,Rowhouse,Save first,2022-04-25,Yes,136.0
40.4632065522,-79.8990559725,"1500 N MURTLAND ST, Pittsburgh, 15208",Homewood North,9,1.0,"1 - Intact, no immediate danger",1900.0,1900 (possible default),Masonry,2.0,1216.0,Single Family,Save first,2021-09-10,Yes,157.0
40.4632440984,-79.898701573,"7013 UPLAND ST, Pittsburgh, 15208",Homewood North,9,2.0,"2 - Compromised, possibly dangerous",1900.0,1900 (possible default),Frame,2.0,1122.0,Single Family,Mothball,2024-03-01,Yes,155.0
40.4632432444,-79.8985898481,"7015 1/2 UPLAND ST, Pittsburgh, 15208",Homewood North,9,3.0,"3 - Compromised, dangerous",1900.0,1900 (possible default),Masonry,2.0,1090.0,Rowhouse,Salvage,2020-09-09,Yes,157.0
40.4631960217,-79.8985477862,"7017 UPLAND ST, Pittsburgh, 15208",Homewood North,9,3.0,"3 - Compromised, dangerous",1900.0,1900 (possible default),Masonry,2.0,1090.0,Rowhouse,Salvage,2020-05-21,Yes,163.0
40.4632282798,-79.8986435468,"7015 UPLAND ST, Pittsburgh, PA 15208",Homewood North,9,3.0,"3 - Compromised, dangerous",1900.0,1900 (possible default),Masonry,2.0,1090.0,Rowhouse,Salvage,2020-05-21,Yes,158.0
40.463193345,-79.8984830847,"7019 UPLAND ST, Pittsburgh, 15208",Homewood North,9,2.0,"2 - Compromised, possibly dangerous",1900.0,1900 (possible default),Frame,2.5,1814.0,Single Family,Mothball,2024-03-20,Yes,165.0
40.4630660232,-79.8979366378,"7035 UPLAND ST, Pittsburgh, 15208",Homewood North,9,2.0,"2 - Compromised, possibly dangerous",1900.0,1900 (possible default),Frame,2.5,1426.0,Single Family,Mothball,2024-03-20,Yes,196.0
40.4628248667,-79.8968659355,"7115 UPLAND ST, Pittsburgh, 15208",Homewood North,9,2.0,"2 - Compromised, possibly dangerous",1900.0,1900 (possible default),Masonry,2.5,1758.0,Single Family,Save first,2020-05-29,Yes,270.0
40.4625621881,-79.8987357441,"7019 MOUNT VERNON ST, Pittsburgh, PA 15208",Homewood North,9,2.0,"2 - Compromised, possibly dangerous",1915.0,1901 to 1939,Masonry,2.0,2096.0,Two Family,Save first,2020-09-04,Yes,229.0
40.4632993738,-79.8915019491,"1344 SILVERTON AVE, Pittsburgh, PA 15206",Lincoln-Lemington-Belmar,9,2.0,"2 - Compromised, possibly dangerous",1940.0,1940 or later,Masonry,2.0,1568.0,Single Family,Mothball,2020-08-17,No,613.0
40.463760835,-79.8915127695,"279 SILVERTON AVE, Pittsburgh, 15206",Lincoln-Lemington-Belmar,9,2.0,"2 - Compromised, possibly dangerous",1955.0,1940 or later,Frame,2.0,1554.0,Single Family,Mothball,2026-08-27,No,589.0
40.4632084992,-79.8927932172,No primary address specified,Lincoln-Lemington-Belmar,9,,Not scored,,Unknown,Unknown,,,Owned By Metro Housing Au,Not scored,2025-03-11,No,525.0
40.4631100444,-79.8922045021,"7221 EVERTON ST, Pittsburgh, PA 15206",Lincoln-Lemington-Belmar,9,2.0,"2 - Compromised, possibly dangerous",1964.0,1940 or later,Masonry,2.0,1440.0,Single Family,Mothball,2020-12-30,No,572.0
40.4627152704,-79.8936819417,"7201 STRANAHAN ST, Pittsburgh, 15206",Lincoln-Lemington-Belmar,9,1.0,"1 - Intact, no immediate danger",1900.0,1900 (possible default),Frame,2.0,1240.0,Single Family,Mothball,2024-02-07,No,497.0
40.4629823674,-79.8906015232,"1336 OAKDENE ST, Pittsburgh, 15206",Lincoln-Lemington-Belmar,9,,Not scored,1955.0,1940 or later,Masonry,2.0,966.0,Single Family,Not scored,2026-01-20,No,696.0
40.4635259254,-79.8906152738,"1408 OAKDENE ST, Pittsburgh, 15206",Lincoln-Lemington-Belmar,9,,Not scored,1953.0,1940 or later,Masonry,1.0,768.0,Single Family,Not scored,2024-07-02,No,669.0
40.4636648195,-79.890277456,"1411 OBERLIN ST, Pittsburgh, 15206",Lincoln-Lemington-Belmar,9,2.0,"2 - Compromised, possibly dangerous",1952.0,1940 or later,Masonry,1.0,1626.0,Single Family,Mothball,2020-09-08,No,690.0
40.4624685362,-79.8953054843,"7151 UPLAND ST, Pittsburgh, 15208",Homewood North,9,1.0,"1 - Intact, no immediate danger",1920.0,1901 to 1939,Frame,2.0,1650.0,Single Family,Mothball,2026-07-29,Yes,395.0
40.4622722596,-79.8974022368,"7101 MOUNT VERNON ST, Pittsburgh, PA 15208",Homewood North,9,2.0,"2 - Compromised, possibly dangerous",1915.0,1901 to 1939,Masonry,2.0,1650.0,Single Family,Save first,2024-02-07,Yes,294.0
40.4614415629,-79.8956133299,"7142 MOUNT VERNON ST, Pittsburgh, PA 15208",Homewood North,9,2.0,"2 - Compromised, possibly dangerous",1915.0,1901 to 1939,Masonry,2.0,1660.0,Single Family,Save first,2020-09-04,No,456.0
40.4621340819,-79.8986807803,"7026 MOUNT VERNON ST, Pittsburgh, PA 15208",Homewood North,9,2.0,"2 - Compromised, possibly dangerous",1920.0,1901 to 1939,Frame,2.5,1737.0,Single Family,Mothball,2026-05-27,Yes,277.0
40.4619792919,-79.8991510538,"7015 KEDRON ST, Pittsburgh, 15208",Homewood North,9,2.0,"2 - Compromised, possibly dangerous",1900.0,1900 (possible default),Frame,2.0,2061.0,Single Family,Mothball,2020-09-02,Yes,282.0
40.4613209957,-79.8962221219,"7129 KEDRON ST, Pittsburgh, 15208",Homewood North,9,2.0,"2 - Compromised, possibly dangerous",1925.0,1901 to 1939,Masonry,2.5,1956.0,Single Family,Save first,2022-07-26,No,436.0
40.4611208694,-79.895348011,"7149 KEDRON ST, Pittsburgh, 15208",Homewood North,9,,Not scored,1915.0,1901 to 1939,Masonry,2.0,1867.0,Single Family,Not scored,2024-01-16,No,497.0
40.460728536,-79.8954251537,"7152 KEDRON ST, Pittsburgh, 15208",Homewood North,9,,Not scored,1925.0,1901 to 1939,Masonry,2.5,1988.0,Two Family,Not scored,2026-04-17,No,528.0
40.4613279874,-79.8980960314,"7050 KEDRON ST, Pittsburgh, 15208",Homewood North,9,,Not scored,1900.0,1900 (possible default),Frame,2.5,1810.0,Single Family,Not scored,2025-08-05,Yes,373.0
40.4613600715,-79.8982293886,"7046 KEDRON ST, Pittsburgh, 15208",Homewood North,9,2.0,"2 - Compromised, possibly dangerous",1900.0,1900 (possible default),Frame,2.0,1743.0,Single Family,Mothball,2020-09-02,Yes,367.0
40.4615112683,-79.8988839998,"7024 KEDRON ST, Pittsburgh, 15208",Homewood North,9,2.0,"2 - Compromised, possibly dangerous",1900.0,1900 (possible default),Frame,2.0,1668.0,Single Family,Mothball,2020-09-02,Yes,339.0
40.4610983571,-79.8982599541,"7047 HERMITAGE ST, Pittsburgh, 15208",Homewood North,9,2.0,"2 - Compromised, possibly dangerous",1900.0,1900 (possible default),Frame,2.5,2190.0,Single Family,Mothball,2026-08-03,Yes,395.0
40.461083264,-79.8981920277,"7049 HERMITAGE ST, Pittsburgh, 15208",Homewood North,9,2.0,"2 - Compromised, possibly dangerous",1900.0,1900 (possible default),Frame,2.0,1890.0,Single Family,Mothball,2026-08-03,Yes,398.0
40.460176775,-79.8960442927,"7130 HERMITAGE ST, Pittsburgh, 15208",Homewood North,9,2.0,"2 - Compromised, possibly dangerous",1900.0,1900 (possible default),Frame,2.0,2109.0,Single Family,Mothball,2026-04-17,No,553.0
40.4606871896,-79.8982179847,"7052 HERMITAGE ST, Pittsburgh, 15208",Homewood North,9,3.0,"3 - Compromised, dangerous",1900.0,1900 (possible default),Frame,2.0,1560.0,Single Family,Salvage,2021-10-18,No,441.0
40.4607071902,-79.8983010879,"7050 HERMITAGE ST, Pittsburgh, 15208",Homewood North,9,3.0,"3 - Compromised, dangerous",1900.0,1900 (possible default),Frame,2.0,1453.0,Single Family,Salvage,2020-09-01,No,437.0
40.4607246425,-79.898377065,"7048 HERMITAGE ST, Pittsburgh, 15208",Homewood North,9,3.0,"3 - Compromised, dangerous",1900.0,1900 (possible default),Masonry,2.0,1535.0,Single Family,Salvage,2021-10-18,No,435.0
40.4609855282,-79.8994561075,"7012 HERMITAGE ST, Pittsburgh, 15208",Homewood North,9,1.0,"1 - Intact, no immediate danger",1900.0,1900 (possible default),Masonry,2.0,1572.0,Single Family,Save first,2021-10-18,Yes,370.0
40.4617654377,-79.892346196,"7257 UPLAND ST, Pittsburgh, 15208",Homewood North,9,2.0,"2 - Compromised, possibly dangerous",1935.0,1901 to 1939,Masonry,2.0,1276.0,Single Family,Save first,2026-05-13,No,647.0
40.4610076249,-79.8916127143,"7318 UPLAND ST, Pittsburgh, 15208",Homewood North,9,2.0,"2 - Compromised, possibly dangerous",1920.0,1901 to 1939,Frame,1.0,880.0,Single Family,Mothball,2024-06-24,No,745.0
40.4611484371,-79.8943093365,"7204 MOUNT VERNON ST, Pittsburgh, PA 15208",Homewood North,9,2.0,"2 - Compromised, possibly dangerous",1900.0,1900 (possible default),Masonry,2.0,1044.0,Rowhouse,Save first,2025-01-15,No,555.0
40.4607581603,-79.8921329056,"7309 MOUNT VERNON ST, Pittsburgh, PA 15208",Homewood North,9,2.0,"2 - Compromised, possibly dangerous",1910.0,1901 to 1939,Masonry,2.0,1081.0,Rowhouse,Save first,2020-09-04,No,724.0
40.460744275,-79.8920799286,"7311 MOUNT VERNON ST, Pittsburgh, PA 15208",Homewood North,9,1.0,"1 - Intact, no immediate danger",1910.0,1901 to 1939,Masonry,2.0,1015.0,Rowhouse,Save first,2020-09-04,No,728.0
40.4606883463,-79.8918285158,"7321 MOUNT VERNON ST, Pittsburgh, PA 15208",Homewood North,9,2.0,"2 - Compromised, possibly dangerous",1910.0,1901 to 1939,Masonry,2.0,1015.0,Single Family,Save first,2020-09-04,No,749.0
40.4606769812,-79.8917765961,"7323 MOUNT VERNON ST, Pittsburgh, PA 15208",Homewood North,9,2.0,"2 - Compromised, possibly dangerous",1910.0,1901 to 1939,Masonry,2.0,1006.0,Single Family,Save first,2020-09-04,No,754.0
40.4606134814,-79.8915660961,"7331 MOUNT VERNON ST, Pittsburgh, PA 15208",Homewood North,9,2.0,"2 - Compromised, possibly dangerous",1910.0,1901 to 1939,Masonry,2.0,1106.0,Single Family,Save first,2022-05-13,No,772.0
40.4606190575,-79.8915079991,"7333 MOUNT VERNON ST, Pittsburgh, PA 15208",Homewood North,9,2.0,"2 - Compromised, possibly dangerous",1910.0,1901 to 1939,Masonry,2.0,1104.0,Single Family,Save first,2022-05-13,No,776.0
40.4603125058,-79.8925701806,"1310 STERRETT ST, Pittsburgh, 15208",Homewood North,9,1.0,"1 - Intact, no immediate danger",1920.0,1901 to 1939,Masonry,2.0,1797.0,Single Family,Save first,2026-09-02,No,726.0
40.4600424598,-79.8926309301,"1304 STERRETT ST, Pittsburgh, PA 15208",Homewood North,9,1.0,"1 - Intact, no immediate danger",1930.0,1901 to 1939,Masonry,2.0,1892.0,Single Family,Save first,2025-12-23,No,742.0
40.4606145205,-79.8931354845,"7249 KEDRON ST, Pittsburgh, 15208",Homewood North,9,,Not scored,1930.0,1901 to 1939,Masonry,2.0,1304.0,Rowhouse,Not scored,2024-03-01,No,668.0
40.4603067301,-79.8936181046,"7230 KEDRON ST, Pittsburgh, 15208",Homewood North,9,3.0,"3 - Compromised, dangerous",1920.0,1901 to 1939,Masonry,2.0,2286.0,Single Family,Salvage,2025-03-12,No,662.0
40.4601589756,-79.8941526501,"7221 HERMITAGE ST, Pittsburgh, 15208",Homewood North,9,3.0,"3 - Compromised, dangerous",1930.0,1901 to 1939,Masonry,2.0,1701.0,Single Family,Salvage,2024-08-19,No,644.0
40.4602183782,-79.8944109665,"7215 HERMITAGE ST, Pittsburgh, 15208",Homewood North,9,3.0,"3 - Compromised, dangerous",1930.0,1901 to 1939,Masonry,2.0,1744.0,Single Family,Salvage,2020-09-01,No,625.0
40.4602386996,-79.8944975379,"7213 HERMITAGE ST, Pittsburgh, 15208",Homewood North,9,1.0,"1 - Intact, no immediate danger",1930.0,1901 to 1939,Masonry,2.0,2151.0,Single Family,Save first,2020-09-01,No,618.0
40.4615087426,-79.8902456965,"7354 STRANAHAN ST, Pittsburgh, 15206",Homewood North,9,2.0,"2 - Compromised, possibly dangerous",1935.0,1901 to 1939,Masonry,1.0,1618.0,Single Family,Save first,2020-09-10,No,810.0
40.4621928989,-79.8902532433,"1315 OBERLIN ST, Pittsburgh, 15206",Lincoln-Lemington-Belmar,9,2.0,"2 - Compromised, possibly dangerous",1925.0,1901 to 1939,Masonry,2.0,1200.0,Single Family,Save first,2020-09-08,No,766.0
40.4598545587,-79.8960519702,"7143 MONTICELLO ST, Pittsburgh, 15208",Homewood North,9,,Not scored,1920.0,1901 to 1939,Masonry,2.0,1882.0,Single Family,Not scored,2023-05-02,No,585.0
40.459416536,-79.8973449259,"7113 RACE ST, Pittsburgh, PA 15208",Homewood North,9,,Not scored,1915.0,1901 to 1939,Masonry,2.5,2027.0,Single Family,Not scored,2024-10-03,No,593.0
40.4590769032,-79.8976643125,"7106 RACE ST, Pittsburgh, PA 15208",Homewood North,9,2.0,"2 - Compromised, possibly dangerous",1920.0,1901 to 1939,Masonry,2.0,2312.0,Single Family,Save first,2020-09-08,No,624.0
40.4582721299,-79.8955377824,"7207 IDLEWILD ST, Pittsburgh, 15208",Homewood North,9,2.0,"2 - Compromised, possibly dangerous",1928.0,1901 to 1939,Masonry,2.0,2257.0,Single Family,Save first,2024-06-11,No,656.0
40.4582007074,-79.8970668053,"7132 IDLEWILD ST, Pittsburgh, 15208",Homewood North,9,3.0,"3 - Compromised, dangerous",1925.0,1901 to 1939,Masonry,2.0,1982.0,Single Family,Salvage,2020-07-14,No,596.0
40.458412904,-79.8980094429,"7104 IDLEWILD ST, Pittsburgh, 15208",Homewood North,9,,Not scored,1930.0,1901 to 1939,Masonry,2.0,2200.0,Two Family,Not scored,2026-09-18,No,598.0
40.459673656,-79.8917177808,"7329 HERMITAGE ST, Pittsburgh, 15208",Homewood North,9,3.0,"3 - Compromised, dangerous",1920.0,1901 to 1939,Masonry,2.0,1812.0,Single Family,Salvage,2025-04-29,No,827.0
40.4597129805,-79.8918855391,"7325 HERMITAGE ST, Pittsburgh, 15208",Homewood North,9,1.0,"1 - Intact, no immediate danger",1928.0,1901 to 1939,Masonry,2.0,1980.0,Single Family,Save first,2026-07-29,No,813.0
40.4598268727,-79.8923838204,"7313 HERMITAGE ST, Pittsburgh, 15208",Homewood North,9,1.0,"1 - Intact, no immediate danger",1922.0,1901 to 1939,Masonry,2.0,1808.0,Single Family,Save first,2026-07-29,No,773.0
40.459897182,-79.8948148792,"7208 HERMITAGE ST, Pittsburgh, PA 15208",Homewood North,9,,Not scored,1921.0,1901 to 1939,Masonry,2.0,2150.0,Single Family,Not scored,2026-04-23,No,633.0
40.4598154379,-79.8944597284,"7216 HERMITAGE ST, Pittsburgh, 15208",Homewood North,9,2.0,"2 - Compromised, possibly dangerous",1922.0,1901 to 1939,Masonry,2.0,2258.0,Single Family,Save first,2020-08-18,No,658.0
40.4597763217,-79.8942864476,"7220 HERMITAGE ST, Pittsburgh, 15208",Homewood North,9,2.0,"2 - Compromised, possibly dangerous",1923.0,1901 to 1939,Masonry,2.0,2258.0,Single Family,Save first,2020-08-18,No,670.0
40.4591146093,-79.8913672065,"7342 HERMITAGE ST, Pittsburgh, 15208",Homewood North,9,3.0,"3 - Compromised, dangerous",1920.0,1901 to 1939,Masonry,2.0,1782.0,Single Family,Salvage,2022-04-07,No,890.0
40.4589548992,-79.8920857959,"7325 MONTICELLO ST, Pittsburgh, 15208",Homewood North,9,2.0,"2 - Compromised, possibly dangerous",1928.0,1901 to 1939,Masonry,2.0,1600.0,Single Family,Save first,2020-09-04,No,860.0
40.4590898474,-79.8926795302,"7311 MONTICELLO ST, Pittsburgh, 15208",Homewood North,9,3.0,"3 - Compromised, dangerous",1928.0,1901 to 1939,Masonry,2.5,2160.0,Single Family,Salvage,2020-09-04,No,815.0
40.4592653383,-79.8934628009,"7241 MONTICELLO ST, Pittsburgh, 15208",Homewood North,9,2.0,"2 - Compromised, possibly dangerous",1924.0,1901 to 1939,Masonry,2.0,1806.0,Single Family,Save first,2022-04-25,No,757.0
40.4595054892,-79.8945106325,"7217 MONTICELLO ST, Pittsburgh, 15208",Homewood North,9,2.0,"2 - Compromised, possibly dangerous",1925.0,1901 to 1939,Masonry,2.0,2415.0,Single Family,Save first,2021-09-23,No,683.0
40.4596585466,-79.8951895175,"7203 MONTICELLO ST, Pittsburgh, 15208",Homewood North,9,2.0,"2 - Compromised, possibly dangerous",1925.0,1901 to 1939,Masonry,2.0,2168.0,Single Family,Save first,2020-09-04,No,638.0
40.4589088525,-79.893700569,"7240 MONTICELLO ST, Pittsburgh, 15208",Homewood North,9,1.0,"1 - Intact, no immediate danger",1924.0,1901 to 1939,Masonry,2.5,1940.0,Single Family,Save first,2021-03-05,No,777.0
40.4588179882,-79.8932610626,"7300 MONTICELLO ST, Pittsburgh, 15208",Homewood North,9,2.0,"2 - Compromised, possibly dangerous",1928.0,1901 to 1939,Masonry,2.0,1934.0,Single Family,Save first,2023-03-23,No,807.0
40.458477209,-79.8917922629,"7336 MONTICELLO ST, Pittsburgh, 15208",Homewood North,9,,Not scored,1924.0,1901 to 1939,Masonry,2.0,1454.0,Single Family,Not scored,2025-03-04,No,864.0
40.458531441,-79.8952409788,"7210 RACE ST, Pittsburgh, 15208",Homewood North,9,2.0,"2 - Compromised, possibly dangerous",1924.0,1901 to 1939,Frame,2.0,1528.0,Single Family,Mothball,2020-09-08,No,693.0
40.4583344309,-79.8943702385,"7232 RACE ST, Pittsburgh, 15208",Homewood North,9,3.0,"3 - Compromised, dangerous",1926.0,1901 to 1939,Masonry,2.0,2006.0,Single Family,Salvage,2020-09-08,No,716.0
40.4578736557,-79.8923638608,"7322 RACE ST, Pittsburgh, 15208",Homewood North,9,,Not scored,1925.0,1901 to 1939,Masonry,2.0,2430.0,Single Family,Not scored,2026-05-21,No,783.0
40.4578499318,-79.8922569781,"7324 RACE ST, Pittsburgh, 15208",Homewood North,9,2.0,"2 - Compromised, possibly dangerous",1928.0,1901 to 1939,Masonry,2.0,2340.0,Single Family,Save first,2020-09-08,No,788.0
40.4577523307,-79.8932519805,"7309 IDLEWILD ST, Pittsburgh, 15208",Homewood North,9,2.0,"2 - Compromised, possibly dangerous",1930.0,1901 to 1939,Masonry,2.0,2329.0,Single Family,Save first,2026-04-17,No,722.0
40.4579431291,-79.8940781982,"7239 IDLEWILD ST, Pittsburgh, 15208",Homewood North,9,,Not scored,1922.0,1901 to 1939,Masonry,2.5,2065.0,Single Family,Not scored,2026-05-27,No,694.0
40.4579621586,-79.8941631502,"7237 IDLEWILD ST, Pittsburgh, 15208",Homewood North,9,,Not scored,1922.0,1901 to 1939,Masonry,2.0,2211.0,Single Family,Not scored,2026-05-21,No,691.0
40.4580559176,-79.8945767956,"7229 IDLEWILD ST, Pittsburgh, 15208",Homewood North,9,2.0,"2 - Compromised, possibly dangerous",1900.0,1900 (possible default),Masonry,2.0,2152.0,Single Family,Save first,2020-09-01,No,680.0
40.4580772092,-79.8946739388,"7227 IDLEWILD ST, Pittsburgh, PA 15208",Homewood North,9,3.0,"3 - Compromised, dangerous",1910.0,1901 to 1939,Masonry,3.0,2196.0,Single Family,Salvage,2026-04-29,No,677.0
40.4576144908,-79.8894036931,"7439 RACE ST, Pittsburgh, PA 15208",Homewood North,9,2.0,"2 - Compromised, possibly dangerous",1936.0,1901 to 1939,Masonry,2.0,1857.0,Single Family,Save first,2022-02-22,No,785.0
40.4576297442,-79.8894920194,"7437 RACE ST, Pittsburgh, 15208",Homewood North,9,1.0,"1 - Intact, no immediate danger",1935.0,1901 to 1939,Masonry,2.0,1662.0,Single Family,Save first,2026-05-26,No,790.0
40.4578296808,-79.8903534468,"7419 RACE ST, Pittsburgh, 15208",Homewood North,9,1.0,"1 - Intact, no immediate danger",1934.0,1901 to 1939,Masonry,2.0,1896.0,Single Family,Save first,2020-09-08,No,848.0
40.4582457755,-79.8907651191,"7406 MONTICELLO ST, Pittsburgh, 15208",Homewood North,9,1.0,"1 - Intact, no immediate danger",1936.0,1901 to 1939,Masonry,2.0,1418.0,Single Family,Save first,2024-06-27,No,906.0
40.4590373029,-79.8910272338,"7350 HERMITAGE ST, Pittsburgh, 15208",Homewood North,9,,Not scored,1932.0,1901 to 1939,Masonry,2.0,1646.0,Single Family,Not scored,2025-01-06,No,917.0
40.4589225958,-79.8905046606,"7406 HERMITAGE ST, Pittsburgh, 15208",Homewood North,9,2.0,"2 - Compromised, possibly dangerous",1920.0,1901 to 1939,Masonry,2.0,1812.0,Single Family,Save first,2022-07-06,No,957.0
40.4586798538,-79.8894366873,"7438 HERMITAGE ST, Pittsburgh, 15208",Homewood North,9,,Not scored,1915.0,1901 to 1939,Masonry,2.0,986.0,Single Family,Not scored,2020-10-14,No,889.0
40.4585918719,-79.888794604,"1121 BRUSHTON AVE, Pittsburgh, 15208",Homewood North,9,3.0,"3 - Compromised, dangerous",1850.0,Before 1900,Masonry,2.0,1806.0,Single Family,Salvage,2022-05-09,No,857.0
40.4589873566,-79.8888684269,"7451 HERMITAGE ST, Pittsburgh, 15208",Homewood North,9,2.0,"2 - Compromised, possibly dangerous",1935.0,1901 to 1939,Masonry,2.0,1110.0,Single Family,Save first,2022-05-09,No,899.0
40.4598615811,-79.8898176085,"7420 MOUNT VERNON ST, Pittsburgh, PA 15208",Homewood North,9,,Not scored,1920.0,1901 to 1939,Frame,2.0,1184.0,Single Family,Not scored,2026-05-21,No,941.0
40.4595559263,-79.8899344965,"1209 PINERIDGE ST, Pittsburgh, 15208",Homewood North,9,2.0,"2 - Compromised, possibly dangerous",1933.0,1901 to 1939,Frame,3.0,1858.0,Single Family,Mothball,2021-04-20,No,953.0
40.4599230262,-79.8908129277,"1313 COLLIER ST, Pittsburgh, 15208",Homewood North,9,3.0,"3 - Compromised, dangerous",1930.0,1901 to 1939,Masonry,2.0,1580.0,Single Family,Salvage,2023-05-02,No,869.0
40.4594441653,-79.8839621351,"8015 FERNDALE ST, Pittsburgh, 15221",Homewood North,9,2.0,"2 - Compromised, possibly dangerous",1928.0,1901 to 1939,Other,2.0,2432.0,Two Family,Mothball,2021-02-17,No,877.0
40.4594289718,-79.8833215258,"1100 BLACKADORE ST, Pittsburgh, 15221",Homewood North,9,1.0,"1 - Intact, no immediate danger",1935.0,1901 to 1939,Frame,1.0,1305.0,Single Family,Mothball,2024-04-12,No,881.0
40.4565320099,-79.8987524407,"712 N LANG AVE, Pittsburgh, 15208",Homewood South,9,2.0,"2 - Compromised, possibly dangerous",1900.0,1900 (possible default),Frame,2.0,2192.0,Single Family,Mothball,2020-07-22,Yes,382.0
40.4568757192,-79.8972383347,"7141 BENNETT ST, Pittsburgh, 15208",Homewood South,9,2.0,"2 - Compromised, possibly dangerous",1910.0,1901 to 1939,Masonry,2.0,2536.0,Two Family,Save first,2020-08-21,No,454.0
40.4575111084,-79.8959514961,"7203 FRANKSTOWN AVE, Pittsburgh, 15208",Homewood North,9,2.0,"2 - Compromised, possibly dangerous",,Unknown,Unknown,,,Small Detached Ret(Under 10000),Mothball,2025-12-10,No,566.0
40.457357995,-79.8933678675,"7310 IDLEWILD ST, Pittsburgh, 15208",Homewood North,9,2.0,"2 - Compromised, possibly dangerous",1900.0,1900 (possible default),Masonry,2.0,1705.0,Single Family,Save first,2025-12-02,No,683.0
40.4573162338,-79.8931810881,"7314 IDLEWILD ST, Pittsburgh, PA 15208",Homewood North,9,1.0,"1 - Intact, no immediate danger",1900.0,1900 (possible default),Masonry,2.0,1705.0,Single Family,Save first,2026-02-12,No,690.0
40.4571001305,-79.8934468045,"7312 FOREST Way, Pittsburgh, PA 15208",Homewood North,9,3.0,"3 - Compromised, dangerous",1910.0,1901 to 1939,Masonry,2.0,1132.0,Two Family,Salvage,2020-08-28,No,658.0
40.4573897356,-79.8951243784,"7223 FRANKSTOWN AVE, Pittsburgh, PA 15208",Homewood North,9,2.0,"2 - Compromised, possibly dangerous",1920.0,1901 to 1939,Masonry,2.0,1716.0,Two Family,Save first,2022-04-27,No,593.0
40.4573739312,-79.895036842,"7225 FRANKSTOWN AVE, Pittsburgh, PA 15208",Homewood North,9,2.0,"2 - Compromised, possibly dangerous",1925.0,1901 to 1939,Masonry,2.0,1675.0,Two Family,Save first,2022-04-27,No,596.0
40.4570403938,-79.8935722744,"7309 FRANKSTOWN AVE, Pittsburgh, 15208",Homewood North,9,2.0,"2 - Compromised, possibly dangerous",1920.0,1901 to 1939,Masonry,2.0,2268.0,Two Family,Save first,2021-01-27,No,646.0
40.4569449038,-79.8935062641,"7313 FRANKSTOWN AVE, Pittsburgh, 15208",Homewood North,9,2.0,"2 - Compromised, possibly dangerous",,Unknown,Unknown,,,Lodge Hall/Amusement Park,Mothball,2020-08-28,No,642.0
40.456996715,-79.8933906164,"7315 FRANKSTOWN AVE, Pittsburgh, PA 15208",Homewood North,9,2.0,"2 - Compromised, possibly dangerous",,Unknown,Unknown,,,Retl/Apt'S Over,Mothball,2020-08-28,No,653.0
40.456979889,-79.8933121036,"7317 FRANKSTOWN AVE, Pittsburgh, 15208",Homewood North,9,2.0,"2 - Compromised, possibly dangerous",,Unknown,Unknown,,,Municipal Government,Mothball,2020-08-28,No,657.0
40.4557308282,-79.8916720945,"7504 FELICIA Way, Pittsburgh, PA 15208",Homewood South,9,2.0,"2 - Compromised, possibly dangerous",,Unknown,Unknown,,,Warehouse,Mothball,2025-10-31,No,690.0
40.4564198119,-79.8952274777,"7233 BENNETT ST, Pittsburgh, 15208",Homewood South,9,2.0,"2 - Compromised, possibly dangerous",1930.0,1901 to 1939,Masonry,2.0,1848.0,Two Family,Save first,2021-11-15,No,501.0
40.4554899966,-79.8911738299,"7519 BENNETT ST, Pittsburgh, 15208",Homewood South,9,2.0,"2 - Compromised, possibly dangerous",1920.0,1901 to 1939,Masonry,2.0,1646.0,Single Family,Save first,2020-08-24,No,706.0
40.4553578292,-79.8927327449,"7346 BENNETT ST, Pittsburgh, 15208",Homewood South,9,2.0,"2 - Compromised, possibly dangerous",1930.0,1901 to 1939,Masonry,2.0,2020.0,Single Family,Save first,2022-05-16,No,591.0
40.4553547466,-79.8930170532,"7340 BENNETT ST, Pittsburgh, 15208",Homewood South,9,,Not scored,1930.0,1901 to 1939,Frame,2.5,2180.0,Single Family,Not scored,2025-04-08,No,570.0
40.4552531544,-79.8931269197,"7351 FLEURY Way, Pittsburgh, PA 15208",Homewood South,9,3.0,"3 - Compromised, dangerous",1930.0,1901 to 1939,Masonry,2.0,1240.0,Single Family,Salvage,2020-08-28,No,556.0
40.455686976,-79.8941302666,"7310 BENNETT ST, Pittsburgh, PA 15208",Homewood South,9,3.0,"3 - Compromised, dangerous",1935.0,1901 to 1939,Masonry,2.0,1296.0,Rowhouse,Salvage,2020-08-24,No,511.0
40.4556973798,-79.8941859859,"7308 BENNETT ST, Pittsburgh, PA 15208",Homewood South,9,2.0,"2 - Compromised, possibly dangerous",1930.0,1901 to 1939,Masonry,2.0,1296.0,Single Family,Save first,2020-08-24,No,508.0
40.4557095038,-79.8942426956,"7306 1/2 BENNETT ST, Pittsburgh, PA 15208",Homewood South,9,,Not scored,1935.0,1901 to 1939,Masonry,2.0,1296.0,Rowhouse,Not scored,2024-02-16,No,505.0
40.4557279935,-79.8942924412,"7306 BENNETT ST, Pittsburgh, PA 15208",Homewood South,9,,Not scored,1935.0,1901 to 1939,Masonry,2.0,1296.0,Rowhouse,Not scored,2024-06-26,No,503.0
40.455774172,-79.8944612901,"722 STERRETT ST, Pittsburgh, 15208",Homewood South,9,2.0,"2 - Compromised, possibly dangerous",,Unknown,Unknown,,,Office/Apartments Over,Mothball,2024-07-10,No,495.0
40.4556230646,-79.894456048,"718 STERRETT ST, Pittsburgh, PA 15208",Homewood South,9,2.0,"2 - Compromised, possibly dangerous",1930.0,1901 to 1939,Masonry,2.0,832.0,Rowhouse,Save first,2020-09-09,No,485.0
40.455658688,-79.8944414973,"720 STERRETT ST, Pittsburgh, 15208",Homewood South,9,2.0,"2 - Compromised, possibly dangerous",1930.0,1901 to 1939,Masonry,2.0,832.0,Rowhouse,Save first,2020-09-09,No,488.0
40.4553716979,-79.8945488603,"708 STERRETT ST, Pittsburgh, 15208",Homewood South,9,2.0,"2 - Compromised, possibly dangerous",1910.0,1901 to 1939,Masonry,2.0,768.0,Rowhouse,Save first,2022-04-07,No,461.0
40.4553366512,-79.8945569844,"706 STERRETT ST, Pittsburgh, 15208",Homewood South,9,2.0,"2 - Compromised, possibly dangerous",1910.0,1901 to 1939,Masonry,2.0,768.0,Rowhouse,Save first,2022-04-07,No,459.0
40.4553029754,-79.8945731105,"704 STERRETT ST, Pittsburgh, 15208",Homewood South,9,2.0,"2 - Compromised, possibly dangerous",1910.0,1901 to 1939,Masonry,2.0,768.0,Rowhouse,Save first,2022-04-08,No,455.0
40.4554095285,-79.8945304206,"710 STERRETT ST, Pittsburgh, 15208",Homewood South,9,2.0,"2 - Compromised, possibly dangerous",1910.0,1901 to 1939,Masonry,2.0,768.0,Rowhouse,Save first,2022-04-07,No,465.0
40.4552626231,-79.8945861944,"702 STERRETT ST, Pittsburgh, 15208",Homewood South,9,2.0,"2 - Compromised, possibly dangerous",1910.0,1901 to 1939,Masonry,2.0,768.0,Rowhouse,Save first,2022-04-08,No,452.0
40.4551441317,-79.8945245662,"7307 KELLY ST, Pittsburgh, 15208",Homewood South,9,1.0,"1 - Intact, no immediate danger",1930.0,1901 to 1939,Masonry,2.0,832.0,Rowhouse,Save first,2020-09-02,No,449.0
40.4573931485,-79.8902555142,"7422 RACE ST, Pittsburgh, 15208",Homewood North,9,2.0,"2 - Compromised, possibly dangerous",1900.0,1900 (possible default),Masonry,2.0,2145.0,Single Family,Save first,2026-07-21,No,804.0
40.4571593521,-79.8906356754,"7419 IDLEWILD ST, Pittsburgh, 15208",Homewood North,9,1.0,"1 - Intact, no immediate danger",1910.0,1901 to 1939,Masonry,2.0,1875.0,Single Family,Save first,2020-09-01,No,803.0
40.4571774995,-79.890721629,"7417 IDLEWILD ST, Pittsburgh, 15208",Homewood North,9,3.0,"3 - Compromised, dangerous",1910.0,1901 to 1939,Masonry,2.0,2112.0,Single Family,Salvage,2020-09-01,No,810.0
40.4562564476,-79.8901341425,"7449 FRANKSTOWN AVE #6, Pittsburgh, PA 15208",Homewood North,9,2.0,"2 - Compromised, possibly dangerous",,Unknown,Unknown,,,Apart: 5-19 Units,Mothball,2020-08-28,No,700.0
40.4553639558,-79.8909641787,"7533 BENNETT ST, Pittsburgh, 15208",Homewood South,9,2.0,"2 - Compromised, possibly dangerous",1910.0,1901 to 1939,Masonry,2.0,1264.0,Rowhouse,Save first,2020-08-24,No,683.0
40.4553272529,-79.890452258,"811 N BRADDOCK AVE, Pittsburgh, 15208",Homewood South,9,,Not scored,1920.0,1901 to 1939,Masonry,2.0,2432.0,Four Family,Not scored,2024-04-09,No,647.0
40.4553757794,-79.8900260785,"812 N BRADDOCK AVE, Pittsburgh, 15208",Homewood South,9,3.0,"3 - Compromised, dangerous",1900.0,1900 (possible default),Frame,2.0,2112.0,Two Family,Salvage,2020-08-25,No,624.0
40.4551809656,-79.8900284967,"7605 BENNETT ST, Pittsburgh, 15208",Homewood South,9,2.0,"2 - Compromised, possibly dangerous",1910.0,1901 to 1939,Frame,2.0,2275.0,Single Family,Mothball,2026-07-28,No,609.0
40.4556126974,-79.8897046986,"7608 FRANKSTOWN AVE, Pittsburgh, PA 15208",Homewood South,9,1.0,"1 - Intact, no immediate danger",,Unknown,Unknown,,,Other Commercial,Mothball,2023-12-13,No,623.0
40.4570729419,-79.889469492,"7601 BAXTER ST, Pittsburgh, 15208",Homewood North,9,2.0,"2 - Compromised, possibly dangerous",1900.0,1900 (possible default),Frame,2.0,1292.0,Single Family,Mothball,2023-11-20,No,737.0
40.4571820393,-79.8891364725,"7606 RACE ST, Pittsburgh, 15208",Homewood North,9,,Not scored,1900.0,1900 (possible default),Masonry,2.0,1541.0,Single Family,Not scored,2025-06-04,No,732.0
40.4552888999,-79.8833999817,"8036 FRANKSTOWN AVE, Pittsburgh, 15221",East Hills,9,1.0,"1 - Intact, no immediate danger",,Unknown,Unknown,,,Small Detached Ret(Under 10000),Mothball,2023-05-26,No,429.0
40.4552384071,-79.8831041361,"8106 FRANKSTOWN AVE, Pittsburgh, 15221",East Hills,9,2.0,"2 - Compromised, possibly dangerous",1900.0,1900 (possible default),Masonry,2.0,2212.0,Two Family,Save first,2026-04-17,No,431.0
40.4565648013,-79.8828760381,"1006 BLACKADORE ST, Pittsburgh, 15221",Homewood North,9,,Not scored,1900.0,1900 (possible default),Frame,2.5,1786.0,Single Family,Not scored,2026-04-22,No,577.0
40.4562618972,-79.8835772337,"921 BLACKADORE ST, Pittsburgh, 15221",Homewood North,9,,Not scored,1900.0,1900 (possible default),Frame,2.0,1794.0,Single Family,Not scored,2026-04-17,No,532.0
40.4555579002,-79.885539284,"918 TYSON ST, Pittsburgh, 15208",Homewood North,9,2.0,"2 - Compromised, possibly dangerous",1900.0,1900 (possible default),Masonry,2.0,1728.0,Single Family,Save first,2020-09-09,No,452.0
40.4556135271,-79.8854353751,"920 TYSON ST, Pittsburgh, 15208",Homewood North,9,2.0,"2 - Compromised, possibly dangerous",1900.0,1900 (possible default),Masonry,2.0,1248.0,Single Family,Save first,2020-09-09,No,457.0
40.455400477,-79.8863264322,"7801 FRANKSTOWN AVE, Pittsburgh, 15208",Homewood North,9,2.0,"2 - Compromised, possibly dangerous",1900.0,1900 (possible default),Masonry,2.0,1364.0,Single Family,Save first,2020-08-28,No,451.0
40.4554441702,-79.8864964987,"7739 FRANKSTOWN AVE, Pittsburgh, 15208",Homewood North,9,3.0,"3 - Compromised, dangerous",1900.0,1900 (possible default),Masonry,2.0,1364.0,Single Family,Salvage,2020-08-28,No,461.0
40.4541619991,-79.8986369537,"538 CLAWSON ST, Pittsburgh, 15208",Homewood South,9,2.0,"2 - Compromised, possibly dangerous",1898.0,Before 1900,Frame,2.0,1772.0,Single Family,Mothball,2021-05-03,Yes,132.0
40.4545678867,-79.8983231146,"7134 HAMILTON AVE, Pittsburgh, 15208",Homewood South,9,2.0,"2 - Compromised, possibly dangerous",1890.0,Before 1900,Frame,2.0,1519.0,Single Family,Mothball,2020-11-25,Yes,184.0
40.4537098414,-79.8984623302,"531 N HOMEWOOD AVE #6, Pittsburgh, PA 15208",Homewood South,9,1.0,"1 - Intact, no immediate danger",,Unknown,Unknown,,,Apart: 5-19 Units,Mothball,2026-04-02,Yes,99.0
40.4529762479,-79.8958440683,"7313 SUSQUEHANNA ST, Pittsburgh, 15208",Homewood South,9,2.0,"2 - Compromised, possibly dangerous",1900.0,1900 (possible default),Frame,2.0,1260.0,Single Family,Mothball,2020-07-22,Yes,261.0
40.4531838612,-79.8975012789,"7220 SUSQUEHANNA ST, Pittsburgh, PA 15208",Homewood South,9,,Not scored,1910.0,1901 to 1939,Frame,2.0,1140.0,Single Family,Not scored,2026-03-23,Yes,125.0
40.4529026372,-79.8966693255,"7240 SUSQUEHANNA ST, Pittsburgh, 15208",Homewood South,9,2.0,"2 - Compromised, possibly dangerous",1900.0,1900 (possible default),Frame,2.0,1118.0,Single Family,Mothball,2025-03-10,Yes,191.0
40.4527542741,-79.8964534238,"524 ALBION ST, Pittsburgh, 15208",Homewood South,9,2.0,"2 - Compromised, possibly dangerous",1900.0,1900 (possible default),Masonry,2.0,1140.0,Single Family,Save first,2025-04-22,Yes,209.0
40.4534468708,-79.8942719997,"564 N DUNFERMLINE ST, Pittsburgh, 15208",Homewood South,9,,Not scored,1910.0,1901 to 1939,Masonry,1.0,1211.0,Single Family,Not scored,2025-06-04,Yes,399.0
40.4536698223,-79.8923123993,"7503 HAMILTON AVE #3, Pittsburgh, PA 15208",Homewood South,9,3.0,"3 - Compromised, dangerous",,Unknown,Unknown,,,Apart:20-39 Units,Demolish,2022-02-16,No,567.0
40.4539726934,-79.8937568982,"7347 HAMILTON AVE, Pittsburgh, PA 15208",Homewood South,9,2.0,"2 - Compromised, possibly dangerous",1930.0,1901 to 1939,Masonry,2.0,1162.0,Rowhouse,Save first,2020-09-01,No,454.0
40.4539869127,-79.8938098346,"7345 HAMILTON AVE, Pittsburgh, PA 15208",Homewood South,9,2.0,"2 - Compromised, possibly dangerous",1930.0,1901 to 1939,Masonry,2.0,1162.0,Rowhouse,Save first,2020-09-01,No,450.0
40.4540085674,-79.8939283834,"7341 HAMILTON AVE, Pittsburgh, PA 15208",Homewood South,9,2.0,"2 - Compromised, possibly dangerous",1930.0,1901 to 1939,Masonry,2.0,1162.0,Rowhouse,Save first,2020-09-01,No,441.0
40.4540493028,-79.8941018767,"7335 HAMILTON AVE, Pittsburgh, PA 15208",Homewood South,9,2.0,"2 - Compromised, possibly dangerous",1930.0,1901 to 1939,Masonry,2.0,1162.0,Rowhouse,Save first,2020-09-01,No,428.0
40.4540736317,-79.8941994261,"7331 HAMILTON AVE, Pittsburgh, PA 15208",Homewood South,9,2.0,"2 - Compromised, possibly dangerous",1930.0,1901 to 1939,Masonry,2.0,1162.0,Rowhouse,Save first,2020-09-01,No,421.0
40.4540837261,-79.8942534464,"7329 HAMILTON AVE, Pittsburgh, PA 15208",Homewood South,9,2.0,"2 - Compromised, possibly dangerous",1930.0,1901 to 1939,Masonry,2.0,1162.0,Rowhouse,Save first,2020-09-01,No,417.0
40.4540982554,-79.8943076322,"7327 HAMILTON AVE, Pittsburgh, PA 15208",Homewood South,9,2.0,"2 - Compromised, possibly dangerous",1930.0,1901 to 1939,Masonry,2.0,1162.0,Rowhouse,Save first,2020-09-01,No,413.0
40.4541490457,-79.8945328178,"7319 HAMILTON AVE, Pittsburgh, PA 15208",Homewood South,9,1.0,"1 - Intact, no immediate danger",1930.0,1901 to 1939,Masonry,2.0,1162.0,Rowhouse,Save first,2020-09-01,Yes,397.0
40.4541590817,-79.8945839951,"7317 HAMILTON AVE, Pittsburgh, PA 15208",Homewood South,9,2.0,"2 - Compromised, possibly dangerous",1930.0,1901 to 1939,Masonry,2.0,1162.0,Rowhouse,Save first,2020-09-01,Yes,394.0
40.4543450619,-79.8949558287,"610 STERRETT ST, Pittsburgh, 15208",Homewood South,9,2.0,"2 - Compromised, possibly dangerous",1910.0,1901 to 1939,Masonry,2.0,832.0,Rowhouse,Save first,2020-09-09,Yes,373.0
40.454386694,-79.8949391014,"612 STERRETT ST, Pittsburgh, 15208",Homewood South,9,2.0,"2 - Compromised, possibly dangerous",1910.0,1901 to 1939,Masonry,2.0,768.0,Rowhouse,Save first,2020-09-09,Yes,376.0
40.454422355,-79.894925066,"614 STERRETT ST, Pittsburgh, 15208",Homewood South,9,2.0,"2 - Compromised, possibly dangerous",1910.0,1901 to 1939,Masonry,2.0,768.0,Rowhouse,Save first,2020-09-09,Yes,379.0
40.4544543819,-79.8949156148,"616 STERRETT ST, Pittsburgh, 15208",Homewood South,9,2.0,"2 - Compromised, possibly dangerous",1910.0,1901 to 1939,Masonry,2.0,768.0,Rowhouse,Save first,2020-09-09,Yes,381.0
40.4544859753,-79.8949020598,"618 STERRETT ST, Pittsburgh, 15208",Homewood South,9,3.0,"3 - Compromised, dangerous",1910.0,1901 to 1939,Masonry,2.0,832.0,Rowhouse,Salvage,2020-09-09,Yes,384.0
40.4544423469,-79.8934610045,"7340 KELLY ST, Pittsburgh, 15208",Homewood South,9,2.0,"2 - Compromised, possibly dangerous",1930.0,1901 to 1939,Masonry,2.0,1508.0,Single Family,Save first,2020-09-02,No,494.0
40.4544903112,-79.8912055978,"7591 KELLY ST, Pittsburgh, 15208",Homewood South,9,3.0,"3 - Compromised, dangerous",1910.0,1901 to 1939,Masonry,2.0,1726.0,Single Family,Salvage,2020-09-02,No,645.0
40.4546509867,-79.8903057397,"720 N BRADDOCK AVE, Pittsburgh, 15208",Homewood South,9,2.0,"2 - Compromised, possibly dangerous",1930.0,1901 to 1939,Masonry,2.0,1026.0,Rowhouse,Save first,2020-08-25,No,591.0
40.4546078061,-79.8903198517,"718 N BRADDOCK AVE, Pittsburgh, 15208",Homewood South,9,3.0,"3 - Compromised, dangerous",1930.0,1901 to 1939,Masonry,2.0,1026.0,Rowhouse,Salvage,2020-11-30,No,589.0
40.4545718215,-79.8903328059,"716 N BRADDOCK AVE, Pittsburgh, 15208",Homewood South,9,2.0,"2 - Compromised, possibly dangerous",1930.0,1901 to 1939,Masonry,2.0,1026.0,Rowhouse,Save first,2025-09-04,No,588.0
40.4548131889,-79.8886766202,"801 BRUSHTON AVE, Pittsburgh, 15208",Homewood South,9,2.0,"2 - Compromised, possibly dangerous",,Unknown,Unknown,,,Commercial Garage,Mothball,2020-08-04,No,499.0
40.4535953674,-79.889193124,"625 BRUSHTON AVE, Pittsburgh, PA 15208",Homewood South,9,2.0,"2 - Compromised, possibly dangerous",,Unknown,Unknown,,,Retl/Stor Over,Mothball,2020-08-26,No,448.0
40.4535247167,-79.8872136034,"7743 KELLY ST, Pittsburgh, 15208",Homewood South,9,,Not scored,1930.0,1901 to 1939,Masonry,2.0,1376.0,Rowhouse,Not scored,2026-04-17,Yes,310.0
40.455028649,-79.8871072204,"7724 FRANKSTOWN AVE, Pittsburgh, 15208",Homewood South,9,2.0,"2 - Compromised, possibly dangerous",,Unknown,Unknown,,,Warehouse,Mothball,2021-01-07,No,440.0
40.4538296792,-79.8862885759,"7812 BENNETT ST, Pittsburgh, 15208",Homewood South,9,2.0,"2 - Compromised, possibly dangerous",1920.0,1901 to 1939,Masonry,3.0,1954.0,Single Family,Save first,2021-09-16,Yes,290.0
40.4538453972,-79.8863671333,"7810 BENNETT ST, Pittsburgh, PA 15208",Homewood South,9,2.0,"2 - Compromised, possibly dangerous",1920.0,1901 to 1939,Masonry,3.0,2157.0,Single Family,Save first,2021-09-16,Yes,295.0
40.4532219421,-79.8837441363,"709 SINGER PL, Pittsburgh, PA 15221",East Hills,9,2.0,"2 - Compromised, possibly dangerous",1925.0,1901 to 1939,Masonry,2.0,1064.0,Rowhouse,Save first,2023-10-19,Yes,203.0
40.4532453866,-79.883622727,"713 SINGER PL, Pittsburgh, 15221",East Hills,9,2.0,"2 - Compromised, possibly dangerous",1925.0,1901 to 1939,Masonry,2.0,1008.0,Rowhouse,Save first,2023-10-19,Yes,209.0
40.4532567454,-79.8835585894,"715 SINGER PL, Pittsburgh, 15221",East Hills,9,2.0,"2 - Compromised, possibly dangerous",1925.0,1901 to 1939,Masonry,2.0,1064.0,Rowhouse,Save first,2020-09-09,Yes,213.0
40.452236245,-79.8912477447,"538 N BRADDOCK AVE, Pittsburgh, PA 15208",Homewood South,9,2.0,"2 - Compromised, possibly dangerous",,Unknown,Unknown,,,Commercial Garage,Mothball,2020-08-06,No,565.0
40.4515915153,-79.8923047582,"7539 SUSQUEHANNA ST, Pittsburgh, PA 15208",Homewood South,9,2.0,"2 - Compromised, possibly dangerous",1900.0,1900 (possible default),Masonry,2.0,960.0,Single Family,Save first,2020-09-10,No,542.0
40.4511343348,-79.8924181101,"427 N BRADDOCK AVE, Pittsburgh, PA 15208",Homewood South,9,2.0,"2 - Compromised, possibly dangerous",,Unknown,Unknown,,,Small Detached Ret(Under 10000),Mothball,2020-08-25,No,492.0
40.4521575176,-79.8903327838,"7628 MULFORD ST, Pittsburgh, 15208",Homewood South,9,,Not scored,1930.0,1901 to 1939,Frame,2.0,1548.0,Single Family,Not scored,2026-06-10,No,487.0
40.4509254017,-79.8887390626,"7729 TIOGA ST, Pittsburgh, 15208",Homewood South,9,2.0,"2 - Compromised, possibly dangerous",1930.0,1901 to 1939,Frame,2.0,1376.0,Single Family,Mothball,2026-03-05,Yes,353.0
40.4509543763,-79.8888016939,"7727 TIOGA ST, Pittsburgh, 15208",Homewood South,9,2.0,"2 - Compromised, possibly dangerous",1930.0,1901 to 1939,Frame,2.0,992.0,Single Family,Mothball,2026-03-05,Yes,358.0
40.4510875032,-79.8881360057,"308 HALE ST, Pittsburgh, 15208",Homewood South,9,2.0,"2 - Compromised, possibly dangerous",1910.0,1901 to 1939,Masonry,2.0,1408.0,Rowhouse,Save first,2024-07-02,Yes,299.0
40.4518363482,-79.8873697905,"7810 MULFORD ST, Pittsburgh, 15208",Homewood South,9,3.0,"3 - Compromised, dangerous",1900.0,1900 (possible default),Frame,2.0,1206.0,Single Family,Salvage,2020-09-04,Yes,233.0
40.4507696975,-79.8854573368,"7923 TACOMA ST, Pittsburgh, 15208",Homewood South,9,1.0,"1 - Intact, no immediate danger",1910.0,1901 to 1939,Frame,2.0,2858.0,Two Family,Mothball,2026-07-29,Yes,78.0
40.451373861,-79.8852466516,"7913 INGLENOOK PL, Pittsburgh, 15208",Homewood South,9,3.0,"3 - Compromised, dangerous",1940.0,1940 or later,Masonry,2.0,1140.0,Rowhouse,Salvage,2020-09-01,Yes,53.0
40.4514275051,-79.8854591844,"7907 INGLENOOK PL, Pittsburgh, 15208",Homewood South,9,2.0,"2 - Compromised, possibly dangerous",1940.0,1940 or later,Masonry,2.0,954.0,Rowhouse,Mothball,2020-09-01,Yes,70.0
40.4514377414,-79.8855208818,"7905 INGLENOOK PL, Pittsburgh, 15208",Homewood South,9,2.0,"2 - Compromised, possibly dangerous",1940.0,1940 or later,Masonry,2.0,954.0,Rowhouse,Mothball,2020-09-01,Yes,75.0
40.4514539078,-79.8855706389,"7903 INGLENOOK PL, Pittsburgh, 15208",Homewood South,9,2.0,"2 - Compromised, possibly dangerous",1940.0,1940 or later,Masonry,2.0,954.0,Rowhouse,Mothball,2020-09-01,Yes,79.0
40.4514685899,-79.8856302635,"7901 INGLENOOK PL, Pittsburgh, 15208",Homewood South,9,2.0,"2 - Compromised, possibly dangerous",1940.0,1940 or later,Masonry,2.0,954.0,Rowhouse,Mothball,2023-05-02,Yes,83.0
40.451972271,-79.8843178483,"594 OAKWOOD ST, Pittsburgh, 15208",East Hills,9,,Not scored,1930.0,1901 to 1939,Masonry,2.0,1538.0,Single Family,Not scored,2026-03-03,Yes,57.0
40.4504474032,-79.8840955223,"558 OAKWOOD ST, Pittsburgh, 15208",East Hills,9,2.0,"2 - Compromised, possibly dangerous",1930.0,1901 to 1939,Frame,2.5,2020.0,Single Family,Mothball,2020-09-08,Yes,48.0
40.4515359432,-79.8831292251,"610 SINGER PL, Pittsburgh, 15221",East Hills,9,3.0,"3 - Compromised, dangerous",1920.0,1901 to 1939,Masonry,2.0,1000.0,Single Family,Salvage,2020-09-09,Yes,129.0
40.4498057391,-79.8991586498,"7235 MEADE ST, Pittsburgh, 15208",Point Breeze North,9,1.0,"1 - Intact, no immediate danger",1920.0,1901 to 1939,Frame,2.0,2538.0,Three Family,Mothball,2025-06-26,Yes,131.0
40.4500195134,-79.8991725363,"211 N LEXINGTON ST, Pittsburgh, 15208",Point Breeze North,9,1.0,"1 - Intact, no immediate danger",1950.0,1940 or later,Masonry,2.0,3336.0,Two Family,Mothball,2020-07-06,Yes,153.0
40.4500693553,-79.8913692558,"501 BRUSHTON AVE, Pittsburgh, PA 15208",Homewood South,9,2.0,"2 - Compromised, possibly dangerous",,Unknown,Unknown,,,Commercial Garage,Mothball,2020-08-04,No,419.0
40.4502113036,-79.8881626824,"7752 TIOGA ST, Pittsburgh, 15208",Homewood South,9,2.0,"2 - Compromised, possibly dangerous",1930.0,1901 to 1939,Masonry,2.0,1680.0,Rowhouse,Save first,2020-07-17,Yes,312.0
40.4502365193,-79.8882157893,"7750 TIOGA ST, Pittsburgh, 15208",Homewood South,9,1.0,"1 - Intact, no immediate danger",1930.0,1901 to 1939,Masonry,2.0,1680.0,Rowhouse,Save first,2023-05-30,Yes,316.0
40.4499408474,-79.8885851643,"7809 SUSQUEHANNA ST, Pittsburgh, 15208",Homewood South,9,2.0,"2 - Compromised, possibly dangerous",1900.0,1900 (possible default),Frame,2.0,2413.0,Two Family,Mothball,2020-09-10,Yes,354.0
40.4480463421,-79.8876704182,"416 ROSEDALE ST, Pittsburgh, 15221",Homewood South,9,2.0,"2 - Compromised, possibly dangerous",1920.0,1901 to 1939,Frame,2.0,1748.0,Single Family,Mothball,2020-09-09,Yes,182.0
40.4496594807,-79.8865193893,"7912 TIOGA ST, Pittsburgh, PA 15208",Homewood South,9,2.0,"2 - Compromised, possibly dangerous",1920.0,1901 to 1939,Masonry,2.0,3060.0,Three Family,Save first,2025-01-30,Yes,195.0
40.4498701164,-79.8855636552,"7933 TIOGA ST, Pittsburgh, 15208",Homewood South,9,3.0,"3 - Compromised, dangerous",1900.0,1900 (possible default),Frame,2.0,1848.0,Single Family,Salvage,2020-05-20,Yes,113.0
40.4498391126,-79.8854827159,"7935 TIOGA ST, Pittsburgh, 15208",Homewood South,9,3.0,"3 - Compromised, dangerous",1900.0,1900 (possible default),Frame,2.0,2275.0,Single Family,Salvage,2022-03-21,Yes,106.0
40.4494812491,-79.8838305617,"512 OAKWOOD ST, Pittsburgh, 15208",East Hills,9,3.0,"3 - Compromised, dangerous",1920.0,1901 to 1939,Masonry,2.0,1310.0,Rowhouse,Salvage,2020-09-08,Yes,34.0
40.4494185644,-79.883800425,"508 OAKWOOD ST, Pittsburgh, 15208",East Hills,9,2.0,"2 - Compromised, possibly dangerous",1915.0,1901 to 1939,Masonry,2.0,2352.0,Two Family,Save first,2020-09-08,Yes,35.0
40.4491648259,-79.8837370288,"502 OAKWOOD ST, Pittsburgh, 15208",East Hills,9,1.0,"1 - Intact, no immediate danger",1900.0,1900 (possible default),Masonry,2.5,2530.0,Single Family,Save first,2024-12-09,Yes,40.0
40.4497428759,-79.8833517102,"521 SINGER PL, Pittsburgh, 15221",East Hills,9,3.0,"3 - Compromised, dangerous",1920.0,1901 to 1939,Masonry,2.0,1102.0,Single Family,Salvage,2020-09-09,Yes,76.0
40.4463185533,-79.8951725795,"123 S BRADDOCK AVE, Pittsburgh, 15221",Point Breeze,9,1.0,"1 - Intact, no immediate danger",1925.0,1901 to 1939,Masonry,2.0,1901.0,Single Family,Save first,2024-03-21,Yes,90.0
40.4476846755,-79.8862041284,"7936 MADIERA ST, Pittsburgh, 15221",Homewood South,9,2.0,"2 - Compromised, possibly dangerous",1910.0,1901 to 1939,Frame,2.0,1864.0,Single Family,Mothball,2020-07-10,Yes,203.0
40.4476536378,-79.8860931534,"7938 MADIERA ST, Pittsburgh, 15221",Homewood South,9,2.0,"2 - Compromised, possibly dangerous",1890.0,Before 1900,Masonry,2.0,2499.0,Single Family,Save first,2020-07-10,Yes,195.0
40.4424433412,-79.896499123,"3 FLOTILLA Way, Pittsburgh, PA 15221",Point Breeze,9,,Not scored,1900.0,1900 (possible default),Masonry,2.0,928.0,Rowhouse,Not scored,2024-05-01,Yes,233.0
40.4424954443,-79.8964825416,"2 FLOTILLA Way, Pittsburgh, PA 15221",Point Breeze,9,,Not scored,1900.0,1900 (possible default),Masonry,2.0,928.0,Rowhouse,Not scored,2024-05-01,Yes,235.0
40.4378137865,-79.8959613072,"722 EAST END AVE, Pittsburgh, 15221",Regent Square,9,3.0,"3 - Compromised, dangerous",1900.0,1900 (possible default),Frame,2.0,2203.0,Three Family,Salvage,2026-05-14,Yes,242.0
40.3741328771,-79.9135112211,"4928 LOUGEAN AVE, Pittsburgh, 15207",Lincoln Place,5,1.0,"1 - Intact, no immediate danger",1948.0,1940 or later,Masonry,2.0,1450.0,Single Family,Mothball,2025-04-08,No,1983.0
40.3743823311,-79.9121992357,"4900 PLAPORT ST, Pittsburgh, 15207",Lincoln Place,5,1.0,"1 - Intact, no immediate danger",1927.0,1901 to 1939,Masonry,1.5,1604.0,Single Family,Save first,2026-07-29,No,2083.0
40.3712913552,-79.9159098025,"1210 MIFFLIN RD, Pittsburgh, 15207",Lincoln Place,5,1.0,"1 - Intact, no immediate danger",1950.0,1940 or later,Masonry,2.0,1144.0,Single Family,Mothball,2024-08-23,No,1621.0
40.3709771053,-79.9129328135,"5132 INTERBORO AVE, Pittsburgh, PA 15207",Lincoln Place,5,2.0,"2 - Compromised, possibly dangerous",,Unknown,Unknown,,,Lodge Hall/Amusement Park,Mothball,2023-10-19,No,1797.0
40.3690119802,-79.9152529962,"1207 MULDOWNEY AVE, Pittsburgh, 15207",Lincoln Place,5,2.0,"2 - Compromised, possibly dangerous",1896.0,Before 1900,Frame,2.0,2130.0,Single Family,Mothball,2023-10-10,No,1513.0
40.3697854421,-79.9101867161,"1617 MCBRIDE ST, Pittsburgh, PA 15207",Lincoln Place,5,1.0,"1 - Intact, no immediate danger",1930.0,1901 to 1939,Frame,2.0,1100.0,Single Family,Mothball,2024-09-17,No,1926.0
40.3673350388,-79.9154943378,"1151 MARGRAY ST, Pittsburgh, PA 15207",Lincoln Place,5,1.0,"1 - Intact, no immediate danger",1897.0,Before 1900,Frame,2.0,1120.0,Single Family,Mothball,2020-09-04,No,1402.0
40.3673885059,-79.9159744506,"1137 MARGRAY ST, Pittsburgh, 15207",Lincoln Place,5,1.0,"1 - Intact, no immediate danger",1915.0,1901 to 1939,Frame,2.0,1700.0,Single Family,Mothball,2021-10-11,No,1369.0
40.3657859939,-79.9142328847,"5754 LAUDER ST, Pittsburgh, 15207",Lincoln Place,5,1.0,"1 - Intact, no immediate danger",1898.0,Before 1900,Frame,2.0,2357.0,Single Family,Mothball,2024-10-15,No,1434.0
40.3665838819,-79.9158158635,"1141 STOCK ST, Pittsburgh, PA 15207",Lincoln Place,5,,Not scored,1942.0,1940 or later,Frame,1.0,1163.0,Single Family,Not scored,2022-04-27,No,1342.0
40.3673759769,-79.9086630315,"5601 HALCHESS ST, Pittsburgh, 15207",Lincoln Place,5,,Not scored,1958.0,1940 or later,Masonry,1.0,945.0,Single Family,Not scored,2024-03-08,No,1938.0
40.3672019816,-79.9199499228,"5622 DELLAGLEN AVE, Pittsburgh, PA 15207",Lincoln Place,5,1.0,"1 - Intact, no immediate danger",1936.0,1901 to 1939,Masonry,1.0,1295.0,Single Family,Save first,2020-08-27,No,1071.0
40.3667649606,-79.9182540042,"5639 OLLIE ST, Pittsburgh, 15207",Lincoln Place,5,1.0,"1 - Intact, no immediate danger",1970.0,1940 or later,Frame,1.0,1285.0,Mobile Home,Mothball,2020-09-08,No,1166.0
40.3665491035,-79.9172032976,"1105 STOCK ST, Pittsburgh, PA 15207",Lincoln Place,5,1.0,"1 - Intact, no immediate danger",1901.0,1901 to 1939,Frame,2.0,1696.0,Single Family,Mothball,2024-10-15,No,1234.0
40.3668399359,-79.9177550354,"5706 COX AVE, Pittsburgh, 15207",Lincoln Place,5,2.0,"2 - Compromised, possibly dangerous",1905.0,1901 to 1939,Frame,2.0,1786.0,Single Family,Mothball,2025-05-29,No,1207.0
40.4610454307,-79.8760030206,"8607 PERSHING ST, Pittsburgh, 15235",East Hills,9,2.0,"2 - Compromised, possibly dangerous",1935.0,1901 to 1939,Frame,2.0,2626.0,Two Family,Mothball,2020-09-08,No,1282.0
40.4579499193,-79.8810534306,"1067 SILVERDALE ST, Pittsburgh, 15221",Homewood North,9,2.0,"2 - Compromised, possibly dangerous",1900.0,1900 (possible default),Frame,2.0,1376.0,Single Family,Mothball,2020-09-10,No,773.0
40.45867141,-79.879515865,"1066 STONEVILLE ST, Pittsburgh, 15221",Homewood North,9,1.0,"1 - Intact, no immediate danger",1920.0,1901 to 1939,Frame,1.0,486.0,Single Family,Mothball,2020-09-10,No,902.0
40.4597095849,-79.8759729185,"8517 PERSHING ST, Pittsburgh, 15235",East Hills,9,2.0,"2 - Compromised, possibly dangerous",1960.0,1940 or later,Masonry,1.0,630.0,Single Family,Mothball,2020-09-08,No,1166.0
40.4596047081,-79.8773002121,"8436 PARK Way, Pittsburgh, 15235",East Hills,9,3.0,"3 - Compromised, dangerous",1925.0,1901 to 1939,Masonry,2.0,1056.0,Single Family,Salvage,2026-03-12,No,1089.0
40.4595750196,-79.8770357541,"8442 PARK Way, Pittsburgh, 15235",East Hills,9,3.0,"3 - Compromised, dangerous",1935.0,1901 to 1939,Frame,1.0,537.0,Single Family,Salvage,2020-09-08,No,1099.0
40.4585326393,-79.876586959,"8438 DERSAM ST, Pittsburgh, PA 15235",East Hills,9,1.0,"1 - Intact, no immediate danger",1920.0,1901 to 1939,Masonry,2.0,972.0,Two Family,Save first,2026-03-16,No,1033.0
40.4593298233,-79.8754722325,"8516 DERSAM ST, Pittsburgh, 15235",East Hills,9,2.0,"2 - Compromised, possibly dangerous",1942.0,1940 or later,Masonry,1.5,1318.0,Single Family,Mothball,2020-08-27,No,1161.0
40.4595131832,-79.8752626305,"8520 DERSAM ST, Pittsburgh, 15235",East Hills,9,,Not scored,1940.0,1940 or later,Masonry,1.0,1085.0,Single Family,Not scored,2026-04-17,No,1188.0
40.4595275016,-79.8726494353,"8630 BRICELYN ST #221, Pittsburgh, PA 15221",East Hills,9,1.0,"1 - Intact, no immediate danger",,Unknown,Unknown,,,Independent Living (Seniors),Mothball,2024-10-22,No,1348.0
40.4568496435,-79.8820593371,"1039 LAWNDALE ST, Pittsburgh, 15221",Homewood North,9,4.0,4 - Imminently dangerous,1906.0,1901 to 1939,Frame,2.0,1428.0,Single Family,Salvage,2020-09-02,No,628.0
40.4555590903,-79.8822194621,"8125 FRANKSTOWN AVE, Pittsburgh, PA 15221",Homewood North,9,2.0,"2 - Compromised, possibly dangerous",1889.0,Before 1900,Masonry,2.0,1088.0,Single Family,Save first,2024-02-21,No,491.0
40.4572256262,-79.8780279497,"8381 FRANKSTOWN AVE, Pittsburgh, PA 15221",Homewood North,9,,Not scored,1920.0,1901 to 1939,Masonry,2.0,2452.0,Two Family,Not scored,2022-07-27,No,844.0
40.4560651812,-79.8776327697,"8363 BRICELYN ST, Pittsburgh, PA 15221",East Hills,9,2.0,"2 - Compromised, possibly dangerous",1925.0,1901 to 1939,Frame,2.0,1152.0,Single Family,Mothball,2023-11-15,No,778.0
40.4555563689,-79.8755853363,"723 WILKINSBURG AVE, Pittsburgh, 15221",East Hills,9,2.0,"2 - Compromised, possibly dangerous",1920.0,1901 to 1939,Masonry,2.0,1059.0,Single Family,Save first,2020-09-10,No,888.0
40.4568345127,-79.8755850336,"771 WILKINSBURG AVE, Pittsburgh, 15221",East Hills,9,2.0,"2 - Compromised, possibly dangerous",1918.0,1901 to 1939,Frame,2.0,1216.0,Single Family,Mothball,2020-09-10,No,967.0
40.4556443194,-79.8743095702,"2401 PARK HILL DR, Pittsburgh, PA 15221",East Hills,9,1.0,"1 - Intact, no immediate danger",1965.0,1940 or later,Masonry,2.0,1218.0,Rowhouse,Mothball,2021-04-19,No,987.0
40.4569845997,-79.8721452488,"2545 EAST HILLS DR, Pittsburgh, 15221",East Hills,9,3.0,"3 - Compromised, dangerous",1965.0,1940 or later,Masonry,2.0,1218.0,Two Family,Salvage,2020-08-27,No,1219.0
40.4558381501,-79.8730854334,"2508 PARK HILL DR, Pittsburgh, 15221",East Hills,9,2.0,"2 - Compromised, possibly dangerous",1965.0,1940 or later,Masonry,2.0,1218.0,Townhouse,Mothball,2020-09-03,No,1090.0
40.4556044106,-79.8733832401,"2434 PARK HILL DR, Pittsburgh, 15221",East Hills,9,2.0,"2 - Compromised, possibly dangerous",1965.0,1940 or later,Masonry,2.0,1218.0,Rowhouse,Mothball,2020-09-03,No,1056.0
40.4549149892,-79.8825526676,"8131 CONEMAUGH ST, Pittsburgh, PA 15221",East Hills,9,1.0,"1 - Intact, no immediate danger",1920.0,1901 to 1939,Other,2.0,960.0,Single Family,Mothball,2026-07-29,No,415.0
40.454864523,-79.8822695351,"8141 CONEMAUGH ST, Pittsburgh, PA 15221",East Hills,9,,Not scored,1920.0,1901 to 1939,Masonry,2.0,900.0,Rowhouse,Not scored,2026-05-29,No,421.0
40.4545777509,-79.8797763647,"8209 BRICELYN ST, Pittsburgh, 15221",East Hills,9,2.0,"2 - Compromised, possibly dangerous",1809.0,Before 1900,Masonry,2.0,1608.0,Two Family,Save first,2024-11-05,No,533.0
40.4539658192,-79.8793701918,"726 TOKAY ST, Pittsburgh, 15221",East Hills,9,3.0,"3 - Compromised, dangerous",1900.0,1900 (possible default),Frame,2.0,1378.0,Single Family,Salvage,2020-09-09,No,522.0
40.4528991209,-79.8797943042,"635 SEAGIRT ST, Pittsburgh, PA 15221",East Hills,9,3.0,"3 - Compromised, dangerous",1920.0,1901 to 1939,Masonry,2.0,1000.0,Single Family,Salvage,2020-09-09,No,438.0
40.453472783,-79.8781284681,"8220 FAHNESTOCK ST, Pittsburgh, 15221",East Hills,9,2.0,"2 - Compromised, possibly dangerous",1976.0,1940 or later,Masonry,1.0,1362.0,Single Family,Mothball,2020-07-24,No,593.0
40.4543225611,-79.8764101678,"8342 ROLFE ST, Pittsburgh, 15221",East Hills,9,,Not scored,1950.0,1940 or later,Masonry,1.0,792.0,Single Family,Not scored,2026-04-17,No,763.0
40.4534044723,-79.8755853619,"616 WILKINSBURG AVE, Pittsburgh, 15221",East Hills,9,2.0,"2 - Compromised, possibly dangerous",1977.0,1940 or later,Frame,2.0,2512.0,Single Family,Mothball,2026-03-25,No,795.0
40.4546335393,-79.8755818571,"660 WILKINSBURG AVE, Pittsburgh, 15221",East Hills,9,2.0,"2 - Compromised, possibly dangerous",1920.0,1901 to 1939,Frame,1.0,888.0,Single Family,Mothball,2020-07-06,No,842.0
40.4531424688,-79.8747342247,"2105 PARK HILL DR #N, Pittsburgh, PA 15221",East Hills,9,2.0,"2 - Compromised, possibly dangerous",,Unknown,Unknown,,,Apart:40+ Units,Mothball,2024-12-31,No,859.0
40.4547884798,-79.8748738025,"2319 PARK HILL DR, Pittsburgh, 15221",East Hills,9,2.0,"2 - Compromised, possibly dangerous",1965.0,1940 or later,Masonry,2.0,1218.0,Townhouse,Mothball,2020-09-08,No,903.0
40.4547638867,-79.8740631494,"2300 PARK HILL DR, Pittsburgh, 15221",East Hills,9,1.0,"1 - Intact, no immediate danger",1965.0,1940 or later,Masonry,2.0,928.0,Rowhouse,Mothball,2020-09-03,No,966.0
40.4543097955,-79.8738503264,"2224 PARK HILL DR, Pittsburgh, 15221",East Hills,9,1.0,"1 - Intact, no immediate danger",1965.0,1940 or later,Masonry,2.0,1218.0,Townhouse,Mothball,2020-09-08,No,965.0
40.4541547683,-79.8738468814,"2218 PARK HILL DR, Pittsburgh, 15221",East Hills,9,2.0,"2 - Compromised, possibly dangerous",1965.0,1940 or later,Masonry,2.0,986.0,Townhouse,Mothball,2020-09-08,No,960.0
40.4538604287,-79.8738815122,"2208 PARK HILL DR, Pittsburgh, 15221",East Hills,9,1.0,"1 - Intact, no immediate danger",1965.0,1940 or later,Masonry,2.0,986.0,Townhouse,Mothball,2022-07-06,No,948.0
40.4510132801,-79.8806434346,"546 HAVERHILL ST, Pittsburgh, 15221",East Hills,9,2.0,"2 - Compromised, possibly dangerous",1920.0,1901 to 1939,Frame,2.0,1254.0,Single Family,Mothball,2025-09-18,Yes,329.0
40.4520357149,-79.8795178044,"603 SEAGIRT ST, Pittsburgh, PA 15221",East Hills,9,3.0,"3 - Compromised, dangerous",1920.0,1901 to 1939,Masonry,2.0,1020.0,Rowhouse,Salvage,2023-05-17,No,438.0
40.451088066,-79.8791892335,"543 SEAGIRT ST, Pittsburgh, 15221",East Hills,9,2.0,"2 - Compromised, possibly dangerous",1920.0,1901 to 1939,Frame,2.0,2675.0,Two Family,Mothball,2026-02-25,No,448.0
40.4503752744,-79.8778991269,"1729 MAPLEWOOD AVE, Pittsburgh, 15221",East Hills,9,2.0,"2 - Compromised, possibly dangerous",1900.0,1900 (possible default),Frame,2.0,1332.0,Single Family,Mothball,2020-09-03,No,540.0
40.4514419892,-79.8783186302,"194 NIMICK PL, Pittsburgh, 15221",East Hills,9,2.0,"2 - Compromised, possibly dangerous",1920.0,1901 to 1939,Frame,2.0,1116.0,Single Family,Mothball,2024-03-15,No,528.0
40.4520782036,-79.8780199575,"1825 MAPLEWOOD AVE, Pittsburgh, 15221",East Hills,9,2.0,"2 - Compromised, possibly dangerous",1900.0,1900 (possible default),Frame,2.0,1246.0,Single Family,Mothball,2024-02-07,No,564.0
40.4503759481,-79.8768646059,"1721 CRESTLINE ST, Pittsburgh, 15221",East Hills,9,2.0,"2 - Compromised, possibly dangerous",1900.0,1900 (possible default),Frame,2.0,1479.0,Single Family,Mothball,2020-08-27,No,625.0
40.4513930938,-79.874927385,"132 CRESTLINE PL, Pittsburgh, 15221",East Hills,9,1.0,"1 - Intact, no immediate danger",1960.0,1940 or later,Masonry,1.0,1390.0,Single Family,Mothball,2025-10-23,No,806.0
40.4526990261,-79.877125698,"619 DORNBUSH ST, Pittsburgh, PA 15221",East Hills,9,2.0,"2 - Compromised, possibly dangerous",1920.0,1901 to 1939,Frame,2.0,896.0,Single Family,Mothball,2020-08-27,No,650.0
40.4501435966,-79.8827256921,"534 KARL ST, Pittsburgh, 15221",East Hills,9,4.0,4 - Imminently dangerous,1890.0,Before 1900,Frame,2.0,2320.0,Single Family,Salvage,2024-07-18,Yes,131.0
40.4498824634,-79.8773911933,"1718 MAPLEWOOD AVE, Pittsburgh, 15221",East Hills,9,,Not scored,1940.0,1940 or later,Frame,2.0,2208.0,Two Family,Not scored,2024-03-27,No,569.0
40.4501712579,-79.8768616361,"1717 CRESTLINE ST, Pittsburgh, 15221",East Hills,9,2.0,"2 - Compromised, possibly dangerous",1920.0,1901 to 1939,Frame,2.0,842.0,Single Family,Mothball,2020-08-27,No,620.0
40.4499750611,-79.8768604688,"1711 CRESTLINE ST, Pittsburgh, 15221",East Hills,9,,Not scored,1940.0,1940 or later,Frame,2.0,1122.0,Single Family,Not scored,2023-07-24,No,615.0
