Address,Neighborhood,Council_District,PLI_Score_Label,Year_Built,Exterior,Stories,Living_Area_sqft,Land_Use,Latitude,Longitude
"1105 ARLINGTON AVE, Pittsburgh, PA 15203",Allentown,3,"2 - Compromised, possibly dangerous",1895.0,Masonry,2.0,1392.0,Single Family,40.4224577992,-79.9910005511
"215 WALTER ST, Pittsburgh, PA 15210",Allentown,3,"2 - Compromised, possibly dangerous",1910.0,Masonry,2.0,1142.0,Single Family,40.4203334855,-79.9945686774
"307 ALLEN ST, Pittsburgh, 15210",Allentown,3,"1 - Intact, no immediate danger",1900.0,Masonry,2.0,1654.0,Single Family,40.4196685143,-79.9934223608
"404 ALLEN ST, Pittsburgh, 15210",Allentown,3,"2 - Compromised, possibly dangerous",1910.0,Masonry,2.5,2894.0,Two Family,40.4189579554,-79.9939554865
"722 LILLIAN ST, Pittsburgh, 15210",Allentown,3,"2 - Compromised, possibly dangerous",1912.0,Masonry,2.0,1522.0,Single Family,40.4185245209,-79.9948180418
"831 LOYAL Way, Pittsburgh, PA 15210",Allentown,3,"2 - Compromised, possibly dangerous",1900.0,Masonry,2.5,2160.0,Three Family,40.4198118944,-79.9924557316
"954 INDUSTRY ST, Pittsburgh, 15210",Allentown,3,"2 - Compromised, possibly dangerous",1910.0,Masonry,2.0,1584.0,Single Family,40.4206766254,-79.9895987754
"2428 ARLINGTON AVE, Pittsburgh, PA 15210",Arlington,3,"1 - Intact, no immediate danger",1923.0,Masonry,2.0,4229.0,Single Family,40.4172879168,-79.9719711044
"2501 SPRING ST, Pittsburgh, 15210",Arlington,3,"2 - Compromised, possibly dangerous",1904.0,Masonry,2.5,2667.0,Single Family,40.4161573758,-79.9714726935
"2702 BEDFORD AVE, Pittsburgh, 15219",Bedford Dwellings,6,"2 - Compromised, possibly dangerous",1930.0,Masonry,2.0,868.0,Rowhouse,40.4515784561,-79.9700589311
"2708 BEDFORD AVE, Pittsburgh, 15219",Bedford Dwellings,6,"2 - Compromised, possibly dangerous",1930.0,Masonry,2.0,868.0,Rowhouse,40.4516357267,-79.9699278346
"2710 BEDFORD AVE, Pittsburgh, 15219",Bedford Dwellings,6,"2 - Compromised, possibly dangerous",1930.0,Masonry,2.0,868.0,Rowhouse,40.4516573603,-79.9698826277
"2712 BEDFORD AVE, Pittsburgh, 15219",Bedford Dwellings,6,"2 - Compromised, possibly dangerous",1930.0,Masonry,2.0,1054.0,Rowhouse,40.4516762825,-79.9698368488
"2724 BEDFORD AVE, Pittsburgh, 15219",Bedford Dwellings,6,"2 - Compromised, possibly dangerous",1930.0,Masonry,2.0,868.0,Rowhouse,40.4517843314,-79.9695795617
"2726 BEDFORD AVE, Pittsburgh, 15219",Bedford Dwellings,6,"2 - Compromised, possibly dangerous",1930.0,Masonry,2.0,868.0,Rowhouse,40.451808291,-79.9695341147
"2728 BEDFORD AVE, Pittsburgh, 15219",Bedford Dwellings,6,"2 - Compromised, possibly dangerous",1930.0,Masonry,2.0,868.0,Rowhouse,40.4518263433,-79.9694845641
"2904 WHITE ST, Pittsburgh, 15219",Bedford Dwellings,6,"2 - Compromised, possibly dangerous",1910.0,Masonry,2.0,960.0,Rowhouse,40.4532768096,-79.9679502108
"2905 BEDFORD AVE, Pittsburgh, PA 15219",Bedford Dwellings,6,"2 - Compromised, possibly dangerous",1910.0,Masonry,2.0,1020.0,Rowhouse,40.4529865775,-79.967723237
"720 WATT LN, Pittsburgh, 15219",Bedford Dwellings,6,"1 - Intact, no immediate danger",1900.0,Masonry,2.0,1342.0,Rowhouse,40.4505912452,-79.9720310383
"1037 LOWENHILL ST, Pittsburgh, PA 15216",Beechview,4,"1 - Intact, no immediate danger",1910.0,Masonry,2.0,2153.0,Single Family,40.418104663,-80.0203832202
"1406 DAGMAR AVE, Pittsburgh, 15216",Beechview,4,"1 - Intact, no immediate danger",1900.0,Masonry,2.0,1188.0,Single Family,40.4140502545,-80.023300913
"1518 FALLOWFIELD AVE, Pittsburgh, 15216",Beechview,4,"2 - Compromised, possibly dangerous",1900.0,Masonry,2.0,1690.0,Two Family,40.4121620578,-80.0241140875
"1637 SUBURBAN AVE, Pittsburgh, 15216",Beechview,2,"2 - Compromised, possibly dangerous",1920.0,Masonry,2.5,2181.0,Single Family,40.4095073851,-80.0176452134
"1812 FALLOWFIELD AVE, Pittsburgh, 15216",Beechview,4,"1 - Intact, no immediate danger",1900.0,Masonry,1.5,1122.0,Single Family,40.4071097406,-80.0238709002
"2008 BROADWAY AVE, Pittsburgh, 15216",Beechview,4,"2 - Compromised, possibly dangerous",1925.0,Masonry,2.0,1094.0,Single Family,40.4063602772,-80.0290927949
"2131 VODELI ST, Pittsburgh, 15216",Beechview,4,"2 - Compromised, possibly dangerous",1930.0,Masonry,2.0,2717.0,Four Family,40.4039884855,-80.0278601182
"2336 VODELI ST, Pittsburgh, 15216",Beechview,4,"2 - Compromised, possibly dangerous",1900.0,Masonry,2.0,1344.0,Single Family,40.4016128262,-80.0282977686
"120 CHALFONT ST, Pittsburgh, 15210",Beltzhoover,3,"2 - Compromised, possibly dangerous",1920.0,Masonry,2.0,1650.0,Single Family,40.416372543,-80.0050178979
"192 BOGGSTON AVE, Pittsburgh, 15210",Beltzhoover,3,"2 - Compromised, possibly dangerous",1910.0,Masonry,2.0,1064.0,Single Family,40.4196414319,-80.0079261287
"215 CHALFONT ST, Pittsburgh, 15210",Beltzhoover,3,"2 - Compromised, possibly dangerous",1910.0,Masonry,2.0,1584.0,Single Family,40.4168210293,-80.0032931686
"235 MICHIGAN ST, Pittsburgh, 15210",Beltzhoover,3,"1 - Intact, no immediate danger",1925.0,Masonry,2.0,1572.0,Single Family,40.4160743043,-80.0024702526
"520 CEDARHURST ST, Pittsburgh, 15210",Beltzhoover,3,"2 - Compromised, possibly dangerous",1929.0,Masonry,2.0,1302.0,Single Family,40.4181071036,-79.9979225385
"70 LAFFERTY AVE, Pittsburgh, 15210",Beltzhoover,3,"2 - Compromised, possibly dangerous",1915.0,Masonry,2.0,888.0,Single Family,40.4174644375,-80.0071029588
"72 LAFFERTY AVE, Pittsburgh, 15210",Beltzhoover,3,"2 - Compromised, possibly dangerous",1915.0,Masonry,2.0,962.0,Rowhouse,40.4176060713,-80.0071261004
"809 MONTOOTH ST, Pittsburgh, 15210",Beltzhoover,3,"2 - Compromised, possibly dangerous",1935.0,Masonry,2.0,1040.0,Single Family,40.4154281032,-80.0055703408
"828 GEARING AVE, Pittsburgh, 15210",Beltzhoover,3,"2 - Compromised, possibly dangerous",1922.0,Masonry,2.0,1169.0,Single Family,40.4147537094,-80.0051025817
"922 MONTOOTH ST, Pittsburgh, 15210",Beltzhoover,3,"2 - Compromised, possibly dangerous",1910.0,Masonry,3.0,3494.0,Single Family,40.4143539704,-80.0059750432
"220 S MATHILDA ST, Pittsburgh, PA 15224",Bloomfield,7,"1 - Intact, no immediate danger",1910.0,Masonry,2.0,1880.0,Single Family,40.464471867,-79.9468827498
"447 CEDARVILLE ST, Pittsburgh, PA 15224",Bloomfield,7,"1 - Intact, no immediate danger",1880.0,Masonry,2.0,1592.0,Two Family,40.4591594034,-79.9505808017
"106 GIST ST #102, Pittsburgh, PA 15219",Bluff,6,"1 - Intact, no immediate danger",1920.0,Masonry,3.0,1764.0,Rowhouse,40.4380370134,-79.9796277114
"108 GIST ST #102, Pittsburgh, PA 15219",Bluff,6,"1 - Intact, no immediate danger",1920.0,Masonry,3.0,1764.0,Rowhouse,40.4379874071,-79.9796327902
"110 GIST ST #102, Pittsburgh, PA 15219",Bluff,6,"1 - Intact, no immediate danger",1920.0,Masonry,3.0,1764.0,Rowhouse,40.4379381107,-79.9796379191
"1928 5TH AVE, Pittsburgh, PA 15219",Bluff,6,"2 - Compromised, possibly dangerous",1920.0,Masonry,2.0,2944.0,Rowhouse,40.4380209313,-79.9783266488
"2 SENECA ST, Pittsburgh, PA 15219",Bluff,6,"2 - Compromised, possibly dangerous",1890.0,Masonry,2.0,1708.0,Rowhouse,40.4375797037,-79.9756992139
"2005 BLVD OF THE ALLIES, Pittsburgh, PA 15219",Bluff,6,"2 - Compromised, possibly dangerous",1900.0,Masonry,2.0,964.0,Rowhouse,40.4363717795,-79.977591317
"2013 BLVD OF THE ALLIES, Pittsburgh, PA 15219",Bluff,6,"2 - Compromised, possibly dangerous",1900.0,Masonry,2.0,1009.0,Rowhouse,40.4364452857,-79.9773988286
"2017 1/2 TUSTIN ST, Pittsburgh, PA 15219",Bluff,6,"1 - Intact, no immediate danger",1920.0,Masonry,2.0,1232.0,Single Family,40.4369704652,-79.9770787046
"2019 TUSTIN ST, Pittsburgh, 15219",Bluff,6,"1 - Intact, no immediate danger",1920.0,Masonry,2.0,1232.0,Municipal Government,40.4369662642,-79.9769985539
"2027 FORBES AVE, Pittsburgh, PA 15219",Bluff,6,"2 - Compromised, possibly dangerous",1910.0,Masonry,2.0,1120.0,Rowhouse,40.4374713182,-79.9766576242
"2029 FORBES AVE, Pittsburgh, 15219",Bluff,6,"1 - Intact, no immediate danger",1910.0,Masonry,2.0,1312.0,Rowhouse,40.437466286,-79.9766076683
"2030 FORBES AVE, Pittsburgh, 15219",Bluff,6,"2 - Compromised, possibly dangerous",1910.0,Masonry,2.0,3062.0,Single Family,40.4370406839,-79.9765148144
"2031 FORBES AVE, Pittsburgh, 15219",Bluff,6,"2 - Compromised, possibly dangerous",1910.0,Masonry,2.0,1120.0,Rowhouse,40.437466403,-79.9765531429
"2033 TUSTIN ST, Pittsburgh, 15219",Bluff,6,"1 - Intact, no immediate danger",1910.0,Masonry,2.0,1220.0,Rowhouse,40.4369538805,-79.9764564252
"210 SENECA ST, Pittsburgh, 15219",Bluff,6,"1 - Intact, no immediate danger",1910.0,Masonry,2.0,1200.0,Rowhouse,40.4369683213,-79.976191062
"2112 5TH AVE, Pittsburgh, 15219",Bluff,6,"2 - Compromised, possibly dangerous",1910.0,Masonry,3.0,1884.0,Rowhouse,40.4378717243,-79.9753922132
"2133 FORBES AVE #2, Pittsburgh, PA 15219",Bluff,6,"1 - Intact, no immediate danger",1900.0,Masonry,3.0,2712.0,Two Family,40.4374498893,-79.9746682698
"3 SENECA ST, Pittsburgh, PA 15219",Bluff,6,"2 - Compromised, possibly dangerous",1900.0,Masonry,2.0,1966.0,Rowhouse,40.4375282017,-79.9757056701
"4 SENECA ST, Pittsburgh, PA 15219",Bluff,6,"2 - Compromised, possibly dangerous",1900.0,Masonry,2.0,5284.0,Three Family,40.4374240176,-79.9757100997
"49 VAN BRAAM ST, Pittsburgh, 15219",Bluff,6,"2 - Compromised, possibly dangerous",1910.0,Masonry,2.0,1088.0,Rowhouse,40.4369750647,-79.9825222194
"53 MILTENBERGER ST, Pittsburgh, 15219",Bluff,6,"1 - Intact, no immediate danger",1910.0,Masonry,3.0,2632.0,Rowhouse,40.436365439,-79.9817421747
"57 MILTENBERGER ST, Pittsburgh, 15219",Bluff,6,"1 - Intact, no immediate danger",1910.0,Masonry,2.0,1752.0,Two Family,40.4362577609,-79.9817515775
"113 DUART ST, Pittsburgh, 15210",Bon Air,4,"2 - Compromised, possibly dangerous",1900.0,Masonry,2.0,1252.0,Single Family,40.4097631372,-79.9974045721
"402 TIMBERLAND AVE, Pittsburgh, 15226",Bon Air,4,"2 - Compromised, possibly dangerous",1920.0,Masonry,1.0,600.0,Two Family,40.4100537594,-80.0066471387
"1436 WOODS RUN AVE, Pittsburgh, 15212",Brighton Heights,1,"1 - Intact, no immediate danger",1920.0,Masonry,3.0,10800.0,Four Family,40.4753748843,-80.0351183993
"3516 DIPLOMA ST, Pittsburgh, 15212",Brighton Heights,1,"1 - Intact, no immediate danger",1900.0,Masonry,2.0,1704.0,Single Family,40.4799258974,-80.0299360145
"3930 BRIGHTON RD, Pittsburgh, 15212",Brighton Heights,1,"2 - Compromised, possibly dangerous",1925.0,Masonry,2.0,2250.0,Single Family,40.4874662465,-80.0386397193
"1502 BERKSHIRE AVE, Pittsburgh, 15226",Brookline,4,"2 - Compromised, possibly dangerous",1910.0,Masonry,2.0,1134.0,Single Family,40.3874634229,-80.0134307814
"1904 WOODWARD AVE, Pittsburgh, 15226",Brookline,4,"1 - Intact, no immediate danger",1910.0,Masonry,2.0,1260.0,Single Family,40.4045929143,-80.0175355101
"2024 PIONEER AVE, Pittsburgh, 15226",Brookline,4,"2 - Compromised, possibly dangerous",1937.0,Masonry,2.0,1478.0,Single Family,40.4020801129,-80.0165655969
"2516 PLAINVIEW AVE, Pittsburgh, 15226",Brookline,4,"1 - Intact, no immediate danger",1930.0,Masonry,2.0,1696.0,Single Family,40.3979288626,-80.0247357227
"316 AIDYL AVE, Pittsburgh, 15226",Brookline,4,"1 - Intact, no immediate danger",1932.0,Masonry,2.0,1048.0,Single Family,40.3948851621,-80.0272734704
"318 AIDYL AVE, Pittsburgh, 15226",Brookline,4,"1 - Intact, no immediate danger",1932.0,Masonry,2.0,1032.0,Single Family,40.3948562909,-80.0272243227
"1219 COLFAX ST, Pittsburgh, 15212",California-Kirkbride,6,"2 - Compromised, possibly dangerous",1902.0,Masonry,2.0,2132.0,Single Family,40.4620536999,-80.0254868508
"1716 MARQUIS Way, Pittsburgh, PA 15212",California-Kirkbride,6,"1 - Intact, no immediate danger",1900.0,Masonry,2.0,1088.0,Single Family,40.4587791476,-80.0180155258
"1730 MCCULLOUGH ST, Pittsburgh, 15212",California-Kirkbride,1,"2 - Compromised, possibly dangerous",1900.0,Masonry,3.0,1530.0,Single Family,40.4591894649,-80.0168001746
"961 KIRKBRIDE ST, Pittsburgh, PA 15212",California-Kirkbride,6,"1 - Intact, no immediate danger",1900.0,Masonry,2.5,1415.0,Single Family,40.459506269,-80.0212806538
"118 MADELINE ST, Pittsburgh, 15210",Carrick,4,"1 - Intact, no immediate danger",1890.0,Masonry,2.0,1975.0,Three Family,40.3938564963,-79.9842892638
"130 E MEYERS ST, Pittsburgh, 15210",Carrick,4,"1 - Intact, no immediate danger",1911.0,Masonry,2.0,1742.0,Single Family,40.4001678664,-79.9859790987
"16 CEDRICTON ST #2, Pittsburgh, PA 15210",Carrick,4,"2 - Compromised, possibly dangerous",1929.0,Masonry,2.0,1668.0,Two Family,40.4052267009,-79.9916997806
"1652 MOUNT JOSEPH ST, Pittsburgh, PA 15210",Carrick,4,"2 - Compromised, possibly dangerous",1901.0,Masonry,2.0,1240.0,Single Family,40.3978852868,-79.9913544525
"1922 WESTMONT AVE, Pittsburgh, 15210",Carrick,4,"1 - Intact, no immediate danger",1927.0,Masonry,2.0,1487.0,Single Family,40.3949910895,-79.988319516
"2145 HAZELDELL ST, Pittsburgh, PA 15210",Carrick,4,"2 - Compromised, possibly dangerous",1920.0,Masonry,2.0,1934.0,Single Family,40.3915070702,-79.9851920095
"2154 HAZELDELL ST, Pittsburgh, 15210",Carrick,4,"1 - Intact, no immediate danger",1915.0,Masonry,2.5,2333.0,Single Family,40.391512064,-79.985762104
"220 ALRIES ST, Pittsburgh, 15210",Carrick,4,"1 - Intact, no immediate danger",1913.0,Masonry,2.0,1540.0,Single Family,40.399534988,-79.9846835279
"231 SPENCER AVE, Pittsburgh, 15227",Carrick,4,"1 - Intact, no immediate danger",1924.0,Masonry,1.0,1080.0,Single Family,40.3892690635,-79.9764186246
"34 MINOOKA ST, Pittsburgh, 15210",Carrick,4,"1 - Intact, no immediate danger",1920.0,Masonry,2.0,1260.0,Single Family,40.4042224624,-79.9920855661
"35 CEDRICTON ST, Pittsburgh, 15210",Carrick,4,"2 - Compromised, possibly dangerous",1928.0,Masonry,2.0,1160.0,Single Family,40.4046351491,-79.9923218703
"61 CARRICK AVE, Pittsburgh, PA 15210",Carrick,4,"1 - Intact, no immediate danger",1908.0,Masonry,2.0,2064.0,Two Family,40.3895531601,-79.9827511493
"712 MAYTIDE ST, Pittsburgh, 15227",Carrick,4,"1 - Intact, no immediate danger",1930.0,Masonry,2.0,1120.0,Single Family,40.384191426,-79.9919294555
"177 45TH ST, Pittsburgh, 15201",Central Lawrenceville,7,"1 - Intact, no immediate danger",1900.0,Masonry,2.0,2076.0,Rowhouse,40.4728446418,-79.9598901938
"190 44TH ST, Pittsburgh, 15201",Central Lawrenceville,7,"1 - Intact, no immediate danger",1900.0,Masonry,2.0,896.0,Rowhouse,40.4716537977,-79.9603385378
"111 CARRINGTON ST, Pittsburgh, 15212",Central Northside,1,"2 - Compromised, possibly dangerous",1890.0,Masonry,2.0,1406.0,Single Family,40.4588848005,-80.0087000587
"1201 BOYLE ST, Pittsburgh, PA 15212",Central Northside,1,"1 - Intact, no immediate danger",1900.0,Masonry,3.0,3090.0,Rowhouse,40.4561119008,-80.0061186579
"1244 BUENA VISTA ST, Pittsburgh, PA 15212",Central Northside,1,"2 - Compromised, possibly dangerous",1840.0,Masonry,2.0,3030.0,Rowhouse,40.4560074489,-80.0140464422
"1311 SANDUSKY ST, Pittsburgh, 15212",Central Northside,1,"1 - Intact, no immediate danger",1900.0,Masonry,3.0,2040.0,Rowhouse,40.4573668331,-80.005199882
"1413 BOYLE ST, Pittsburgh, 15212",Central Northside,1,"1 - Intact, no immediate danger",1900.0,Masonry,2.0,1528.0,Rowhouse,40.4578343187,-80.0066708184
"1435 SANDUSKY ST, Pittsburgh, 15212",Central Northside,1,"1 - Intact, no immediate danger",1900.0,Masonry,2.0,1694.0,Rowhouse,40.4585177342,-80.005623671
"208 ALPINE AVE, Pittsburgh, PA 15212",Central Northside,1,"1 - Intact, no immediate danger",1900.0,Masonry,2.0,1064.0,Single Family,40.4584479714,-80.0101131543
"257 E JEFFERSON ST, Pittsburgh, 15212",Central Northside,1,"1 - Intact, no immediate danger",1930.0,Masonry,2.0,1008.0,Single Family,40.4587413853,-80.0118237378
"319 JACKSONIA ST, Pittsburgh, 15212",Central Northside,1,"1 - Intact, no immediate danger",1910.0,Masonry,3.0,2160.0,Two Family,40.4574047556,-80.0111911307
"424 N TAYLOR AVE, Pittsburgh, 15212",Central Northside,1,"1 - Intact, no immediate danger",1900.0,Masonry,2.0,1518.0,Rowhouse,40.4566993348,-80.0121393577
"712 ARMANDALE ST, Pittsburgh, 15212",Central Northside,6,"2 - Compromised, possibly dangerous",1900.0,Masonry,2.0,1962.0,Rowhouse,40.4581524498,-80.0154653048
"102 ELMONT ST, Pittsburgh, 15205",Crafton Heights,2,"2 - Compromised, possibly dangerous",1915.0,Masonry,2.0,1540.0,Single Family,40.4392454271,-80.0551139063
"114 ELMONT ST, Pittsburgh, 15205",Crafton Heights,2,"2 - Compromised, possibly dangerous",1928.0,Masonry,2.0,2194.0,Two Family,40.4394244575,-80.0545816772
"1551 CLAIRTONICA ST, Pittsburgh, 15205",Crafton Heights,2,"1 - Intact, no immediate danger",1913.0,Masonry,2.0,1200.0,Single Family,40.4391579818,-80.0572511066
"1655 STEUBEN ST, Pittsburgh, 15205",Crafton Heights,2,"1 - Intact, no immediate danger",1926.0,Masonry,2.0,1200.0,Single Family,40.4431328342,-80.0571806561
"18 RIDENOUR AVE, Pittsburgh, 15205",Crafton Heights,2,"2 - Compromised, possibly dangerous",1899.0,Masonry,2.0,1750.0,Single Family,40.4382568936,-80.0580546944
"510 STRATMORE ST, Pittsburgh, PA 15205",Crafton Heights,2,"2 - Compromised, possibly dangerous",1910.0,Masonry,2.0,1144.0,Rowhouse,40.4417451964,-80.0568761826
"512 STRATMORE ST, Pittsburgh, PA 15205",Crafton Heights,2,"2 - Compromised, possibly dangerous",1910.0,Masonry,2.0,1144.0,Rowhouse,40.4417902722,-80.056903854
"514 STRATMORE ST, Pittsburgh, PA 15205",Crafton Heights,2,"1 - Intact, no immediate danger",1910.0,Masonry,2.0,1224.0,Rowhouse,40.441828597,-80.0569279834
"801 DUBOIS ST, Pittsburgh, 15204",Crafton Heights,2,"2 - Compromised, possibly dangerous",1915.0,Masonry,2.0,1072.0,Rowhouse,40.4501345351,-80.0507309174
"809 DUBOIS ST, Pittsburgh, 15204",Crafton Heights,2,"1 - Intact, no immediate danger",1915.0,Masonry,2.0,1072.0,Rowhouse,40.4499949741,-80.0508086363
"1613 BEDFORD AVE, Pittsburgh, 15219",Crawford-Roberts,6,"2 - Compromised, possibly dangerous",1900.0,Masonry,2.0,1152.0,Rowhouse,40.4447135596,-79.9871257767
"1711 BEDFORD AVE, Pittsburgh, 15219",Crawford-Roberts,6,"2 - Compromised, possibly dangerous",1920.0,Masonry,3.0,2166.0,Single Family,40.4452403301,-79.9860533224
"1715 BEDFORD AVE, Pittsburgh, 15219",Crawford-Roberts,6,"1 - Intact, no immediate danger",1920.0,Masonry,3.0,3792.0,Three Family,40.4452897868,-79.9859385993
"1721 COLWELL ST, Pittsburgh, 15219",Crawford-Roberts,6,"1 - Intact, no immediate danger",1890.0,Masonry,2.0,952.0,Single Family,40.4392225024,-79.9812654756
"1817 5TH AVE, Pittsburgh, 15219",Crawford-Roberts,6,"2 - Compromised, possibly dangerous",1910.0,Masonry,2.0,2176.0,Single Family,40.4386157546,-79.980080108
"1844 WEBSTER AVE, Pittsburgh, PA 15219",Crawford-Roberts,6,"2 - Compromised, possibly dangerous",1900.0,Masonry,2.0,1746.0,Single Family,40.4448404816,-79.9832641801
"212 WICK ST, Pittsburgh, 15219",Crawford-Roberts,6,"2 - Compromised, possibly dangerous",1910.0,Masonry,2.0,960.0,Single Family,40.4394385111,-79.9794910558
"214 WICK ST, Pittsburgh, 15219",Crawford-Roberts,6,"2 - Compromised, possibly dangerous",1900.0,Masonry,2.0,1512.0,Single Family,40.4395029598,-79.9795263861
"216 WICK ST, Pittsburgh, 15219",Crawford-Roberts,6,"2 - Compromised, possibly dangerous",1900.0,Masonry,2.0,1752.0,Single Family,40.4395661668,-79.9795240665
"219 LOMBARD ST, Pittsburgh, 15219",Crawford-Roberts,6,"2 - Compromised, possibly dangerous",1895.0,Masonry,2.0,1056.0,Single Family,40.4396612712,-79.9790487276
"222 DINWIDDIE ST, Pittsburgh, 15219",Crawford-Roberts,6,"2 - Compromised, possibly dangerous",1900.0,Masonry,3.0,2679.0,Rowhouse,40.4397540849,-79.9804132498
"223 LOMBARD ST, Pittsburgh, 15219",Crawford-Roberts,6,"2 - Compromised, possibly dangerous",1895.0,Masonry,2.0,1268.0,Single Family,40.4397551877,-79.9791096051
"254 WICK ST, Pittsburgh, 15219",Crawford-Roberts,6,"1 - Intact, no immediate danger",1900.0,Masonry,3.0,1836.0,Single Family,40.4404126287,-79.9799098527
"327 DINWIDDIE ST, Pittsburgh, PA 15219",Crawford-Roberts,6,"1 - Intact, no immediate danger",1900.0,Masonry,3.0,2226.0,Two Family,40.4420618719,-79.9806872961
"713 CASSATT ST, Pittsburgh, 15219",Crawford-Roberts,6,"1 - Intact, no immediate danger",1890.0,Masonry,2.0,1144.0,Rowhouse,40.4456512076,-79.9854557664
"8 MONACA PL, Pittsburgh, 15219",Crawford-Roberts,6,"2 - Compromised, possibly dangerous",1898.0,Masonry,2.0,810.0,Single Family,40.4459155589,-79.9847441726
"816 SPRING GARDEN AVE, Pittsburgh, 15212",East Allegheny,1,"2 - Compromised, possibly dangerous",1900.0,Masonry,2.0,1816.0,Single Family,40.4575194538,-79.9972047563
"820 SPRING GARDEN AVE #2, Pittsburgh, PA 15212",East Allegheny,1,"2 - Compromised, possibly dangerous",1900.0,Masonry,3.0,3912.0,Two Family,40.4575957304,-79.9970761073
"837 PERALTA ST, Pittsburgh, 15212",East Allegheny,1,"1 - Intact, no immediate danger",1880.0,Masonry,2.0,1748.0,Single Family,40.4554531574,-79.9958841607
"916 CONSTANCE ST, Pittsburgh, 15212",East Allegheny,1,"1 - Intact, no immediate danger",1900.0,Masonry,2.0,2216.0,Single Family,40.4569888891,-79.9941073149
"502 OAKWOOD ST, Pittsburgh, 15208",East Hills,9,"1 - Intact, no immediate danger",1900.0,Masonry,2.5,2530.0,Single Family,40.4491648259,-79.8837370288
"508 OAKWOOD ST, Pittsburgh, 15208",East Hills,9,"2 - Compromised, possibly dangerous",1915.0,Masonry,2.0,2352.0,Two Family,40.4494185644,-79.883800425
"709 SINGER PL, Pittsburgh, PA 15221",East Hills,9,"2 - Compromised, possibly dangerous",1925.0,Masonry,2.0,1064.0,Rowhouse,40.4532219421,-79.8837441363
"713 SINGER PL, Pittsburgh, 15221",East Hills,9,"2 - Compromised, possibly dangerous",1925.0,Masonry,2.0,1008.0,Rowhouse,40.4532453866,-79.883622727
"715 SINGER PL, Pittsburgh, 15221",East Hills,9,"2 - Compromised, possibly dangerous",1925.0,Masonry,2.0,1064.0,Rowhouse,40.4532567454,-79.8835585894
"723 WILKINSBURG AVE, Pittsburgh, 15221",East Hills,9,"2 - Compromised, possibly dangerous",1920.0,Masonry,2.0,1059.0,Single Family,40.4555563689,-79.8755853363
"8106 FRANKSTOWN AVE, Pittsburgh, 15221",East Hills,9,"2 - Compromised, possibly dangerous",1900.0,Masonry,2.0,2212.0,Two Family,40.4552384071,-79.8831041361
"8209 BRICELYN ST, Pittsburgh, 15221",East Hills,9,"2 - Compromised, possibly dangerous",1809.0,Masonry,2.0,1608.0,Two Family,40.4545777509,-79.8797763647
"8438 DERSAM ST, Pittsburgh, PA 15235",East Hills,9,"1 - Intact, no immediate danger",1920.0,Masonry,2.0,972.0,Two Family,40.4585326393,-79.876586959
"130 LARIMER AVE, Pittsburgh, PA 15206",East Liberty,9,"2 - Compromised, possibly dangerous",1909.0,Masonry,2.0,5198.0,"Churches, Public Worship",40.4625824555,-79.9180681895
"621 MELLON ST, Pittsburgh, 15206",East Liberty,9,"2 - Compromised, possibly dangerous",1915.0,Masonry,2.0,2565.0,Single Family,40.4693755582,-79.9262930624
"727 N BEATTY ST, Pittsburgh, 15206",East Liberty,9,"1 - Intact, no immediate danger",1885.0,Masonry,3.0,2612.0,Rowhouse,40.4691932837,-79.9228757944
"1031 STEUBEN ST, Pittsburgh, 15220",Elliott,2,"2 - Compromised, possibly dangerous",1920.0,Masonry,2.0,2274.0,Single Family,40.4430151015,-80.0435415772
"207 HERNDON ST, Pittsburgh, 15220",Elliott,2,"2 - Compromised, possibly dangerous",1900.0,Masonry,3.0,2140.0,Two Family,40.4432859051,-80.0366372937
"600 NOBLESTOWN RD, Pittsburgh, 15220",Elliott,2,"1 - Intact, no immediate danger",1900.0,Masonry,2.0,2498.0,Single Family,40.4372822693,-80.0395418984
"723 LORENZ AVE, Pittsburgh, 15220",Elliott,2,"1 - Intact, no immediate danger",1910.0,Masonry,2.0,1280.0,Single Family,40.4444065176,-80.0396031822
"757 STEUBEN ST, Pittsburgh, 15220",Elliott,2,"2 - Compromised, possibly dangerous",1900.0,Masonry,2.0,1186.0,Rowhouse,40.4411586179,-80.040592131
"512 W PROSPECT AVE, Pittsburgh, 15205",Fairywood,2,"2 - Compromised, possibly dangerous",1920.0,Masonry,2.0,1806.0,Single Family,40.4479662808,-80.0816709021
"522 W PROSPECT AVE, Pittsburgh, 15205",Fairywood,2,"2 - Compromised, possibly dangerous",1920.0,Masonry,2.0,2052.0,Single Family,40.448243521,-80.0820552849
"1920 MOUNTFORD AVE, Pittsburgh, PA 15214",Fineview,1,"1 - Intact, no immediate danger",1900.0,Masonry,2.0,2552.0,Single Family,40.4629651226,-80.007045234
"320 LAFAYETTE AVE, Pittsburgh, PA 15214",Fineview,6,"2 - Compromised, possibly dangerous",1900.0,Masonry,2.5,5768.0,Two Family,40.4653862306,-80.0071788503
"305 N FAIRMOUNT ST, Pittsburgh, PA 15206",Garfield,9,"1 - Intact, no immediate danger",1920.0,Masonry,2.5,2092.0,Single Family,40.466646566,-79.9316198623
"310 N GRAHAM ST, Pittsburgh, PA 15206",Garfield,9,"1 - Intact, no immediate danger",1920.0,Masonry,2.0,1833.0,Single Family,40.4671301455,-79.9335964421
"318 N GRAHAM ST, Pittsburgh, 15206",Garfield,9,"2 - Compromised, possibly dangerous",1920.0,Masonry,2.5,1523.0,Single Family,40.4673648288,-79.9334487383
"420 N AIKEN AVE, Pittsburgh, 15206",Garfield,9,"2 - Compromised, possibly dangerous",1920.0,Masonry,2.0,1943.0,Two Family,40.4682215545,-79.9339801798
"424 N MATHILDA ST, Pittsburgh, 15224",Garfield,9,"2 - Compromised, possibly dangerous",1906.0,Masonry,2.0,1725.0,Single Family,40.468331618,-79.9453082912
"429 N NEGLEY AVE, Pittsburgh, 15206",Garfield,9,"1 - Intact, no immediate danger",1920.0,Masonry,2.5,4596.0,Four Family,40.4677113742,-79.9284598421
"5308 BROWN Way, Pittsburgh, PA 15224",Garfield,9,"1 - Intact, no immediate danger",1900.0,Masonry,2.0,784.0,Rowhouse,40.4668376844,-79.9374456746
"5310 BROWN Way, Pittsburgh, PA 15224",Garfield,9,"1 - Intact, no immediate danger",1904.0,Masonry,2.0,784.0,Rowhouse,40.4668300981,-79.9373933584
"5311 BROWN Way, Pittsburgh, PA 15224",Garfield,9,"1 - Intact, no immediate danger",1900.0,Masonry,2.0,840.0,Rowhouse,40.4670229101,-79.9373329175
"5313 BROWN Way, Pittsburgh, PA 15224",Garfield,9,"1 - Intact, no immediate danger",1900.0,Masonry,2.0,840.0,Rowhouse,40.4670154979,-79.9372816031
"5337 BROWN Way, Pittsburgh, PA 15224",Garfield,9,"2 - Compromised, possibly dangerous",1900.0,Masonry,2.0,900.0,Single Family,40.4669281988,-79.9366588148
"5339 BROWN Way, Pittsburgh, PA 15224",Garfield,9,"1 - Intact, no immediate danger",1900.0,Masonry,2.0,900.0,Single Family,40.4669231904,-79.9366072242
"5362 ROSETTA ST, Pittsburgh, 15224",Garfield,9,"2 - Compromised, possibly dangerous",1930.0,Masonry,2.0,896.0,Single Family,40.4669143471,-79.9359774853
"5410 KINCAID ST, Pittsburgh, 15206",Garfield,9,"2 - Compromised, possibly dangerous",1915.0,Masonry,2.5,2581.0,Single Family,40.4660025774,-79.9350567224
"5413 ROSETTA ST, Pittsburgh, 15206",Garfield,9,"2 - Compromised, possibly dangerous",1900.0,Masonry,2.0,1437.0,Single Family,40.4670965618,-79.9344259874
"5434 KINCAID ST, Pittsburgh, PA 15206",Garfield,9,"1 - Intact, no immediate danger",1915.0,Masonry,2.0,1818.0,Single Family,40.4658697805,-79.9338568648
"5438 HILLCREST ST, Pittsburgh, 15206",Garfield,9,"2 - Compromised, possibly dangerous",1915.0,Masonry,2.5,1788.0,Single Family,40.4672928689,-79.9330524187
"5452 KINCAID ST, Pittsburgh, 15206",Garfield,9,"2 - Compromised, possibly dangerous",1900.0,Masonry,2.0,1840.0,Single Family,40.4657630463,-79.9330746876
"1 ALLEGHENY TER, Pittsburgh, PA 15207",Glen Hazel,5,"1 - Intact, no immediate danger",1900.0,Masonry,2.0,1572.0,Single Family,40.4008162588,-79.9370605034
"327 KAERCHER ST, Pittsburgh, PA 15207",Greenfield,5,"2 - Compromised, possibly dangerous",1935.0,Masonry,2.0,1266.0,Single Family,40.42377461,-79.9461560826
"816 LILAC ST, Pittsburgh, 15217",Greenfield,5,"1 - Intact, no immediate danger",1926.0,Masonry,2.0,1080.0,Single Family,40.4248356426,-79.9348343219
"982 GREENFIELD AVE, Pittsburgh, 15217",Greenfield,5,"1 - Intact, no immediate danger",1928.0,Masonry,2.0,1807.0,Single Family,40.4227802295,-79.9305168869
"662 BALDWIN RD, Pittsburgh, PA 15207",Hays,5,"1 - Intact, no immediate danger",1900.0,Masonry,2.0,2756.0,Single Family,40.3810506743,-79.9350797537
"160 MARSDEN ST, Pittsburgh, 15207",Hazelwood,5,"1 - Intact, no immediate danger",1900.0,Masonry,2.0,896.0,Rowhouse,40.4106272781,-79.9424275223
"162 MARSDEN ST, Pittsburgh, 15207",Hazelwood,5,"1 - Intact, no immediate danger",1900.0,Masonry,2.0,896.0,Rowhouse,40.4106397158,-79.942377921
"168 HAZELWOOD AVE, Pittsburgh, 15207",Hazelwood,5,"2 - Compromised, possibly dangerous",1912.0,Masonry,2.0,1920.0,Single Family,40.4116231453,-79.9418024114
"172 MARSDEN ST, Pittsburgh, 15207",Hazelwood,5,"1 - Intact, no immediate danger",1900.0,Masonry,2.0,932.0,Rowhouse,40.4106268857,-79.942101263
"201 GLEN CALADH ST, Pittsburgh, 15207",Hazelwood,5,"2 - Compromised, possibly dangerous",1901.0,Masonry,2.0,1040.0,Rowhouse,40.4097029956,-79.9420635496
"203 GLEN CALADH ST, Pittsburgh, 15207",Hazelwood,5,"1 - Intact, no immediate danger",1901.0,Masonry,2.0,1040.0,Rowhouse,40.4097145835,-79.9420128367
"204 RENOVA ST, Pittsburgh, 15207",Hazelwood,5,"2 - Compromised, possibly dangerous",1918.0,Masonry,2.0,1827.0,Single Family,40.4010430289,-79.9381479635
"205 GLEN CALADH ST, Pittsburgh, 15207",Hazelwood,5,"2 - Compromised, possibly dangerous",1901.0,Masonry,2.0,984.0,Rowhouse,40.4097266925,-79.9419695669
"207 E ELIZABETH ST, Pittsburgh, 15207",Hazelwood,5,"1 - Intact, no immediate danger",1920.0,Masonry,2.0,1606.0,Single Family,40.4076560817,-79.9412844669
"207 GLEN CALADH ST, Pittsburgh, 15207",Hazelwood,5,"1 - Intact, no immediate danger",1901.0,Masonry,2.0,1040.0,Rowhouse,40.4097352938,-79.941919971
"214 TIPTON ST, Pittsburgh, PA 15207",Hazelwood,5,"1 - Intact, no immediate danger",1900.0,Masonry,2.0,2194.0,Single Family,40.4080488221,-79.9410505268
"234 E ELIZABETH ST, Pittsburgh, 15207",Hazelwood,5,"1 - Intact, no immediate danger",1900.0,Masonry,2.0,1584.0,Rowhouse,40.40744135,-79.9401615921
"237 RENOVA ST, Pittsburgh, 15207",Hazelwood,5,"2 - Compromised, possibly dangerous",1925.0,Masonry,2.5,1852.0,Single Family,40.4020534168,-79.9379117908
"240 RENOVA ST, Pittsburgh, 15207",Hazelwood,5,"2 - Compromised, possibly dangerous",1920.0,Masonry,2.0,1148.0,Single Family,40.4019045869,-79.9373376879
"251 RENOVA ST, Pittsburgh, 15207",Hazelwood,5,"1 - Intact, no immediate danger",1925.0,Masonry,2.0,952.0,Single Family,40.4023957619,-79.9376310349
"3 TECUMSEH ST, Pittsburgh, PA 15207",Hazelwood,5,"1 - Intact, no immediate danger",1905.0,Masonry,2.0,884.0,Rowhouse,40.4075522939,-79.9478792899
"300 RENOVA ST, Pittsburgh, 15207",Hazelwood,5,"2 - Compromised, possibly dangerous",1930.0,Masonry,3.0,1405.0,Single Family,40.4024411379,-79.9370129965
"317 RENOVA ST, Pittsburgh, 15207",Hazelwood,5,"2 - Compromised, possibly dangerous",1920.0,Masonry,2.0,896.0,Single Family,40.4030076481,-79.9372260028
"344 FLOWERS AVE, Pittsburgh, 15207",Hazelwood,5,"2 - Compromised, possibly dangerous",1920.0,Masonry,2.5,1330.0,Single Family,40.4113748956,-79.9392037548
"35 ALMEDA ST, Pittsburgh, 15207",Hazelwood,5,"1 - Intact, no immediate danger",1900.0,Masonry,2.0,1546.0,Single Family,40.4034532255,-79.9404996212
"354 FLOWERS AVE, Pittsburgh, PA 15207",Hazelwood,5,"1 - Intact, no immediate danger",1920.0,Masonry,2.5,1330.0,Single Family,40.4115022707,-79.9389308182
"415 FLOWERS AVE, Pittsburgh, 15207",Hazelwood,5,"2 - Compromised, possibly dangerous",1911.0,Masonry,2.0,960.0,Single Family,40.4122318284,-79.9372836469
"423 W ELIZABETH ST, Pittsburgh, 15207",Hazelwood,5,"1 - Intact, no immediate danger",1896.0,Masonry,2.5,1656.0,Single Family,40.4062279867,-79.9473609097
"451 KILBOURNE ST, Pittsburgh, 15207",Hazelwood,5,"1 - Intact, no immediate danger",1910.0,Masonry,2.5,1296.0,Single Family,40.4122653897,-79.9361580643
"453 KILBOURNE ST, Pittsburgh, 15207",Hazelwood,5,"1 - Intact, no immediate danger",1910.0,Masonry,2.5,1296.0,Single Family,40.4123259096,-79.9361332486
"5011 BLAIR ST, Pittsburgh, 15207",Hazelwood,5,"1 - Intact, no immediate danger",1905.0,Masonry,2.0,996.0,Rowhouse,40.4074659817,-79.9466144773
"5018 BLAIR ST, Pittsburgh, 15207",Hazelwood,5,"1 - Intact, no immediate danger",1905.0,Masonry,2.0,1292.0,Single Family,40.4071810754,-79.9469609141
"5110 LADORA Way, Pittsburgh, PA 15207",Hazelwood,5,"1 - Intact, no immediate danger",1905.0,Masonry,2.0,928.0,Single Family,40.4060829653,-79.947172005
"5112 LADORA Way, Pittsburgh, PA 15207",Hazelwood,5,"1 - Intact, no immediate danger",1905.0,Masonry,2.0,1114.0,Single Family,40.4060304892,-79.94715778
"5114 LADORA Way, Pittsburgh, 15207",Hazelwood,5,"1 - Intact, no immediate danger",1905.0,Masonry,2.0,928.0,Single Family,40.4059777027,-79.9471445235
"5116 LADORA Way, Pittsburgh, PA 15207",Hazelwood,5,"1 - Intact, no immediate danger",1905.0,Masonry,2.0,928.0,Single Family,40.4059242829,-79.9471303189
"5117 BLAIR ST, Pittsburgh, 15207",Hazelwood,5,"1 - Intact, no immediate danger",1905.0,Masonry,2.0,1152.0,Single Family,40.4060258892,-79.9460924071
"5132 BLAIR ST, Pittsburgh, 15207",Hazelwood,5,"1 - Intact, no immediate danger",1905.0,Masonry,2.0,1073.0,Rowhouse,40.4057020379,-79.9465120945
"5139 LANGHORN ST, Pittsburgh, 15207",Hazelwood,5,"1 - Intact, no immediate danger",1905.0,Masonry,2.0,1316.0,Single Family,40.4052657857,-79.9472086637
"5146 BLAIR ST, Pittsburgh, 15207",Hazelwood,5,"2 - Compromised, possibly dangerous",1905.0,Masonry,2.0,1209.0,Rowhouse,40.4054183408,-79.9464493978
"5239 DYKE ST, Pittsburgh, 15207",Hazelwood,5,"1 - Intact, no immediate danger",1900.0,Masonry,2.0,1156.0,Rowhouse,40.4048025729,-79.943282009
"5258 2ND AVE, Pittsburgh, 15207",Hazelwood,5,"1 - Intact, no immediate danger",1900.0,Masonry,2.0,1580.0,Rowhouse,40.4044772063,-79.9428211575
"5273 DYKE ST, Pittsburgh, 15207",Hazelwood,5,"1 - Intact, no immediate danger",1900.0,Masonry,2.0,1216.0,Single Family,40.4038726177,-79.9430570828
"5276 2ND AVE, Pittsburgh, 15207",Hazelwood,5,"1 - Intact, no immediate danger",1900.0,Masonry,2.0,1444.0,Rowhouse,40.4040946306,-79.9427151255
"5280 2ND AVE, Pittsburgh, 15207",Hazelwood,5,"2 - Compromised, possibly dangerous",1900.0,Masonry,2.0,1370.0,Rowhouse,40.4040125233,-79.9426909583
"5417 2ND AVE, Pittsburgh, 15207",Hazelwood,5,"1 - Intact, no immediate danger",1895.0,Masonry,2.0,1349.0,Single Family,40.4025797904,-79.9412487982
"5425 2ND AVE, Pittsburgh, 15207",Hazelwood,5,"1 - Intact, no immediate danger",1881.0,Masonry,2.0,1156.0,Single Family,40.402409299,-79.9410866512
"567 FRAYNE ST, Pittsburgh, 15207",Hazelwood,5,"1 - Intact, no immediate danger",1936.0,Masonry,1.0,796.0,Single Family,40.4172289192,-79.93644986
"6 A TECUMSEH ST, Pittsburgh, PA 15207",Hazelwood,5,"1 - Intact, no immediate danger",1905.0,Masonry,2.0,896.0,Rowhouse,40.4076901811,-79.9472108246
"628 HAZELWOOD AVE, Pittsburgh, PA 15207",Hazelwood,5,"1 - Intact, no immediate danger",1920.0,Masonry,1.0,1148.0,Single Family,40.4187000112,-79.9354621107
"8 TECUMSEH ST, Pittsburgh, 15207",Hazelwood,5,"1 - Intact, no immediate danger",1905.0,Masonry,2.0,896.0,Rowhouse,40.4077123275,-79.9471104678
"94 COURTLAND ST, Pittsburgh, 15207",Hazelwood,5,"1 - Intact, no immediate danger",1900.0,Masonry,2.0,1531.0,Single Family,40.4050544436,-79.9471492562
"936 MELLON ST, Pittsburgh, 15206",Highland Park,7,"1 - Intact, no immediate danger",1900.0,Masonry,3.0,3024.0,Three Family,40.4732657105,-79.9232893578
"1304 STERRETT ST, Pittsburgh, PA 15208",Homewood North,9,"1 - Intact, no immediate danger",1930.0,Masonry,2.0,1892.0,Single Family,40.4600424598,-79.8926309301
"1310 STERRETT ST, Pittsburgh, 15208",Homewood North,9,"1 - Intact, no immediate danger",1920.0,Masonry,2.0,1797.0,Single Family,40.4603125058,-79.8925701806
"1500 N MURTLAND ST, Pittsburgh, 15208",Homewood North,9,"1 - Intact, no immediate danger",1900.0,Masonry,2.0,1216.0,Single Family,40.4632065522,-79.8990559725
"1508 1/2 N MURTLAND ST, Pittsburgh, PA 15208",Homewood North,9,"2 - Compromised, possibly dangerous",1900.0,Masonry,2.0,1170.0,Rowhouse,40.4634265984,-79.8989706285
"1508 N MURTLAND ST, Pittsburgh, PA 15208",Homewood North,9,"2 - Compromised, possibly dangerous",1900.0,Masonry,2.0,1084.0,Rowhouse,40.4633915138,-79.8989841751
"7012 HERMITAGE ST, Pittsburgh, 15208",Homewood North,9,"1 - Intact, no immediate danger",1900.0,Masonry,2.0,1572.0,Single Family,40.4609855282,-79.8994561075
"7019 MOUNT VERNON ST, Pittsburgh, PA 15208",Homewood North,9,"2 - Compromised, possibly dangerous",1915.0,Masonry,2.0,2096.0,Two Family,40.4625621881,-79.8987357441
"7101 MOUNT VERNON ST, Pittsburgh, PA 15208",Homewood North,9,"2 - Compromised, possibly dangerous",1915.0,Masonry,2.0,1650.0,Single Family,40.4622722596,-79.8974022368
"7106 RACE ST, Pittsburgh, PA 15208",Homewood North,9,"2 - Compromised, possibly dangerous",1920.0,Masonry,2.0,2312.0,Single Family,40.4590769032,-79.8976643125
"7115 UPLAND ST, Pittsburgh, 15208",Homewood North,9,"2 - Compromised, possibly dangerous",1900.0,Masonry,2.5,1758.0,Single Family,40.4628248667,-79.8968659355
"7129 KEDRON ST, Pittsburgh, 15208",Homewood North,9,"2 - Compromised, possibly dangerous",1925.0,Masonry,2.5,1956.0,Single Family,40.4613209957,-79.8962221219
"7142 MOUNT VERNON ST, Pittsburgh, PA 15208",Homewood North,9,"2 - Compromised, possibly dangerous",1915.0,Masonry,2.0,1660.0,Single Family,40.4614415629,-79.8956133299
"7203 MONTICELLO ST, Pittsburgh, 15208",Homewood North,9,"2 - Compromised, possibly dangerous",1925.0,Masonry,2.0,2168.0,Single Family,40.4596585466,-79.8951895175
"7204 MOUNT VERNON ST, Pittsburgh, PA 15208",Homewood North,9,"2 - Compromised, possibly dangerous",1900.0,Masonry,2.0,1044.0,Rowhouse,40.4611484371,-79.8943093365
"7207 IDLEWILD ST, Pittsburgh, 15208",Homewood North,9,"2 - Compromised, possibly dangerous",1928.0,Masonry,2.0,2257.0,Single Family,40.4582721299,-79.8955377824
"7213 HERMITAGE ST, Pittsburgh, 15208",Homewood North,9,"1 - Intact, no immediate danger",1930.0,Masonry,2.0,2151.0,Single Family,40.4602386996,-79.8944975379
"7216 HERMITAGE ST, Pittsburgh, 15208",Homewood North,9,"2 - Compromised, possibly dangerous",1922.0,Masonry,2.0,2258.0,Single Family,40.4598154379,-79.8944597284
"7217 MONTICELLO ST, Pittsburgh, 15208",Homewood North,9,"2 - Compromised, possibly dangerous",1925.0,Masonry,2.0,2415.0,Single Family,40.4595054892,-79.8945106325
"7220 HERMITAGE ST, Pittsburgh, 15208",Homewood North,9,"2 - Compromised, possibly dangerous",1923.0,Masonry,2.0,2258.0,Single Family,40.4597763217,-79.8942864476
"7223 FRANKSTOWN AVE, Pittsburgh, PA 15208",Homewood North,9,"2 - Compromised, possibly dangerous",1920.0,Masonry,2.0,1716.0,Two Family,40.4573897356,-79.8951243784
"7225 FRANKSTOWN AVE, Pittsburgh, PA 15208",Homewood North,9,"2 - Compromised, possibly dangerous",1925.0,Masonry,2.0,1675.0,Two Family,40.4573739312,-79.895036842
"7229 IDLEWILD ST, Pittsburgh, 15208",Homewood North,9,"2 - Compromised, possibly dangerous",1900.0,Masonry,2.0,2152.0,Single Family,40.4580559176,-79.8945767956
"7240 MONTICELLO ST, Pittsburgh, 15208",Homewood North,9,"1 - Intact, no immediate danger",1924.0,Masonry,2.5,1940.0,Single Family,40.4589088525,-79.893700569
"7241 MONTICELLO ST, Pittsburgh, 15208",Homewood North,9,"2 - Compromised, possibly dangerous",1924.0,Masonry,2.0,1806.0,Single Family,40.4592653383,-79.8934628009
"7257 UPLAND ST, Pittsburgh, 15208",Homewood North,9,"2 - Compromised, possibly dangerous",1935.0,Masonry,2.0,1276.0,Single Family,40.4617654377,-79.892346196
"7300 MONTICELLO ST, Pittsburgh, 15208",Homewood North,9,"2 - Compromised, possibly dangerous",1928.0,Masonry,2.0,1934.0,Single Family,40.4588179882,-79.8932610626
"7309 FRANKSTOWN AVE, Pittsburgh, 15208",Homewood North,9,"2 - Compromised, possibly dangerous",1920.0,Masonry,2.0,2268.0,Two Family,40.4570403938,-79.8935722744
"7309 IDLEWILD ST, Pittsburgh, 15208",Homewood North,9,"2 - Compromised, possibly dangerous",1930.0,Masonry,2.0,2329.0,Single Family,40.4577523307,-79.8932519805
"7309 MOUNT VERNON ST, Pittsburgh, PA 15208",Homewood North,9,"2 - Compromised, possibly dangerous",1910.0,Masonry,2.0,1081.0,Rowhouse,40.4607581603,-79.8921329056
"7310 IDLEWILD ST, Pittsburgh, 15208",Homewood North,9,"2 - Compromised, possibly dangerous",1900.0,Masonry,2.0,1705.0,Single Family,40.457357995,-79.8933678675
"7311 MOUNT VERNON ST, Pittsburgh, PA 15208",Homewood North,9,"1 - Intact, no immediate danger",1910.0,Masonry,2.0,1015.0,Rowhouse,40.460744275,-79.8920799286
"7313 HERMITAGE ST, Pittsburgh, 15208",Homewood North,9,"1 - Intact, no immediate danger",1922.0,Masonry,2.0,1808.0,Single Family,40.4598268727,-79.8923838204
"7314 IDLEWILD ST, Pittsburgh, PA 15208",Homewood North,9,"1 - Intact, no immediate danger",1900.0,Masonry,2.0,1705.0,Single Family,40.4573162338,-79.8931810881
"7321 MOUNT VERNON ST, Pittsburgh, PA 15208",Homewood North,9,"2 - Compromised, possibly dangerous",1910.0,Masonry,2.0,1015.0,Single Family,40.4606883463,-79.8918285158
"7323 MOUNT VERNON ST, Pittsburgh, PA 15208",Homewood North,9,"2 - Compromised, possibly dangerous",1910.0,Masonry,2.0,1006.0,Single Family,40.4606769812,-79.8917765961
"7324 RACE ST, Pittsburgh, 15208",Homewood North,9,"2 - Compromised, possibly dangerous",1928.0,Masonry,2.0,2340.0,Single Family,40.4578499318,-79.8922569781
"7325 HERMITAGE ST, Pittsburgh, 15208",Homewood North,9,"1 - Intact, no immediate danger",1928.0,Masonry,2.0,1980.0,Single Family,40.4597129805,-79.8918855391
"7325 MONTICELLO ST, Pittsburgh, 15208",Homewood North,9,"2 - Compromised, possibly dangerous",1928.0,Masonry,2.0,1600.0,Single Family,40.4589548992,-79.8920857959
"7331 MOUNT VERNON ST, Pittsburgh, PA 15208",Homewood North,9,"2 - Compromised, possibly dangerous",1910.0,Masonry,2.0,1106.0,Single Family,40.4606134814,-79.8915660961
"7333 MOUNT VERNON ST, Pittsburgh, PA 15208",Homewood North,9,"2 - Compromised, possibly dangerous",1910.0,Masonry,2.0,1104.0,Single Family,40.4606190575,-79.8915079991
"7354 STRANAHAN ST, Pittsburgh, 15206",Homewood North,9,"2 - Compromised, possibly dangerous",1935.0,Masonry,1.0,1618.0,Single Family,40.4615087426,-79.8902456965
"7406 HERMITAGE ST, Pittsburgh, 15208",Homewood North,9,"2 - Compromised, possibly dangerous",1920.0,Masonry,2.0,1812.0,Single Family,40.4589225958,-79.8905046606
"7406 MONTICELLO ST, Pittsburgh, 15208",Homewood North,9,"1 - Intact, no immediate danger",1936.0,Masonry,2.0,1418.0,Single Family,40.4582457755,-79.8907651191
"7419 IDLEWILD ST, Pittsburgh, 15208",Homewood North,9,"1 - Intact, no immediate danger",1910.0,Masonry,2.0,1875.0,Single Family,40.4571593521,-79.8906356754
"7419 RACE ST, Pittsburgh, 15208",Homewood North,9,"1 - Intact, no immediate danger",1934.0,Masonry,2.0,1896.0,Single Family,40.4578296808,-79.8903534468
"7422 RACE ST, Pittsburgh, 15208",Homewood North,9,"2 - Compromised, possibly dangerous",1900.0,Masonry,2.0,2145.0,Single Family,40.4573931485,-79.8902555142
"7437 RACE ST, Pittsburgh, 15208",Homewood North,9,"1 - Intact, no immediate danger",1935.0,Masonry,2.0,1662.0,Single Family,40.4576297442,-79.8894920194
"7439 RACE ST, Pittsburgh, PA 15208",Homewood North,9,"2 - Compromised, possibly dangerous",1936.0,Masonry,2.0,1857.0,Single Family,40.4576144908,-79.8894036931
"7451 HERMITAGE ST, Pittsburgh, 15208",Homewood North,9,"2 - Compromised, possibly dangerous",1935.0,Masonry,2.0,1110.0,Single Family,40.4589873566,-79.8888684269
"7801 FRANKSTOWN AVE, Pittsburgh, 15208",Homewood North,9,"2 - Compromised, possibly dangerous",1900.0,Masonry,2.0,1364.0,Single Family,40.455400477,-79.8863264322
"8125 FRANKSTOWN AVE, Pittsburgh, PA 15221",Homewood North,9,"2 - Compromised, possibly dangerous",1889.0,Masonry,2.0,1088.0,Single Family,40.4555590903,-79.8822194621
"916 N MURTLAND ST, Pittsburgh, 15208",Homewood North,9,"2 - Compromised, possibly dangerous",1920.0,Masonry,2.0,5294.0,Four Family,40.4590214869,-79.9006804829
"918 TYSON ST, Pittsburgh, 15208",Homewood North,9,"2 - Compromised, possibly dangerous",1900.0,Masonry,2.0,1728.0,Single Family,40.4555579002,-79.885539284
"920 TYSON ST, Pittsburgh, 15208",Homewood North,9,"2 - Compromised, possibly dangerous",1900.0,Masonry,2.0,1248.0,Single Family,40.4556135271,-79.8854353751
"308 HALE ST, Pittsburgh, 15208",Homewood South,9,"2 - Compromised, possibly dangerous",1910.0,Masonry,2.0,1408.0,Rowhouse,40.4510875032,-79.8881360057
"524 ALBION ST, Pittsburgh, 15208",Homewood South,9,"2 - Compromised, possibly dangerous",1900.0,Masonry,2.0,1140.0,Single Family,40.4527542741,-79.8964534238
"610 STERRETT ST, Pittsburgh, 15208",Homewood South,9,"2 - Compromised, possibly dangerous",1910.0,Masonry,2.0,832.0,Rowhouse,40.4543450619,-79.8949558287
"612 STERRETT ST, Pittsburgh, 15208",Homewood South,9,"2 - Compromised, possibly dangerous",1910.0,Masonry,2.0,768.0,Rowhouse,40.454386694,-79.8949391014
"614 STERRETT ST, Pittsburgh, 15208",Homewood South,9,"2 - Compromised, possibly dangerous",1910.0,Masonry,2.0,768.0,Rowhouse,40.454422355,-79.894925066
"616 STERRETT ST, Pittsburgh, 15208",Homewood South,9,"2 - Compromised, possibly dangerous",1910.0,Masonry,2.0,768.0,Rowhouse,40.4544543819,-79.8949156148
"7005 1/2 BENNETT ST, Pittsburgh, 15208",Homewood South,9,"2 - Compromised, possibly dangerous",1920.0,Masonry,2.0,896.0,Rowhouse,40.4576777956,-79.9011016631
"7007 BENNETT ST, Pittsburgh, 15208",Homewood South,9,"2 - Compromised, possibly dangerous",1920.0,Masonry,2.0,896.0,Rowhouse,40.457666349,-79.9010469125
"7014 FRANKSTOWN AVE, Pittsburgh, PA 15208",Homewood South,9,"2 - Compromised, possibly dangerous",1935.0,Masonry,2.0,2512.0,Single Family,40.4580892705,-79.900535873
"702 STERRETT ST, Pittsburgh, 15208",Homewood South,9,"2 - Compromised, possibly dangerous",1910.0,Masonry,2.0,768.0,Rowhouse,40.4552626231,-79.8945861944
"7022 FRANKSTOWN AVE, Pittsburgh, 15208",Homewood South,9,"2 - Compromised, possibly dangerous",1930.0,Masonry,2.5,2619.0,Three Family,40.4579965533,-79.9001367513
"704 STERRETT ST, Pittsburgh, 15208",Homewood South,9,"2 - Compromised, possibly dangerous",1910.0,Masonry,2.0,768.0,Rowhouse,40.4553029754,-79.8945731105
"706 STERRETT ST, Pittsburgh, 15208",Homewood South,9,"2 - Compromised, possibly dangerous",1910.0,Masonry,2.0,768.0,Rowhouse,40.4553366512,-79.8945569844
"708 STERRETT ST, Pittsburgh, 15208",Homewood South,9,"2 - Compromised, possibly dangerous",1910.0,Masonry,2.0,768.0,Rowhouse,40.4553716979,-79.8945488603
"710 STERRETT ST, Pittsburgh, 15208",Homewood South,9,"2 - Compromised, possibly dangerous",1910.0,Masonry,2.0,768.0,Rowhouse,40.4554095285,-79.8945304206
"7141 BENNETT ST, Pittsburgh, 15208",Homewood South,9,"2 - Compromised, possibly dangerous",1910.0,Masonry,2.0,2536.0,Two Family,40.4568757192,-79.8972383347
"716 N BRADDOCK AVE, Pittsburgh, 15208",Homewood South,9,"2 - Compromised, possibly dangerous",1930.0,Masonry,2.0,1026.0,Rowhouse,40.4545718215,-79.8903328059
"718 STERRETT ST, Pittsburgh, PA 15208",Homewood South,9,"2 - Compromised, possibly dangerous",1930.0,Masonry,2.0,832.0,Rowhouse,40.4556230646,-79.894456048
"720 N BRADDOCK AVE, Pittsburgh, 15208",Homewood South,9,"2 - Compromised, possibly dangerous",1930.0,Masonry,2.0,1026.0,Rowhouse,40.4546509867,-79.8903057397
"720 STERRETT ST, Pittsburgh, 15208",Homewood South,9,"2 - Compromised, possibly dangerous",1930.0,Masonry,2.0,832.0,Rowhouse,40.455658688,-79.8944414973
"7233 BENNETT ST, Pittsburgh, 15208",Homewood South,9,"2 - Compromised, possibly dangerous",1930.0,Masonry,2.0,1848.0,Two Family,40.4564198119,-79.8952274777
"7307 KELLY ST, Pittsburgh, 15208",Homewood South,9,"1 - Intact, no immediate danger",1930.0,Masonry,2.0,832.0,Rowhouse,40.4551441317,-79.8945245662
"7308 BENNETT ST, Pittsburgh, PA 15208",Homewood South,9,"2 - Compromised, possibly dangerous",1930.0,Masonry,2.0,1296.0,Single Family,40.4556973798,-79.8941859859
"7317 HAMILTON AVE, Pittsburgh, PA 15208",Homewood South,9,"2 - Compromised, possibly dangerous",1930.0,Masonry,2.0,1162.0,Rowhouse,40.4541590817,-79.8945839951
"7319 HAMILTON AVE, Pittsburgh, PA 15208",Homewood South,9,"1 - Intact, no immediate danger",1930.0,Masonry,2.0,1162.0,Rowhouse,40.4541490457,-79.8945328178
"7327 HAMILTON AVE, Pittsburgh, PA 15208",Homewood South,9,"2 - Compromised, possibly dangerous",1930.0,Masonry,2.0,1162.0,Rowhouse,40.4540982554,-79.8943076322
"7329 HAMILTON AVE, Pittsburgh, PA 15208",Homewood South,9,"2 - Compromised, possibly dangerous",1930.0,Masonry,2.0,1162.0,Rowhouse,40.4540837261,-79.8942534464
"7331 HAMILTON AVE, Pittsburgh, PA 15208",Homewood South,9,"2 - Compromised, possibly dangerous",1930.0,Masonry,2.0,1162.0,Rowhouse,40.4540736317,-79.8941994261
"7335 HAMILTON AVE, Pittsburgh, PA 15208",Homewood South,9,"2 - Compromised, possibly dangerous",1930.0,Masonry,2.0,1162.0,Rowhouse,40.4540493028,-79.8941018767
"7340 KELLY ST, Pittsburgh, 15208",Homewood South,9,"2 - Compromised, possibly dangerous",1930.0,Masonry,2.0,1508.0,Single Family,40.4544423469,-79.8934610045
"7341 HAMILTON AVE, Pittsburgh, PA 15208",Homewood South,9,"2 - Compromised, possibly dangerous",1930.0,Masonry,2.0,1162.0,Rowhouse,40.4540085674,-79.8939283834
"7345 HAMILTON AVE, Pittsburgh, PA 15208",Homewood South,9,"2 - Compromised, possibly dangerous",1930.0,Masonry,2.0,1162.0,Rowhouse,40.4539869127,-79.8938098346
"7346 BENNETT ST, Pittsburgh, 15208",Homewood South,9,"2 - Compromised, possibly dangerous",1930.0,Masonry,2.0,2020.0,Single Family,40.4553578292,-79.8927327449
"7347 HAMILTON AVE, Pittsburgh, PA 15208",Homewood South,9,"2 - Compromised, possibly dangerous",1930.0,Masonry,2.0,1162.0,Rowhouse,40.4539726934,-79.8937568982
"7519 BENNETT ST, Pittsburgh, 15208",Homewood South,9,"2 - Compromised, possibly dangerous",1920.0,Masonry,2.0,1646.0,Single Family,40.4554899966,-79.8911738299
"7533 BENNETT ST, Pittsburgh, 15208",Homewood South,9,"2 - Compromised, possibly dangerous",1910.0,Masonry,2.0,1264.0,Rowhouse,40.4553639558,-79.8909641787
"7539 SUSQUEHANNA ST, Pittsburgh, PA 15208",Homewood South,9,"2 - Compromised, possibly dangerous",1900.0,Masonry,2.0,960.0,Single Family,40.4515915153,-79.8923047582
"7750 TIOGA ST, Pittsburgh, 15208",Homewood South,9,"1 - Intact, no immediate danger",1930.0,Masonry,2.0,1680.0,Rowhouse,40.4502365193,-79.8882157893
"7752 TIOGA ST, Pittsburgh, 15208",Homewood South,9,"2 - Compromised, possibly dangerous",1930.0,Masonry,2.0,1680.0,Rowhouse,40.4502113036,-79.8881626824
"7810 BENNETT ST, Pittsburgh, PA 15208",Homewood South,9,"2 - Compromised, possibly dangerous",1920.0,Masonry,3.0,2157.0,Single Family,40.4538453972,-79.8863671333
"7812 BENNETT ST, Pittsburgh, 15208",Homewood South,9,"2 - Compromised, possibly dangerous",1920.0,Masonry,3.0,1954.0,Single Family,40.4538296792,-79.8862885759
"7912 TIOGA ST, Pittsburgh, PA 15208",Homewood South,9,"2 - Compromised, possibly dangerous",1920.0,Masonry,2.0,3060.0,Three Family,40.4496594807,-79.8865193893
"7938 MADIERA ST, Pittsburgh, 15221",Homewood South,9,"2 - Compromised, possibly dangerous",1890.0,Masonry,2.0,2499.0,Single Family,40.4476536378,-79.8860931534
"1015 BEECHER ST, Pittsburgh, PA 15208",Homewood West,9,"2 - Compromised, possibly dangerous",1920.0,Masonry,2.0,2700.0,Four Family,40.4603310288,-79.9025932358
"1509 N MURTLAND ST, Pittsburgh, 15208",Homewood West,9,"1 - Intact, no immediate danger",1920.0,Masonry,2.0,1200.0,Rowhouse,40.4635341252,-79.8994018064
"6913 ODESSA PL, Pittsburgh, 15206",Homewood West,9,"2 - Compromised, possibly dangerous",1900.0,Masonry,2.0,960.0,Single Family,40.4632659965,-79.9014644213
"6927 1/2 HAMILTON AVE, Pittsburgh, 15208",Homewood West,9,"1 - Intact, no immediate danger",1915.0,Masonry,2.0,1320.0,Rowhouse,40.4562984862,-79.9035509738
"6929 HAMILTON AVE, Pittsburgh, 15208",Homewood West,9,"1 - Intact, no immediate danger",1915.0,Masonry,2.0,1320.0,Rowhouse,40.4562820681,-79.9034868987
"104 GRIMES AVE, Pittsburgh, 15210",Knoxville,3,"2 - Compromised, possibly dangerous",1905.0,Masonry,2.0,960.0,Single Family,40.4138377264,-79.9926947768
"108 JUCUNDA ST, Pittsburgh, 15210",Knoxville,3,"1 - Intact, no immediate danger",1900.0,Masonry,2.0,912.0,Rowhouse,40.4171852058,-79.9884375961
"121 ZARA ST, Pittsburgh, 15210",Knoxville,3,"2 - Compromised, possibly dangerous",1912.0,Masonry,2.5,1830.0,Single Family,40.4160989177,-79.9892463649
"128 KNOX AVE, Pittsburgh, 15210",Knoxville,3,"2 - Compromised, possibly dangerous",1890.0,Masonry,3.0,1344.0,Rowhouse,40.4146814981,-79.9902724508
"138 ZARA ST, Pittsburgh, 15210",Knoxville,3,"2 - Compromised, possibly dangerous",1930.0,Masonry,2.0,1468.0,Single Family,40.4156659232,-79.9899965067
"139 CHARLES ST, Pittsburgh, PA 15210",Knoxville,3,"2 - Compromised, possibly dangerous",1905.0,Masonry,3.0,2280.0,Three Family,40.4168093415,-79.9901166303
"18 GRAPE ST, Pittsburgh, 15210",Knoxville,3,"1 - Intact, no immediate danger",1885.0,Masonry,2.0,1040.0,Single Family,40.4137949276,-79.9892713678
"206 REIFERT ST, Pittsburgh, 15210",Knoxville,3,"1 - Intact, no immediate danger",1911.0,Masonry,2.5,1604.0,Single Family,40.407994279,-79.9924544513
"214 CHARLES ST, Pittsburgh, 15210",Knoxville,3,"1 - Intact, no immediate danger",1902.0,Masonry,2.0,2700.0,Single Family,40.4163677377,-79.9913978927
"215 REIFERT ST, Pittsburgh, PA 15210",Knoxville,3,"2 - Compromised, possibly dangerous",1922.0,Masonry,2.5,2360.0,Single Family,40.4084306948,-79.992735414
"220 MOORE AVE, Pittsburgh, 15210",Knoxville,3,"2 - Compromised, possibly dangerous",1908.0,Masonry,2.0,2029.0,Single Family,40.4112006863,-79.9914545719
"224 BAUSMAN ST, Pittsburgh, 15210",Knoxville,3,"2 - Compromised, possibly dangerous",1902.0,Masonry,2.0,1467.0,Single Family,40.4141289564,-79.9917188263
"225 MOORE AVE, Pittsburgh, 15210",Knoxville,3,"2 - Compromised, possibly dangerous",1900.0,Masonry,2.0,1678.0,Single Family,40.4117313075,-79.991917201
"232 BAUSMAN ST, Pittsburgh, 15210",Knoxville,3,"2 - Compromised, possibly dangerous",1918.0,Masonry,2.0,948.0,Single Family,40.4141129678,-79.9921357895
"232 ZARA ST, Pittsburgh, 15210",Knoxville,3,"2 - Compromised, possibly dangerous",1892.0,Masonry,2.0,1282.0,Single Family,40.4156043812,-79.992144286
"233 MOORE AVE, Pittsburgh, 15210",Knoxville,3,"2 - Compromised, possibly dangerous",1900.0,Masonry,2.0,1516.0,Single Family,40.4117335596,-79.9922755901
"235 MATHEWS AVE, Pittsburgh, 15210",Knoxville,3,"2 - Compromised, possibly dangerous",1900.0,Masonry,2.0,960.0,Single Family,40.4134560284,-79.9926839046
"235 ORCHARD PL, Pittsburgh, 15210",Knoxville,3,"2 - Compromised, possibly dangerous",1880.0,Masonry,2.0,2362.0,Single Family,40.4182376375,-79.9923910574
"236 MOORE AVE, Pittsburgh, PA 15210",Knoxville,3,"2 - Compromised, possibly dangerous",1902.0,Masonry,2.5,1888.0,Single Family,40.4112556501,-79.9921749229
"237 REIFERT ST, Pittsburgh, 15210",Knoxville,3,"2 - Compromised, possibly dangerous",1907.0,Masonry,2.0,1572.0,Single Family,40.4085038105,-79.9933570837
"238 BAUSMAN ST, Pittsburgh, 15210",Knoxville,3,"2 - Compromised, possibly dangerous",1916.0,Masonry,2.0,1226.0,Single Family,40.4141063978,-79.9923918851
"245 REIFERT ST, Pittsburgh, 15210",Knoxville,3,"2 - Compromised, possibly dangerous",1905.0,Masonry,2.0,1476.0,Single Family,40.4085454469,-79.9937218007
"247 REIFERT ST, Pittsburgh, PA 15210",Knoxville,3,"2 - Compromised, possibly dangerous",1926.0,Masonry,2.0,1016.0,Single Family,40.4085591679,-79.9938127085
"309 ORCHARD PL, Pittsburgh, 15210",Knoxville,3,"2 - Compromised, possibly dangerous",1898.0,Masonry,2.0,3359.0,Two Family,40.4181991013,-79.9936798678
"310 MOORE AVE, Pittsburgh, 15210",Knoxville,3,"1 - Intact, no immediate danger",1900.0,Masonry,2.0,1701.0,Single Family,40.4114788507,-79.9934568054
"311 ORCHARD PL, Pittsburgh, 15210",Knoxville,3,"2 - Compromised, possibly dangerous",1900.0,Masonry,2.0,1523.0,Single Family,40.4181965806,-79.9937793821
"313 ARABELLA ST, Pittsburgh, 15210",Knoxville,3,"2 - Compromised, possibly dangerous",1930.0,Masonry,2.0,1672.0,Single Family,40.4127787704,-79.993504225
"314 ORCHARD PL, Pittsburgh, PA 15210",Knoxville,3,"2 - Compromised, possibly dangerous",1890.0,Masonry,2.0,1960.0,Single Family,40.4177762417,-79.9938995783
"316 ARABELLA ST, Pittsburgh, 15210",Knoxville,3,"2 - Compromised, possibly dangerous",1900.0,Masonry,2.0,1459.0,Single Family,40.4123703249,-79.9937345104
"318 MCKINLEY ST, Pittsburgh, 15210",Knoxville,3,"2 - Compromised, possibly dangerous",1917.0,Masonry,2.0,1362.0,Single Family,40.4095033294,-79.9944765123
"320 ARABELLA ST, Pittsburgh, 15210",Knoxville,3,"2 - Compromised, possibly dangerous",1900.0,Masonry,2.0,1459.0,Single Family,40.412425595,-79.9938981616
"322 ZARA ST, Pittsburgh, 15210",Knoxville,3,"2 - Compromised, possibly dangerous",1911.0,Masonry,2.5,3380.0,Single Family,40.4155487124,-79.9941834542
"332 BAUSMAN ST, Pittsburgh, 15210",Knoxville,3,"1 - Intact, no immediate danger",1917.0,Masonry,2.0,1194.0,Single Family,40.4140411871,-79.9945405614
"337 JUCUNDA ST, Pittsburgh, 15210",Knoxville,3,"2 - Compromised, possibly dangerous",1900.0,Masonry,2.5,2387.0,Single Family,40.4174166284,-79.9950506229
"338 MOORE AVE, Pittsburgh, 15210",Knoxville,3,"2 - Compromised, possibly dangerous",1892.0,Masonry,2.0,1897.0,Single Family,40.4118511438,-79.9946137236
"339 MATHEWS AVE, Pittsburgh, 15210",Knoxville,3,"1 - Intact, no immediate danger",1923.0,Masonry,2.0,958.0,Single Family,40.4137107503,-79.9947277931
"339 MOORE AVE, Pittsburgh, 15210",Knoxville,3,"2 - Compromised, possibly dangerous",1902.0,Masonry,2.0,1579.0,Single Family,40.41228553,-79.9945716515
"340 MOORE AVE, Pittsburgh, 15210",Knoxville,3,"2 - Compromised, possibly dangerous",1892.0,Masonry,2.0,1701.0,Single Family,40.4118773886,-79.9946994827
"342 MOORE AVE, Pittsburgh, 15210",Knoxville,3,"2 - Compromised, possibly dangerous",1892.0,Masonry,2.0,1701.0,Single Family,40.4119058272,-79.9947831003
"343 ARABELLA ST, Pittsburgh, 15210",Knoxville,3,"2 - Compromised, possibly dangerous",1910.0,Masonry,2.0,2796.0,Two Family,40.4132172791,-79.994799307
"343 MOORE AVE, Pittsburgh, 15210",Knoxville,3,"2 - Compromised, possibly dangerous",1902.0,Masonry,2.0,1459.0,Single Family,40.4123382766,-79.9947416105
"402 SUNCREST ST, Pittsburgh, 15210",Knoxville,3,"1 - Intact, no immediate danger",1902.0,Masonry,2.5,2032.0,Single Family,40.4111905249,-79.9950755793
"406 SUNCREST ST, Pittsburgh, 15210",Knoxville,3,"2 - Compromised, possibly dangerous",1902.0,Masonry,2.5,2085.0,Single Family,40.4112196679,-79.9952596636
"407 ROCHELLE ST, Pittsburgh, 15210",Knoxville,3,"2 - Compromised, possibly dangerous",1911.0,Masonry,2.5,2102.0,Single Family,40.4151761846,-79.9955696306
"410 GRIMES AVE, Pittsburgh, 15210",Knoxville,3,"2 - Compromised, possibly dangerous",1900.0,Masonry,2.0,1860.0,Single Family,40.4153387067,-79.9928939748
"412 ARABELLA ST, Pittsburgh, 15210",Knoxville,3,"2 - Compromised, possibly dangerous",1908.0,Masonry,2.0,1550.0,Single Family,40.4127060475,-79.9956523824
"419 MOORE AVE, Pittsburgh, 15210",Knoxville,3,"1 - Intact, no immediate danger",1908.0,Masonry,2.0,1628.0,Single Family,40.4121025219,-79.9958804328
"420 DAYTONA ST, Pittsburgh, 15210",Knoxville,3,"2 - Compromised, possibly dangerous",1905.0,Masonry,2.0,1232.0,Single Family,40.4107643721,-79.9958075166
"422 1/2 ROCHELLE ST, Pittsburgh, PA 15210",Knoxville,3,"2 - Compromised, possibly dangerous",1900.0,Masonry,2.0,1071.0,Rowhouse,40.4147411769,-79.9965167011
"423 JUCUNDA ST, Pittsburgh, 15210",Knoxville,3,"2 - Compromised, possibly dangerous",1890.0,Masonry,1.5,1297.0,Single Family,40.4173802171,-79.9963613761
"429 PARKLOW ST, Pittsburgh, 15210",Knoxville,3,"1 - Intact, no immediate danger",1920.0,Masonry,2.0,1558.0,Single Family,40.4132305304,-79.996398492
"430 SUNCREST ST, Pittsburgh, 15210",Knoxville,3,"2 - Compromised, possibly dangerous",1900.0,Masonry,2.0,1655.0,Single Family,40.4111984308,-79.9963712838
"431 PARKLOW ST, Pittsburgh, 15210",Knoxville,3,"1 - Intact, no immediate danger",1905.0,Masonry,2.0,1160.0,Single Family,40.4132288736,-79.996490043
"433 JUCUNDA ST, Pittsburgh, 15210",Knoxville,3,"1 - Intact, no immediate danger",1902.0,Masonry,2.0,1920.0,Single Family,40.4173665265,-79.996853666
"433 ZARA ST, Pittsburgh, 15210",Knoxville,3,"1 - Intact, no immediate danger",1905.0,Masonry,2.5,2020.0,Single Family,40.4158946168,-79.9967642495
"434 ARABELLA ST, Pittsburgh, 15210",Knoxville,3,"2 - Compromised, possibly dangerous",1900.0,Masonry,2.0,1760.0,Single Family,40.4121639977,-79.996404031
"437 PARKLOW ST, Pittsburgh, 15210",Knoxville,3,"2 - Compromised, possibly dangerous",1905.0,Masonry,2.0,1414.0,Single Family,40.4132217612,-79.9967541837
"828 ROLL ST, Pittsburgh, 15210",Knoxville,3,"1 - Intact, no immediate danger",1912.0,Masonry,2.5,1723.0,Single Family,40.4077513932,-79.9924990285
"112 AUBURN ST, Pittsburgh, 15206",Larimer,9,"2 - Compromised, possibly dangerous",1880.0,Masonry,2.0,1884.0,Single Family,40.4634542834,-79.9166403545
"159 MAYFLOWER ST, Pittsburgh, PA 15206",Larimer,9,"2 - Compromised, possibly dangerous",1900.0,Masonry,2.0,976.0,Single Family,40.4631285916,-79.9143033602
"185 SHETLAND ST, Pittsburgh, 15206",Larimer,9,"2 - Compromised, possibly dangerous",1910.0,Masonry,2.0,2224.0,Two Family,40.4651407573,-79.9107072084
"230 CARVER ST, Pittsburgh, 15206",Larimer,9,"2 - Compromised, possibly dangerous",1900.0,Masonry,2.0,2565.0,Single Family,40.4618603833,-79.9123050415
"505 WINFIELD ST, Pittsburgh, 15206",Larimer,9,"2 - Compromised, possibly dangerous",1910.0,Masonry,2.0,1960.0,Single Family,40.4630461557,-79.9115795446
"532 LOWELL ST, Pittsburgh, 15206",Larimer,9,"2 - Compromised, possibly dangerous",1920.0,Masonry,2.0,1570.0,Single Family,40.4630285759,-79.909425288
"559 LENORA ST, Pittsburgh, 15206",Larimer,9,"2 - Compromised, possibly dangerous",1920.0,Masonry,2.0,1668.0,Single Family,40.4671626343,-79.9135018972
"6411 MEADOW ST, Pittsburgh, PA 15206",Larimer,9,"2 - Compromised, possibly dangerous",1920.0,Masonry,2.0,1220.0,Rowhouse,40.463178699,-79.9118458872
"6522 LLEWELLYN PL, Pittsburgh, 15206",Larimer,9,"1 - Intact, no immediate danger",1920.0,Masonry,2.0,1064.0,Single Family,40.4617886673,-79.9099160328
"6523 LLEWELLYN PL, Pittsburgh, 15206",Larimer,9,"2 - Compromised, possibly dangerous",1908.0,Masonry,2.0,1296.0,Single Family,40.461947611,-79.9097329515
"6529 SHETLAND ST, Pittsburgh, 15206",Larimer,9,"2 - Compromised, possibly dangerous",1900.0,Masonry,2.5,2538.0,Four Family,40.4626971777,-79.9081012061
"4900 PLAPORT ST, Pittsburgh, 15207",Lincoln Place,5,"1 - Intact, no immediate danger",1927.0,Masonry,1.5,1604.0,Single Family,40.3743823311,-79.9121992357
"5622 DELLAGLEN AVE, Pittsburgh, PA 15207",Lincoln Place,5,"1 - Intact, no immediate danger",1936.0,Masonry,1.0,1295.0,Single Family,40.3672019816,-79.9199499228
"1208 PAULSON AVE, Pittsburgh, 15206",Lincoln-Lemington-Belmar,9,"2 - Compromised, possibly dangerous",1920.0,Masonry,2.0,840.0,Rowhouse,40.467994962,-79.9030590692
"1231 GROTTO ST, Pittsburgh, 15206",Lincoln-Lemington-Belmar,9,"1 - Intact, no immediate danger",1930.0,Masonry,2.0,1440.0,Single Family,40.4651887046,-79.8968565189
"1257 ALBUM ST, Pittsburgh, 15206",Lincoln-Lemington-Belmar,9,"2 - Compromised, possibly dangerous",1934.0,Masonry,2.0,1338.0,Single Family,40.4696727866,-79.9019386175
"1271 ARBOR ST, Pittsburgh, 15206",Lincoln-Lemington-Belmar,9,"2 - Compromised, possibly dangerous",1910.0,Masonry,2.0,1200.0,Single Family,40.466272648,-79.8982560117
"1304 WESTMORELAND AVE, Pittsburgh, 15206",Lincoln-Lemington-Belmar,9,"1 - Intact, no immediate danger",1925.0,Masonry,2.0,1584.0,Single Family,40.4678753234,-79.8940948939
"1315 OBERLIN ST, Pittsburgh, 15206",Lincoln-Lemington-Belmar,9,"2 - Compromised, possibly dangerous",1925.0,Masonry,2.0,1200.0,Single Family,40.4621928989,-79.8902532433
"1323 GROTTO ST, Pittsburgh, 15206",Lincoln-Lemington-Belmar,9,"2 - Compromised, possibly dangerous",1920.0,Masonry,1.0,855.0,Single Family,40.4667214879,-79.8965707354
"1329 GROTTO ST, Pittsburgh, 15206",Lincoln-Lemington-Belmar,9,"2 - Compromised, possibly dangerous",1920.0,Masonry,2.0,1387.0,Single Family,40.4669426786,-79.8965160102
"1332 GROTTO ST, Pittsburgh, 15206",Lincoln-Lemington-Belmar,9,"1 - Intact, no immediate danger",1925.0,Masonry,2.0,1136.0,Single Family,40.4671609573,-79.896029098
"1349 PAULSON AVE, Pittsburgh, 15206",Lincoln-Lemington-Belmar,9,"2 - Compromised, possibly dangerous",1924.0,Masonry,2.0,1774.0,Single Family,40.4698657191,-79.8990520906
"1361 MISSOURI ST, Pittsburgh, 15206",Lincoln-Lemington-Belmar,9,"2 - Compromised, possibly dangerous",1927.0,Masonry,2.0,1064.0,Single Family,40.4707013252,-79.8987971843
"1361 PAULSON AVE, Pittsburgh, PA 15206",Lincoln-Lemington-Belmar,9,"2 - Compromised, possibly dangerous",1920.0,Masonry,2.0,1320.0,Single Family,40.4699413426,-79.8987126178
"1363 MONTEZUMA ST, Pittsburgh, 15206",Lincoln-Lemington-Belmar,9,"2 - Compromised, possibly dangerous",1930.0,Masonry,2.0,1886.0,Single Family,40.4689479751,-79.8979780676
"1363 PAULSON AVE, Pittsburgh, PA 15206",Lincoln-Lemington-Belmar,9,"1 - Intact, no immediate danger",1920.0,Masonry,2.0,1320.0,Single Family,40.4699590812,-79.8986545626
"1365 PAULSON AVE, Pittsburgh, 15206",Lincoln-Lemington-Belmar,9,"2 - Compromised, possibly dangerous",1920.0,Masonry,2.0,1320.0,Single Family,40.4699734193,-79.8985912511
"1367 PAULSON AVE, Pittsburgh, 15206",Lincoln-Lemington-Belmar,9,"2 - Compromised, possibly dangerous",1920.0,Masonry,2.0,1320.0,Single Family,40.4699837304,-79.8985244552
"1502 WESTMORELAND AVE, Pittsburgh, 15206",Lincoln-Lemington-Belmar,9,"1 - Intact, no immediate danger",1925.0,Masonry,2.0,1200.0,Single Family,40.4682941184,-79.8945045747
"1520 OAKDENE ST, Pittsburgh, 15206",Lincoln-Lemington-Belmar,9,"2 - Compromised, possibly dangerous",1920.0,Masonry,2.0,1412.0,Single Family,40.466067282,-79.8906953638
"1541 OAKDENE ST, Pittsburgh, 15206",Lincoln-Lemington-Belmar,9,"2 - Compromised, possibly dangerous",1900.0,Masonry,2.0,992.0,Single Family,40.4666441577,-79.89060459
"1614 LINCOLN AVE, Pittsburgh, 15206",Lincoln-Lemington-Belmar,9,"2 - Compromised, possibly dangerous",1929.0,Masonry,2.0,1270.0,Single Family,40.470684342,-79.8919768582
"1642 WORTHINGTON ST, Pittsburgh, 15206",Lincoln-Lemington-Belmar,9,"1 - Intact, no immediate danger",1920.0,Masonry,1.5,1462.0,Single Family,40.468965386,-79.8897807537
"1712 LAPORTE ST, Pittsburgh, 15206",Lincoln-Lemington-Belmar,9,"1 - Intact, no immediate danger",1925.0,Masonry,2.0,1055.0,Single Family,40.4719913348,-79.8897006327
"1733 LAPORTE ST, Pittsburgh, PA 15206",Lincoln-Lemington-Belmar,9,"1 - Intact, no immediate danger",1930.0,Masonry,2.0,1216.0,Single Family,40.472498061,-79.8892970203
"1805 FUNSTON AVE, Pittsburgh, PA 15235",Lincoln-Lemington-Belmar,9,"2 - Compromised, possibly dangerous",1915.0,Masonry,2.0,1344.0,Single Family,40.4724875744,-79.8883275302
"6513 ROWAN ST, Pittsburgh, 15206",Lincoln-Lemington-Belmar,9,"2 - Compromised, possibly dangerous",1930.0,Masonry,2.0,1120.0,Single Family,40.4665886414,-79.9061588065
"6532 DEARY ST, Pittsburgh, 15206",Lincoln-Lemington-Belmar,9,"2 - Compromised, possibly dangerous",1925.0,Masonry,2.0,1590.0,Single Family,40.4663682918,-79.9050070259
"6555 ROWAN ST, Pittsburgh, 15206",Lincoln-Lemington-Belmar,9,"2 - Compromised, possibly dangerous",1935.0,Masonry,2.0,1045.0,Single Family,40.4659330854,-79.9050514453
"6559 ROWAN ST, Pittsburgh, 15206",Lincoln-Lemington-Belmar,9,"1 - Intact, no immediate danger",1925.0,Masonry,1.5,1488.0,Single Family,40.4658345635,-79.9048806852
"6613 1/2 APPLE ST, Pittsburgh, PA 15206",Lincoln-Lemington-Belmar,9,"2 - Compromised, possibly dangerous",1929.0,Masonry,2.0,1160.0,Single Family,40.4664373937,-79.9023187003
"6617 DEARY ST, Pittsburgh, 15206",Lincoln-Lemington-Belmar,9,"2 - Compromised, possibly dangerous",1910.0,Masonry,2.0,1084.0,Rowhouse,40.4658551321,-79.903208492
"6704 ROWAN ST, Pittsburgh, 15206",Lincoln-Lemington-Belmar,9,"1 - Intact, no immediate danger",1920.0,Masonry,2.0,1710.0,Single Family,40.4641839708,-79.9030669438
"6716 ROWAN ST, Pittsburgh, 15206",Lincoln-Lemington-Belmar,9,"2 - Compromised, possibly dangerous",1910.0,Masonry,2.0,952.0,Rowhouse,40.4640586694,-79.9026864786
"6909 CHURCHLAND ST, Pittsburgh, PA 15206",Lincoln-Lemington-Belmar,9,"1 - Intact, no immediate danger",1930.0,Masonry,2.0,1320.0,Single Family,40.4731627981,-79.8980420222
"7014 CHURCHLAND ST, Pittsburgh, 15206",Lincoln-Lemington-Belmar,9,"2 - Compromised, possibly dangerous",1925.0,Masonry,2.0,1364.0,Single Family,40.471412264,-79.8973082991
"7028 WILTSIE ST, Pittsburgh, 15206",Lincoln-Lemington-Belmar,9,"2 - Compromised, possibly dangerous",1930.0,Masonry,2.0,1152.0,Single Family,40.4716805219,-79.8963296447
"7101 APPLE ST, Pittsburgh, PA 15206",Lincoln-Lemington-Belmar,9,"2 - Compromised, possibly dangerous",1925.0,Masonry,2.5,7074.0,Single Family,40.4639106153,-79.8955166895
"7117 LEMINGTON AVE, Pittsburgh, 15206",Lincoln-Lemington-Belmar,9,"2 - Compromised, possibly dangerous",1920.0,Masonry,2.0,1587.0,Single Family,40.4683222995,-79.8954145578
"7140 LEMINGTON AVE, Pittsburgh, 15206",Lincoln-Lemington-Belmar,9,"2 - Compromised, possibly dangerous",1900.0,Masonry,2.0,1440.0,Single Family,40.4674614692,-79.895390274
"7144 LEMINGTON AVE, Pittsburgh, 15206",Lincoln-Lemington-Belmar,9,"2 - Compromised, possibly dangerous",1910.0,Masonry,2.0,2180.0,Single Family,40.4673412611,-79.8952990853
"7276 VERONA BLVD, Pittsburgh, 15235",Lincoln-Lemington-Belmar,9,"2 - Compromised, possibly dangerous",1936.0,Masonry,2.0,1334.0,Single Family,40.4708660052,-79.8886984819
"7283 LEMINGTON AVE, Pittsburgh, 15206",Lincoln-Lemington-Belmar,9,"2 - Compromised, possibly dangerous",1920.0,Masonry,2.0,1320.0,Single Family,40.4673294285,-79.8907265779
"7305 SOMERSET ST, Pittsburgh, PA 15235",Lincoln-Lemington-Belmar,9,"2 - Compromised, possibly dangerous",1910.0,Masonry,2.0,1481.0,Single Family,40.4679629833,-79.8912590346
"170 37TH ST, Pittsburgh, 15201",Lower Lawrenceville,7,"1 - Intact, no immediate danger",1900.0,Masonry,2.0,1448.0,Single Family,40.4666566918,-79.9661355142
"246 ATER Way, Pittsburgh, PA 15201",Lower Lawrenceville,7,"2 - Compromised, possibly dangerous",1900.0,Masonry,3.0,2736.0,Two Family,40.4653104247,-79.9631190321
"1122 LIVERPOOL ST, Pittsburgh, 15233",Manchester,6,"2 - Compromised, possibly dangerous",1915.0,Masonry,2.0,2496.0,Single Family,40.4559200536,-80.0226227818
"1301 N FRANKLIN ST, Pittsburgh, 15233",Manchester,6,"1 - Intact, no immediate danger",1910.0,Masonry,3.0,5731.0,Four Family,40.455910668,-80.0253970833
"1315 N FRANKLIN ST, Pittsburgh, 15233",Manchester,6,"2 - Compromised, possibly dangerous",1900.0,Masonry,2.0,2541.0,Single Family,40.4558795624,-80.025949352
"1402 COLUMBUS AVE, Pittsburgh, PA 15233",Manchester,6,"2 - Compromised, possibly dangerous",1890.0,Masonry,2.5,3261.0,Two Family,40.4578870975,-80.0277286341
"1406 SHEFFIELD ST, Pittsburgh, 15233",Manchester,6,"2 - Compromised, possibly dangerous",1882.0,Masonry,2.0,1516.0,Single Family,40.4532229301,-80.0264224664
"1410 SHEFFIELD ST, Pittsburgh, 15233",Manchester,6,"2 - Compromised, possibly dangerous",1887.0,Masonry,2.0,1692.0,Single Family,40.4532107175,-80.026566439
"1442 NIXON ST, Pittsburgh, 15233",Manchester,6,"2 - Compromised, possibly dangerous",1877.0,Masonry,2.0,3105.0,Rowhouse,40.4593841911,-80.0298193774
"1447 STEDMAN ST, Pittsburgh, 15233",Manchester,6,"1 - Intact, no immediate danger",1900.0,Masonry,2.0,1260.0,Single Family,40.4532111489,-80.0276071687
"1609 MANHATTAN ST, Pittsburgh, 15233",Manchester,6,"2 - Compromised, possibly dangerous",1891.0,Masonry,3.0,2451.0,Single Family,40.456190083,-80.0272361617
"1910 MANHATTAN ST, Pittsburgh, 15233",Manchester,6,"1 - Intact, no immediate danger",1877.0,Masonry,2.5,2318.0,Rowhouse,40.4589783915,-80.0277778248
"1912 MANHATTAN ST, Pittsburgh, 15233",Manchester,6,"2 - Compromised, possibly dangerous",1880.0,Masonry,2.5,2318.0,Rowhouse,40.4590272747,-80.0277932656
"914 MANHATTAN ST, Pittsburgh, PA 15233",Manchester,6,"1 - Intact, no immediate danger",1898.0,Masonry,2.0,1230.0,Single Family,40.4509142468,-80.0251526972
"916 MANHATTAN ST, Pittsburgh, PA 15233",Manchester,6,"1 - Intact, no immediate danger",1898.0,Masonry,2.0,1230.0,Single Family,40.4509595335,-80.02516873
"1101 WOODS RUN AVE, Pittsburgh, PA 15212",Marshall-Shadeland,1,"2 - Compromised, possibly dangerous",1915.0,Masonry,2.0,840.0,Single Family,40.4777303757,-80.0286634137
"1317 WOODS RUN AVE, Pittsburgh, 15212",Marshall-Shadeland,6,"1 - Intact, no immediate danger",1904.0,Masonry,3.0,2250.0,Single Family,40.4762396453,-80.0322987994
"1351 OAKHILL ST, Pittsburgh, 15212",Marshall-Shadeland,6,"1 - Intact, no immediate danger",1929.0,Masonry,2.0,1008.0,Single Family,40.4720263598,-80.0331576825
"1516 WOODLAND AVE, Pittsburgh, 15212",Marshall-Shadeland,6,"1 - Intact, no immediate danger",1935.0,Masonry,2.0,1136.0,Rowhouse,40.4685966799,-80.0339994855
"2 DAVIS Row, Pittsburgh, 15212",Marshall-Shadeland,6,"1 - Intact, no immediate danger",1900.0,Masonry,2.0,912.0,Rowhouse,40.4741031396,-80.0318497543
"2406 CALIFORNIA AVE, Pittsburgh, 15212",Marshall-Shadeland,6,"1 - Intact, no immediate danger",1900.0,Masonry,2.0,3009.0,Single Family,40.4641293953,-80.0318933348
"2618 SHADELAND AVE, Pittsburgh, 15212",Marshall-Shadeland,6,"1 - Intact, no immediate danger",1930.0,Masonry,2.0,1556.0,Single Family,40.4686445424,-80.0297790603
"2674 CALIFORNIA AVE, Pittsburgh, 15212",Marshall-Shadeland,6,"1 - Intact, no immediate danger",1916.0,Masonry,2.5,2135.0,Single Family,40.4675842954,-80.0348199565
"2812 CALIFORNIA AVE, Pittsburgh, 15212",Marshall-Shadeland,6,"1 - Intact, no immediate danger",1920.0,Masonry,2.0,1917.0,Rowhouse,40.4691456464,-80.0353600349
"2817 BREKER ST, Pittsburgh, 15212",Marshall-Shadeland,6,"2 - Compromised, possibly dangerous",1900.0,Masonry,2.0,1331.0,Single Family,40.470571172,-80.029505115
"129 TRENT ST, Pittsburgh, 15219",Middle Hill,6,"1 - Intact, no immediate danger",1900.0,Masonry,2.0,1040.0,Single Family,40.4458920678,-79.9795583797
"19 PERRY ST, Pittsburgh, 15219",Middle Hill,6,"2 - Compromised, possibly dangerous",1910.0,Masonry,2.0,1164.0,Rowhouse,40.4464616234,-79.9776740889
"2113 ROSE ST, Pittsburgh, 15219",Middle Hill,6,"1 - Intact, no immediate danger",1910.0,Masonry,3.0,1980.0,Single Family,40.4438995371,-79.9774480976
"2202 WEBSTER AVE, Pittsburgh, 15219",Middle Hill,6,"2 - Compromised, possibly dangerous",1900.0,Masonry,2.0,1616.0,Single Family,40.4472442501,-79.9775833333
"2224 WEBSTER AVE, Pittsburgh, 15219",Middle Hill,6,"1 - Intact, no immediate danger",1930.0,Masonry,2.0,1928.0,Rowhouse,40.4476314719,-79.9767762404
"2228 WEBSTER AVE, Pittsburgh, 15219",Middle Hill,6,"2 - Compromised, possibly dangerous",1915.0,Masonry,2.0,1490.0,Rowhouse,40.4476818936,-79.9766539755
"2236 BEDFORD AVE, Pittsburgh, 15219",Middle Hill,6,"2 - Compromised, possibly dangerous",1910.0,Masonry,3.0,2115.0,Single Family,40.4485321937,-79.9769173243
"2239 BLOOMER Way, Pittsburgh, 15219",Middle Hill,6,"1 - Intact, no immediate danger",1900.0,Masonry,2.0,1598.0,Single Family,40.4485080501,-79.9767481248
"2240 WEBSTER AVE, Pittsburgh, 15219",Middle Hill,6,"2 - Compromised, possibly dangerous",1915.0,Masonry,2.0,1600.0,Single Family,40.4478372643,-79.9762906029
"2241 BLOOMER Way, Pittsburgh, 15219",Middle Hill,6,"2 - Compromised, possibly dangerous",1900.0,Masonry,2.0,1504.0,Single Family,40.4485292662,-79.9766912575
"2242 BEDFORD AVE, Pittsburgh, 15219",Middle Hill,6,"2 - Compromised, possibly dangerous",1910.0,Masonry,2.0,1016.0,Single Family,40.4486833829,-79.9768436359
"2258 BEDFORD AVE, Pittsburgh, 15219",Middle Hill,6,"2 - Compromised, possibly dangerous",1910.0,Masonry,2.0,1036.0,Single Family,40.4488412926,-79.9764728628
"2284 BEDFORD AVE, Pittsburgh, 15219",Middle Hill,6,"2 - Compromised, possibly dangerous",1910.0,Masonry,2.0,1248.0,Rowhouse,40.4490839895,-79.9756946272
"2351 CENTRE AVE, Pittsburgh, 15219",Middle Hill,6,"2 - Compromised, possibly dangerous",1920.0,Masonry,2.0,2256.0,Two Family,40.4460821367,-79.9725309626
"2431 WYLIE AVE, Pittsburgh, 15219",Middle Hill,6,"2 - Compromised, possibly dangerous",1915.0,Masonry,3.0,2798.0,Two Family,40.4480687302,-79.9724050476
"2516 1/2 HALLETT ST, Pittsburgh, PA 15219",Middle Hill,6,"2 - Compromised, possibly dangerous",1900.0,Masonry,2.0,1050.0,Single Family,40.4471471029,-79.9698811666
"2522 ELBA ST, Pittsburgh, 15219",Middle Hill,6,"2 - Compromised, possibly dangerous",1920.0,Masonry,2.0,896.0,Single Family,40.4463500268,-79.9698015667
"2535 ELBA ST, Pittsburgh, 15219",Middle Hill,6,"2 - Compromised, possibly dangerous",1920.0,Masonry,2.0,1280.0,Rowhouse,40.4468080904,-79.9698022122
"2537 ELBA ST, Pittsburgh, 15219",Middle Hill,6,"2 - Compromised, possibly dangerous",1920.0,Masonry,2.0,1280.0,Rowhouse,40.4468228919,-79.9697510978
"2539 ELBA ST, Pittsburgh, 15219",Middle Hill,6,"2 - Compromised, possibly dangerous",1920.0,Masonry,2.0,1280.0,Rowhouse,40.446851295,-79.9697058072
"2612 WEBSTER AVE, Pittsburgh, 15219",Middle Hill,6,"1 - Intact, no immediate danger",1910.0,Masonry,2.0,1024.0,Single Family,40.4502949687,-79.9705483488
"2807 CENTRE AVE, Pittsburgh, 15219",Middle Hill,6,"2 - Compromised, possibly dangerous",1920.0,Masonry,2.0,1242.0,Single Family,40.4480974218,-79.9665206792
"2815 CENTRE AVE, Pittsburgh, 15219",Middle Hill,6,"2 - Compromised, possibly dangerous",1930.0,Masonry,2.0,1740.0,Three Family,40.448213304,-79.9663423694
"2830 WYLIE AVE, Pittsburgh, 15219",Middle Hill,6,"2 - Compromised, possibly dangerous",1924.0,Masonry,3.0,2240.0,Three Family,40.4499234356,-79.9668447235
"2836 WYLIE AVE, Pittsburgh, 15219",Middle Hill,6,"2 - Compromised, possibly dangerous",1924.0,Masonry,1.0,1266.0,Single Family,40.4500240636,-79.9666120207
"2938 1/2 WEBSTER AVE, Pittsburgh, PA 15219",Middle Hill,6,"2 - Compromised, possibly dangerous",1930.0,Masonry,2.0,960.0,Rowhouse,40.4522870549,-79.9658342429
"519 FRANCIS ST, Pittsburgh, 15219",Middle Hill,6,"2 - Compromised, possibly dangerous",1930.0,Masonry,2.0,2090.0,Two Family,40.4477326402,-79.9681879799
"522 FRANCIS ST, Pittsburgh, 15219",Middle Hill,6,"1 - Intact, no immediate danger",1930.0,Masonry,2.0,1834.0,Single Family,40.4478820182,-79.9676451445
"532 FRANCIS ST, Pittsburgh, 15219",Middle Hill,6,"1 - Intact, no immediate danger",1930.0,Masonry,2.0,2940.0,Two Family,40.4481915109,-79.9678276046
"541 MORGAN ST, Pittsburgh, 15219",Middle Hill,6,"2 - Compromised, possibly dangerous",1900.0,Masonry,2.0,1008.0,Single Family,40.448811467,-79.96772797
"603 WANDLESS ST, Pittsburgh, 15219",Middle Hill,6,"2 - Compromised, possibly dangerous",1928.0,Masonry,2.0,1154.0,Rowhouse,40.4507970413,-79.9668604605
"613 HOLLACE ST, Pittsburgh, 15219",Middle Hill,6,"1 - Intact, no immediate danger",1920.0,Masonry,2.0,992.0,Single Family,40.4502997136,-79.9678653715
"615 HOLLACE ST, Pittsburgh, 15219",Middle Hill,6,"1 - Intact, no immediate danger",1920.0,Masonry,2.0,996.0,Single Family,40.4503396094,-79.9678899636
"625 HOLLACE ST, Pittsburgh, 15219",Middle Hill,6,"2 - Compromised, possibly dangerous",1920.0,Masonry,2.0,992.0,Rowhouse,40.4505343075,-79.9680106789
"628 HOLLACE ST, Pittsburgh, 15219",Middle Hill,6,"2 - Compromised, possibly dangerous",1928.0,Masonry,2.0,1114.0,Rowhouse,40.4507247076,-79.9677352575
"630 HOLLACE ST, Pittsburgh, 15219",Middle Hill,6,"2 - Compromised, possibly dangerous",1928.0,Masonry,2.0,1132.0,Rowhouse,40.4507626493,-79.9677604559
"632 WOOSTER ST, Pittsburgh, PA 15219",Middle Hill,6,"2 - Compromised, possibly dangerous",1920.0,Masonry,2.0,1880.0,Single Family,40.4462522139,-79.9786577914
"635 KIRKPATRICK ST, Pittsburgh, 15219",Middle Hill,6,"2 - Compromised, possibly dangerous",1920.0,Masonry,2.0,1164.0,Rowhouse,40.4467240811,-79.9776356672
"641 HOLLACE ST, Pittsburgh, 15219",Middle Hill,6,"2 - Compromised, possibly dangerous",1920.0,Masonry,2.0,868.0,Rowhouse,40.4508505051,-79.9682063061
"643 HOLLACE ST, Pittsburgh, 15219",Middle Hill,6,"2 - Compromised, possibly dangerous",1920.0,Masonry,2.0,930.0,Rowhouse,40.4508895911,-79.9682306852
"647 HOLLACE ST, Pittsburgh, 15219",Middle Hill,6,"2 - Compromised, possibly dangerous",1920.0,Masonry,2.0,992.0,Rowhouse,40.4509654233,-79.9682785245
"701 WEBSTER TER, Pittsburgh, 15219",Middle Hill,6,"2 - Compromised, possibly dangerous",1926.0,Masonry,2.0,1416.0,Rowhouse,40.4517428002,-79.9678750208
"713 DUFF ST, Pittsburgh, 15219",Middle Hill,6,"1 - Intact, no immediate danger",1915.0,Masonry,2.0,806.0,Single Family,40.449610244,-79.9737295946
"713 WEBSTER TER, Pittsburgh, 15219",Middle Hill,6,"2 - Compromised, possibly dangerous",1926.0,Masonry,2.0,1328.0,Rowhouse,40.4519990552,-79.9680598209
"6925 GREENWOOD ST, Pittsburgh, PA 15206",Morningside,7,"1 - Intact, no immediate danger",1935.0,Masonry,2.0,1388.0,Single Family,40.4850371842,-79.9249222635
"103 CRAIGHEAD ST, Pittsburgh, 15211",Mount Washington,3,"2 - Compromised, possibly dangerous",1920.0,Masonry,2.5,2020.0,Single Family,40.4220971345,-79.9982652161
"109 CRAIGHEAD ST, Pittsburgh, 15211",Mount Washington,3,"2 - Compromised, possibly dangerous",1926.0,Masonry,2.0,1638.0,Single Family,40.4218884667,-79.9982615295
"26 MARNE Way, Pittsburgh, PA 15211",Mount Washington,2,"1 - Intact, no immediate danger",1900.0,Masonry,2.0,1232.0,Single Family,40.423845974,-80.0128284038
"28 MARNE Way, Pittsburgh, PA 15211",Mount Washington,2,"2 - Compromised, possibly dangerous",1900.0,Masonry,2.0,1232.0,Single Family,40.4238513444,-80.0129313347
"416 IBERIA ST, Pittsburgh, 15211",Mount Washington,3,"2 - Compromised, possibly dangerous",1926.0,Masonry,2.0,1202.0,Single Family,40.4242313496,-80.0002093571
"427 EDGEMONT ST, Pittsburgh, 15211",Mount Washington,3,"2 - Compromised, possibly dangerous",1913.0,Masonry,2.0,1650.0,Single Family,40.422614947,-79.9995264499
"58 1/2 CRAIGHEAD ST, Pittsburgh, 15211",Mount Washington,3,"2 - Compromised, possibly dangerous",1920.0,Masonry,2.0,1145.0,Rowhouse,40.4238829759,-79.9987104067
"95 HABERMAN AVE #2, Pittsburgh, PA 15211",Mount Washington,3,"1 - Intact, no immediate danger",1900.0,Masonry,2.0,2425.0,Two Family,40.4232045022,-80.0023977284
"437 WALDE ST, Pittsburgh, 15210",Mt. Oliver,3,"2 - Compromised, possibly dangerous",1930.0,Masonry,2.0,1762.0,Single Family,40.4107475007,-79.9797101972
"504 ORMSBY AVE, Pittsburgh, 15210",Mt. Oliver,3,"2 - Compromised, possibly dangerous",1930.0,Masonry,1.5,1105.0,Single Family,40.4125834842,-79.9789217623
"4405 ARMORHILL AVE, Pittsburgh, PA 15120",New Homestead,5,"1 - Intact, no immediate danger",1923.0,Masonry,2.0,1054.0,Single Family,40.397013969,-79.9192417505
"920 ARMORHILL AVE, Pittsburgh, PA 15120",New Homestead,5,"1 - Intact, no immediate danger",1923.0,Masonry,1.0,836.0,Single Family,40.391676017,-79.926081955
"1943 DARTMORE ST, Pittsburgh, PA 15210",Overbrook,4,"1 - Intact, no immediate danger",1900.0,Masonry,2.0,2416.0,Single Family,40.3936525116,-79.9960798842
"2644 LIBRARY RD, Pittsburgh, 15234",Overbrook,4,"1 - Intact, no immediate danger",1930.0,Masonry,2.0,1360.0,Single Family,40.3796569746,-80.0012162484
"715 MAYTIDE ST, Pittsburgh, 15227",Overbrook,4,"2 - Compromised, possibly dangerous",1927.0,Masonry,2.0,928.0,Single Family,40.3837476635,-79.9920562296
"121 HEMPHILL ST, Pittsburgh, 15214",Perry North,1,"1 - Intact, no immediate danger",1930.0,Masonry,2.0,1782.0,Single Family,40.4883862548,-80.0181961208
"339 BOTHWELL ST, Pittsburgh, 15214",Perry North,1,"1 - Intact, no immediate danger",1915.0,Masonry,2.0,2205.0,Single Family,40.4773272051,-80.0089372198
"3433 PORTOLA AVE, Pittsburgh, PA 15214",Perry North,1,"1 - Intact, no immediate danger",1927.0,Masonry,2.0,1576.0,Single Family,40.4828431427,-80.0121211465
"3820 PERRYSVILLE AVE, Pittsburgh, 15214",Perry North,1,"1 - Intact, no immediate danger",1920.0,Masonry,2.0,2280.0,Three Family,40.4881401219,-80.0162570608
"389 MALINE ST, Pittsburgh, 15214",Perry North,1,"2 - Compromised, possibly dangerous",1910.0,Masonry,2.0,1446.0,Single Family,40.4903582196,-80.0231807514
"3947 PERRYSVILLE AVE, Pittsburgh, 15214",Perry North,1,"2 - Compromised, possibly dangerous",1900.0,Masonry,2.0,1462.0,Rowhouse,40.4906778647,-80.0196886883
"3949 PERRYSVILLE AVE, Pittsburgh, 15214",Perry North,1,"2 - Compromised, possibly dangerous",1900.0,Masonry,2.0,1561.0,Rowhouse,40.4907181537,-80.0197264635
"109 MAYWOOD ST, Pittsburgh, 15214",Perry South,6,"2 - Compromised, possibly dangerous",1924.0,Masonry,2.0,1288.0,Single Family,40.4676109952,-80.0108794908
"115 HAWKINS AVE, Pittsburgh, PA 15214",Perry South,6,"1 - Intact, no immediate danger",1925.0,Masonry,2.0,2053.0,Single Family,40.4722063101,-80.0148513132
"116 HAWKINS AVE, Pittsburgh, 15214",Perry South,6,"1 - Intact, no immediate danger",1920.0,Masonry,2.0,1890.0,Single Family,40.4725899552,-80.0148395542
"131 HAWKINS AVE, Pittsburgh, 15214",Perry South,6,"2 - Compromised, possibly dangerous",1920.0,Masonry,2.0,2000.0,Single Family,40.4722189006,-80.014244357
"201 W BURGESS ST, Pittsburgh, 15214",Perry South,6,"2 - Compromised, possibly dangerous",1910.0,Masonry,2.0,1224.0,Rowhouse,40.4667998555,-80.0114320346
"202 E MCINTYRE AVE, Pittsburgh, 15214",Perry South,6,"2 - Compromised, possibly dangerous",1910.0,Masonry,2.5,2273.0,Single Family,40.4690379048,-80.007808417
"223 KENNEDY AVE, Pittsburgh, PA 15214",Perry South,6,"2 - Compromised, possibly dangerous",1920.0,Masonry,2.0,1928.0,Three Family,40.4739901307,-80.0113283047
"229 LURAY ST, Pittsburgh, 15214",Perry South,6,"2 - Compromised, possibly dangerous",1910.0,Masonry,2.0,1320.0,Rowhouse,40.4715086336,-80.0142553225
"231 LURAY ST, Pittsburgh, 15214",Perry South,6,"2 - Compromised, possibly dangerous",1910.0,Masonry,2.0,1320.0,Rowhouse,40.4715015636,-80.0143101931
"2326 OSGOOD ST, Pittsburgh, 15214",Perry South,6,"1 - Intact, no immediate danger",1920.0,Masonry,2.0,1364.0,Single Family,40.4674070898,-80.0073976154
"24 E MARSHALL AVE, Pittsburgh, 15214",Perry South,6,"2 - Compromised, possibly dangerous",1933.0,Masonry,2.5,2384.0,Single Family,40.4753406615,-80.0094934969
"2421 PERRYSVILLE AVE, Pittsburgh, 15214",Perry South,6,"1 - Intact, no immediate danger",1880.0,Masonry,2.0,4344.0,Two Family,40.4682157601,-80.0103737241
"2435 MCINTYRE PL, Pittsburgh, 15214",Perry South,6,"1 - Intact, no immediate danger",1930.0,Masonry,2.0,1120.0,Single Family,40.4681622986,-80.0130386435
"2442 HAZELTON ST, Pittsburgh, 15214",Perry South,6,"2 - Compromised, possibly dangerous",1910.0,Masonry,2.0,1704.0,Single Family,40.4696225282,-80.0064060025
"2444 HAZELTON ST, Pittsburgh, 15214",Perry South,6,"2 - Compromised, possibly dangerous",1907.0,Masonry,2.0,1554.0,Single Family,40.4696896008,-80.0064288268
"2522 PERRYSVILLE AVE, Pittsburgh, 15214",Perry South,6,"1 - Intact, no immediate danger",1900.0,Masonry,2.0,2236.0,Single Family,40.4703133362,-80.0080274667
"2641 LINWOOD AVE, Pittsburgh, 15214",Perry South,6,"2 - Compromised, possibly dangerous",1920.0,Masonry,2.0,1304.0,Single Family,40.4714273724,-80.0146913474
"2644 PERRYSVILLE AVE, Pittsburgh, 15214",Perry South,6,"2 - Compromised, possibly dangerous",1900.0,Masonry,2.5,3024.0,Three Family,40.4719109899,-80.0097464391
"2648 VETERAN ST, Pittsburgh, 15214",Perry South,6,"2 - Compromised, possibly dangerous",1925.0,Masonry,2.0,1874.0,Single Family,40.4722205051,-80.0091910892
"2702 SHERLOCK ST, Pittsburgh, 15214",Perry South,6,"2 - Compromised, possibly dangerous",1932.0,Masonry,2.0,1216.0,Single Family,40.4727655594,-80.0082334863
"276 KENNEDY AVE, Pittsburgh, 15214",Perry South,6,"1 - Intact, no immediate danger",1916.0,Masonry,2.0,2352.0,Two Family,40.4743176532,-80.0133893265
"302 MARSHALL AVE, Pittsburgh, 15214",Perry South,6,"2 - Compromised, possibly dangerous",1900.0,Masonry,2.0,3080.0,Two Family,40.4740531302,-80.0156807958
"313 E MCINTYRE AVE, Pittsburgh, PA 15214",Perry South,6,"1 - Intact, no immediate danger",1915.0,Masonry,2.0,2056.0,Single Family,40.4688995739,-80.0057667669
"40 W MCINTYRE AVE, Pittsburgh, 15214",Perry South,6,"1 - Intact, no immediate danger",1930.0,Masonry,2.0,1308.0,Single Family,40.4688777793,-80.0109181557
"409 CHESTER AVE, Pittsburgh, 15214",Perry South,6,"1 - Intact, no immediate danger",1935.0,Masonry,1.0,1005.0,Single Family,40.4667462948,-80.0150029988
"551 CHAUTAUQUA ST, Pittsburgh, 15214",Perry South,6,"2 - Compromised, possibly dangerous",1891.0,Masonry,2.0,1908.0,Single Family,40.4642184602,-80.0165668361
"623 DANBURY ST, Pittsburgh, 15214",Perry South,6,"2 - Compromised, possibly dangerous",1930.0,Masonry,2.0,1480.0,Single Family,40.4688929767,-80.018195881
"628 CHAUTAUQUA ST, Pittsburgh, 15214",Perry South,6,"2 - Compromised, possibly dangerous",1910.0,Masonry,2.5,1193.0,Rowhouse,40.464324838,-80.0177101572
"123 S BRADDOCK AVE, Pittsburgh, 15221",Point Breeze,9,"1 - Intact, no immediate danger",1925.0,Masonry,2.0,1901.0,Single Family,40.4463185533,-79.8951725795
"6801 THOMAS BLVD, Pittsburgh, 15208",Point Breeze North,9,"1 - Intact, no immediate danger",1900.0,Masonry,2.0,4660.0,Four Family,40.4541455593,-79.9086732238
"243 EMERSON ST, Pittsburgh, 15206",Shadyside,8,"1 - Intact, no immediate danger",1900.0,Masonry,2.5,2559.0,Single Family,40.4580687628,-79.9231388198
"633 COLLEGE ST, Pittsburgh, PA 15232",Shadyside,8,"1 - Intact, no immediate danger",1909.0,Masonry,2.0,2604.0,Three Family,40.4560476712,-79.9283521015
"1010 SUTHERLAND ST, Pittsburgh, 15204",Sheraden,2,"2 - Compromised, possibly dangerous",1910.0,Masonry,2.0,1943.0,Single Family,40.4548174065,-80.0610470028
"1307 JEFFERS ST, Pittsburgh, 15204",Sheraden,2,"1 - Intact, no immediate danger",1925.0,Masonry,2.0,1611.0,Single Family,40.4535249912,-80.064895885
"1321 JEFFERS ST, Pittsburgh, PA 15204",Sheraden,2,"2 - Compromised, possibly dangerous",1925.0,Masonry,2.0,1472.0,Single Family,40.4532079876,-80.0650645352
"2764 BERGMAN ST, Pittsburgh, PA 15204",Sheraden,2,"2 - Compromised, possibly dangerous",1900.0,Masonry,2.0,2448.0,Single Family,40.4537294624,-80.0518468269
"2791 BERGMAN ST, Pittsburgh, PA 15204",Sheraden,2,"1 - Intact, no immediate danger",1900.0,Masonry,2.0,1920.0,Single Family,40.4541732803,-80.0528670523
"3106 BERGMAN ST, Pittsburgh, PA 15204",Sheraden,2,"1 - Intact, no immediate danger",1914.0,Masonry,2.5,2083.0,Single Family,40.457061585,-80.0549521293
"3117 CHARTIERS AVE, Pittsburgh, 15204",Sheraden,2,"2 - Compromised, possibly dangerous",1900.0,Masonry,2.0,1500.0,Single Family,40.4533624628,-80.0616325309
"3133 BRUNOT AVE, Pittsburgh, PA 15204",Sheraden,2,"2 - Compromised, possibly dangerous",1929.0,Masonry,2.0,1276.0,Single Family,40.4595154241,-80.0515895538
"3148 HUXLEY ST, Pittsburgh, 15204",Sheraden,2,"2 - Compromised, possibly dangerous",1915.0,Masonry,2.0,1320.0,Single Family,40.454366602,-80.0627327191
"321 MINTON ST, Pittsburgh, 15204",Sheraden,2,"1 - Intact, no immediate danger",1920.0,Masonry,2.0,2250.0,Two Family,40.457694598,-80.0505851272
"3213 ASHLYN ST, Pittsburgh, 15204",Sheraden,2,"1 - Intact, no immediate danger",1917.0,Masonry,2.0,1336.0,Single Family,40.45794555,-80.0566255348
"533 SHERWOOD AVE, Pittsburgh, 15204",Sheraden,2,"2 - Compromised, possibly dangerous",1900.0,Masonry,2.0,2434.0,Single Family,40.4554304144,-80.0530880792
"111 OAKLAND CT, Pittsburgh, 15213",South Oakland,3,"1 - Intact, no immediate danger",1920.0,Masonry,2.0,1102.0,Rowhouse,40.4313113154,-79.9548526127
"3319 NIAGARA ST, Pittsburgh, PA 15213",South Oakland,3,"2 - Compromised, possibly dangerous",1935.0,Masonry,2.0,1012.0,Single Family,40.4354952282,-79.9597498546
"3611 FRAZIER ST, Pittsburgh, 15213",South Oakland,3,"2 - Compromised, possibly dangerous",1900.0,Masonry,2.0,1444.0,Single Family,40.4306099745,-79.9551115116
"122 S 19TH ST, Pittsburgh, PA 15203",South Side Flats,3,"1 - Intact, no immediate danger",1903.0,Masonry,2.0,1824.0,Two Family,40.4274056097,-79.9794958375
"133 S 22ND ST, Pittsburgh, 15203",South Side Flats,3,"1 - Intact, no immediate danger",1899.0,Masonry,3.0,2880.0,Two Family,40.4267289588,-79.9745842564
"1711 SARAH ST, Pittsburgh, PA 15203",South Side Flats,3,"2 - Compromised, possibly dangerous",1900.0,Masonry,2.0,1264.0,Rowhouse,40.428079441,-79.9816398274
"2209 SARAH ST, Pittsburgh, 15203",South Side Flats,3,"1 - Intact, no immediate danger",1890.0,Masonry,3.0,2872.0,Single Family,40.4277334587,-79.9742722263
"99 S 13TH ST, Pittsburgh, PA 15203",South Side Flats,3,"2 - Compromised, possibly dangerous",1900.0,Masonry,2.0,1866.0,Single Family,40.427158048,-79.9849663029
"2231 ARLINGTON AVE, Pittsburgh, 15210",South Side Slopes,3,"1 - Intact, no immediate danger",1925.0,Masonry,2.0,1760.0,Single Family,40.4173910155,-79.9747218504
"2311 ECCLES ST, Pittsburgh, 15210",South Side Slopes,3,"1 - Intact, no immediate danger",1910.0,Masonry,2.0,1140.0,Single Family,40.4184096305,-79.973852118
"2439 ARLINGTON AVE, Pittsburgh, 15210",South Side Slopes,3,"1 - Intact, no immediate danger",1927.0,Masonry,2.0,2160.0,Single Family,40.4178500567,-79.9713675182
"2809 EDWARDS Way, Pittsburgh, PA 15203",South Side Slopes,3,"2 - Compromised, possibly dangerous",1890.0,Masonry,2.0,1685.0,Two Family,40.4239478093,-79.9677898268
"1214 VOSKAMP ST, Pittsburgh, 15212",Spring Garden,1,"1 - Intact, no immediate danger",1851.0,Masonry,2.0,1800.0,Two Family,40.4597416331,-79.9909110236
"1256 SPRING GARDEN AVE, Pittsburgh, 15212",Spring Garden,1,"2 - Compromised, possibly dangerous",1877.0,Masonry,2.0,2400.0,Single Family,40.4606600499,-79.9895340856
"1136 SOUTH SIDE AVE, Pittsburgh, PA 15212",Spring Hill-City View,1,"1 - Intact, no immediate danger",1900.0,Masonry,2.0,2022.0,Single Family,40.4703716964,-79.9954139596
"1347 ROMANHOFF ST, Pittsburgh, 15212",Spring Hill-City View,1,"1 - Intact, no immediate danger",1900.0,Masonry,2.0,1340.0,Single Family,40.4695135999,-79.9926613005
"5342 BEELER ST, Pittsburgh, 15217",Squirrel Hill North,8,"2 - Compromised, possibly dangerous",1910.0,Masonry,2.0,1659.0,Rowhouse,40.4452946668,-79.9324672311
"169 ANITA AVE, Pittsburgh, 15217",Squirrel Hill South,5,"1 - Intact, no immediate danger",1920.0,Masonry,2.0,1940.0,Single Family,40.4247383134,-79.9146405149
"1830 BEECHWOOD BLVD, Pittsburgh, 15217",Squirrel Hill South,5,"1 - Intact, no immediate danger",1920.0,Masonry,2.5,5887.0,Single Family,40.4374649536,-79.9118333677
"5648 BEACON ST, Pittsburgh, 15217",Squirrel Hill South,5,"1 - Intact, no immediate danger",1920.0,Masonry,2.0,2722.0,Three Family,40.4341168303,-79.9256334057
"5705 MELVIN ST, Pittsburgh, PA 15217",Squirrel Hill South,5,"1 - Intact, no immediate danger",1923.0,Masonry,2.0,2048.0,Single Family,40.4307956458,-79.9245436845
"5706 BEACON ST, Pittsburgh, 15217",Squirrel Hill South,5,"1 - Intact, no immediate danger",1925.0,Masonry,2.0,2248.0,Single Family,40.4342965904,-79.9244058324
"710 SCHULER ST, Pittsburgh, 15210",St. Clair,3,"1 - Intact, no immediate danger",1900.0,Masonry,1.0,1832.0,Single Family,40.4094362021,-79.9767878147
"6004 SAWYER ST, Pittsburgh, PA 15201",Stanton Heights,7,"1 - Intact, no immediate danger",1930.0,Masonry,1.5,1087.0,Single Family,40.4861111155,-79.9419037487
"2430 REED ST, Pittsburgh, 15219",Terrace Village,6,"1 - Intact, no immediate danger",1902.0,Masonry,3.0,2704.0,Single Family,40.4451530699,-79.9708562973
"2633 BRACKENRIDGE ST, Pittsburgh, 15219",Terrace Village,6,"1 - Intact, no immediate danger",1930.0,Masonry,2.0,1080.0,Rowhouse,40.4466785848,-79.9670046341
"3116 AVALON ST, Pittsburgh, 15219",Terrace Village,6,"1 - Intact, no immediate danger",1930.0,Masonry,2.0,2130.0,Single Family,40.4482955896,-79.9615109232
"1516 VALENTINE ST, Pittsburgh, 15212",Troy Hill,1,"1 - Intact, no immediate danger",1890.0,Masonry,2.0,1797.0,Single Family,40.4620251995,-79.9850222877
"3011 CENTRE AVE, Pittsburgh, 15219",Upper Hill,6,"2 - Compromised, possibly dangerous",1900.0,Masonry,2.0,5298.0,Three Family,40.449117868,-79.9642696942
"3021 VANCROFT ST, Pittsburgh, 15219",Upper Hill,6,"2 - Compromised, possibly dangerous",1935.0,Masonry,2.0,1756.0,Single Family,40.4505990314,-79.9643803492
"3023 VANCROFT ST, Pittsburgh, 15219",Upper Hill,6,"2 - Compromised, possibly dangerous",1930.0,Masonry,2.0,1645.0,Single Family,40.4506026603,-79.964239522
"3025 VANCROFT ST, Pittsburgh, 15219",Upper Hill,6,"1 - Intact, no immediate danger",1930.0,Masonry,2.0,1565.0,Single Family,40.4506065612,-79.9641783607
"3208 CAMP ST, Pittsburgh, 15219",Upper Hill,6,"2 - Compromised, possibly dangerous",1900.0,Masonry,2.0,900.0,Rowhouse,40.4516831388,-79.9588507388
"3210 CAMP ST, Pittsburgh, 15219",Upper Hill,6,"2 - Compromised, possibly dangerous",1900.0,Masonry,2.0,900.0,Rowhouse,40.4517211777,-79.9588287498
"3212 CAMP ST, Pittsburgh, 15219",Upper Hill,6,"1 - Intact, no immediate danger",1900.0,Masonry,2.0,900.0,Rowhouse,40.4517600129,-79.9588066826
"3214 CAMP ST, Pittsburgh, 15219",Upper Hill,6,"1 - Intact, no immediate danger",1900.0,Masonry,2.0,900.0,Rowhouse,40.4517960064,-79.9587843111
"3413 WEBSTER AVE, Pittsburgh, 15219",Upper Hill,6,"2 - Compromised, possibly dangerous",1930.0,Masonry,2.0,1440.0,Single Family,40.4554195126,-79.9617126038
"3448 WEBSTER AVE, Pittsburgh, 15219",Upper Hill,6,"2 - Compromised, possibly dangerous",1930.0,Masonry,2.0,1152.0,Rowhouse,40.4556682731,-79.9604427223
"3450 WEBSTER AVE, Pittsburgh, 15219",Upper Hill,6,"2 - Compromised, possibly dangerous",1930.0,Masonry,2.0,1152.0,Rowhouse,40.4556940728,-79.9603971865
"3452 WEBSTER AVE, Pittsburgh, 15219",Upper Hill,6,"2 - Compromised, possibly dangerous",1930.0,Masonry,2.0,1102.0,Rowhouse,40.4557251976,-79.9603460756
"3510 IOWA ST, Pittsburgh, 15219",Upper Hill,6,"1 - Intact, no immediate danger",1920.0,Masonry,2.0,1635.0,Single Family,40.4532423648,-79.9558073665
"4337 DAKOTA ST, Pittsburgh, PA 15213",Upper Hill,6,"2 - Compromised, possibly dangerous",1925.0,Masonry,2.0,5404.0,Four Family,40.4529307413,-79.9555218549
"710 ANAHEIM ST, Pittsburgh, 15219",Upper Hill,6,"1 - Intact, no immediate danger",1920.0,Masonry,2.0,1732.0,Single Family,40.4524349029,-79.9628159038
"738 ANAHEIM ST, Pittsburgh, 15219",Upper Hill,6,"2 - Compromised, possibly dangerous",1930.0,Masonry,2.0,2070.0,Single Family,40.4521697258,-79.9619663772
"758 CHEROKEE ST, Pittsburgh, PA 15219",Upper Hill,6,"2 - Compromised, possibly dangerous",1935.0,Masonry,2.0,972.0,Rowhouse,40.4514307265,-79.9613050617
"760 ANAHEIM ST, Pittsburgh, 15219",Upper Hill,6,"2 - Compromised, possibly dangerous",1930.0,Masonry,2.0,1050.0,Rowhouse,40.4520279462,-79.9611884717
"774 ANAHEIM ST, Pittsburgh, 15219",Upper Hill,6,"2 - Compromised, possibly dangerous",1930.0,Masonry,2.5,2289.0,Single Family,40.4518740062,-79.9608359607
"809 CHEROKEE ST, Pittsburgh, 15219",Upper Hill,6,"2 - Compromised, possibly dangerous",1935.0,Masonry,2.0,1116.0,Rowhouse,40.451535272,-79.9604371569
"811 CHEROKEE ST, Pittsburgh, 15219",Upper Hill,6,"2 - Compromised, possibly dangerous",1935.0,Masonry,2.0,1116.0,Rowhouse,40.4515160549,-79.9603862902
"822 CHEROKEE ST, Pittsburgh, 15219",Upper Hill,6,"2 - Compromised, possibly dangerous",1935.0,Masonry,2.0,1080.0,Rowhouse,40.4510803495,-79.9601663339
"826 SHAWNEE ST, Pittsburgh, PA 15219",Upper Hill,6,"1 - Intact, no immediate danger",1935.0,Masonry,2.0,1040.0,Single Family,40.4505258677,-79.9603630147
"828 SHAWNEE ST, Pittsburgh, PA 15219",Upper Hill,6,"1 - Intact, no immediate danger",1935.0,Masonry,2.0,1090.0,Single Family,40.4505092139,-79.9602718936
"912 CHEROKEE ST, Pittsburgh, 15219",Upper Hill,6,"1 - Intact, no immediate danger",1935.0,Masonry,2.5,2011.0,Single Family,40.450649312,-79.9589500923
"129 STEUBEN ST, Pittsburgh, 15220",West End,2,"2 - Compromised, possibly dangerous",1900.0,Masonry,2.0,1628.0,Single Family,40.4421456021,-80.0333889924
"116 OLD KIRKPATRICK ST, Pittsburgh, 15219",West Oakland,6,"1 - Intact, no immediate danger",1905.0,Masonry,2.0,1080.0,Rowhouse,40.4385708678,-79.9746394292
"118 OLD KIRKPATRICK ST, Pittsburgh, 15219",West Oakland,6,"1 - Intact, no immediate danger",1905.0,Masonry,2.0,1080.0,Rowhouse,40.4386048053,-79.9745842845
"128 OLD KIRKPATRICK ST, Pittsburgh, PA 15219",West Oakland,6,"1 - Intact, no immediate danger",1905.0,Masonry,2.0,1080.0,Rowhouse,40.43890648,-79.9744985953
"2312 BEELEN ST, Pittsburgh, PA 15213",West Oakland,6,"1 - Intact, no immediate danger",1900.0,Masonry,2.0,1600.0,Rowhouse,40.4379390956,-79.9722634996
"28 SEINE Way, Pittsburgh, PA 15213",West Oakland,6,"2 - Compromised, possibly dangerous",1900.0,Masonry,2.0,1360.0,Single Family,40.4419818833,-79.9679315008
"3105 TERRACE ST, Pittsburgh, 15213",West Oakland,6,"2 - Compromised, possibly dangerous",1920.0,Masonry,2.0,958.0,Rowhouse,40.440286115,-79.9674344039
"1882 NOBLESTOWN RD, Pittsburgh, PA 15205",Westwood,2,"1 - Intact, no immediate danger",1897.0,Masonry,2.0,2124.0,Single Family,40.436187653,-80.0525195577
"1569 SUMMERDALE ST, Pittsburgh, 15204",Windgap,2,"2 - Compromised, possibly dangerous",1895.0,Masonry,2.0,1690.0,Single Family,40.4561338718,-80.0758166651
"3408 CLEARFIELD ST, Pittsburgh, 15204",Windgap,2,"1 - Intact, no immediate danger",1915.0,Masonry,2.0,1728.0,Single Family,40.4521861528,-80.0714980055
"3432 CLEARFIELD ST, Pittsburgh, 15204",Windgap,2,"1 - Intact, no immediate danger",1920.0,Masonry,1.5,1158.0,Single Family,40.4525510325,-80.0720896146
"3820 WINDGAP AVE, Pittsburgh, 15204",Windgap,2,"2 - Compromised, possibly dangerous",1935.0,Masonry,2.0,1464.0,Single Family,40.4586260856,-80.0781835126
